stop_id,stop_name,total_trips,total_flow,median_age,pop_density,percent_male,average_flow,,geometry
1,WASHINGTON ST OPP RUGGLES ST,1929,1283.7,36.1,10164.60001,0.415,0.665474339,,POINT (233895.54659999907 903014.9615000002)
2,WASHINGTON ST @ MELNEA CASS B,1789,901.3,36.1,10164.60001,0.415,0.503801006,,POINT (231934.28190000355 903019.7648000009)
3,WASHINGTON ST @ MELNEA CASS B,1417,2368.8,27.5,11506.30001,0.437,1.671700776,,POINT (236537.8796999976 903022.8427999988)
4,WASHINGTON ST @ LENOX ST,1651,3282,35.3,6483.90001,0.398,1.98788613,,POINT (227476.96130000055 903022.9037999995)
5,WASHINGTON ST @ MASSACHUSETTS,1651,4849.4,32.3,20195.39994,0.462,2.937250151,,POINT (227467.7655000016 903024.5625)
6,MELNEA CASS BLVD @ HARRISON A,1007,334.3,35.3,6483.90001,0.398,0.331976167,,POINT (222378.10429999977 903025.5300999992)
7,MELNEA CASS BLVD @ WASHINGTON,594,510.9,36.1,10164.60001,0.415,0.86010101,,POINT (222407.11420000345 903031.1184)
8,MASSACHUSETTS AVE @ ISLAND ST,509,497.3,36,2270,0.609,0.977013752,,POINT (238411.96310000122 903033.3148999996)
10,THEO GLYNN WAY @ NEWMARKET SQ,520,140.3,36,2270,0.609,0.269807692,,POINT (233910.4428000003 903034.4142999984)
11,MELNEA CASS BLVD OPP KERR WAY,693,345.3,27.5,11506.30001,0.437,0.498268398,,POINT (238418.72410000116 903036.8418000005)
13,ANDREW STATION BUSWAY,2538,21291.8,30.6,3582.000003,0.539,8.389204098,,POINT (232528.76609999686 903039.6658000015)
14,DORCHESTER ST @ DORCHESTER AV,261,355,30.6,3582.000003,0.539,1.360153257,,POINT (236497.93050000072 903040.6600000001)
15,DORCHESTER ST @ VINTON ST,261,133.8,30.6,3582.000003,0.539,0.512643678,,POINT (232522.3150999993 903046.0007000007)
16,DORCHESTER ST @ OLD COLONY AV,261,365.5,29.8,12917.09999,0.488,1.400383142,,POINT (222521.0425999984 903048.0780000016)
17,DORCHESTER ST @ E 8TH ST,261,168,29.8,12917.09999,0.488,0.643678161,,POINT (237953.71890000254 903049.0548)
18,180 DORCHESTER ST OPP W 7TH S,549,229.6,30.2,17941.69996,0.523,0.418214936,,POINT (236970.71570000052 903052.8005999997)
19,DORCHESTER ST @ OLD HARBOR ST,261,138.2,30.2,17941.69996,0.523,0.529501916,,POINT (222556.7206000015 903053.5705000013)
20,DORCHESTER ST @ E BROADWAY,261,384.5,29.9,11222.7,0.45,1.473180077,,POINT (223018.26319999993 903054.1843999997)
21,E BROADWAY @ G ST,787,1282.4,30.8,13657.50001,0.517,1.629479034,,POINT (237959.36129999906 903064.4952000007)
22,E BROADWAY @ H ST,787,798,30.8,13657.50001,0.517,1.013977128,,POINT (221766.625 903065.0628000014)
23,E BROADWAY @ I ST,787,945.4,30.2,14676.00002,0.468,1.201270648,,POINT (222979.80659999698 903067.4074999988)
24,E BROADWAY @ K ST,787,1559.2,31.8,10289.60001,0.5,1.981194409,,POINT (243293.70920000225 903069.6281999983)
25,E BROADWAY @ L ST,687,1448.1,31.8,10289.60001,0.5,2.107860262,,POINT (242464.8281000033 903070.5626999997)
27,E BROADWAY @ N ST,943,1928.1,30.4,14509.50002,0.488,2.044644751,,POINT (233223.60360000283 903072.4646999985)
28,E BROADWAY @ O ST,943,834.7,30.4,13311.49998,0.464,0.885153765,,POINT (221673.81689999998 903080.9270000011)
29,E BROADWAY @ P ST,943,997.7,30.4,13311.49998,0.464,1.058006363,,POINT (227214.8747999966 903082.0001999997)
30,E BROADWAY @ FARRAGUT RD,943,325.9,30.4,13311.49998,0.464,0.345599152,,POINT (232155.072800003 903083.8794)
32,FARRAGUT RD OPP E 2ND ST,1231,204.3,30.9,12180.49995,0.471,0.165962632,,POINT (233776.75299999863 903085.4877999984)
34,P ST @ E 2ND ST,1372,500.7,30.9,12180.49995,0.471,0.364941691,,POINT (221775.4746999964 903087.5581)
35,P ST @ E BROADWAY,1372,1774.7,30.9,12180.49995,0.471,1.29351312,,POINT (232174.62330000103 903089.4237000011)
41,E BROADWAY @ L ST,803,1622.4,31.8,10289.60001,0.5,2.020423412,,POINT (231290.124499999 903098.5623999983)
42,E BROADWAY @ K ST,803,1428.1,31.8,10289.60001,0.5,1.778455791,,POINT (233748.8125 903102.5001999997)
43,E BROADWAY @ I ST,803,1131.3,30.2,14676.00002,0.468,1.408841843,,POINT (231279.1777999997 903103.2580999993)
44,E BROADWAY @ H ST,803,846.1,30.8,13657.50001,0.517,1.053673724,,POINT (231254.59329999983 903104.0465999991)
45,E BROADWAY @ G ST,803,1130.2,30.8,13657.50001,0.517,1.40747198,,POINT (238559.4904000014 903110.2780000009)
46,DORCHESTER ST @ BROADWAY,262,352.1,29.9,11222.7,0.45,1.34389313,,POINT (233275.8498999998 903111.3962000012)
47,DORCHESTER ST @ W 5TH ST,262,96.4,30.2,17941.69996,0.523,0.367938931,,POINT (236332.59269999713 903115.8500999995)
48,DORCHESTER ST @ W 6TH ST,262,107.8,29.9,11222.7,0.45,0.411450382,,POINT (243232.1323999986 903122.1893999986)
49,DORCHESTER ST @ W 8TH ST,262,262.8,29.8,12917.09999,0.488,1.003053435,,POINT (233280.92180000246 903127.1878000014)
50,DORCHESTER ST @ OLD COLONY AV,262,255.6,29.8,12917.09999,0.488,0.975572519,,POINT (238594.54869999737 903128.4233000018)
51,DORCHESTER ST @ MIDDLE ST,262,116.9,30.6,3582.000003,0.539,0.446183206,,POINT (243269.71899999678 903137.305399999)
52,DORCHESTER ST @ DORCHESTER AV,262,313.7,30.6,3582.000003,0.539,1.197328244,,POINT (238113.67090000212 903139.8757000007)
55,WASHINGTON ST @ MASSACHUSETTS,1411,4405.1,32.3,20195.39994,0.462,3.121970234,,POINT (221208.90730000287 903145.1402000003)
57,MASSACHUSETTS AVE @ ALBANY ST,670,4486.1,39.2,16190.19992,0.5,6.695671642,,POINT (227124.46440000087 903146.4158000015)
58,MASSACHUSETTS AVE @ HARRISON,670,3217.6,33.9,9442.299993,0.521,4.80238806,,POINT (238131.00450000167 903148.5139000006)
59,MASSACHUSETTS AVE @ WASHINGTO,644,1781.2,39.2,16190.19992,0.5,2.765838509,,POINT (236256.99639999866 903150.3372999988)
60,WASHINGTON ST @ LENOX ST,1411,3142.6,35.3,6483.90001,0.398,2.227214741,,POINT (229068.20889999717 903150.6345000006)
61,WASHINGTON ST @ MELNEA CASS B,1411,2942,36.1,10164.60001,0.415,2.085046067,,POINT (230991.09350000322 903156.5628000014)
62,WASHINGTON ST @ WILLIAMS ST,1197,883.8,35.3,6483.90001,0.398,0.738345865,,POINT (232405.38889999688 903158.1490999982)
63,WASHINGTON ST @ RUGGLES ST,1197,636,36.1,10164.60001,0.415,0.531328321,,POINT (235600.0503000021 903158.7529999986)
64,NUBIAN STATION,5401,60282.5,41.8,4854.400016,0.52,11.16135901,,POINT (233625.85710000247 903160.8002999984)
65,STATE ST @ WASHINGTON MALL -,178,2521.9,32.7,3863.000004,0.56,14.16797753,,POINT (232425.74889999628 903164.0720000006)
66,MT AUBURN ST @ DEWOLFE ST,644,981.8,22.2,21209.00005,0.49,1.524534161,,POINT (230978.8822999969 903167.9796000011)
67,MT AUBURN ST @ PUTNAM AVE,644,1579.2,22.2,21209.00005,0.49,2.452173913,,POINT (232405.99660000205 903172.8645000011)
68,MASSACHUSETTS AVE @ BAY ST,644,1024.6,31.8,20650.40013,0.502,1.590993789,,POINT (232405.99660000205 903172.8645000011)
69,MASSACHUSETTS AVE OPP LEE ST,644,628.6,33.4,14077.10006,0.571,0.976086957,,POINT (220859.13809999824 903173.7804999985)
71,MASSACHUSETTS AVE OPP INMAN S,644,1213.5,33.4,14077.10006,0.571,1.88431677,,POINT (238691.12389999628 903177.7415000014)
72,MASSACHUSETTS AVE @ PEARL ST,1138,10226,30.4,10017.1,0.521,8.985940246,,POINT (229041.39180000126 903178.3872999996)
73,MASSACHUSETTS AVE @ SIDNEY ST,1130,3388.7,30.4,10017.1,0.521,2.998849558,,POINT (235582.21149999648 903179.3905000016)
74,MASSACHUSETTS AVE @ ALBANY ST,644,1942.5,30.4,10017.1,0.521,3.016304348,,POINT (236175.91539999843 903185.5749999993)
75,84 MASSACHUSETTS AVE,644,2397.4,20.3,3155.699998,0.45,3.722670807,,POINT (233396.67319999635 903194.8537999988)
77,MASSACHUSETTS AVE @ MARLBOROU,644,1531.6,33.2,23020.59994,0.492,2.37826087,,POINT (233545.49819999933 903197.6499999985)
79,MASSACHUSETTS AVE @ NEWBURY S,644,6765.9,33.1,9675.199945,0.472,10.5060559,,POINT (230931.8752000034 903201.9428999983)
80,MASSACHUSETTS AVE OPP CHRISTI,644,2132.2,32.1,31751.40039,0.468,3.310869565,,POINT (238738.7175000012 903202.0461999997)
82,MASSACHUSETTS AVE @ HUNTINGTO,644,2189.1,68.3,22450.59998,0.47,3.399223602,,POINT (242362.0807000026 903210.8825000003)
84,MASSACHUSETTS AVE @ TREMONT S,644,1138.8,32.3,20195.39994,0.462,1.768322981,,POINT (236866.87349999696 903214.618900001)
87,MASSACHUSETTS AVE @ TREMONT S,670,1244.6,29.2,17246.29995,0.491,1.85761194,,POINT (236117.0549999997 903215.6464999989)
89,MASSACHUSETTS AVE @ ST BOTOLP,670,2643.7,71.2,12309.49986,0.439,3.945820896,,POINT (228952.25 903218.1028999984)
91,MASSACHUSETTS AVE @ CLEARWAY,670,2278.9,62,9690.500002,0.482,3.401343284,,POINT (232597.22789999843 903218.1550999992)
93,MASSACHUSETTS AVE @ NEWBURY S,670,7460.7,33.1,9675.199945,0.472,11.13537313,,POINT (242355.6405000016 903219.6253000014)
95,MASSACHUSETTS AVE @ BEACON ST,670,1457.5,33.2,23020.59994,0.492,2.175373134,,POINT (228944.18349999934 903219.7795999981)
97,77 MASSACHUSETTS AVE,670,2812.1,20.3,3155.699998,0.45,4.197164179,,POINT (232620.8999999985 903227.1079000011)
99,MASSACHUSETTS AVE @ ALBANY ST,670,2104.8,30.4,10017.1,0.521,3.141492537,,POINT (238290.90799999982 903230.1556000002)
101,MASSACHUSETTS AVE @ SIDNEY ST,670,2292.3,30.4,10017.1,0.521,3.421343284,,POINT (237948.11129999906 903236.4704000019)
102,MASSACHUSETTS AVE @ PROSPECT,670,5223.6,30.4,10017.1,0.521,7.79641791,,POINT (233255.9899000004 903238.2159000002)
104,MASSACHUSETTS AVE @ INMAN ST,670,1153.2,33.4,14077.10006,0.571,1.72119403,,POINT (238308.15630000085 903238.9818000011)
106,MASSACHUSETTS AVE @ HANCOCK S,670,820.5,33.4,14077.10006,0.571,1.224626866,,POINT (237948.06120000035 903242.0899999999)
107,MASSACHUSETTS AVE @ DANA ST,670,1006.8,33.4,14077.10006,0.571,1.502686567,,POINT (232720.4628000036 903262.4219999984)
108,MASSACHUSETTS AVE @ TROWBRIDG,670,1573.5,30.8,15281.09996,0.509,2.348507463,,POINT (235993.616899997 903269.7248000018)
109,MASSACHUSETTS AVE @ BOW ST,670,1285.8,26.8,9303.60003,0.452,1.919104478,,POINT (230831.59690000117 903274.4219000004)
110,MASSACHUSETTS AVE OPP HOLYOKE,2118,17600.5,21.7,16734.89991,0.515,8.309962229,,POINT (221222.05619999766 903276.6495000012)
111,MT VERNON ST @ SOUTH POINT DR,349,1304.6,25.8,2264.900001,0.477,3.738108883,,POINT (232929.63199999928 903283.4378999993)
113,PORTLAND ST @ CAUSEWAY ST,80,198,30.8,4981.600001,0.519,2.475,,POINT (232814.0379000008 903285.3515999988)
114,CAUSEWAY ST @ NORTH STATION,90,276.5,30.8,4981.600001,0.519,3.072222222,,POINT (232916.4428000003 903285.7655000016)
117,CONGRESS ST @ HAYMARKET STA,1083,9631.5,32.7,3863.000004,0.56,8.893351801,,POINT (230815.94640000165 903285.8713000007)
118,CAUSEWAY ST @ MEDFORD ST,40,46,30.8,4981.600001,0.519,1.15,,POINT (226946.7682000026 903288.126699999)
121,JFK@UMASS STATION BUSWAY,1060,5594.9,32.5,2908.9,0.533,5.278207547,,POINT (232299.77970000356 903289.0212999992)
122,COLUMBIA RD @ BUTTONWOOD ST,392,211.6,33.3,10011.30002,0.521,0.539795918,,POINT (243163.62470000237 903290.9376999997)
123,COLUMBIA RD OPP POND ST,445,428.5,33.3,10011.30002,0.521,0.962921348,,POINT (226939.3567999974 903293.7417000011)
124,MASSACHUSETTS AVE @ BOSTON ST,675,1375.8,28.4,1706.9,0.528,2.038222222,,POINT (239945.25310000032 884529.8071999997)
125,MASSACHUSETTS AVE @ CLAPP ST,675,322.8,28.4,1706.9,0.528,0.478222222,,POINT (241743.59170000255 884632.0689999983)
128,MASSACHUSETTS AVE OPP MAGAZIN,566,1018.4,36,2270,0.609,1.799293286,,POINT (241768.6699000001 884645.9063000008)
131,MASSACHUSETTS AVE OPP NEWMARK,332,434.4,36,2270,0.609,1.308433735,,POINT (244044.29339999706 884656.2027000003)
133,MASSACHUSETTS AVE OPP CLAPP S,671,218.8,28.4,1706.9,0.528,0.326080477,,POINT (239660.4003000036 884670.3737000003)
134,MASSACHUSETTS AVE @ COLUMBIA,671,1138.8,28.4,1706.9,0.528,1.697168405,,POINT (239660.12680000067 884693.9668999985)
135,COLUMBIA RD @ POND ST,435,387,33.3,10011.30002,0.521,0.889655172,,POINT (239705.01810000092 884694.7285000011)
136,COLUMBIA RD @ BUTTONWOOD ST,382,255.7,30.8,5191.600011,0.539,0.669371728,,POINT (239701.33649999648 884707.2785999998)
137,CHARLES PARK RD @ RIVERMOOR S,90,93,46.3,1998.699999,0.5,1.033333333,,POINT (247519.7873999998 884707.5835000016)
138,MT VERNON ST @ BAY SIDE EXPO,329,68.8,26,5146.899991,0.478,0.209118541,,POINT (247518.92890000343 884715.3493999988)
139,263 MT VERNON ST @ ST CHRISTO,329,473.1,25.8,2264.900001,0.477,1.437993921,,POINT (244581.64329999685 884736.8361999989)
140,MT VERNON ST @ PAUL A. DEVER,329,750.4,25.8,2264.900001,0.477,2.280851064,,POINT (239655.54119999707 884740.0273999982)
141,ALEWIFE STATION BUSWAY,923,10341.9,30.5,6430.099997,0.488,11.20465872,,POINT (239611.6053000018 884807.2754999995)
142,MT VERNON ST OPP SOUTH POINT,329,1068.6,25.8,2264.900001,0.477,3.248024316,,POINT (240909.0591999963 884820.3872999996)
143,BOYLSTON ST @ CLARENDON ST,1283,1153.1,34.9,5314.299995,0.466,0.898752923,,POINT (240907.0367999971 884840.9688000008)
144,BOYLSTON ST @ BERKELEY ST,521,1050,34.9,5314.299995,0.466,2.015355086,,POINT (225551.2151999995 884852.6064000018)
145,ARLINGTON ST @ SAINT JAMES AV,521,877,42.8,8035.399961,0.484,1.683301344,,POINT (247495.37179999799 884854.3183999993)
146,ARLINGTON ST @ ISABELLA ST,521,301.9,42.8,8035.399961,0.484,0.579462572,,POINT (225570.1922999993 884858.3423999995)
147,HERALD ST @ TREMONT ST,521,452.3,54.8,12044.39996,0.468,0.868138196,,POINT (244002.99180000275 884863.2201999985)
148,HERALD ST @ WASHINGTON ST,521,1105,54.8,12044.39996,0.468,2.120921305,,POINT (225074.258100003 884871.7978999987)
150,BROADWAY STATION,1466,10923.2,34.7,7615.800004,0.494,7.451023192,,POINT (242240.51470000297 884885.9618999995)
151,W BROADWAY @ BROADWAY STATION,809,5370.5,34.7,7615.800004,0.494,6.638442522,,POINT (242237.7052000016 884892.3355999999)
153,W BROADWAY @ B ST,526,603.5,29.8,11201.8,0.421,1.147338403,,POINT (244496.98390000314 884902.4596999995)
154,W BROADWAY @ D ST,526,1116.6,29.8,11201.8,0.421,2.122813688,,POINT (225597.45620000362 884926.7188000008)
155,W BROADWAY @ E ST,526,908.8,30.9,14295.59995,0.514,1.727756654,,POINT (247554.37319999933 884937.6931000017)
156,W BROADWAY @ F ST,526,1418.7,29.9,11222.7,0.45,2.697148289,,POINT (225614.1291999966 884940.8377999999)
157,W BROADWAY @ DORCHESTER ST,526,995.7,29.9,11222.7,0.45,1.892965779,,POINT (247477.56970000267 884941.5326999985)
158,442 W BROADWAY,541,1209.2,29.9,11222.7,0.45,2.235120148,,POINT (247555.87250000238 884957.8594000004)
159,W BROADWAY @ F ST,541,987.6,29,19052.29997,0.503,1.825508318,,POINT (243969.5918999985 884991.7648000009)
160,W BROADWAY @ E ST,541,687.6,30.9,14295.59995,0.514,1.270979667,,POINT (242170.60119999945 884997.8561000004)
161,W BROADWAY @ D ST,541,919.3,30.9,14295.59995,0.514,1.699260628,,POINT (240910.29590000212 885053.4840000011)
162,W BROADWAY @ C ST,541,299,34.7,7615.800004,0.494,0.552680222,,POINT (242135.55579999834 885056.3233999982)
163,W BROADWAY @ B ST,541,326.5,34.7,7615.800004,0.494,0.603512015,,POINT (247584.36379999667 885066.3907999992)
168,TREMONT ST @ APPLETON ST,202,161.8,54.8,12044.39996,0.468,0.800990099,,POINT (240913.3748999983 885072.6464000009)
171,BERKELEY ST @ COLUMBUS AVE,541,780.2,42.8,8035.399961,0.484,1.442144177,,POINT (248402.26659999788 885077.7058999985)
173,SAINT JAMES AVE @ BERKELEY ST,1535,2690.7,59.9,11562.00004,0.448,1.752899023,,POINT (248382.09939999878 885082.2219000012)
174,RING RD @ BOYLSTON ST,1221,2397.6,64.5,5623.299988,0.482,1.963636364,,POINT (243932.8497999981 885090.2087999992)
175,BOYLSTON ST @ DARTMOUTH ST,1819,7910,34.9,5314.299995,0.466,4.348543156,,POINT (247841.1357000023 885103.4279999994)
176,DARTMOUTH ST OPP BACK BAY STA,251,1307.7,36.5,14100.69997,0.479,5.209960159,,POINT (248226.06589999795 885111.3896999992)
177,SAINT JAMES AVE @ ARLINGTON S,327,246.9,42.8,8035.399961,0.484,0.755045872,,POINT (247752.82609999925 885131.5740999989)
178,SAINT JAMES AVE @ DARTMOUTH S,2176,10411.3,34.9,5314.299995,0.466,4.784604779,,POINT (240939.13859999925 885158.0777000003)
179,HUNTINGTON AVE @ RING RD,536,1687.4,64.5,5623.299988,0.482,3.148134328,,POINT (239378.42130000144 885172.6543999985)
180,AUCKLAND ST @ BAY ST,106,27.5,36.5,2289.200003,0.499,0.259433962,,POINT (247443.81560000032 885193.2780000009)
185,MATTAPAN NORTH BUSWAY,1129,8209.8,43,4861.999998,0.443,7.271744907,,POINT (247433.36990000308 885197.6442999989)
187,MASSACHUSETTS AVE @ MASSACHUS,644,4439.7,71.2,12309.49986,0.439,6.893944099,,POINT (243901.3302000016 885203.1385000013)
188,MASSACHUSETTS AVE @ MASSACHUS,670,4617.1,63.4,24569.1003,0.488,6.89119403,,POINT (244301.93980000168 885217.4340999983)
190,CONGRESS ST @ STATE ST,391,879,32.7,3863.000004,0.56,2.248081841,,POINT (247344.5502000004 885228.4226999991)
191,CONGRESS ST @ NORTH ST,491,328.3,32.7,3863.000004,0.56,0.668635438,,POINT (247325.7098999992 885234.9180000015)
210,SUMMER ST @ DRYDOCK AVE,461,514.8,31.5,3771.999999,0.509,1.11670282,,POINT (244279.85980000347 885237.9831999987)
212,SUMMER ST @ D ST,416,253.7,31.5,3771.999999,0.509,0.609855769,,POINT (242058.5046999976 885243.4404000007)
214,SEAPORT BLVD @ PIER 4 BLVD,40,74,34.2,6104.199993,0.497,1.85,,POINT (247247.9355000034 885260.4943999983)
221,ATLANTIC AVE @ CONGRESS ST,90,43.5,43.4,2413.200002,0.537,0.483333333,,POINT (242043.49570000172 885270.2782000005)
222,ATLANTIC AVE @ SEAPORT BLVD.,45,5.5,43.4,2413.200002,0.537,0.122222222,,POINT (247161.48139999807 885284.8797999993)
223,ATLANTIC AVE @ ROWES WHARF,45,1,56.8,16216.09995,0.473,0.022222222,,POINT (247142.4619999975 885289.4197000004)
224,ATLANTIC AVE @ STATE ST-MARRI,45,23,32.7,3863.000004,0.56,0.511111111,,POINT (239416.24340000004 885318.4437000006)
225,ATLANTIC AVE @ ATLANTIC AVE,45,36,39.8,25911.39981,0.492,0.8,,POINT (246929.9381000027 885336.6068999991)
230,COMMERCIAL ST @ HANOVER ST,45,35.5,28.7,38495.10009,0.434,0.788888889,,POINT (246910.86389999837 885341.493900001)
231,COMMERCIAL ST OPP HULL ST,45,15,51.5,5993.099998,0.532,0.333333333,,POINT (246850.9953000024 885353.0482000001)
233,COMMERCIAL ST @ BATTERY ST,40,30.5,28.7,38495.10009,0.434,0.7625,,POINT (244157.2308000028 885354.4796000011)
234,COMMERCIAL ST @ FLEET ST,40,17.5,29.2,28010.90059,0.452,0.4375,,POINT (246831.20949999988 885354.8630000018)
236,ATLANTIC AVE @ CENTRAL ST,40,51,32.7,3863.000004,0.56,1.275,,POINT (243880.03369999677 885361.747200001)
244,SUMMER ST @ E ST,376,139.3,30.4,766.1,0.568,0.370478723,,POINT (241023.2281000018 885364.5571999997)
246,SUMMER ST @ PAPPAS WAY,376,433.9,20.5,4.9,0.333,1.153989362,,POINT (246690.39570000023 885364.7256000005)
247,NORTHERN AVE @ HARBOR ST,692,504,31.5,3771.999999,0.509,0.728323699,,POINT (241934.4518999979 888328.5870999992)
249,B ST @ SILVER ST,288,168.7,29.8,11201.8,0.421,0.585763889,,POINT (240413.45269999653 888330.3920999989)
250,B ST @ W 5TH ST,288,48.3,29.8,11201.8,0.421,0.167708333,,POINT (242362.05059999973 888332.2745999992)
251,B ST @ W 6TH ST,288,1,34.7,7615.800004,0.494,0.003472222,,POINT (242353.74130000174 888333.5749000013)
252,W 7TH ST @ C ST,288,255,30.5,17646.80021,0.363,0.885416667,,POINT (230046.98960000277 888334.6928000003)
253,W 7TH ST @ D ST,288,223.5,29.8,12917.09999,0.488,0.776041667,,POINT (230042.15619999915 888339.3748999983)
254,W 7TH ST @ E ST,288,175.7,29.8,12917.09999,0.488,0.610069444,,POINT (230013.56210000068 888345.4375)
255,W 7TH ST @ F ST,288,247.8,30.4,15103.60008,0.491,0.860416667,,POINT (230017.67140000314 888357.3753000014)
256,W 7TH ST @ DORCHESTER ST,288,191.2,29.9,11222.7,0.45,0.663888889,,POINT (246197.6916999966 888364.2719999999)
258,E 8TH ST @ DORCHESTER ST,288,307.2,30.2,17941.69996,0.523,1.066666667,,POINT (250836.68710000068 888372.0626000017)
259,E 8TH ST @ OLD HARBOR ST,288,163.9,29.7,14127.19995,0.455,0.569097222,,POINT (246222.46360000223 888374.6281000003)
260,E 8TH ST @ COVINGTON ST,288,106.6,29.7,14127.19995,0.455,0.370138889,,POINT (246215.3355000019 888377.4618000016)
261,E 8TH ST @ G ST,288,253.4,29.7,14127.19995,0.455,0.879861111,,POINT (226799.78350000083 888381.4081000015)
262,E 8TH ST @ H ST,288,330.8,30.4,12593.80006,0.448,1.148611111,,POINT (241141.57970000058 888382.1656000018)
263,E 8TH ST @ I ST,288,171.4,30,18419.59993,0.457,0.595138889,,POINT (239079.11309999973 888382.7030000016)
264,E 8TH ST @ K ST,288,184.8,30,18419.59993,0.457,0.641666667,,POINT (246216.52740000188 888383.9208999984)
265,E 8TH ST @ L ST,288,306.8,28.8,15146.30008,0.438,1.065277778,,POINT (235541.9023000002 888385.8929999992)
266,E 8TH ST @ M ST,288,140.9,30.1,13093.5,0.473,0.489236111,,POINT (239061.05820000172 888390.2168000005)
267,E 8TH ST @ N ST,288,131.9,30.1,13093.5,0.473,0.457986111,,POINT (231268.4007000029 888395.5799999982)
268,COLUMBIA RD @ O ST,288,52.8,31.8,10609.99998,0.483,0.183333333,,POINT (235542.24120000005 888405.8255000003)
269,W 7TH ST @ B ST,288,82.4,30.5,17646.80021,0.363,0.286111111,,POINT (226820.82129999995 888411.5419999994)
270,COLUMBIA RD @ P ST,288,81.9,31.8,10609.99998,0.483,0.284375,,POINT (238975.65590000153 888418.9021999985)
275,E 8TH @ COLUMBIA RD,288,135.9,31.8,10609.99998,0.483,0.471875,,POINT (238956.4773999974 888423.1625999995)
277,E 8TH ST @ M ST,288,273,30.1,13093.5,0.473,0.947916667,,POINT (241263.5500999987 888436.4739000015)
278,E 8TH ST @ L ST,288,388.9,30.1,13093.5,0.473,1.350347222,,POINT (238767.1400000006 888436.7124000005)
279,E 8TH ST @ K ST,288,256.8,30,18419.59993,0.457,0.891666667,,POINT (243559.2946999967 888437.7778000012)
280,E 8TH ST @ I ST,288,284,30.4,12593.80006,0.448,0.986111111,,POINT (238787.39310000092 888437.8671999983)
281,E 8TH ST @ H ST,288,483.7,30.4,12593.80006,0.448,1.679513889,,POINT (238643.817900002 888438.878899999)
282,E 8TH ST @ G ST,288,327.5,29.7,14127.19995,0.455,1.137152778,,POINT (250769.8000999987 888440.7679000013)
283,E 8TH ST @ COVINGTON ST,288,116.1,29.7,14127.19995,0.455,0.403125,,POINT (250776.66629999876 888443.1611000001)
284,E 8TH ST @ OLD HARBOR ST,288,181.2,29.7,14127.19995,0.455,0.629166667,,POINT (238640.57109999657 888443.8539000005)
285,E 8TH ST @ MERCER ST,288,204.2,30.4,10508.99998,0.439,0.709027778,,POINT (231338.3303000033 888449.3905000016)
286,E 8TH ST @ DORCHESTER ST,288,425,30.2,17941.69996,0.523,1.475694444,,POINT (241241.93439999968 888461.3605999984)
288,W 6TH ST @ F ST,288,274.3,29.9,11222.7,0.45,0.952430556,,POINT (230623.50850000232 888471.1605000012)
289,W 6TH ST @ E ST,288,220,30.4,15103.60008,0.491,0.763888889,,POINT (241229.04439999908 888497.6636999995)
290,W 6TH ST @ D ST,288,250.1,29.8,12917.09999,0.488,0.868402778,,POINT (230018.0450000018 888498.9824000001)
291,W 7TH ST @ D ST,288,173.7,29.8,12917.09999,0.488,0.603125,,POINT (230013.48420000076 888500.6876999997)
292,W 7TH ST @ C ST,288,252.6,29.8,12917.09999,0.488,0.877083333,,POINT (230645.28289999813 888509.3553999998)
293,W 7TH @ B STREET,288,136,30.5,17646.80021,0.363,0.472222222,,POINT (246240.73640000075 888509.7824000008)
295,P ST @ E 5TH ST,288,55.4,30.4,13311.49998,0.464,0.192361111,,POINT (230007.5276999995 888519.8211000003)
296,P ST @ COLUMBIA RD,288,65.1,31.8,10609.99998,0.483,0.226041667,,POINT (235551.63369999826 888749.0954000019)
303,DORCHESTER AVE @ EDISON GREEN,53,47.3,30.8,5191.600011,0.539,0.89245283,,POINT (235551.63369999826 888749.0954000019)
305,DORCHSTER AVE @ HOWES ST,53,12.8,30.2,11676.50002,0.449,0.241509434,,POINT (230409.82079999894 888752.5067000017)
306,DORCHESTER AVE @ MAYFIELD ST,53,28.4,30.2,11676.50002,0.449,0.535849057,,POINT (247258.10549999774 888752.6766000018)
308,DORCHESTER AVE @ PEARL ST,53,10.9,35.2,9584.999992,0.532,0.205660377,,POINT (230791.5 888755.4998999983)
309,DORCHESTER AVE @ THORNLEY RD,53,20.9,33.2,10732.70004,0.548,0.394339623,,POINT (242690.71169999987 888761.5687999986)
312,AUCKLAND ST @ DEWAR ST,106,45.1,36.5,2289.200003,0.499,0.425471698,,POINT (229799.1054000035 888762.9332999997)
317,DORCHESTER AVE @ HANCOCK ST,53,26.9,33.1,6656.500007,0.509,0.50754717,,POINT (229799.1054000035 888762.9332999997)
318,DORCHESTER AVE @ LINDEN ST,53,20.4,35.4,10586.70001,0.507,0.38490566,,POINT (235567.9919999987 888763.8557000011)
319,DORCHESTER AVE @ ELLET ST,53,72.3,45,6972.09999,0.515,1.364150943,,POINT (235564.04029999673 888765.0159999989)
320,DORCHESTER AVE @ ADAMS ST,53,41.1,45,6972.09999,0.515,0.775471698,,POINT (251468.68240000308 888766.5824999996)
322,GENEVA AVE OPP VINSON ST,466,511.4,39.9,4974.60001,0.505,1.097424893,,POINT (247276.2044999972 888767.9281000011)
323,FIELDS CORNER BUSWAY,2226,12257.9,39.9,4974.60001,0.505,5.506693621,,POINT (251448.249499999 888768.8682999983)
325,PARK ST BUSWAY @ DORCHESTER A,390,207,39.9,4974.60001,0.505,0.530769231,,POINT (246264.93159999698 888784.9378000014)
326,DORCHESTER AVE OPP GIBSON ST,60,16.9,39.9,4974.60001,0.505,0.281666667,,POINT (242609.78970000148 888790.7424000017)
327,DORCHESTER AVE @ MELVILLE AVE,60,14.8,39.9,4974.60001,0.505,0.246666667,,POINT (240601.67130000144 888790.8233000003)
328,1621 DORCHESTER AVE OPP DIX S,60,32.3,34.4,12180.89998,0.485,0.538333333,,POINT (240595.19789999723 888793.1127999984)
329,DORCHESTER AVE @ CENTRE ST,60,24.9,36.8,8011.299976,0.485,0.415,,POINT (235832.10920000076 888796.6840999983)
330,DORCHESTER AVE @ CHEVERUS RD,60,21.1,34.4,12180.89998,0.485,0.351666667,,POINT (247431.37179999799 888797.1079000011)
331,DORCHESTER AVE OPP SHEPTON ST,60,26,37.6,9758.400013,0.462,0.433333333,,POINT (227054.93990000337 888803.0033)
332,DORCHESTER AVE @ BANTON ST,60,30.1,37.6,9758.400013,0.462,0.501666667,,POINT (235402.16390000284 888803.4512000009)
334,ASHMONT BUSWAY,5531,63792.2,37.4,6419.000006,0.47,11.5335744,,POINT (246273.02809999883 888804.756099999)
337,DORCHESTER AVE @ MSGR LYDON W,73,33.7,37.6,9758.400013,0.462,0.461643836,,POINT (247418.03079999983 888805.7501000017)
338,DORCHESTER AVE @ SHEPTON ST,73,19.7,37.6,9758.400013,0.462,0.269863014,,POINT (235845.07230000198 888807.6431000009)
339,DORCHESTER AVE @ KING ST,73,21.8,34.4,12180.89998,0.485,0.298630137,,POINT (235380.46570000052 888814.0348999985)
340,DORCHESTER AVE @ CENTRE ST,73,20.9,34.4,12180.89998,0.485,0.28630137,,POINT (242517.49419999868 888816.8673)
341,DORCHESTER AVE @ DIX ST,73,21.8,34.4,12180.89998,0.485,0.298630137,,POINT (241091.68039999902 888818.6081999987)
342,DORCHESTER AVE @ PARKMAN ST,73,10.5,36.8,8011.299976,0.485,0.143835616,,POINT (242495.65100000054 888822.8033000007)
343,DORCHESTER AVE @ GIBSON ST,73,13.6,39.9,4974.60001,0.505,0.18630137,,POINT (240477.48399999738 888833.5421999991)
345,DORCHESTER AVE OPP CHARLES ST,53,16.8,37.4,10090.60003,0.475,0.316981132,,POINT (240472.08789999783 888835.4879000001)
346,DORCHESTER AVE @ ADAMS ST,53,31.7,34.3,7088.599988,0.468,0.598113208,,POINT (239450.00249999762 888839.7971000001)
347,DORCHESTER AVE @ KIMBALL ST,53,63.6,45,6972.09999,0.515,1.2,,POINT (242392.72410000116 888849.8498999998)
348,DORCHESTER AVE @ LINDEN ST,53,29.2,35.4,10586.70001,0.507,0.550943396,,POINT (242191.58889999986 888863.1735999994)
349,DORCHESTER AVE @ HOYT ST,53,23.4,33.1,6656.500007,0.509,0.441509434,,POINT (242172.40309999883 888865.1372000016)
350,DORCHESTER AVE @ DEWAR ST,53,17.9,33.1,6656.500007,0.509,0.337735849,,POINT (242274.53390000015 888865.9145999998)
351,DORCHESTER AVE @ SAVIN HILL A,53,29.3,33.2,10732.70004,0.548,0.552830189,,POINT (247660.19659999758 888881.1409000009)
352,DORCHESTER AVE @ BELFORT ST,53,16.6,33.2,10732.70004,0.548,0.313207547,,POINT (238364.62110000104 888882.2804000005)
353,DORCHESTER AVE @ ROMSEY ST,53,13.1,30.2,11676.50002,0.449,0.247169811,,POINT (242072.4226000011 888887.0857000016)
354,DORCHESTER AVE @ CRESCENT AVE,53,39,30.8,5191.600011,0.539,0.735849057,,POINT (240317.93930000067 888889.7982000001)
362,COLUMBIA RD @ HOLDEN ST,960,1335.5,32.7,13831.6,0.488,1.391145833,,POINT (240317.93930000067 888889.7982000001)
367,TALBOT AVE @ DORCHESTER AVE,1629,1982.6,37.6,9758.400013,0.462,1.217065684,,POINT (242052.29529999942 888891.8271000013)
369,TALBOT AVE @ WELLES AVE,1629,1558.2,33.4,10502.29997,0.453,0.956537753,,POINT (235960.12900000066 888891.8449000008)
371,TALBOT AVE @ CENTRE ST,1629,4284.3,33.4,10502.29997,0.453,2.630018416,,POINT (231152.0433000028 888899.0450999998)
372,TALBOT AVE @ SOUTHERN AVE,649,1776,31,8639.200008,0.459,2.73651772,,POINT (238355.57519999892 888900.1937000006)
373,TALBOT AVE @ SPENCER ST,649,1081.2,30.6,11043.00001,0.472,1.665947612,,POINT (247674.01860000193 888903.117800001)
374,TALBOT AVE @ TALBOT STATION,649,1048.3,30.6,11043.00001,0.472,1.615254237,,POINT (248319.37460000068 888908.7501999997)
375,TALBOT AVE @ BERNARD ST,649,936.7,33.6,4336.000007,0.414,1.443297381,,POINT (241032.78109999746 888909.5887000002)
376,TALBOT AVE @ KERWIN ST,649,738.8,26.1,3072.999996,0.418,1.138366718,,POINT (248303.05569999665 888910.0115999989)
378,TALBOT AVE @ NIGHTINGALE ST,649,1406.6,26.1,3072.999996,0.418,2.167334361,,POINT (249061.10350000113 888911.4807999991)
381,BLUE HILL AVE @ WALES ST,1515,1976,32.4,9865.100014,0.47,1.304290429,,POINT (248506.16359999776 888916.4045999981)
382,BLUE HILL AVE @ CHARLOTTE ST,1515,1554.6,32.4,9865.100014,0.47,1.026138614,,POINT (248511.67029999942 888916.9070999995)
383,BLUE HILL AVE @ ELLINGTON ST,1845,6688.6,33,9620.20001,0.444,3.625257453,,POINT (241932.71239999682 888917.9974999987)
384,BLUE HILL AVE @ PASADENA RD,1091,1874.2,35.4,14685.80004,0.439,1.717873511,,POINT (240231.9050000012 888920.6094999984)
385,BLUE HILL AVE @ CASTLEGATE RD,1091,3147.3,35.4,14685.80004,0.439,2.884784601,,POINT (241917.879900001 888920.7478)
386,WARREN ST @ SUNDERLAND ST,1670,4856,33,9118.600018,0.479,2.907784431,,POINT (232827.12669999897 888923.0227999985)
387,WARREN ST @ INTERVALE ST,1670,1840.3,33,9118.600018,0.479,1.101976048,,POINT (248059.56289999932 888927.8825999983)
388,WARREN ST @ GASTON ST,1670,2206.7,33,9118.600018,0.479,1.321377246,,POINT (248059.46829999983 888927.8874000013)
390,WARREN ST @ QUINCY ST,1680,4738.9,36.6,8409.000023,0.424,2.82077381,,POINT (235263.98070000112 888928.9787000008)
392,WARREN ST @ MAYWOOD ST,1685,4908.3,30.8,9130.100019,0.464,2.912937685,,POINT (228498.2757000029 893661.6343999989)
393,WARREN ST @ WOODBINE ST,1685,3243.8,37.3,9428.500001,0.469,1.925103858,,POINT (227208.6718999967 893662.7391000018)
394,WARREN ST @ WAVERLY ST,1685,2935.4,31.7,7904.600029,0.406,1.742077151,,POINT (231227.6548999995 893664.1446999982)
395,WARREN ST @ WHITING ST,1685,1208.3,35.7,10060.69997,0.468,0.717091988,,POINT (237274.4224999994 893664.1631999984)
396,WARREN ST @ MORELAND ST,2003,1342.4,31.7,7904.600029,0.406,0.670194708,,POINT (227864.24130000174 893666.4530999996)
401,WARREN ST @ WALNUT AVE,1633,1457,31.7,7904.600029,0.406,0.892222903,,POINT (225530.77070000023 893671.0031000003)
404,WARREN ST OPP WAVERLY ST,1633,3014.5,31.7,7904.600029,0.406,1.845988977,,POINT (228681.87839999795 893671.0157000013)
405,WARREN ST OPP WOODBINE ST,1633,4612.4,45.2,8005.399968,0.451,2.824494795,,POINT (228515.3898999989 893672.5687000006)
406,WARREN ST @ ML KING BLVD,1633,4857.9,45.2,8005.399968,0.451,2.974831598,,POINT (228673.93860000372 893674.3381999992)
407,WARREN ST @ TOWNSEND ST,1643,5128.2,36.6,8409.000023,0.424,3.121241631,,POINT (239449.29919999838 893675.5175999999)
410,WARREN ST @ WAUMBECK ST,1648,2545,36.6,8409.000023,0.424,1.544296117,,POINT (228903.76349999756 893678.9666000009)
411,WARREN ST @ BRUNSWICK ST,1648,1934.4,37.3,6502.600004,0.478,1.173786408,,POINT (228922.48860000074 893686.7067000009)
412,WARREN ST @ CRAWFORD ST,1648,5468.2,33,9118.600018,0.479,3.318082524,,POINT (231526.99319999665 893687.3852000013)
413,BLUE HILL AVE @ WAYNE ST,1028,2534.5,35.4,14685.80004,0.439,2.465466926,,POINT (227843.6746999994 893690.1457000002)
414,BLUE HILL AVE @ SEAVER ST,1028,1538.2,30.1,15157.60004,0.432,1.496303502,,POINT (229403.71350000054 893691.3449000008)
415,BLUE HILL AVE @ FRANKLIN PARK,1477,5524.1,33,9620.20001,0.444,3.740081246,,POINT (229413.19060000032 893692.6136999987)
416,BLUE HILL AVE OPP MCLELLAN ST,1477,2355.1,20.4,1337.3,0.412,1.594515911,,POINT (233279.6155000031 893701.1876000017)
417,BLUE HILL AVE @ AMERICAN LEGI,1374,2136.7,33.8,10996.80007,0.439,1.555094614,,POINT (237048.67210000008 893701.8493000008)
419,BLUE HILL AVE @ ANGELL ST,1374,3731,33.8,10996.80007,0.439,2.715429403,,POINT (229898.6058000028 893703.1141999997)
420,TALBOT AVE OPP NIGHTINGALE ST,655,1897.8,26.1,3072.999996,0.418,2.89740458,,POINT (229334.61659999937 893703.6581000015)
421,TALBOT AVE OPP KERWIN ST,655,738.2,31.8,9586.299952,0.455,1.127022901,,POINT (221831.72420000285 893707.0164999999)
422,TALBOT AVE @ BERNARD ST,655,905.3,33.6,4336.000007,0.414,1.382137405,,POINT (229902.56639999896 893707.8106999993)
423,TALBOT AVE @ TALBOT STATION,655,964.4,30.6,11043.00001,0.472,1.472366412,,POINT (237044.83579999954 893708.134300001)
424,TALBOT AVE @ COLONIAL AVE,655,1206.5,30.6,11043.00001,0.472,1.841984733,,POINT (236507.35639999807 893709.2465000004)
425,TALBOT AVE @ NORFOLK ST,655,2119.6,31,8639.200008,0.459,3.236030534,,POINT (233289.186999999 893709.5626999997)
426,TALBOT AVE @ LITHGOW ST,1643,3650.3,33.4,10502.29997,0.453,2.221728545,,POINT (229306.33540000021 893709.9957000017)
428,TALBOT AVE @ WELLES AVE,1643,1745.1,37.6,9758.400013,0.462,1.062142422,,POINT (239454.58190000057 893715.4213999994)
430,TALBOT AVE @ DORCHESTER AVE,1643,3050,37.6,9758.400013,0.462,1.856360316,,POINT (233435.96869999915 893715.8126999997)
431,355 NORFOLK ST OPP WITHINGTON,231,131.6,31,8639.200008,0.459,0.56969697,,POINT (226202.66480000317 893719.5954999998)
432,NORFOLK ST @ DARLINGTON ST,231,264.1,31,8639.200008,0.459,1.143290043,,POINT (234447.43069999665 893723.2872000001)
435,NORFOLK ST @ MILTON AVE,231,302.3,35.4,7335.500017,0.484,1.308658009,,POINT (226196.71580000222 893724.2170000002)
436,NORFOLK ST @ CHARLES RD,231,162.2,35.4,7335.500017,0.484,0.702164502,,POINT (227828.36460000277 893725.7694000006)
437,WASHINGTON ST @ WELLES AVE,231,55.8,33.4,10502.29997,0.453,0.241558442,,POINT (233458.68720000237 893726.5626999997)
438,227 NORFOLK ST OPP STANTON ST,231,155.6,35.4,7335.500017,0.484,0.673593074,,POINT (236509.5627000034 893730.5174000002)
439,247 NORFOLK ST OPP CAPEN ST,231,195.4,36.2,7024.100023,0.454,0.845887446,,POINT (234424.95750000328 893732.0850000009)
440,NORFOLK ST OPP NELSON ST,231,194.6,36.2,7024.100023,0.454,0.842424242,,POINT (221830.81949999928 893741.0850000009)
441,NORFOLK ST @ WILLOWWOOD ST,231,135.1,31.5,8981.10001,0.444,0.584848485,,POINT (229680.27700000256 893741.9081000015)
443,NORFOLK ST @ MORTON ST,231,581.9,31.5,8981.10001,0.444,2.519047619,,POINT (229680.27700000256 893741.9081000015)
457,WASHINGTON ST @ KENWOOD ST,749,2830,33.4,9999.199936,0.458,3.778371162,,POINT (235306.5028000027 893746.1119999997)
458,WASHINGTON ST @ MELVILLE AVE,749,1449.6,33.4,9999.199936,0.458,1.935380507,,POINT (229200.1745999977 893748.8383000009)
460,WASHINGTON ST @ PARK ST,749,1780.5,36.8,7285.699974,0.405,2.377169559,,POINT (229769.74379999936 893755.3511000015)
461,WASHINGTON ST OPP ALGONQUIN S,749,1104.2,34.3,9889.100041,0.458,1.47423231,,POINT (229182.09049999714 893757.0403999984)
463,WASHINGTON ST @ BOWDOIN ST,749,2606.9,35.1,9186.600021,0.472,3.480507343,,POINT (229780.46989999712 893757.7111000009)
465,WASHINGTON ST @ VASSAR ST,749,858.4,31.7,10000.69999,0.468,1.146061415,,POINT (236109.77660000324 893767.7672999986)
467,WASHINGTON STREET @ FOUR CORN,749,2263.3,30.1,9883.500048,0.442,3.02176235,,POINT (229965.4055000022 893776.0210000016)
468,WASHINGTON ST @ COLUMBIA RD,912,3399.9,35.4,14685.80004,0.439,3.727960526,,POINT (236114.12070000172 893787.0747000016)
469,WASHINGTON ST @ JOE L SMITH W,749,1111.1,35.4,14685.80004,0.439,1.483444593,,POINT (235303.53549999744 893791.3101000004)
470,WASHINGTON ST @ BLUE HILL AVE,749,1767.8,30.6,8449.19997,0.423,2.360213618,,POINT (225623.21989999712 893795.5350000001)
471,WASHINGTON ST @ BLUE HILL AVE,912,2684.8,35.4,14685.80004,0.439,2.943859649,,POINT (227649.15579999983 893816.0003999993)
472,WASHINGTON ST @ JEREMIAH BURK,912,891.9,35.4,14685.80004,0.439,0.977960526,,POINT (233968.42159999907 893818.1251999997)
473,WASHINGTON ST @ COLUMBIA RD,749,2522.6,35.1,9335.49998,0.442,3.367957276,,POINT (226434.6806000024 893820.493900001)
475,WASHINGTON STREET @ FOUR CORN,757,2495,30.1,9883.500048,0.442,3.295904888,,POINT (225644.7173999995 893825.9596999995)
477,WASHINGTON ST @ VASSAR ST,757,868.2,31.7,10000.69999,0.468,1.146895641,,POINT (231359.44330000132 893833.0469000004)
478,WASHINGTON ST @ HARVARD ST,757,2692.3,30.5,8699.600018,0.493,3.55653897,,POINT (234155.25379999727 893838.6092000008)
480,WASHINGTON ST @ ALGONQUIN ST,757,896.6,34.3,9889.100041,0.458,1.184412153,,POINT (230048.0780000016 893843.376600001)
482,WASHINGTON ST @ PARK ST,757,1836,37.6,6191.699988,0.469,2.425363276,,POINT (230048.0780000016 893843.376600001)
483,WASHINGTON ST @ WHEATLAND AVE,757,1170.8,37.6,6191.699988,0.469,1.54663144,,POINT (234136.18339999765 893845.9026000015)
485,WASHINGTON ST @ SOUTHERN AVE,757,4346.4,33.4,9999.199936,0.458,5.741611625,,POINT (230047.29670000076 893857.3751000017)
494,GALLIVAN BLVD @ WASHINGTON ST,402,5,40.7,6475.099991,0.435,0.012437811,,POINT (226463.22349999845 893857.8398999982)
496,GALLIVAN BLVD @ OWENCROFT RD,402,381.7,37.4,7296.599993,0.454,0.949502488,,POINT (236921.57169999927 893861.819600001)
497,GALLIVAN BLVD @ MILTON AVE,402,314.2,41.9,4161.700001,0.496,0.78159204,,POINT (236917.22900000215 893865.9543000013)
498,GALLIVAN BLVD @ ARBELLA RD,402,207.4,40.7,6475.099991,0.435,0.515920398,,POINT (231391.8901000023 893874.0084999986)
499,GALLIVAN BLVD @ FAIRMOUNT ST,402,1035.4,35.2,7933.699973,0.43,2.575621891,,POINT (230471.48610000312 893875.3504000008)
501,GALLIVAN BLVD @ NEVADA ST,402,223.9,40.7,6475.099991,0.435,0.556965174,,POINT (230471.48610000312 893875.3504000008)
507,GALLIVAN BLVD @ MORTON ST,854,1289.2,35.2,7933.699973,0.43,1.509601874,,POINT (230023.42159999907 888520.0628000014)
508,GALLIVAN BLVD OPP ARBELLA RD,623,199.9,40.7,6475.099991,0.435,0.320866774,,POINT (231434.55659999698 888523.3156000003)
509,GALLIVAN BLVD @ OAKRIDGE ST,623,263,41.9,4161.700001,0.496,0.422150883,,POINT (246242.41080000252 888528.819600001)
510,GALLIVAN BLVD @ PLEASANT HILL,623,295.4,40.7,6475.099991,0.435,0.474157303,,POINT (243360.16390000284 888531.9145999998)
511,WASHINGTON ST @ GALLIVAN BLVD,231,41.4,40.7,6475.099991,0.435,0.179220779,,POINT (250930.45149999857 888535.3931000009)
512,WASHINGTON ST OPP CODMAN HILL,231,6.5,37.4,7296.599993,0.454,0.028138528,,POINT (240777.22140000015 888539.3869000003)
514,WASHINGTON ST @ COOLIDGE RD,231,169.9,37.4,7296.599993,0.454,0.735497835,,POINT (250942.05629999936 888541.3093999997)
515,WASHINGTON ST @ FULLER ST,231,175.8,37.4,7296.599993,0.454,0.761038961,,POINT (239911.17859999835 888541.8891999982)
516,WASHINGTON ST @ BURT ST,231,149.4,37.4,9301.700016,0.462,0.646753247,,POINT (239911.17859999835 888541.8891999982)
517,WASHINGTON ST OPP ARMANDINE S,231,243.7,33.4,6129.800009,0.437,1.054978355,,POINT (243322.96649999917 888543.5615000017)
518,WASHINGTON ST @ ASHMONT ST,231,203.2,33.4,6129.800009,0.437,0.87965368,,POINT (240779.3103 888543.9767999984)
520,ARBORWAY @ COURTHOUSE,1536,268.3,33.3,6091.099991,0.471,0.174674479,,POINT (238570.4250999987 888550.999400001)
522,CIRCUIT DR @ SHATTUCK HOSPITA,558,382.7,20.4,1337.3,0.412,0.685842294,,POINT (250563.40609999746 888560.625)
523,MORTON ST @ CANTERBURY ST,978,909.7,14,6,0.667,0.930163599,,POINT (250563.40609999746 888560.625)
524,MORTON ST @ HARVARD ST,978,1235.8,34.2,3744.300006,0.429,1.263599182,,POINT (230921.0971999988 888570.1686000004)
525,MORTON ST @ GREENDALE RD,978,867,34.2,3744.300006,0.429,0.886503067,,POINT (243216.00450000167 888577.2536999993)
526,MORTON ST @ BLUE HILL AVE,392,1804.1,31.7,10124.69995,0.457,4.602295918,,POINT (241196.96660000086 888588.7021999992)
527,MORTON ST @ WILDWOOD ST,392,600.6,31.5,8981.10001,0.444,1.532142857,,POINT (243179.4680000022 888589.1669000015)
528,MORTON ST @ NORFOLK ST,392,1098.5,31.5,8981.10001,0.444,2.802295918,,POINT (230136.70579999685 888612.2056000009)
529,MORTON ST @ EVANS ST,623,1074.3,36.2,7024.100023,0.454,1.724398074,,POINT (226914.10490000248 888616.430399999)
530,MORTON ST @ LORNA RD,623,2002.1,36.2,7024.100023,0.454,3.21364366,,POINT (231560.8866999969 888620.6050999984)
532,GALLIVAN BLVD @ STONE TERR,392,423.9,37.4,7296.599993,0.454,1.081377551,,POINT (243068.97839999944 888626.9222999997)
533,DORCHESTER AVE @ GALLIVAN BLV,1066,638.9,37.4,7296.599993,0.454,0.59934334,,POINT (238511.54730000347 888643.5403999984)
534,DORCHESTER AVE @ VAN WINKLE S,1066,94.4,37.4,6419.000006,0.47,0.088555347,,POINT (235695.16700000316 888648.4321999997)
536,DORCHESTER AVE @ HURLCROFT AV,1073,114.7,37.4,6419.000006,0.47,0.106896552,,POINT (246905.24639999866 888650.5516000018)
537,DORCHESTER AVE @ GALLIVAN BLV,1073,652.9,37.4,7296.599993,0.454,0.608480895,,POINT (246888.8783000037 888654.6634999998)
540,MORTON ST @ SELDEN ST,402,1825.8,35.2,7933.699973,0.43,4.541791045,,POINT (246231.56599999964 888656.0604999997)
541,MORTON ST @ NORFOLK ST,402,1251.1,31.5,8981.10001,0.444,3.112189055,,POINT (235698.52440000325 888656.4061999992)
542,MORTON ST @ THEODORE ST,402,755.2,31.5,8981.10001,0.444,1.878606965,,POINT (238500.78980000317 888660.7721000016)
543,MORTON ST OPP WELLINGTON HILL,997,3696.1,31.9,11048.80005,0.444,3.707221665,,POINT (242905.63889999688 888683.6213999987)
545,MORTON ST @ CANTERBURY ST,997,1204.5,20.4,1337.3,0.412,1.208124373,,POINT (242883.59009999782 888691.9464999996)
546,MORTON ST @ SHATTUCK HOSPITAL,997,428.4,20.4,1337.3,0.412,0.429689067,,POINT (231645.33320000023 888698.7285000011)
547,ARBORWAY OPP COURTHOUSE,1570,354.4,31.4,5052.699998,0.48,0.225732484,,POINT (240839.2179000005 888700.4941999987)
550,GENEVA AVE @ FOUR CORNERS@GEN,155,332.5,32.4,6793.300013,0.419,2.14516129,,POINT (226960.02059999853 888700.497200001)
551,GENEVA AVE OPP OLNEY ST,155,258,35.2,5590.299996,0.444,1.664516129,,POINT (240793.632600002 888726.2756999992)
552,GENEVA AVE @ BOWDOIN ST,155,330.5,35.2,5590.299996,0.444,2.132258065,,POINT (231026.3457000032 888726.7481000014)
553,GENEVA AVE @ HOLIDAY ST,675,636.4,29.6,14159.39999,0.484,0.942814815,,POINT (230781.59399999678 888733.4329999983)
554,GENEVA AVE @ WESTVILLE ST,675,1101.1,32.5,13463.10005,0.477,1.631259259,,POINT (242766.9545999989 888733.6964999996)
555,GENEVA AVE @ DAKOTA ST,675,376.2,30.5,8699.600018,0.493,0.557333333,,POINT (239633.32460000366 888736.0577000007)
556,GENEVA AVE @ TONAWANDA ST,675,718.2,37.4,10090.60003,0.475,1.064,,POINT (230392.06220000237 888739.1251000017)
557,452 GENEVA AVE OPP BLOOMFIELD,656,294.4,34.5,11248.89998,0.451,0.448780488,,POINT (241133.76860000193 888743.5361000001)
558,GENEVA AVE @ WESTVILLE ST,658,802.2,30.5,8699.600018,0.493,1.219148936,,POINT (245904.73879999667 886757.0405000001)
559,GENEVA AVE @ TOPLIFF ST,658,673.8,29.6,14159.39999,0.484,1.024012158,,POINT (245904.73879999667 886757.0405000001)
560,GENEVA AVE @ HOLIDAY ST,658,525.1,29.6,14159.39999,0.484,0.798024316,,POINT (240831.03119999915 886771.8583999984)
561,GENEVA AVE @ LEVANT ST,658,580.5,32.5,13463.10005,0.477,0.882218845,,POINT (241951.87340000272 886777.9655000009)
562,GENEVA AVE @ BOWDOIN ST,145,265.5,35.2,5590.299996,0.444,1.831034483,,POINT (235401.31549999863 886789.2052999996)
563,GENEVA AVE @ OLNEY ST,145,352.5,32.4,6793.300013,0.419,2.431034483,,POINT (241910.7995999977 886800.3684)
564,GENEVA AVE @ FOUR CORNERS@GEN,145,103,35.2,5590.299996,0.444,0.710344828,,POINT (243539.53559999913 886801.7263000011)
565,GENEVA AVE @ COLUMBIA RD,145,287,30.1,9883.500048,0.442,1.979310345,,POINT (243411.4007000029 886806.7815999985)
566,GENEVA AVE @ COLUMBIA RD,145,225.5,29.4,8419.400023,0.475,1.555172414,,POINT (240823.0874999985 886817.4838000014)
567,GENEVA AVE @ JEREMIAH BURKE H,145,81.5,30.6,8449.19997,0.423,0.562068966,,POINT (243427.85809999704 886818.2159000002)
568,GENEVA AVE @ BLUE HILL AVE,145,233.5,30.6,8449.19997,0.423,1.610344828,,POINT (243517.11200000346 886823.5810000002)
569,DORCHESTER AVE @ VALLEY RD,472,84.2,47.7,2261.300002,0.524,0.178389831,,POINT (226010.32440000027 886828.4952000007)
570,DORCHESTER AVE @ ST GREGORY S,472,125,38.5,4388.20001,0.455,0.264830508,,POINT (235409.7242999971 886845.5593000017)
571,DORCHESTER AVE @ WASHINGTON S,472,208.4,36.1,4239.800008,0.51,0.441525424,,POINT (226017.85649999976 886848.2096999995)
572,RIVER ST @ WICHITA TER,452,261.8,36.1,4239.800008,0.51,0.57920354,,POINT (243047.65799999982 886852.2991999984)
574,RIVER ST @ CEDAR ST,204,136.5,41.8,4195.000004,0.443,0.669117647,,POINT (243037.4782000035 886870.2175999992)
575,RIVER ST @ STANDARD ST,204,390.6,41.8,4195.000004,0.443,1.914705882,,POINT (235425.52170000225 886907.7991999984)
576,RIVER ST OPP DUXBURY RD,204,90.7,41.8,4195.000004,0.443,0.444607843,,POINT (245840.5571999997 886909.758200001)
577,RIVER ST OPP LEAHAVEN RD,204,107.6,41.8,4195.000004,0.443,0.52745098,,POINT (235430.81769999862 886926.8924999982)
578,RIVER ST @ NEWCROFT CIRCLE,204,104.2,39.6,4733.099996,0.415,0.510784314,,POINT (245838.04640000314 886927.4237999991)
579,RIVER ST @ GLADESIDE AVE,204,50.3,41.8,4195.000004,0.443,0.246568627,,POINT (251184.15179999918 886927.7534000017)
580,RIVER ST @ FREMONT ST,204,67.7,39.6,4733.099996,0.415,0.331862745,,POINT (238796.55089999735 886932.2914000005)
583,RIVER ST OPP GLADESIDE AVE,209,42,41.8,4195.000004,0.443,0.200956938,,POINT (250615.60429999977 886936.7012000009)
584,RIVER ST OPP NEWCROFT CIRCLE,209,114.6,39.6,4733.099996,0.415,0.548325359,,POINT (240802.5807000026 886943.620000001)
585,RIVER ST @ LEAHAVEN RD,209,168.2,41.8,4195.000004,0.443,0.804784689,,POINT (241766.48049999774 886949.3660000004)
586,RIVER ST @ MEADOWBANK AVE,209,48.1,41.8,4195.000004,0.443,0.230143541,,POINT (238805.04339999706 886951.1528999992)
587,168 RIVER ST OPP STANDARD ST,209,381.1,41.8,4195.000004,0.443,1.823444976,,POINT (240800.09950000048 886963.559700001)
588,RIVER ST OPP CEDAR ST,209,157.7,41.8,4195.000004,0.443,0.754545455,,POINT (241753.86309999973 886963.9963000007)
590,RIVER ST OPP WICHITA TER,456,257.7,36.1,4239.800008,0.51,0.565131579,,POINT (226080.95329999924 887012.0342000015)
591,DORCHESTER AVE OPP ADIRONDACK,476,429.2,36.1,4239.800008,0.51,0.901680672,,POINT (243333.95409999788 887014.3383999988)
593,DORCHESTER AVE OPP ST GREGORY,476,128.1,47.7,2261.300002,0.524,0.269117647,,POINT (243320.88390000165 887027.9349999987)
594,OPP 2165 DORCHESTER AVE,476,57.1,47.7,2261.300002,0.524,0.119957983,,POINT (240649.98640000075 887055.7666000016)
595,DORCHESTER AVE OPP VALLEY RD,476,84.8,47.7,2261.300002,0.524,0.178151261,,POINT (241569.55330000073 887098.886500001)
596,3867 WASHINGTON ST OPP TOLLGA,1904,306.9,28.9,7786.200013,0.436,0.161186975,,POINT (240775.41319999844 887102.9723999985)
597,WASHINGTON ST @ LOCHDALE RD,1904,935.6,28.9,7786.200013,0.436,0.491386555,,POINT (241550.51120000333 887103.9389999993)
598,WASHINGTON ST @ ARCHDALE RD,1904,2010.5,28.9,7786.200013,0.436,1.055934874,,POINT (251171.0371999964 887119.5914000012)
599,WASHINGTON ST @ MOSGROVE AVE,1904,612.8,34.8,9182.299988,0.446,0.321848739,,POINT (238878.9151000008 887121.7162999995)
600,WASHINGTON ST OPP GRANFIELD A,1904,1127,34.8,9182.299988,0.446,0.591911765,,POINT (240773.86169999838 887123.0144999996)
601,WASHINGTON ST @ SOUTH ST,1904,2385.3,35.7,6424.399984,0.477,1.252783613,,POINT (241445.51609999686 887137.5414999984)
602,SOUTH ST @ TAFT HILL TERR,963,3202.4,38.5,6191.799992,0.467,3.325441329,,POINT (238887.88599999994 887143.0469999984)
603,WASHINGTON ST @ ALBANO ST,827,524.2,38.5,6191.799992,0.467,0.633857316,,POINT (245819.57869999856 887143.4935000017)
604,WASHINGTON ST @ METROPOLITAN,827,621,35.4,5093.099984,0.513,0.750906892,,POINT (241419.33850000054 887147.2725000009)
605,WASHINGTON ST @ CORNELL ST,696,552.4,35.4,5093.099984,0.513,0.793678161,,POINT (242903.872299999 887155.7386999987)
606,WASHINGTON ST @ WALWORTH ST,696,894.3,39.6,5956.700002,0.47,1.284913793,,POINT (240368.62470000237 887160.4210000001)
607,WASHINGTON ST @ LISZT ST,696,1460.3,31.8,12011.10001,0.403,2.098132184,,POINT (250581.59740000218 887161.5507999994)
608,WASHINGTON ST @ W ROXBURY PKW,696,414.1,39.9,4647.799995,0.473,0.594971264,,POINT (239998.03410000354 888111.0749000013)
609,WASHINGTON ST @ LAGRANGE ST,696,190.1,40,4260.199998,0.474,0.273132184,,POINT (239991.2250000015 888111.7591999993)
610,WASHINGTON ST @ COWING ST,696,181.1,40,4260.199998,0.474,0.260201149,,POINT (235537.03809999675 888117.0705000013)
611,WASHINGTON ST @ MAPLEWOOD ST,696,283.8,40,4260.199998,0.474,0.407758621,,POINT (229419.14079999924 888120.8753999993)
612,WASHINGTON ST @ HERON ST,696,240.3,45.2,1660.4,0.452,0.345258621,,POINT (240975.9998999983 888121.5080000013)
613,WASHINGTON ST @ WEYMOUTH AVE,547,311.9,45.2,1660.4,0.452,0.570201097,,POINT (239846.86680000275 888126.2467)
614,WASHINGTON ST @ ROCKINGHAM AV,547,440.3,45.2,1660.4,0.452,0.804936015,,POINT (229445.75249999762 888127.5260000005)
615,WASHINGTON ST OPP DESOTO RD,547,1026.7,45.2,1660.4,0.452,1.876965265,,POINT (239827.73860000074 888128.1253000014)
616,WASHINGTON ST @ GROVE ST,636,622.9,42.4,2530.3,0.49,0.979402516,,POINT (235537.53630000353 888137.5610999987)
618,WASHINGTON ST OPP ROCKLAND TO,722,816.9,42.4,2530.3,0.49,1.131440443,,POINT (239664.41279999912 888146.8145999983)
619,WASHINGTON ST @ ROCKLAND TOWE,718,700.8,39.3,3506.7,0.478,0.976044568,,POINT (226649.83990000188 888147.5139000006)
620,WASHINGTON ST @ BIRCHWOOD ST,718,73.6,39.3,3506.7,0.478,0.102506964,,POINT (239644.34839999676 888149.0403000005)
621,WASHINGTON ST @ GROVE ST,548,494.1,39.3,3506.7,0.478,0.901642336,,POINT (229680.84350000322 888149.2498999983)
622,WASHINGTON ST @ DESOTO RD,548,989.1,45.2,1660.4,0.452,1.804927007,,POINT (229703.26680000126 888152.122299999)
623,WASHINGTON ST @ RIDGECREST DR,548,415,45.2,1660.4,0.452,0.75729927,,POINT (226653.002700001 888152.569699999)
624,WASHINGTON ST @ WOODLEY AVE,548,333.3,45.2,1660.4,0.452,0.608211679,,POINT (244630.5174999982 888153.9202999994)
625,WASHINGTON ST @ W BOUNDARY RD,675,588,23.5,2.4,0.571,0.871111111,,POINT (244602.7599999979 888155.2906000018)
626,WASHINGTON ST OPP MAPLEWOOD S,675,232.1,40,4260.199998,0.474,0.343851852,,POINT (245601.2247999981 888155.8909000009)
627,WASHINGTON ST OPP COWING ST,675,172.9,23.5,2.4,0.571,0.256148148,,POINT (244790.55910000205 888156.6706999987)
628,WASHINGTON ST @ ENNEKING PKWY,675,192.3,23.5,2.4,0.571,0.284888889,,POINT (244790.55910000205 888156.6706999987)
629,WASHINGTON ST OPP SCHUBERT ST,675,851.1,39.9,4647.799995,0.473,1.260888889,,POINT (244531.5253000036 888159.0115999989)
630,WASHINGTON ST @ BLUE LEDGE DR,675,850,35.8,6582.099996,0.44,1.259259259,,POINT (244523.4455000013 888159.4545999989)
631,WASHINGTON ST @ BEECH ST,675,1200.4,31.8,12011.10001,0.403,1.77837037,,POINT (241593.66749999672 888160.7140000015)
632,WASHINGTON ST @ CORNELL ST,675,583.3,39.6,5956.700002,0.47,0.864148148,,POINT (241587.75710000098 888165.0225000009)
633,WASHINGTON ST @ METROPOLITAN,675,373.3,35.4,5093.099984,0.513,0.553037037,,POINT (244903.27549999952 888165.4948000014)
634,WASHINGTON ST @ ALBANO ST,828,374.2,38.5,6191.799992,0.467,0.451932367,,POINT (244923.15529999882 888167.0751999989)
635,WASHINGTON ST @ POPLAR ST,828,1378.9,39.6,5956.700002,0.47,1.665338164,,POINT (245578.70549999923 888167.3891000003)
636,WASHINGTON ST @ CUMMINS HWY,1907,4269.9,38.5,6191.799992,0.467,2.239066597,,POINT (244998.24149999768 888173.1579000019)
637,WASHINGTON ST @ FIRTH RD,1907,1955.6,35.7,6424.399984,0.477,1.025485055,,POINT (230207.2478 888173.691300001)
638,WASHINGTON ST @ GRANFIELD AVE,1907,1365,34.8,9182.299988,0.446,0.715783954,,POINT (245010.24809999764 888174.0430000015)
639,WASHINGTON ST @ WHIPPLE AVE,1907,655.8,34.8,9182.299988,0.446,0.343890928,,POINT (245054.58739999682 888178.0384000018)
640,WASHINGTON ST @ ARCHDALE RD,1907,2160.6,28.9,7786.200013,0.436,1.132983744,,POINT (230208.9790999964 888180.6352000013)
641,WASHINGTON ST @ ALDWIN RD,1907,954.5,28.9,7786.200013,0.436,0.500524384,,POINT (245137.90370000154 888184.6598999985)
642,WASHINGTON ST @ TOLLGATE WAY,1907,146.1,28.9,7786.200013,0.436,0.07661248,,POINT (230375.0423000008 888185.3913999982)
730,FRANKLIN ST @ SIDNEY ST,979,2088.9,30.4,10017.1,0.521,2.133707865,,POINT (245193.89339999855 888190.0859999992)
763,STIMSON ST @ WASHINGTON ST,217,215.6,42.4,2530.3,0.49,0.993548387,,POINT (245217.81589999795 888192.3258999996)
764,85 STIMSON ST,217,20.1,42.4,2530.3,0.49,0.092626728,,POINT (239386.34880000353 888195.4835000001)
765,2550 CENTRE ST,217,102.6,41.6,3361.599997,0.485,0.47281106,,POINT (231008.5481000021 888198.9754999988)
766,2508 CENTRE ST,217,12.1,41.6,3361.599997,0.485,0.055760369,,POINT (239368.1670999974 888199.8247000016)
767,CENTRE ST @ LINDEN RD,217,70.3,41.6,3361.599997,0.485,0.323963134,,POINT (245316.89570000023 888201.4288000017)
768,CENTRE ST OPP NORTHDALE RD,217,105.5,42.4,2530.3,0.49,0.486175115,,POINT (245327.05099999905 888202.3489000015)
769,CENTRE ST OPP GLENHAVEN RD,217,106.8,45.2,1660.4,0.452,0.492165899,,POINT (245517.63270000368 888203.3011999987)
770,CENTRE ST @ WEDGEMERE RD,217,75.1,45.2,1660.4,0.452,0.346082949,,POINT (226686.60559999943 888205.8339999989)
771,CENTRE ST OPP ACACIA RD,217,12.9,42.3,3968.699993,0.476,0.059447005,,POINT (244377.62349999696 888212.6878000014)
772,CENTRE ST OPP CASS ST,217,167.8,45.2,1660.4,0.452,0.773271889,,POINT (244377.62349999696 888212.6878000014)
773,CENTRE ST @ BOGANDALE RD,217,39.7,46.3,1998.699999,0.5,0.182949309,,POINT (243173.65829999745 888217.692499999)
774,SPRING ST @ CHARLES RIVER LOO,150,155.5,45.9,2463.1,0.491,1.036666667,,POINT (229838.48420000076 888224.0628000014)
775,SPRING ST @ GOULD ST,396,671.4,45.9,2463.1,0.491,1.695454545,,POINT (250524.4627000019 888230.1352000013)
776,SPRING ST @ CYPRESS ST,396,268,45.9,2463.1,0.491,0.676767677,,POINT (229857.252700001 888237.1986999996)
777,SPRING ST @ BAKER ST,331,414.9,45.9,2463.1,0.491,1.25347432,,POINT (241709.25819999725 888240.6849000007)
778,SPRING ST @ POWELL ST,331,229.9,46.3,1998.699999,0.5,0.694561934,,POINT (231065.83799999952 888242.5716000013)
779,SPRING ST @ CENTRE ST,331,80,46.3,1998.699999,0.5,0.241691843,,POINT (242591.1481000036 888243.4693999998)
780,CENTRE ST @ SAINT THERESA AVE,548,525.4,45.2,1660.4,0.452,0.958759124,,POINT (242591.1481000036 888243.4693999998)
781,CENTRE ST @ LAGRANGE ST,726,451.5,43.3,2484.799998,0.488,0.621900826,,POINT (241476.55139999837 888256.3618000001)
782,CENTRE ST @ BELLEVUE ST,726,535,43.3,2484.799998,0.488,0.736914601,,POINT (241458.67840000242 888272.0698000006)
783,CENTRE ST @ PARK ST,726,251.9,45.8,2785.3,0.478,0.346969697,,POINT (241757.69269999862 888272.7457999997)
784,CENTRE ST @ COREY ST,726,529.2,44.8,3011.200003,0.454,0.72892562,,POINT (242101.76309999824 888272.9316999987)
785,CENTRE ST @ WILLOW ST,726,608.6,44.8,3011.200003,0.454,0.838292011,,POINT (242121.83410000056 888276.4723000005)
786,BELGRADE AVE @ CENTRE ST,721,594.3,44.8,3011.200003,0.454,0.824271845,,POINT (245683.10599999875 888277.9611000009)
787,BELGRADE AVE @ WEST ROXBURY P,721,135.8,46.7,3021.499997,0.469,0.188349515,,POINT (245706.5700000003 888280.7752999999)
788,BELGRADE AVE @ IONA ST,721,293.5,41.2,5077.399997,0.456,0.407073509,,POINT (230568.41260000318 888289.7842999995)
789,BELGRADE AVE @ REXHAME ST,721,187.5,38.9,5653.300009,0.48,0.260055479,,POINT (230568.41260000318 888289.7842999995)
790,BELGRADE AVE @ ALDRICH ST,721,287.1,41.2,5077.399997,0.456,0.398196949,,POINT (250650.23409999907 888294.5626999997)
791,BELGRADE AVE @ WALWORTH ST,721,474.1,39,4362.400005,0.472,0.657558946,,POINT (245894.46419999748 888305.9105000012)
792,BELGRADE AVE @ PENFIELD ST,721,214.7,39,4362.400005,0.472,0.29778086,,POINT (245915.27859999985 888308.6075999998)
793,BELGRADE AVE @ PINEHURST ST,721,149.5,38.5,6191.799992,0.467,0.207350902,,POINT (242471.12629999965 888311.7267999984)
795,CORINTH ST @ COHASSET ST,959,1842.5,38.5,6191.799992,0.467,1.921272158,,POINT (239227.86519999802 888315.5144999996)
797,BELGRADE AVE @ ROBERT ST,1061,1002.1,38.5,6191.799992,0.467,0.944486334,,POINT (241035.6347000003 888316.9283999987)
798,BELGRADE AVE OPP PINEHURST ST,720,88.1,38.5,6191.799992,0.467,0.122361111,,POINT (242452.03329999745 888317.0639999993)
799,BELGRADE AVE OPP PENFIELD ST,720,242.2,39,4362.400005,0.472,0.336388889,,POINT (231165.7479000017 888317.7859000005)
800,BELGRADE AVE @ WALWORTH ST,720,568.3,41.2,5077.399997,0.456,0.789305556,,POINT (241957.17300000042 888319.1667999998)
801,BELGRADE AVE OPP ALDRICH ST,720,249.9,41.2,5077.399997,0.456,0.347083333,,POINT (241868.25140000135 888319.7259000018)
802,BELGRADE AVE OPP REXHAME ST,720,201.5,38.9,5653.300009,0.48,0.279861111,,POINT (246024.93639999628 888321.8768999986)
803,BELGRADE AVE @ MCCRAW ST,720,330.3,41.2,5077.399997,0.456,0.45875,,POINT (239209.6821999997 888324.2281999998)
804,BELGRADE AVE @ WEST ROXBURY P,881,196.6,46.7,3021.499997,0.469,0.223155505,,POINT (240419.37629999965 888324.3814999983)
805,BELGRADE AVE @ CENTRE ST,881,732.2,46.7,3021.499997,0.469,0.831101022,,POINT (246044.95579999685 888324.7824000008)
806,CENTRE ST @ WILLOW ST,725,621.7,44.7,5490.000009,0.483,0.857517241,,POINT (241002.04800000042 889131.8447000012)
807,CENTRE ST @ COREY ST,725,671.4,44.8,3011.200003,0.454,0.926068966,,POINT (244013.42080000043 889132.1678000018)
808,CENTRE ST OPP BELLEVUE ST,725,837.9,45.8,2785.3,0.478,1.155724138,,POINT (230449.12460000068 889136.9378000014)
810,CENTRE ST @ LAGRANGE ST,547,333.3,43.3,2484.799998,0.488,0.609323583,,POINT (232227.5407000035 889145.0918999985)
812,SPRING ST @ TEMPLE ST,330,122.2,46.3,1998.699999,0.5,0.37030303,,POINT (230453.23390000314 889150.1248999983)
813,SPRING ST OPP POWELL ST,330,254.2,46.3,1998.699999,0.5,0.77030303,,POINT (244204.35230000317 889154.8095999993)
814,SPRING ST @ GARDNER ST,330,554.3,46.3,1998.699999,0.5,1.67969697,,POINT (231820.73330000043 889156.3352000006)
815,SPRING ST @ BAKER ST,330,328,46.3,1998.699999,0.5,0.993939394,,POINT (230448.80789999664 889157.6506999992)
816,SPRING ST @ MOVILLE ST,395,149.3,45.9,2463.1,0.491,0.377974684,,POINT (244221.2853000015 889160.9114000015)
817,SPRING ST @ VA HOSPITAL,395,1007,45.9,2463.1,0.491,2.549367089,,POINT (240769.68320000172 889161.439100001)
820,CHARLES RIVER LOOP,40,79,45.9,2463.1,0.491,1.975,,POINT (230445.71599999815 889162.9081000015)
821,CENTRE ST @ LORETTE ST,547,374.2,48.8,3201.999997,0.456,0.684095064,,POINT (238287.04779999703 889184.3280999996)
822,CENTRE ST @ AUTUMN ST,217,81.6,46.3,1998.699999,0.5,0.376036866,,POINT (240831.8721999973 889185.197900001)
823,CENTRE ST @ CASS ST,217,224.4,45.2,1660.4,0.452,1.034101382,,POINT (240831.8721999973 889185.197900001)
824,CENTRE ST @ BRONX RD,217,34.6,42.3,3968.699993,0.476,0.159447005,,POINT (240831.8721999973 889185.197900001)
825,CENTRE ST OPP WEDGEMERE RD,217,67.5,45.2,1660.4,0.452,0.311059908,,POINT (240831.8721999973 889185.197900001)
826,CENTRE ST @ GLENHAVEN RD,217,99.8,45.2,1660.4,0.452,0.459907834,,POINT (240831.8721999973 889185.197900001)
827,CENTRE ST @ NORTHDALE RD,175,93.8,42.4,2530.3,0.49,0.536,,POINT (231523.62409999967 889190.8018000014)
828,CENTRE ST @ FAIRLANE RD,175,53.5,41.6,3361.599997,0.485,0.305714286,,POINT (231893.630400002 889191.8991999999)
829,2519 CENTRE ST,175,15.9,41.6,3361.599997,0.485,0.090857143,,POINT (238297.82880000025 889200.1420000009)
830,STIMSON ST @ CENTRE ST,175,106.4,42.4,2530.3,0.49,0.608,,POINT (231489.95199999958 889201.8194000013)
831,80 STIMSON ST,175,34.5,42.4,2530.3,0.49,0.197142857,,POINT (241502.25039999932 889203.2010000013)
832,STIMSON ST @ WASHINGTON ST,175,245.7,42.4,2530.3,0.49,1.404,,POINT (231485.11659999937 889208.0967999995)
833,BAKER ST @ LASELL ST,248,50.8,44.4,3848.900001,0.466,0.20483871,,POINT (241512.21490000188 889221.377700001)
834,LASELL ST @ TEMPLE ST,183,10.8,44.4,3848.900001,0.466,0.059016393,,POINT (230521.85419999808 889232.8139000013)
835,LASELL ST @ PERHAM ST,183,17.8,44.4,3848.900001,0.466,0.09726776,,POINT (230526.07090000063 889237.684700001)
836,LASELL ST OPP ATLANTIS ST,183,10.8,44.4,3848.900001,0.466,0.059016393,,POINT (246352.1357000023 889242.8447000012)
837,LASELL ST @ LAGRANGE ST,183,45.1,44.4,3848.900001,0.466,0.246448087,,POINT (246352.1357000023 889242.8447000012)
838,LAGRANGE ST @ VERMONT ST,178,47.1,45.7,3234.000001,0.46,0.264606742,,POINT (239194.56880000234 889249.2151000015)
839,LAGRANGE ST @ BURARD ST,178,25.8,44,4090.799997,0.49,0.14494382,,POINT (247725.98189999908 889253.8278999999)
840,LAGRANGE ST @ PENDER ST,178,41.6,44,4090.799997,0.49,0.233707865,,POINT (238346.32710000128 889270.5216000006)
841,LAGRANGE ST @ VIRGIL RD,178,28.3,44,4090.799997,0.49,0.158988764,,POINT (236935.79079999775 889272.7514000013)
842,LAGRANGE ST @ WESTMOUNT AVE,178,10.5,45.8,2785.3,0.478,0.058988764,,POINT (229777.03090000153 889275.0001999997)
843,LAGRANGE ST @ DENT ST,178,10.5,48.8,3201.999997,0.456,0.058988764,,POINT (238351.78079999983 889279.5179999992)
845,LAGRANGE ST @ CENTRE ST,178,251.5,48.8,3201.999997,0.456,1.412921348,,POINT (239795.22900000215 889280.2490999997)
846,LAGRANGE ST @ WESTMOUNT AVE,178,23.3,45.8,2785.3,0.478,0.130898876,,POINT (236950.19579999894 889284.8176000006)
847,LAGRANGE ST OPP VIRGIL RD,178,24.8,44,4090.799997,0.49,0.139325843,,POINT (244114.5697999969 889287.8770000003)
848,LAGRANGE ST OPP PENDER ST,178,42.3,44,4090.799997,0.49,0.237640449,,POINT (239829.9219999984 889296.5205000006)
849,LAGRANGE ST OPP BURARD ST,178,18,44,4090.799997,0.49,0.101123596,,POINT (241256.3118999973 889299.4285999984)
850,LAGRANGE ST @ VERMONT ST,178,100.9,45.8,2785.3,0.478,0.566853933,,POINT (230360.311999999 889299.4998999983)
851,VERMONT ST @ CARROLL ST,183,34.6,44,4090.799997,0.49,0.189071038,,POINT (230360.311999999 889299.4998999983)
852,VERMONT ST @ TEMPLE ST,183,50.1,44.4,3848.900001,0.466,0.273770492,,POINT (234958.6868999973 889300.4288999997)
853,VERMONT ST @ BAKER ST,356,393.8,45,2772.300003,0.477,1.106179775,,POINT (241268.5001000017 889310.3322999999)
854,MASSACHUSETTS AVE @ HARRISON,644,2799.3,39.2,16190.19992,0.5,4.34673913,,POINT (229540.11069999635 889311.246199999)
855,MASSACHUSETTS AVE @ ALBANY ST,644,1641.9,36,2270,0.609,2.549534161,,POINT (250084.31069999933 889311.5056999996)
856,MASSACHUSETTS AVE @ ALBANY ST,644,4459.1,39.2,16190.19992,0.5,6.924068323,,POINT (250084.31069999933 889311.5056999996)
875,FOREST HILLS STATION LOWER BU,5588,87853.5,33.3,6091.099991,0.471,15.7218146,,POINT (229534.43710000068 889311.6875)
879,L ST @ E 3RD ST,256,2354.3,30.2,11333.29993,0.466,9.196484375,,POINT (227527.53700000048 889319.5223999992)
880,L ST @ E 2ND ST,256,314.9,30.2,11333.29993,0.466,1.230078125,,POINT (227353.37430000305 889319.6473000012)
882,DORCHESTER AVE @ RICHMOND ST,476,144.5,36.1,4239.800008,0.51,0.303571429,,POINT (229698.51950000226 889324.2492999993)
883,DORCHESTER AVE @ RICHMOND ST,472,386.7,36.1,4239.800008,0.51,0.819279661,,POINT (229790.31819999963 889328.8205999993)
886,L ST @ BROADWAY,381,2326,30.2,11333.29993,0.466,6.104986877,,POINT (239191.45489999652 889333.1605000012)
888,SUMMER ST @ MELCHER ST,416,519,39.3,2273.100001,0.521,1.247596154,,POINT (249306.40609999746 889333.3128999993)
889,SUMMER ST OPP WTC AVE,416,955.1,31.5,3771.999999,0.509,2.295913462,,POINT (229740.3924999982 889336.4990999997)
890,SUMMER ST @ WTC AVE,416,867.2,31.5,3771.999999,0.509,2.084615385,,POINT (234928.74400000274 889337.184799999)
891,SUMMER ST OPP MELCHER ST,416,617.7,39.3,2273.100001,0.521,1.484855769,,POINT (231720.13009999692 889343.1482000016)
892,SUMMER ST @ ATLANTIC AVE,468,3088.7,43.4,2413.200002,0.537,6.599786325,,POINT (232098.33669999987 889346.0894000009)
895,E BROADWAY @ N ST,1084,2489.5,28.5,7626.299971,0.477,2.296586716,,POINT (244038.01720000058 889367.1334999986)
899,KENMORE STATION BUSWAY,2920,24516.4,26.7,11224.80005,0.404,8.396027397,,POINT (244034.4626000002 889372.2457999997)
900,WATER ST @ WATERTOWN YARD,939,4598.9,37.9,4869.999998,0.481,4.897657082,,POINT (231373.1366999969 889376.069699999)
902,GALEN ST @ BOYD ST,934,450,37.9,4869.999998,0.481,0.481798715,,POINT (230215.34319999814 889376.7884999998)
903,WASHINGTON ST @ BACON ST,1566,4215.8,34.4,4288.299995,0.479,2.692081737,,POINT (241605.54110000283 889380.195700001)
904,PARK ST @ ELMWOOD ST,692,236.4,36,4556.900007,0.469,0.341618497,,POINT (249328.3791999966 889383.0362000018)
905,TREMONT ST OPP HIBBARD RD,692,132.2,36,4556.900007,0.469,0.191040462,,POINT (230196.53390000015 889383.6059999987)
906,TREMONT ST @ WAVERLEY AVE,692,115.2,36,4556.900007,0.469,0.166473988,,POINT (239070.47160000354 889393.4772000015)
907,TREMONT ST @ PEMBROKE ST,712,184.2,36,4556.900007,0.469,0.258707865,,POINT (246452.78840000182 889393.7641999982)
909,TREMONT ST @ CUFFLIN ST,767,459.2,30.5,7383.599997,0.476,0.598696219,,POINT (238428.49759999663 889398.3975000009)
910,TREMONT ST @ TREMONT PL,767,444.1,30.5,7383.599997,0.476,0.579009126,,POINT (239056.32500000298 889399.4288000017)
912,TREMONT ST @ WASHINGTON ST,777,1004.5,30.5,7383.599997,0.476,1.292792793,,POINT (246471.01160000265 889400.4864999987)
913,WASHINGTON ST @ BRECK AVE,787,2077.8,30.2,5462.800005,0.496,2.640152478,,POINT (238432.46989999712 889404.5192000009)
916,WASHINGTON ST @ LAKE ST,787,1769.3,29.7,6307.300021,0.492,2.24815756,,POINT (229424.6247999966 889405.875)
917,WASHINGTON ST @ FOSTER ST,787,1424.6,29.7,6307.300021,0.492,1.810165184,,POINT (234877.97709999979 889406.1664999984)
918,WASHINGTON ST @ CHESTNUT HILL,792,2192.8,29,4617.4,0.526,2.768686869,,POINT (229420.31069999933 889410.4697000012)
919,WASHINGTON ST OPP WALDO TERR,1034,2129.6,28.9,6834.10001,0.496,2.059574468,,POINT (229278.45289999992 889417.3126000017)
920,CAMBRIDGE ST @ WASHINGTON ST,762,1302.4,28.9,6834.10001,0.496,1.709186352,,POINT (234870.42149999738 889417.4673999995)
922,CAMBRIDGE ST OPP DUSTIN ST,787,2393.3,27.8,9973.200031,0.53,3.041041931,,POINT (232037.61840000004 889425.2670999989)
924,CAMBRIDGE ST @ GORDON ST,787,628.1,28.9,8765.799976,0.479,0.798094028,,POINT (231000.9497999996 889430.2619000003)
925,CAMBRIDGE ST @ BARROWS ST,787,1659.7,28.3,9219.900011,0.508,2.108894536,,POINT (227645.49549999833 889432.1647000015)
926,BRIGHTON AVE @ CAMBRIDGE ST,1400,5566,28.3,9219.900011,0.508,3.975714286,,POINT (244022.86289999634 889438.6347999983)
927,BRIGHTON AVE @ ALLSTON ST,1400,4545.7,28.3,9219.900011,0.508,3.246928571,,POINT (231003.2498999983 889448.7498999983)
928,BRIGHTON AVE @ HARVARD AVE,697,2809.7,26.2,16524.19995,0.476,4.031133429,,POINT (237138.3901000023 889448.9061000012)
931,BRIGHTON AVE @ COMMONWEALTH A,697,1565.2,24.8,13300.20006,0.464,2.245624103,,POINT (238925.04869999737 889452.6055000015)
933,COMMONWEALTH AVE @ BABCOCK ST,697,1419.9,31.6,9809.699982,0.492,2.037159254,,POINT (238464.96909999847 889454.377799999)
934,COMMONWEALTH AVE @ PLEASANT S,697,1943.9,23.7,14263.29995,0.436,2.788952654,,POINT (238919.9606000036 889454.6799999997)
937,COMMONWEALTH AVE @ CARLTON ST,697,1075.8,21.3,9455.000007,0.402,1.543472023,,POINT (230686.75439999998 889458.0100000016)
938,COMMONWEALTH AVE @ ST MARY'S,697,2261.3,21.3,9455.000007,0.402,3.244332855,,POINT (230690.51519999653 889460.6253000014)
939,COMMONWEALTH AVE @ HINSDALE S,697,1358.5,21.3,20974.89993,0.388,1.949067432,,POINT (237154.42710000277 889462.0207000002)
941,COMMONWEALTH AVE @ BLANDFORD,697,1358.6,21.3,20974.89993,0.388,1.949210904,,POINT (246657.4993999973 889466.5469999984)
951,COMMONWEALTH AVE @ SILBER WAY,696,1412.2,21.3,9455.000007,0.402,2.029022989,,POINT (238475.95210000128 889471.1895999983)
952,COMMONWEALTH AVE @ GRANBY ST,696,1637.5,21.3,9455.000007,0.402,2.352729885,,POINT (246678.86389999837 889474.5223999992)
953,COMMONWEALTH AVE @ ST MARY'S,696,1375.8,21.3,9455.000007,0.402,1.976724138,,POINT (249950.57789999992 889482.5168000013)
954,COMMONWEALTH AVE @ UNIVERSITY,696,1601.1,21.3,9455.000007,0.402,2.300431034,,POINT (249950.57789999992 889482.5168000013)
956,COMMONWEALTH AVE @ BUICK ST,706,2217.1,26.2,10440.20001,0.398,3.140368272,,POINT (229863.00389999896 889483.1510000005)
958,COMMONWEALTH AVE @ BABCOCK ST,706,1616.5,26.3,14324.79994,0.491,2.289660057,,POINT (229863.00389999896 889483.1510000005)
959,1079 COMMONWEALTH AVE,706,1446.1,26.3,14324.79994,0.491,2.048300283,,POINT (238812.72929999977 889500.4602000006)
960,BRIGHTON AVE @ MALVERN ST,706,1211.5,24.8,13300.20006,0.464,1.716005666,,POINT (229447.89989999682 889503.8630000018)
962,BRIGHTON AVE @ LINDEN ST,706,1818.2,25.4,10424.90002,0.536,2.575354108,,POINT (238794.66369999945 889508.8575000018)
964,BRIGHTON AVE OPP QUINT AVE,1440,7982.6,25.4,10424.90002,0.536,5.543472222,,POINT (244008.77880000323 889510.2877999991)
966,CAMBRIDGE ST @ N BEACON ST,801,4000.7,28.3,9219.900011,0.508,4.99463171,,POINT (240742.0917999968 889515.4241000004)
967,CAMBRIDGE ST @ SAUNDERS ST,801,879.7,28.9,8765.799976,0.479,1.098252185,,POINT (246808.119599998 889518.3880000003)
969,CAMBRIDGE ST @ DUSTIN ST,801,2467.6,30.9,4730.300011,0.492,3.080649189,,POINT (229454.60620000213 889522.3132000007)
970,CAMBRIDGE ST @ SPARHAWK ST,801,1159.2,33.4,5622.999997,0.485,1.447191011,,POINT (246826.79460000247 889525.3731000014)
971,CAMBRIDGE ST @ ELKO ST,801,1017.8,28.9,6834.10001,0.496,1.270661673,,POINT (229405.41700000316 889528.3469000012)
972,WASHINGTON ST @ WALDO TERR,781,1340,28.9,6834.10001,0.496,1.71574904,,POINT (231956.26190000027 889529.6860999987)
973,WASHINGTON ST @ MARKET ST,781,2540.6,28.4,7244.69999,0.491,3.253008963,,POINT (240732.08320000023 889533.2883000001)
974,WASHINGTON ST @ FOSTER ST,781,1740.6,29.7,6307.300021,0.492,2.228681178,,POINT (230893.5522999987 889536.6367000006)
975,WASHINGTON ST @ BROCK ST,781,1998.7,28.6,9614.09998,0.453,2.55915493,,POINT (237262.25840000063 889541.2657999992)
977,WASHINGTON ST @ OAK SQUARE AV,781,1584.8,28.9,7433.399988,0.473,2.029193342,,POINT (241508.0353000015 889545.5373999998)
979,TREMONT ST @ WASHINGTON ST,776,1487.6,30.5,7383.599997,0.476,1.917010309,,POINT (230997.90869999677 889548.6977000013)
981,TREMONT ST OPP TREMONT PL,776,550.1,30.5,7383.599997,0.476,0.708891753,,POINT (230997.90869999677 889548.6977000013)
982,TREMONT ST OPP CUFFLIN ST,776,601.6,30.5,7383.599997,0.476,0.775257732,,POINT (241512.50680000335 889551.0819999985)
983,TREMONT ST @ WHITTEMORE RD,776,190.7,36,4556.900007,0.469,0.245747423,,POINT (231257.43940000236 889551.7135999985)
985,TREMONT ST @ WAVERLEY AVE,776,159.1,36,4556.900007,0.469,0.205025773,,POINT (234764.57580000162 889559.5551999994)
986,TREMONT ST @ HIBBARD RD,776,402.8,36,4556.900007,0.469,0.519072165,,POINT (237310.50320000201 889560.8537000008)
987,PARK ST @ TREMONT ST,776,432.3,36,4556.900007,0.469,0.557087629,,POINT (238674.81369999796 889561.5910999998)
988,CENTRE ST @ JEFFERSON ST,792,1632.4,34.4,4288.299995,0.479,2.061111111,,POINT (238664.91189999878 889566.0951999985)
989,GALEN ST @ MAPLE ST,968,540.6,36.4,3699.700005,0.491,0.558471074,,POINT (234752.72869999707 889575.1195)
992,GROVE ST OPP ALTAIR RD,42,0,45.2,1660.4,0.452,0,,POINT (243873.68649999797 889577.2754999995)
993,GROVE ST @ OVERLOOK RD,42,6,42.4,2530.3,0.49,0.142857143,,POINT (231255.61890000105 889577.7595999986)
994,WINSHIP ST @ UNION ST,175,308.5,28.9,6834.10001,0.496,1.762857143,,POINT (249438.3172999993 889585.2443999983)
1026,CHESTNUT HILL AVE @ VERONICA,809,2327.5,29,4617.4,0.526,2.877008653,,POINT (243850.97800000012 889587.0078000017)
1027,CHESTNUT HILL AVE @ ENGLEWOOD,355,1026.6,25.3,2496.300002,0.593,2.891830986,,POINT (233967.8747999966 893879.6251000017)
1029,CHESTNUT HILL AVE @ COMMONWEA,355,687.1,29.3,18057.70004,0.455,1.935492958,,POINT (233539.91120000184 893885.3698000014)
1030,CHESTNUT HILL AVE @ STRATHMOR,355,737.7,29.3,18057.70004,0.455,2.078028169,,POINT (228152.5 893912.9858999997)
1032,CHESTNUT HILL AVE OPP WILTSHI,355,430,27.8,9061.800014,0.521,1.211267606,,POINT (236589.2968999967 893924.5628000014)
1033,CHESTNUT HILL AVE @ WALLINGFO,355,262,29,4617.4,0.526,0.738028169,,POINT (236144.4375 893926.1248999983)
1034,CHESTNUT HILL AVE @ UNION ST,355,377.1,29.4,9037.999989,0.491,1.062253521,,POINT (228146.71840000153 893936.4376000017)
1035,MARKET ST @ WASHINGTON ST,355,1368.2,28.9,6834.10001,0.496,3.854084507,,POINT (236148.0421999991 893943.3469999991)
1036,MARKET ST @ SPARHAWK ST,355,732.3,28.4,7244.69999,0.491,2.062816901,,POINT (233998.23430000246 893951.5001000017)
1038,MARKET ST @ GARDENA ST,355,436.2,28.4,7244.69999,0.491,1.228732394,,POINT (236596.72879999876 893961.8213)
1039,MARKET ST @ N BEACON ST,355,613.5,28.4,7244.69999,0.491,1.728169014,,POINT (235286.1723999977 893968.2481999993)
1040,MARKET ST @ GUEST ST,533,1017.1,30.5,3005.899999,0.483,1.908255159,,POINT (233990.94870000333 893980.9505999982)
1041,MARKET ST @ CENTOLA ST,355,185,30.5,3005.899999,0.483,0.521126761,,POINT (230159.73820000142 893983.0293000005)
1042,MARKET ST @ LOTHROP ST,355,260.5,30.5,3005.899999,0.483,0.733802817,,POINT (235284.34350000322 893991.6251000017)
1043,WESTERN AVE @ MACKIN ST,820,2024.7,30.5,3005.899999,0.483,2.469146341,,POINT (233617.74970000237 894000.0003999993)
1045,450 WESTERN AVE,820,429.3,30.5,3005.899999,0.483,0.523536585,,POINT (225816.85869999975 894005.0318999998)
1046,WESTERN AVE @ LITCHFIELD ST,820,1143.6,30.5,3005.899999,0.483,1.394634146,,POINT (233605.56849999726 894006.1123000011)
1049,WESTERN AVE @ EVERETT ST,820,1821.3,30.5,3005.899999,0.483,2.221097561,,POINT (230165.3558000028 894007.6273999996)
1051,WESTERN AVE @ TRAVIS ST,465,676.7,28.5,2244.600001,0.522,1.455268817,,POINT (225833.16009999812 894014.930399999)
1052,130 WESTERN AVE,465,312.4,30.2,5586.099992,0.552,0.671827957,,POINT (236755.30049999803 894021.2839000002)
1053,WESTERN AVE @ GENZYME,465,329.4,28.5,2244.600001,0.522,0.708387097,,POINT (221701.4584000036 894021.8575999998)
1055,RIVER ST OPP BLACKSTONE ST,643,1075.9,29.1,7797.00002,0.463,1.673250389,,POINT (236749.84369999915 894026.7503000014)
1056,RIVER ST @ FAIRMONT ST,643,321.2,34.4,11219.30004,0.472,0.499533437,,POINT (227051.42890000343 894027.2547000013)
1058,RIVER ST OPP KINNAIRD ST,643,120.7,29.1,7797.00002,0.463,0.187713841,,POINT (231649.86180000007 894029.749400001)
1060,MAGAZINE ST @ GREEN ST,1,0.8,30.4,10017.1,0.521,0.8,,POINT (221703.18879999965 894030.250500001)
1061,WESTERN AVE @ KINNAIRD ST,646,187.4,31.9,14405.60004,0.496,0.290092879,,POINT (231654.31830000132 894039.1957999989)
1062,WESTERN AVE @ HOWARD ST,646,292.3,31.3,12064.70003,0.485,0.45247678,,POINT (236170.3748999983 894046.9998999983)
1064,WESTERN AVE @ PUTNAM AVE,646,1028.9,29.3,10085.60003,0.489,1.592724458,,POINT (231528.48049999774 894050.6596999988)
1067,WESTERN AVE OPP GENZYME,472,301.8,28.5,2244.600001,0.522,0.63940678,,POINT (236172.37789999694 894055.4748999998)
1068,125 WESTERN AVE,472,322.8,28.5,2244.600001,0.522,0.683898305,,POINT (228218.2206000015 894063.7267000005)
1070,WESTERN AVE @ N HARVARD ST,472,1493.8,30.2,5586.099992,0.552,3.164830508,,POINT (231543.58320000023 894070.0923000015)
1071,WESTERN AVE OPP RIVERDALE ST,827,1172.3,29,7498.599982,0.505,1.417533253,,POINT (239636.60109999776 894071.9466999993)
1072,WESTERN AVE @ EVERETT ST,827,1528.2,30.5,3005.899999,0.483,1.847883918,,POINT (227391.0134000033 894083.8988999985)
1074,367 WESTERN AVE OPP BRIGHTON,827,753.8,30.5,3005.899999,0.483,0.911487304,,POINT (228220.67400000244 894086.7190999985)
1075,WESTERN AVE OPP LITCHFIELD ST,827,743.4,30.5,3005.899999,0.483,0.898911729,,POINT (237216.133100003 894094.8165999986)
1076,445 WESTERN AVE,827,267.9,30.5,3005.899999,0.483,0.323941959,,POINT (239677.6495999992 894099.8546999991)
1077,495 WESTERN AVE,827,2252.4,30.5,3005.899999,0.483,2.723579202,,POINT (230293.3198999986 894110.7674999982)
1079,MARKET ST @ VINELAND ST,529,984.3,30.5,3005.899999,0.483,1.860680529,,POINT (225953.26680000126 894127.4591000006)
1081,MARKET ST @ KEENAN RD,355,249.8,28.4,7244.69999,0.491,0.703661972,,POINT (230308.8398000002 894129.637600001)
1083,MARKET ST @ ARLINGTON ST,355,686,28.4,7244.69999,0.491,1.932394366,,POINT (225959.31019999832 894146.6438999996)
1084,CHESTNUT HILL AVE @ WASHINGTO,355,1768.6,28.9,6834.10001,0.496,4.981971831,,POINT (236195.0421999991 894162.8291999996)
1085,CHESTNUT HILL AVE @ ACADEMY H,355,430,28.9,6834.10001,0.496,1.211267606,,POINT (236562.02839999646 894163.0216000006)
1086,CHESTNUT HILL AVE @ JACKSON A,355,518,29,4617.4,0.526,1.45915493,,POINT (240039.0002000034 894164.3220999986)
1088,CHESTNUT HILL AVE @ EMBASSY R,355,690.3,27.8,9061.800014,0.521,1.944507042,,POINT (239787.64500000328 894167.4228000008)
1089,CHESTNUT HILL AVE @ SOUTH ST,355,428.2,27.8,9061.800014,0.521,1.206197183,,POINT (239793.43050000072 894171.1605000012)
1090,CHESTNUT HILL AVE @ COMMONWEA,355,680.1,29.3,18057.70004,0.455,1.915774648,,POINT (236559.39639999717 894174.4781000018)
1092,CHESTNUT HILL AVE @ BEACON ST,355,794.4,29.8,6540.800018,0.421,2.237746479,,POINT (236212.67069999874 894179.3696999997)
1094,BROOKS ST @ FANEUIL ST,178,332,28.8,8849.000008,0.517,1.865168539,,POINT (236584.28079999983 894180.1875)
1100,BROOKS ST @ HOBART ST,178,354.3,30.3,4008.700008,0.482,1.990449438,,POINT (236584.28079999983 894180.1875)
1102,N BEACON ST @ PARSONS ST,178,106.3,30.3,4008.700008,0.482,0.597191011,,POINT (236198.86180000007 894180.9741999991)
1103,N BEACON ST @ GOODENOUGH ST,178,0,30.3,4008.700008,0.482,0,,POINT (236198.86180000007 894180.9741999991)
1104,N BEACON ST OPP VINELAND ST,178,381.1,30.5,3005.899999,0.483,2.141011236,,POINT (239875.6548999995 894184.2599)
1105,N BEACON @ MARKET ST,178,211.6,30.4,11493.59999,0.534,1.188764045,,POINT (240329.92080000043 894187.120099999)
1110,N BEACON ST @ CAMBRIDGE ST,178,650.4,28.4,7042.199989,0.524,3.653932584,,POINT (240519.08720000088 894201.5452000014)
1111,CAMBRIDGE ST OPP HANO ST,922,3752.3,28.4,7042.199989,0.524,4.069739696,,POINT (230466.03079999983 894209.0150999986)
1112,CAMBRIDGE ST @ HARVARD AVE,922,1985.9,25.4,10424.90002,0.536,2.153904555,,POINT (237044.36410000175 894211.7769000009)
1114,CAMBRIDGE ST @ N HARVARD ST,238,326.2,22,44.80000003,0.611,1.370588235,,POINT (235244.04659999907 894214.9998999983)
1115,CAMBRIDGE ST @ SEATTLE ST,178,66.6,30.2,5586.099992,0.552,0.374157303,,POINT (235244.04659999907 894214.9998999983)
1116,CAMBRIDGE ST @ MASS PIKE EXIT,178,35.6,22,44.80000003,0.611,0.2,,POINT (225976.11789999902 894220.2529000007)
1123,GREEN ST @ MAGAZINE ST,1140,6554.1,30.4,10017.1,0.521,5.749210526,,POINT (234044.81440000236 894221.256000001)
1128,SOUTH ST @ SEDGWICK ST,886,1794.9,35,8792.099961,0.455,2.025846501,,POINT (225971.9054000005 894237.4527999982)
1129,CENTRE ST @ SEAVERNS AVE,878,2530.3,42.1,4827.099996,0.467,2.881890661,,POINT (230485.40359999985 894239.8247999996)
1130,CENTRE ST @ SAINT JOHN ST,878,1043.3,36.6,7650.200011,0.457,1.188268793,,POINT (225964.15609999746 894242.8128000014)
1132,CENTRE ST OPP BEAUFORT RD,878,1299.2,38.9,6175.000002,0.451,1.479726651,,POINT (239869.97079999745 894244.8924000002)
1134,CENTRE ST @ PAUL GORE ST,148,143.5,33,9914.499967,0.469,0.969594595,,POINT (228288.63199999928 894249.0698999986)
1135,CENTRE ST @ SHERIDAN ST,148,109.4,33,9914.499967,0.469,0.739189189,,POINT (240505.91600000113 894270.0896999985)
1136,CENTRE ST @ WYMAN ST,148,54,31.8,11974.00004,0.498,0.364864865,,POINT (221787.39840000123 894270.3451000005)
1137,CENTRE ST @ MOZART ST,148,117.1,29.8,13930.60012,0.458,0.791216216,,POINT (228301.18850000203 894274.128899999)
1138,CENTRE ST @ ESTRELLA ST,148,157,29.5,8192.399978,0.407,1.060810811,,POINT (234037.34549999982 894277.2305000015)
1140,CENTRE ST @ HIGHLAND ST,251,229.3,32.2,7529.899987,0.441,0.913545817,,POINT (236509.55939999968 894284.5322999991)
1141,CENTRE ST OPP NEW HEATH ST,251,5,32.2,7529.899987,0.441,0.019920319,,POINT (236516.22110000253 894286.8773999996)
1142,CENTRE ST @ CEDAR ST,251,78.7,29.4,6409.000012,0.512,0.313545817,,POINT (221798.20139999688 894289.2699999996)
1144,CENTRE ST @ HIGHLAND AVE,251,103.7,29.4,6409.000012,0.512,0.41314741,,POINT (237174.36240000278 898283.4228000008)
1145,42A JOHN ELIOT SQ,358,305.1,29.4,6409.000012,0.512,0.852234637,,POINT (238969.5148999989 898288.4582000002)
1147,DUDLEY ST @ GUILD ROW,359,108.5,41.8,4854.400016,0.52,0.302228412,,POINT (237016.27409999818 898297.1130999997)
1148,MALCOLM X BLVD @ SHAWMUT AVE,3643,3776.1,31.6,735.5000015,0.361,1.036535822,,POINT (235249.85140000284 898297.4946999997)
1149,205 ROXBURY ST,358,340.9,41.8,4854.400016,0.52,0.952234637,,POINT (235249.85140000284 898297.4946999997)
1150,CENTRE ST @ GARDNER ST,251,134.8,30.3,4450.900009,0.487,0.537051793,,POINT (231082.63549999893 898300.3027000017)
1151,CENTRE ST @ CEDAR ST,251,75.2,30.3,4450.900009,0.487,0.299601594,,POINT (239143.6248999983 898301.496100001)
1152,CENTRE ST @ NEW HEATH ST,251,32.5,32.2,7529.899987,0.441,0.129482072,,POINT (231056.23319999874 898310.6112999991)
1153,CENTRE ST @ COLUMBUS AVE,251,59.2,32.2,7529.899987,0.441,0.235856574,,POINT (237275.82609999925 898323.3049999997)
1154,HEATH ST @ BROMLEY ST,98,33.8,23.9,5973.600004,0.472,0.344897959,,POINT (237281.38970000297 898326.8858000003)
1155,CENTRE ST @ BICKFORD ST,153,364.9,32.4,19350.09992,0.412,2.38496732,,POINT (232005.96140000224 898328.5702)
1156,CENTRE ST @ SUNNYSIDE ST,153,149.1,31.8,11974.00004,0.498,0.974509804,,POINT (233920.23420000076 898331.375)
1158,CENTRE ST @ CREIGHTON ST,153,162.4,30.4,4382.599998,0.479,1.061437908,,POINT (232010.35170000046 898334.3687000014)
1159,CENTRE ST @ BARBARA ST,153,205.4,33,9914.499967,0.469,1.34248366,,POINT (228928.7968999967 898335.9681999981)
1160,CENTRE ST @ MORAINE ST,855,2259.1,38.9,6175.000002,0.451,2.642222222,,POINT (234246.37860000134 898336.5212000012)
1161,CENTRE ST @ LOCHSTEAD AVE,855,1352.2,38.9,6175.000002,0.451,1.581520468,,POINT (232739.43819999695 898341.5740999989)
1164,CENTRE ST @ MYRTLE ST,855,1649.3,36.6,7650.200011,0.457,1.929005848,,POINT (235023.5293999985 898343.5986000001)
1165,WASHINGTON ST @ WALNUT PK,320,569.5,37,13267.09993,0.447,1.7796875,,POINT (233912.9530000016 898348.9376000017)
1166,WASHINGTON ST @ COBDEN ST,320,516,33.9,7564.300002,0.425,1.6125,,POINT (237090.95329999924 898355.4534000009)
1167,WASHINGTON ST OPP DIMOCK ST,320,171.5,33.9,7564.300002,0.425,0.5359375,,POINT (235028.9699999988 898357.6147000007)
1168,WASHINGTON ST @ TOWNSEND ST,320,513,33.9,7564.300002,0.425,1.603125,,POINT (234702.77650000155 898360.7406000011)
1169,WASHINGTON ST @ BRINTON ST,320,215,33.9,7564.300002,0.425,0.671875,,POINT (234702.77650000155 898360.7406000011)
1170,WASHINGTON ST @ ML KING BLVD,320,133,31,4901.799995,0.427,0.415625,,POINT (232742.26739999652 898361.1081000008)
1172,WASHINGTON ST @ DALE ST,320,248,31,4901.799995,0.427,0.775,,POINT (230936.73129999638 898365.4622999988)
1173,WASHINGTON ST OPP CEDAR ST,320,155,33.9,9890.800049,0.443,0.484375,,POINT (230931.5324999988 898368.9327000007)
1174,WASHINGTON ST @ CIRCUIT ST,320,145,32.4,8017.899982,0.487,0.453125,,POINT (235326.3932000026 898373.3634000011)
1175,WASHINGTON ST @ ST JAMES ST,320,174,32.4,8017.899982,0.487,0.54375,,POINT (236888.25930000097 898407.9954000004)
1178,WASHINGTON ST @ BARTLETT ST,320,191.5,32.4,8017.899982,0.487,0.5984375,,POINT (225272.13830000162 898417.5086000003)
1179,WASHINGTON ST @ GUILD ST,320,156,34.2,4465.399987,0.431,0.4875,,POINT (235068.50129999965 898418.9125999995)
1180,WASHINGTON ST @ CEDAR ST,320,191.5,33.9,9890.800049,0.443,0.5984375,,POINT (237425.6472999975 898421.9549999982)
1181,WASHINGTON ST @ OAKLAND ST,320,210,33.9,9890.800049,0.443,0.65625,,POINT (225272.5795999989 898425.1744999997)
1182,WASHINGTON ST @ VALENTINE ST,320,146.5,31,4901.799995,0.427,0.4578125,,POINT (237433.64130000025 898425.6966000013)
1183,WASHINGTON ST @ MARCELLA ST,320,243,33.9,7564.300002,0.425,0.759375,,POINT (237546.26250000298 898431.7659000009)
1184,WASHINGTON ST OPP TOWNSEND ST,320,491,33.9,7564.300002,0.425,1.534375,,POINT (237567.0433000028 898432.4673000015)
1185,WASHINGTON ST @ DIMOCK ST,320,283.5,33.9,7564.300002,0.425,0.8859375,,POINT (235256.91110000014 898434.7380000018)
1186,WASHINGTON ST @ BRAY ST,320,673,33.9,7564.300002,0.425,2.103125,,POINT (224136.98430000246 898435.25)
1187,WASHINGTON ST @ ATHERTON ST,320,629,32.2,7529.899987,0.441,1.965625,,POINT (237431.51659999788 898435.8090999983)
1188,COLUMBUS AVE OPP WELD AVE,1047,2730,37,13267.09993,0.447,2.607449857,,POINT (237765.25249999762 898438.690299999)
1189,SOLDIERS FIELD RD @ CAMBRIDGE,174,68.4,28.5,2244.600001,0.522,0.393103448,,POINT (237765.25249999762 898438.690299999)
1190,CAMBRIDGE ST @ SEATTLE ST,219,106.6,30.2,5586.099992,0.552,0.486757991,,POINT (232971.74689999968 898439.3630000018)
1191,CAMBRIDGE ST @ LINCOLN ST,892,1370,30.2,5586.099992,0.552,1.535874439,,POINT (237898.90119999647 898442.1253999993)
1193,CAMBRIDGE ST @ FRANKLIN ST,892,1814.5,28.4,7042.199989,0.524,2.034192825,,POINT (237934.6067999974 898442.8858000003)
1195,CAMBRIDGE ST @ EMERY RD,892,1704.4,28.4,7042.199989,0.524,1.910762332,,POINT (234045.97829999775 898445.7250000015)
1196,N BEACON ST @ CAMBRIDGE ST,174,414.3,28.4,7042.199989,0.524,2.381034483,,POINT (234045.97829999775 898445.7250000015)
1202,N BEACON ST @ VINELAND ST,174,155.2,30.5,3005.899999,0.483,0.891954023,,POINT (231282.88099999726 898445.8423999995)
1203,N BEACON ST @ BIRMINGHAM PKWY,174,54.1,30.5,3005.899999,0.483,0.31091954,,POINT (238110.56369999796 898447.0373999998)
1204,BIRMINGHAM PKWY @ SOLDIERS FI,174,80,30.5,3005.899999,0.483,0.459770115,,POINT (238130.61900000274 898447.6436999999)
1206,BROOKS ST @ GERRISH ST,174,242.1,30.3,4008.700008,0.482,1.39137931,,POINT (238269.7928000018 898452.2375999987)
1211,FANEUIL ST @ BROOKS ST,174,282.4,28.8,8849.000008,0.517,1.622988506,,POINT (238269.7928000018 898452.2375999987)
1214,FANEUIL ST @ OAK SQUARE,352,1188.5,28.9,7433.399988,0.473,3.376420455,,POINT (224140.44929999858 898455.4138000011)
1215,COLUMBUS AVE @ BRAY ST,1047,1735.7,32.2,7529.899987,0.441,1.657784145,,POINT (232969.47519999743 898455.8440999985)
1216,COLUMBUS AVE @ DIMOCK ST,1047,1980.7,32.2,7529.899987,0.441,1.891786055,,POINT (238470.9699999988 898458.4017000012)
1219,COLUMBUS AVE @ CENTRE ST,649,882.3,32.2,7529.899987,0.441,1.359476117,,POINT (238470.9699999988 898458.4017000012)
1221,COLUMBUS AVE @ CEDAR ST,649,374.1,30.3,4450.900009,0.487,0.57642527,,POINT (238284.35289999843 898460.254999999)
1222,COLUMBUS AVE @ MALCOLM X BLVD,649,2513.2,30.3,4450.900009,0.487,3.872419106,,POINT (235108.4226000011 898460.8647999987)
1224,TREMONT ST OPP PRENTISS ST,3302,2268,20.7,17354.5,0.459,0.686856451,,POINT (238614.817400001 898461.7844000012)
1227,TREMONT ST @ MELNEA CASS BLVD,202,98.6,20.7,17354.5,0.459,0.488118812,,POINT (238643.18630000204 898462.5284000002)
1228,TREMONT ST @ HAMMOND ST,202,90.7,20.7,17354.5,0.459,0.449009901,,POINT (235420.80150000006 898462.9954000004)
1230,TREMONT ST @ NORTHAMPTON ST,202,69.5,32.3,20195.39994,0.462,0.344059406,,POINT (239139.52080000192 898463.9833999984)
1232,TREMONT ST @ WORCESTER ST,202,189.5,35.5,23813.20005,0.509,0.938118812,,POINT (236966.30730000138 898464.5045999996)
1234,TREMONT ST @ AGUADILLA ST,202,145.4,41,18596.59999,0.47,0.71980198,,POINT (232946.9576999992 898465.0471000001)
1235,TREMONT ST @ UPTON ST,202,112.9,41,18596.59999,0.47,0.558910891,,POINT (231262.7446999997 898467.1020999998)
1237,TREMONT ST @ E BERKELEY ST,202,128,34.7,20686.19996,0.514,0.633663366,,POINT (238812.28220000118 898467.1350000016)
1239,TREMONT ST @ MARGINAL ST,202,136.3,35.1,13492.60003,0.521,0.674752475,,POINT (238284.15680000186 898467.6479000002)
1241,CHARLES ST S @ PARK PLAZA,202,108.1,20.9,27565.9001,0.422,0.535148515,,POINT (238954.87839999795 898471.0965999998)
1242,TREMONT ST @ CHARLES ST S,202,117.2,20.9,27565.9001,0.422,0.58019802,,POINT (239128.98070000112 898476.3577000014)
1246,TREMONT ST @ UNION PK,202,124.7,35.2,17790.4999,0.559,0.617326733,,POINT (228747.43389999866 898477.7921000011)
1248,TREMONT ST @ PEMBROKE ST,202,131.4,36.8,16615.1001,0.512,0.65049505,,POINT (238964.7867999971 898478.5271000005)
1250,TREMONT ST @ CONCORD SQ,202,167.4,35.5,23813.20005,0.509,0.828712871,,POINT (233881.0781000033 898506.3200000003)
1252,TREMONT ST @ NORTHAMPTON ST,202,88.2,32.3,20195.39994,0.462,0.436633663,,POINT (220342.3924999982 898506.367899999)
1253,TREMONT ST @ DOUGLAS PK,202,80.6,34,14934.69999,0.446,0.399009901,,POINT (237350.8553000018 898506.6695999987)
1254,TREMONT ST @ BURKE ST,202,63.5,20.7,17354.5,0.459,0.314356436,,POINT (234870.71440000087 898513.5599000007)
1255,TREMONT ST @ COLUMBUS AVE,202,64.4,20.7,17354.5,0.459,0.318811881,,POINT (234843.15380000323 898513.6138999984)
1257,TREMONT ST @ PRENTISS ST,643,385.8,20.7,17354.5,0.459,0.6,,POINT (236757.87669999897 898517.7148000002)
1258,TREMONT ST @ ROXBURY CROSSING,643,2874.6,30.3,4450.900009,0.487,4.470606532,,POINT (234848.0829000026 898518.6964000016)
1259,MALCOLM X BLVD OPP MADISON PA,3284,1065.7,29.4,6409.000012,0.512,0.324512789,,POINT (233869.3932000026 898519.5040000007)
1260,COLUMBUS AVE @ NEW CEDAR ST,643,262.3,30.3,4450.900009,0.487,0.407931571,,POINT (236751.81390000135 898522.8914999999)
1262,COLUMBUS AVE @ HEATH ST,643,186.6,30.3,4450.900009,0.487,0.290202177,,POINT (233812.1529000029 898540.0234000012)
1265,COLUMBUS AVE @ DIMOCK ST,1062,1947.5,33.2,8796.100011,0.468,1.833804143,,POINT (234858.76590000093 898541.4028999992)
1266,COLUMBUS AVE OPP BRAY ST,1062,1762.6,33.2,8796.100011,0.468,1.659698682,,POINT (235353.25029999763 898550.7580999993)
1268,WASHINGTON ST @ SHEPARD ST,247,539.2,33.4,5622.999997,0.485,2.182995951,,POINT (233525.91910000145 898555.9188000001)
1269,WASHINGTON ST @ SNOW ST,247,119.9,29.4,9037.999989,0.491,0.485425101,,POINT (227329.8219999969 889106.7941000015)
1270,WASHINGTON ST @ MONASTERY RD,247,386.3,33.4,5622.999997,0.485,1.563967611,,POINT (241075.43069999665 889108.0601999983)
1272,WASHINGTON ST @ EUSTON ST,247,373.3,33.4,5622.999997,0.485,1.511336032,,POINT (244124.1152999997 889109.0698000006)
1273,WASHINGTON ST @ COMMONWEALTH,247,1013.4,27.7,28095.10012,0.439,4.102834008,,POINT (236726.38620000333 889110.2668999992)
1274,WASHINGTON ST @ COREY RD,247,1123.9,27.6,18869.39995,0.419,4.550202429,,POINT (244299.32180000097 889113.5489999987)
1275,WAHINGTON ST @ EVANS RD,247,55.7,34.8,5645.899988,0.457,0.225506073,,POINT (249263.34210000187 889123.6629000008)
1276,WASHINGTON ST @ BEACON ST,247,298.4,34.8,5645.899988,0.457,1.208097166,,POINT (241072.47039999813 889124.4037000015)
1278,WASHINGTON ST @ WINTHROP PATH,247,238.3,31.1,11134.39997,0.459,0.964777328,,POINT (249263.60629999638 889129.1574000008)
1279,WASHINGTON ST @ GARDNER RD,247,122.4,31.7,11854.4,0.466,0.495546559,,POINT (230920.80950000137 889131.4781000018)
1280,WASHINGTON ST @ GARDNER PATH,247,129.6,36.4,14733.2,0.431,0.524696356,,POINT (230920.80950000137 889131.4781000018)
1281,WASHINGTON ST @ GREENOUGH CIR,247,135.4,34.9,6599.099993,0.446,0.548178138,,POINT (230790.82769999653 890470.1248999983)
1282,WASHINGTON ST @ CYPRESS ST,247,170.7,34.9,6599.099993,0.446,0.691093117,,POINT (230790.82769999653 890470.1248999983)
1283,WASHINGTON ST @ HARVARD ST,247,340.1,32.3,9531.299972,0.439,1.376923077,,POINT (231239.2607000023 890473.7118999995)
1286,WASHINGTON ST @ HARVARD ST,207,299.7,32.3,9531.299972,0.439,1.447826087,,POINT (239783.866899997 890477.3964000009)
1287,WASHINGTON ST @ SCHOOL ST,207,133.1,34.9,6599.099993,0.446,0.642995169,,POINT (237691.37309999764 890478.1253999993)
1288,WASHINGTON ST OPP GREENOUGH S,207,78.1,34.9,6599.099993,0.446,0.377294686,,POINT (231239.84160000086 890479.4638999999)
1289,WASHINGTON ST @ GRIGGS RD,207,93.1,36.4,14733.2,0.431,0.449758454,,POINT (240204.63109999895 890480.3465000018)
1290,WASHINGTON ST OPP GARDNER RD,207,81.4,31.7,11854.4,0.466,0.393236715,,POINT (232934.68940000236 890489.8297000006)
1291,WASHINGTON ST @ FAIRBANKS ST,207,137.6,31.7,11854.4,0.466,0.6647343,,POINT (239195.29529999942 890492.124400001)
1292,WASHINGTON ST @ BEACON ST,207,462.8,34.8,5645.899988,0.457,2.235748792,,POINT (252788.14840000123 890495.6081000008)
1293,WASHINGTON ST @ BARTLETT ST,207,51.4,34.8,5645.899988,0.457,0.248309179,,POINT (228206.66120000184 890505.8566999994)
1294,WASHINGTON ST @ COREY RD,207,913.7,56.4,9111.700002,0.399,4.414009662,,POINT (252840.60899999738 890509.6251999997)
1295,WASHINGTON ST @ COMMONWEALTH,207,661.7,28.6,19011.90009,0.412,3.196618357,,POINT (239483.28779999912 890514.998300001)
1296,WASHINGTON ST OPP EUSTON RD,207,423.3,33.4,5622.999997,0.485,2.044927536,,POINT (234786.1098999977 890516.2800000012)
1298,WASHINGTON ST @ PAMELA DONOVA,207,311.1,27.6,11204.80003,0.464,1.502898551,,POINT (227810.57900000364 890529.7534000017)
1299,WASHINGTON ST OPP SNOW ST,207,112.7,33.4,5622.999997,0.485,0.544444444,,POINT (227810.57900000364 890529.7534000017)
1300,WASHINGTON ST OPP SHEPARD ST,207,193.1,33.4,5622.999997,0.485,0.932850242,,POINT (240181.23070000112 890531.7085000016)
1301,7 WINSHIP ST,382,712.6,28.9,6834.10001,0.496,1.865445026,,POINT (234796.61710000038 890534.3055999987)
1302,HARVARD AVE @ COMMONWEALTH AV,703,5239.6,24.8,13300.20006,0.464,7.453200569,,POINT (239739.20120000094 890535.0656999983)
1304,HARVARD ST @ COOLIDGE ST,703,967.2,33.5,6839.800012,0.451,1.375817923,,POINT (252865.04389999807 890535.1908)
1306,HARVARD ST @ SHAILER ST,703,1190.7,38.4,10324.79999,0.437,1.69374111,,POINT (230722.74710000306 890537.1750999987)
1308,HARVARD ST @ BEACON ST,703,4663.6,38.4,10324.79999,0.437,6.633854908,,POINT (235970.86940000206 890542.9607999995)
1309,HARVARD ST @ MARION ST,703,961.7,32.4,8921.299981,0.459,1.36799431,,POINT (230715.85920000076 890543.5626000017)
1310,HARVARD ST @ HARRIS ST,703,940,32.4,8921.299981,0.459,1.3371266,,POINT (239727.06109999865 890550.5667000003)
1311,HARVARD ST @ SCHOOL ST,703,1015,30.1,11179.70002,0.448,1.443812233,,POINT (233479.90860000253 890559.5318999998)
1313,HARVARD ST @ WASHINGTON ST,703,1651.9,30.1,11179.70002,0.448,2.349786629,,POINT (235959.31419999897 890559.8363000005)
1314,HUNTINGTON AVE @ S HUNTINGTON,703,2571.4,29.1,15814.10032,0.508,3.657752489,,POINT (233034.53830000013 890567.9660999998)
1315,HUNTINGTON AVE @ PARKER HILL,1433,3688.7,31.9,21527.90001,0.446,2.574110258,,POINT (233040.22249999642 890572.0758000016)
1317,HUNTINGTON AVE OPP FENWOOD RD,1433,6819.6,54.4,27653.50016,0.41,4.758967202,,POINT (239120.9408000037 890584.4943000004)
1319,TREMONT ST OPP WIGGLESWORTH S,748,3199.3,23.6,11848.4,0.502,4.277139037,,POINT (237577.59359999746 890600.3863999993)
1320,TREMONT ST @ SAINT ALPHONSUS,703,1504.5,28,11257.5,0.457,2.140113798,,POINT (237577.59359999746 890600.3863999993)
1322,TREMONT ST @ SEWALL ST,703,860.3,23,16368.89998,0.541,1.223755334,,POINT (239107.7695999965 890600.9118999988)
1323,TREMONT ST @ COLUMBUS AVE,703,4722.1,23.9,5973.600004,0.472,6.717069701,,POINT (243672.3153000027 890603.003800001)
1325,HUMBOLDT AVE @ SEAVER ST,333,552,32.6,11078.10004,0.412,1.657657658,,POINT (230653.02080000192 890604.2490999997)
1326,HUMBOLDT AVE @ HUTCHINGS ST,333,265.4,32.6,11078.10004,0.412,0.796996997,,POINT (239571.94900000095 890607.8605999984)
1327,HUMBOLDT AVE @ HOMESTEAD ST,333,480.5,36.8,13802.99998,0.418,1.442942943,,POINT (253956.03599999845 890615.7355999984)
1328,HUMBOLDT AVE @ CRAWFORD ST,333,588.7,37.3,6502.600004,0.478,1.767867868,,POINT (243678.48210000247 890616.2820000015)
1330,HUMBOLDT AVE @ WAUMBECK ST,333,439.2,32.3,7950.000034,0.502,1.318918919,,POINT (230629.78670000285 890627.7776999995)
1331,HUMBOLDT AVE @ WYOMING ST,333,296.9,36.6,8409.000023,0.424,0.891591592,,POINT (227811.01529999822 890639.7692999989)
1332,HUMBOLDT AVE @ TOWNSEND ST,333,1080,35.4,7248.000022,0.452,3.243243243,,POINT (253965.95269999653 890643.0626000017)
1334,HUMBOLDT AVE @ HUMBOLDT CT,318,301.7,35.4,7248.000022,0.452,0.948742138,,POINT (239651.15519999713 890647.9827999994)
1335,HUMBOLDT AVE @ ML KING BLVD,318,438.5,31,4901.799995,0.427,1.378930818,,POINT (238522.23430000246 890787.2666999996)
1337,WALNUT AVE @ DALE ST,318,285.7,31,4901.799995,0.427,0.898427673,,POINT (243966.51269999892 890788.8042000011)
1338,WALNUT AVE @ ROCKLAND ST,318,168.1,45.2,8005.399968,0.451,0.528616352,,POINT (230500.49319999665 890790.5835000016)
1339,WALNUT AVE @ ST RICHARD ST,318,172.9,31.7,7904.600029,0.406,0.543710692,,POINT (240068.35220000148 890790.7690999992)
1340,WALNUT AVE @ CIRCUIT ST,303,204.9,31.7,7904.600029,0.406,0.676237624,,POINT (243827.75980000198 890797.5986000001)
1341,WALNUT AVE @ ROCKLAND ST,303,220.4,45.2,8005.399968,0.451,0.727392739,,POINT (253390.89919999987 890804.058699999)
1342,WALNUT AVE @ HUMBOLDT AVE,303,348.2,45.2,8005.399968,0.451,1.149174917,,POINT (253411.74870000035 890804.3088000007)
1344,HUMBOLDT AVE @ ML KING BLVD,303,390.8,31,4901.799995,0.427,1.289768977,,POINT (240068.28920000046 890814.9112999998)
1345,HUMBOLDT AVE @ MUNROE ST,303,257.2,35.4,7248.000022,0.452,0.848844884,,POINT (238288.21630000323 890820.2807999998)
1346,HUMBOLDT AVE @ TOWNSEND ST,333,1501.2,35.4,7248.000022,0.452,4.508108108,,POINT (228880.252700001 890837.5821999982)
1350,HUMBOLDT AVE @ WAUMBECK ST,333,643.9,36.6,8409.000023,0.424,1.933633634,,POINT (234976.874499999 890847.1865000017)
1351,HUMBOLDT AVE @ CRAWFORD ST,333,565.3,36.8,13802.99998,0.418,1.697597598,,POINT (233480.72160000354 890847.8022000007)
1352,HUMBOLDT AVE @ HOMESTEAD ST,333,496.9,36.8,13802.99998,0.418,1.492192192,,POINT (227820.3906000033 890848.8753999993)
1353,HUMBOLDT AVE @ HUTCHINGS ST,333,226.9,32.6,11078.10004,0.412,0.681381381,,POINT (240085.4069999978 890850.8497000001)
1354,HUMBOLDT AVE @ SEAVER ST,333,666.3,32.6,11078.10004,0.412,2.000900901,,POINT (233639.42319999635 890851.3222000003)
1357,TREMONT ST OPP ROXBURY CROSSI,739,4926.9,23.9,5973.600004,0.472,6.666982409,,POINT (233468.78899999708 890852.8399999999)
1360,TREMONT ST @ SAINT ALPHONSUS,734,1226.7,29.4,32532.40031,0.512,1.671253406,,POINT (238903.3056000024 890855.3693999983)
1362,TREMONT ST @ HUNTINGTON AVE,734,3844,23.6,11848.4,0.502,5.237057221,,POINT (233469.7207000032 890860.8084999993)
1363,HUNTINGTON AVE @ FENWOOD RD,1436,6438.1,54.4,27653.50016,0.41,4.483356546,,POINT (253304.70269999653 890861.9375)
1365,835 HUNTINGTON AVE OPP PARKER,1436,3182,54.4,27653.50016,0.41,2.215877437,,POINT (253304.70269999653 890861.9375)
1366,HUNTINGTON AVE @ RIVERWAY,734,1910.8,29.1,15814.10032,0.508,2.603269755,,POINT (234990.10339999944 890863.9149999991)
1367,HARVARD ST @ KENT ST,734,1736.7,30.1,11179.70002,0.448,2.366076294,,POINT (231273.369599998 890868.9873000011)
1369,HARVARD ST @ ASPINWALL AVE,734,1149.7,32.4,8921.299981,0.459,1.566348774,,POINT (238891.13700000197 890870.5183999985)
1371,HARVARD ST OPP VERNON ST,734,1396.7,38.7,14127.29998,0.438,1.902861035,,POINT (227832.4667999968 890875.8148000017)
1372,HARVARD ST @ BEACON ST,734,5144.2,38.4,10324.79999,0.437,7.008446866,,POINT (228879.1670999974 890883.0309999995)
1373,HARVARD ST @ STEDMAN ST,734,1710.9,38.4,10324.79999,0.437,2.330926431,,POINT (238235.73680000007 890887.9532999992)
1375,HARVARD ST @ COOLIDGE ST,734,952.7,33.6,8525.900002,0.457,1.297956403,,POINT (233652.78869999945 890889.8735000007)
1376,HARVARD ST OPP VERNDALE ST,734,1382.2,33.5,6839.800012,0.451,1.883106267,,POINT (238668.49329999834 890900.3770999983)
1378,HARVARD AVE @ COMMONWEALTH AV,734,4985.8,26.3,14324.79994,0.491,6.792643052,,POINT (238224.2599999979 890902.9002999999)
1379,HARVARD AVE @ BRIGHTON AVE,734,1981.8,26.2,16524.19995,0.476,2.7,,POINT (230427.2942999974 890903.9908999987)
1381,W DEDHAM ST @ WASHINGTON ST,257,380.8,39.5,15955.80012,0.516,1.481712062,,POINT (240097.53499999642 890909.1099999994)
1382,43 W DEDHAM ST,257,183.7,38,21630.90013,0.508,0.714785992,,POINT (237666.62470000237 892970.4375)
1383,DARTMOUTH ST @ TREMONT ST,257,151.3,35.2,17790.4999,0.559,0.588715953,,POINT (237611.66110000014 892978.3194000013)
1384,DARTMOUTH ST @ APPLETON ST,257,104.3,35.2,17790.4999,0.559,0.405836576,,POINT (237605.28570000082 892981.9032000005)
1389,BOYLSTON ST @ PRUDENTIAL CENT,70,77,27.1,14260.8,0.51,1.1,,POINT (230427.30900000036 892983.5414999984)
1395,DARTMOUTH ST @ APPLETON ST,251,114.8,39,17205.99991,0.483,0.457370518,,POINT (236735.30049999803 892988.7298000008)
1396,DARTMOUTH ST @ TREMONT ST,251,177.6,35.2,17790.4999,0.559,0.707569721,,POINT (239205.87470000237 892989.6235999987)
1397,OPP 43 W DEDHAM ST,251,162.8,38,21630.90013,0.508,0.648605578,,POINT (230422.65619999915 892993.0628000014)
1398,W DEDHAM ST @ WASHINGTON ST,251,358,39.5,15955.80012,0.516,1.426294821,,POINT (230422.65619999915 892993.0628000014)
1399,BELVIDERE ST @ HUNTINGTON AVE,63,25.4,62,9690.500002,0.482,0.403174603,,POINT (231448.21490000188 892995.5971999988)
1400,CAMBRIDGE ST @ PRESCOTT ST,314,331.5,26.8,9303.60003,0.452,1.055732484,,POINT (230637.67220000178 893001.2303999998)
1401,CAMBRIDGE ST @ TROWBRIDGE ST,319,992.8,32,8125.600018,0.493,3.112225705,,POINT (227269.36710000038 893007.0293999985)
1402,CAMBRIDGE ST @ DANA ST,319,462,34,9651.700022,0.46,1.448275862,,POINT (230484.0773999989 893008.7842000015)
1403,CAMBRIDGE ST @ HIGHLAND AVE,319,508.4,34,10289.10002,0.482,1.593730408,,POINT (228865.98420000076 893011.25)
1404,CAMBRIDGE ST @ HAMPSHIRE ST,319,430.3,30,13076.79997,0.483,1.348902821,,POINT (237748.84600000083 893023.0709000006)
1405,CAMBRIDGE ST @ PROSPECT ST,319,405.4,32.8,11098.59999,0.481,1.270846395,,POINT (228861.84369999915 893027.8751999997)
1406,CAMBRIDGE ST @ NORFOLK ST,319,223.2,32.8,11098.59999,0.481,0.69968652,,POINT (221864.63970000297 893034.3288999982)
1409,CAMBRIDGE ST @ BERKSHIRE ST,319,663.5,33,14456.70006,0.478,2.079937304,,POINT (221864.63970000297 893034.3288999982)
1411,CAMBRIDGE ST @ SIXTH ST,319,465.8,34.8,13729.7,0.516,1.460188088,,POINT (228870.76799999923 893037.0201000012)
1413,CAMBRIDGE ST @ SCIARAPPA ST,319,621.5,31.2,10320.19999,0.518,1.948275862,,POINT (236740.5596999973 893038.6455000006)
1416,CAMBRIDGE ST @ THIRD ST,320,383.9,31.2,10320.19999,0.518,1.1996875,,POINT (235963.27199999988 893038.7267000005)
1417,CAMBRIDGE ST @ SCIARAPPA ST,320,299,31.2,10320.19999,0.518,0.934375,,POINT (238683.68119999766 890912.5210000016)
1419,CAMBRIDGE ST @ SIXTH ST,320,442.6,34.8,13729.7,0.516,1.383125,,POINT (228921.09480000287 890913.0075000003)
1420,CAMBRIDGE ST @ LAMBERT ST,320,880.3,34.8,13729.7,0.516,2.7509375,,POINT (231274.71700000018 890926.0724)
1421,CAMBRIDGE ST OPP BERKSHIRE ST,320,628.8,29.2,11629.79997,0.512,1.965,,POINT (240092.52170000225 890930.5188000016)
1422,CAMBRIDGE ST @ WINDSOR ST,320,730.3,29.2,11629.79997,0.512,2.2821875,,POINT (244761.64840000123 890934.5478000008)
1423,CAMBRIDGE ST @ NORFOLK ST,320,277.4,32.8,11098.59999,0.481,0.866875,,POINT (239895.2744999975 890937.930300001)
1424,CAMBRIDGE ST @ PROSPECT ST,320,497.4,32.8,11098.59999,0.481,1.554375,,POINT (239895.2744999975 890937.930300001)
1425,CAMBRIDGE ST @ SPRINGFIELD ST,320,532.1,30,13076.79997,0.483,1.6628125,,POINT (244784.32349999994 890945.5)
1427,CAMBRIDGE ST OPP HIGHLAND AVE,320,598.5,34,10289.10002,0.482,1.8703125,,POINT (233393.1991999969 890951.7421000004)
1428,CAMBRIDGE ST @ HOVEY AVE,320,470.4,34,9651.700022,0.46,1.47,,POINT (238750.96639999747 890967.067499999)
1429,CAMBRIDGE ST @ TROWBRIDGE ST,320,808.1,32,8125.600018,0.493,2.5253125,,POINT (228958.4748999998 890977.8753000014)
1430,FELTON ST @ CAMBRIDGE ST,320,292.1,32,8125.600018,0.493,0.9128125,,POINT (238801.4742999971 890983.3486000001)
1431,BROADWAY @ FELTON ST,95,536,26.8,9303.60003,0.452,5.642105263,,POINT (253505.47640000284 890985.0254999995)
1432,ARSENAL ST @ IRVING ST,465,587.1,32.3,5490.500001,0.484,1.262580645,,POINT (253359.09350000322 890986.4375)
1433,ARSENAL ST @ BEACON PK,465,98.9,32.3,5490.500001,0.484,0.212688172,,POINT (253359.09350000322 890986.4375)
1434,ARSENAL ST @ BEECHWOOD AVE,465,289.5,37.8,4401.599997,0.492,0.622580645,,POINT (238797.31149999797 890988.5870999992)
1435,ARSENAL ST @ LOUISE ST,465,136.8,32.3,5490.500001,0.484,0.294193548,,POINT (227896.4998999983 890989.5626999997)
1436,ARSENAL ST OPP SCHOOL ST,465,314,72.2,605.3999994,0.369,0.675268817,,POINT (227896.4998999983 890989.5626999997)
1437,ARSENAL ST @ TALCOTT AVE,465,288,41.9,1719.800001,0.464,0.619354839,,POINT (238780.77669999748 890990.7344999984)
1438,ARSENAL ST @ BOND ST,465,2392.8,72.2,605.3999994,0.369,5.145806452,,POINT (253491.90579999983 890992.0628000014)
1442,ARSENAL ST @ FORGE RD,465,879.8,72.2,605.3999994,0.369,1.892043011,,POINT (228987.0569999963 890993.4831999987)
1443,ARSENAL ST @ ARLINGTON ST,472,1053.3,72.2,605.3999994,0.369,2.231567797,,POINT (230380.81059999764 890996.1497000009)
1445,ARSENAL ST @ WATERTOWN MALL,472,2367.6,41.9,1719.800001,0.464,5.016101695,,POINT (233507.40060000122 890999.6275000013)
1447,ARSENAL ST OPP TALCOTT AVE,472,254.3,41.9,1719.800001,0.464,0.538771186,,POINT (238164.96329999715 891000.8643000014)
1448,ARSENAL ST @ SCHOOL ST,472,332,72.2,605.3999994,0.369,0.703389831,,POINT (238169.45170000196 891001.2245000005)
1449,ARSENAL ST OPP LOUISE ST,472,132.2,32.3,5490.500001,0.484,0.280084746,,POINT (233523.49409999698 891005.6653000005)
1450,ARSENAL ST OPP BEECHWOOD AVE,472,291.1,37.8,4401.599997,0.492,0.616737288,,POINT (237917.50580000132 891007.2685000002)
1451,ARSENAL ST OPP BEACON PK,472,186.5,32.3,5490.500001,0.484,0.395127119,,POINT (235696.55099999905 891010.2278999984)
1452,ARSENAL ST @ IRVING ST,472,426.3,32.3,5490.500001,0.484,0.903177966,,POINT (244982.8976000026 891023.6656000018)
1468,BOWDOIN ST @ GENEVA AVE,513,563.3,35.2,5590.299996,0.444,1.098050682,,POINT (235167.867399998 891024.4030999988)
1469,169 BOWDOIN ST OPP EUNICE ST,513,142.3,29.6,14159.39999,0.484,0.277387914,,POINT (245005.94420000166 891033.1479999982)
1470,BOWDOIN ST @ NORTON ST,513,750.6,32.6,14314.19993,0.472,1.463157895,,POINT (239775.90619999915 891033.3729999997)
1471,BOWDOIN ST @ HAMILTON ST,513,1097.1,34.9,12275.80004,0.47,2.138596491,,POINT (235690.35379999876 891034.2756000012)
1472,BOWDOIN ST OPP ELBA TERR,513,452.2,32,12899.49998,0.499,0.881481481,,POINT (240126.43349999934 891044.5756999999)
1473,BOWDOIN ST @ QUINCY ST,513,722.9,35,14777.50005,0.457,1.409161793,,POINT (239759.15460000187 891046.7815000005)
1474,BOWDOIN ST @ WINTER ST,888,423.8,35,14777.50005,0.457,0.477252252,,POINT (238291.1075000018 891055.1048999988)
1475,HANCOCK ST @ BOWDOIN ST,893,1690.2,31.7,9811.7,0.466,1.892721165,,POINT (233264.7730000019 891063.2941000015)
1478,HANCOCK ST @ ROWELL ST,893,1170.9,31.7,9811.7,0.466,1.311198208,,POINT (240120.67660000175 891065.6986999996)
1479,HANCOCK ST @ JEROME ST,893,1348.4,35.2,6916.400003,0.539,1.509966405,,POINT (230351.0781000033 891092.4378999993)
1480,COLUMBIA RD @ HANCOCK ST,1441,2557.1,35.2,6916.400003,0.539,1.774531575,,POINT (233247.24880000204 891096.2556000017)
1481,DUDLEY ST @ BELDEN ST,791,3118.3,32.7,13831.6,0.488,3.942225032,,POINT (245155.33380000293 891097.6059999987)
1484,DUDLEY ST @ E COTTAGE ST,791,1822.1,32.9,9447.000039,0.447,2.303539823,,POINT (245170.78230000287 891110.3409000002)
1485,DUDLEY ST @ LANGDON ST,791,1179.3,36,2270,0.609,1.490897598,,POINT (229088.7497999966 891125.875)
1486,DUDLEY ST @ MAGAZINE ST,791,969.8,36,2270,0.609,1.226042984,,POINT (227886.4605000019 891126.8154999986)
1487,DUDLEY ST @ HAMPDEN ST,1106,658.1,36.8,7194.700036,0.449,0.595027125,,POINT (229107.1350999996 891129.2034999989)
1488,DUDLEY ST @ ADAMS ST,1106,685.9,36.8,7194.700036,0.449,0.620162749,,POINT (227886.71130000055 891134.5436999984)
1489,DUDLEY ST @ DEARBORN ST,1106,1074.3,36.8,7194.700036,0.449,0.971338156,,POINT (233825.24279999733 891139.8515000008)
1491,DUDLEY ST @ HARRISON AVE,1106,2233.7,30.4,8935.499993,0.465,2.019620253,,POINT (239639.40240000188 891142.4287)
1493,DUDLEY ST @ GREENVILLE ST,1061,1371.8,35.3,6483.90001,0.398,1.292931197,,POINT (233829.93599999696 891143.2465000004)
1495,DUDLEY ST @ ADAMS ST,1061,1236.3,36.8,7194.700036,0.449,1.165221489,,POINT (238434.5949999988 891154.2868999988)
1497,DUDLEY ST @ BLUE HILL AVE,769,1483,36,2270,0.609,1.928478544,,POINT (233511.89899999648 891156.253899999)
1498,DUDLEY ST @ DENNIS ST,769,1108.9,34.2,7290.400015,0.46,1.442002601,,POINT (235207.44879999757 891159.9666000009)
1499,DUDLEY ST @ W COTTAGE ST,769,1820.5,33.3,11004.6,0.454,2.367360208,,POINT (234003.4883000031 891162.9675999992)
1500,DUDLEY ST @ HOWARD AVE,769,1140.5,33,8314.200026,0.498,1.483094928,,POINT (235206.58659999818 891164.4490999989)
1501,DUDLEY ST @ UPHAMS CORNER STA,769,1358.1,34.4,7651.800013,0.473,1.766059818,,POINT (233051.64329999685 891165.7754000016)
1504,HANCOCK ST @ BIRD ST,880,1995.1,35.2,6916.400003,0.539,2.267159091,,POINT (234034.55129999667 891174.9081000015)
1506,HANCOCK ST @ TRULL ST,880,1058,33.7,11714.89999,0.49,1.202272727,,POINT (233050.64880000055 891175.1088999994)
1508,HANCOCK ST @ BOWDOIN ST,880,1434.6,31.7,9811.7,0.466,1.630227273,,POINT (231300.19730000198 891177.989599999)
1509,BOWDOIN ST @ TOVAR ST,870,324.9,31.7,9811.7,0.466,0.373448276,,POINT (231309.38700000197 891184.3878999986)
1510,BOWDOIN ST @ HENDRY ST,870,1556.1,31.7,9811.7,0.466,1.78862069,,POINT (238476.619599998 891187.4492000006)
1511,BOWDOIN ST @ QUINCY ST,520,805.4,35,14777.50005,0.457,1.548846154,,POINT (233527.45289999992 891190)
1512,BOWDOIN ST @ BOWDOIN PK,520,1642.1,32.6,14314.19993,0.472,3.157884615,,POINT (240158.1595999971 891194.9558000006)
1514,BOWDOIN ST @ EUNICE ST,520,236,29.6,14159.39999,0.484,0.453846154,,POINT (232865.1459000036 891197.7003000006)
1515,BOWDOIN ST @ GENEVA AVE,520,631.4,35.2,5590.299996,0.444,1.214230769,,POINT (245218.81949999928 891199.807500001)
1518,BROOKLINE AVE OPP JERSEY ST,746,309.1,59,7993.500024,0.474,0.414343164,,POINT (235643.58799999952 891200.2217999995)
1519,BROOKLINE AVE @ FULLERTON ST,746,1541.7,27.5,43774.59958,0.495,2.066621984,,POINT (235641.4754000008 891206.5676000006)
1520,BROOKLINE AVE @ PARK DR,746,532.8,25.7,6635.599994,0.48,0.714209115,,POINT (232865.28630000353 891210.5903000012)
1521,BROOKLINE AVE @ LONGWOOD AVE,412,2317.9,30.8,1985.800001,0.401,5.625970874,,POINT (240151.6344999969 891214.5500000007)
1523,BROOKLINE AVE @ FRANCIS ST,412,942.6,30.8,1985.800001,0.401,2.287864078,,POINT (239538.4549999982 891224.0755000003)
1524,BROOKLINE AVE @ ASPINWALL AVE,412,57.2,31.9,6427.900009,0.475,0.138834951,,POINT (239530.89599999785 891230.0797999986)
1525,BROOKLINE AVE @ PEARL ST,412,452.4,35.8,13864.69995,0.444,1.098058252,,POINT (233512.7300999984 890666.1013000011)
1526,WASHINGTON ST @ PEARL ST,941,3134.1,35.8,13864.69995,0.444,3.330605739,,POINT (228721.71109999716 890674.2091999985)
1527,WALNUT ST @ HIGH ST,211,205.5,53.4,6559.399998,0.396,0.973933649,,POINT (234877.67899999768 890675.2225000001)
1528,HIGH ST OPP EDGEHILL RD,211,27.5,37.4,3209.800004,0.462,0.130331754,,POINT (231262.68829999864 890680.9593999982)
1529,HIGH ST @ OAKLAND RD,211,64,37.4,3209.800004,0.462,0.303317536,,POINT (253004.98200000077 890682.2335000001)
1530,CYPRESS ST OPP HENRY ST,211,126,37.4,3209.800004,0.462,0.597156398,,POINT (253007.69330000132 890685.0815000013)
1531,CYPRESS ST @ RICE ST,211,195,35.3,7427.400002,0.442,0.924170616,,POINT (231263.32129999995 890686.6028999984)
1532,CYPRESS ST @ WALNUT ST,211,98,32.8,6051.499994,0.462,0.464454976,,POINT (240112.7553000003 890686.7949000001)
1533,BOYLSTON ST @ CLARK RD,211,63.5,40.1,4400.699998,0.475,0.300947867,,POINT (227809.4503000006 890688.9195000008)
1534,BOYLSTON ST @ SUMNER RD,211,52.5,40.1,4400.699998,0.475,0.248815166,,POINT (240110.6428000033 890691.681400001)
1535,BOYLSTON ST @ CHESTNUT HILL A,211,106.3,41.6,805.3999999,0.493,0.503791469,,POINT (238396.69659999758 890692.2870999984)
1536,BOYLSTON ST @ RESERVOIR RD,211,59.6,41.2,2256.099999,0.482,0.282464455,,POINT (234887.47720000148 890692.6145000011)
1539,BOYLSTON ST @ NORFOLK RD,211,20.5,42.3,1194.3,0.505,0.097156398,,POINT (238384.63359999657 890694.6026000008)
1540,BOYLSTON ST @ HAMMOND ST,211,101,42.3,1194.3,0.505,0.478672986,,POINT (228729.94309999794 890701.4739000015)
1541,BOYLSTON ST @ RANDOLPH RD,211,20,42.3,1194.3,0.505,0.09478673,,POINT (235806.5722000003 890710.4475000016)
1543,850 BOYLSTON ST,211,71.5,42.3,1194.3,0.505,0.338862559,,POINT (235806.5722000003 890710.4475000016)
1544,OPP 763 BOYLSTON ST,211,182.5,42.3,1194.3,0.505,0.86492891,,POINT (244526.2277000025 890719.7868999988)
1545,BOYLSTON ST @ HEATH ST,211,66.5,42.3,1194.3,0.505,0.315165877,,POINT (244543.12370000035 890720.3187000006)
1546,BOYLSTON ST @ WARREN ST,211,58.5,41.6,805.3999999,0.493,0.277251185,,POINT (244593.8429000005 890725.7685000002)
1547,BOYLSTON ST @ KENNARD RD,211,30.5,41.6,805.3999999,0.493,0.144549763,,POINT (239007.3972999975 890726.6545999981)
1548,CYPRESS ST @ MILTON RD,211,99.5,32.8,6051.499994,0.462,0.471563981,,POINT (244617.34860000014 890731.9101000018)
1549,CYPRESS ST @ WALNUT ST,210,46.5,32.8,6051.499994,0.462,0.221428571,,POINT (244414.14899999648 890733.3412999995)
1550,CYPRESS ST @ KENDALL ST,210,258.5,32.8,6051.499994,0.462,1.230952381,,POINT (244393.65600000322 890735.9052999988)
1551,CYPRESS ST @ FRANKLIN ST,210,160.5,37.4,3209.800004,0.462,0.764285714,,POINT (237530.04640000314 890736.2041999996)
1552,HIGH ST @ CYPRESS ST,210,295,37.4,3209.800004,0.462,1.404761905,,POINT (238994.91870000213 890742.197900001)
1553,HIGH ST @ HIGHLAND RD,210,61.5,37.4,3209.800004,0.462,0.292857143,,POINT (243740.55810000002 890745.6039999984)
1554,HIGH ST @ CUMBERLAND AVE,211,8,37.4,3209.800004,0.462,0.037914692,,POINT (233228.7371999994 890748.0401000008)
1555,WASHINGTON ST @ WALNUT ST,1161,3601.5,35.8,13864.69995,0.444,3.102067183,,POINT (238343.88889999688 890748.1832999997)
1556,BROOKLINE AVE OPP PEARL ST,452,363.7,35.8,13864.69995,0.444,0.804646018,,POINT (233232.065200001 890750.6240999997)
1557,BROOKLINE AVE OPP ASPINWALL A,452,92.4,31.9,6427.900009,0.475,0.204424779,,POINT (237523.1697999984 890755.1290999986)
1558,BROOKLINE AVE @ FRANCIS ST,452,1924.1,30.8,1985.800001,0.401,4.256858407,,POINT (244224.6406000033 890756.6286999993)
1559,BROOKLINE AVE @ DEACONESS RD,452,1294.6,30.8,1985.800001,0.401,2.864159292,,POINT (244204.127700001 890759.0557000004)
1562,132 BROOKLINE AVE OPP FULLERT,786,1384.4,25.7,6635.599994,0.48,1.761323155,,POINT (238331.6378000006 890764.1697000004)
1563,BROOKLINE AVE @ JERSEY ST,786,932.1,28.5,18222.59994,0.503,1.185877863,,POINT (240074.8866999969 890771.9948000014)
1564,BROOKLINE AVE @ NEWBURY ST,786,252.7,26.7,11224.80005,0.404,0.321501272,,POINT (233515.3951999992 890772.0012999997)
1565,FRANKLIN PARK LOOP @ ZOO ENTR,615,568.9,20.4,1337.3,0.412,0.92504065,,POINT (238505.76799999923 890774.8387000002)
1566,BLUE HILL AVE OPP WARREN ST,315,375.7,33,9118.600018,0.479,1.192698413,,POINT (253903.2030000016 890777.3126000017)
1567,BLUE HILL AVE @ INTERVALE ST,315,241.9,33,9118.600018,0.479,0.767936508,,POINT (253894.9578000009 890777.5091000013)
1569,BLUE HILL AVE @ QUINCY ST,315,896.2,33,9118.600018,0.479,2.845079365,,POINT (237806.09489999712 890785.870099999)
1570,BLUE HILL AVE @ WOODCLIFF ST,315,426.2,34.2,10880.19999,0.451,1.353015873,,POINT (243986.55070000142 890786.2485999987)
1571,BLUE HILL AVE @ INGLESIDE ST,315,231.4,34.2,10880.19999,0.451,0.734603175,,POINT (238555.21580000222 889592.3099000007)
1572,BLUE HILL AVE @ JULIAN ST,315,219,33,8314.200026,0.498,0.695238095,,POINT (240541.14190000296 889598.377700001)
1573,BLUE HILL AVE @ W COTTAGE ST,315,336.9,37.3,9428.500001,0.469,1.06952381,,POINT (238559.22649999708 889598.4389999993)
1574,BLUE HILL AVE @ MORELAND ST,315,185.8,32.9,9447.000039,0.447,0.58984127,,POINT (227802.66200000048 889599.882100001)
1575,BLUE HILL AVE @ WINTHROP ST,315,177.4,31.4,8568.200042,0.486,0.563174603,,POINT (235120.2106000036 890020.0953000002)
1576,BLUE HILL AVE @ DUDLEY ST,315,401.7,36,2270,0.609,1.275238095,,POINT (235113.12349999696 890024.5029999986)
1577,BLUE HILL AVE @ MT PLEASANT A,292,438.9,36,2270,0.609,1.503082192,,POINT (241639.11289999634 890030.9776999988)
1578,BLUE HILL AVE @ WINTHROP ST,292,209.1,31.4,8568.200042,0.486,0.71609589,,POINT (228167.47339999676 890031.6141000018)
1579,BLUE HILL AVE OPP STAFFORD ST,292,100.2,32.9,9447.000039,0.447,0.343150685,,POINT (228167.47339999676 890031.6141000018)
1580,BLUE HILL AVE @ IRWIN ST,292,230.8,37.3,9428.500001,0.469,0.790410959,,POINT (234200.53329999745 890033.3462000005)
1581,BLUE HILL AVE @ CLIFFORD ST,292,229.8,33,8314.200026,0.498,0.786986301,,POINT (235585.23349999636 890037.6678999998)
1582,BLUE HILL AVE @ EDGEWOOD ST,292,231.4,30.8,9130.100019,0.464,0.792465753,,POINT (235605.2022999972 890038.5201000012)
1583,BLUE HILL AVE @ QUINCY ST,292,760.4,34.2,10880.19999,0.451,2.604109589,,POINT (234594.59120000154 890046.5124000013)
1584,BLUE HILL AVE @ GASTON ST,292,493.5,29.5,13016.59992,0.434,1.690068493,,POINT (241650.002700001 890046.8242999986)
1585,BLUE HILL AVE @ BRUNSWICK ST,292,315,33,9118.600018,0.479,1.078767123,,POINT (237431.56830000132 890053.1283)
1586,BLUE HILL AVE @ STANWOOD ST,292,443.7,29.4,8419.400023,0.475,1.519520548,,POINT (231700.0477000028 890059.7609999999)
1587,FRANKLIN PARK ZOO @ ENTRANCE,858,4083.2,20.4,1337.3,0.412,4.758974359,,POINT (243058.5775000006 890063.8566000015)
1589,WESTERN AVE @ RIVERDALE ST,820,1705,29,7498.599982,0.505,2.079268293,,POINT (237433.0068999976 890064.3167000003)
1593,RUGGLES ST @ SHAWMUT AVE,692,470.5,36.1,10164.60001,0.415,0.679913295,,POINT (234598.44089999795 890067.5326000005)
1606,BACON ST @ CLARK LN,103,18.8,36.2,2917.099997,0.524,0.182524272,,POINT (240112.26900000125 890068.7536000013)
1607,BACON ST @ GREENWOOD LN,103,5.5,45.3,1023.4,0.505,0.053398058,,POINT (231717.90320000052 890071.3231000006)
1608,BACON ST @ KENDALL PK,103,5.5,45.3,1023.4,0.505,0.053398058,,POINT (237312.4482000023 890077.1341999993)
1609,BACON ST @ DALE ST,103,16,45.3,1023.4,0.505,0.155339806,,POINT (237330.82699999958 890081.1928999983)
1612,W BOUNDARY RD @ CEDARCREST RD,149,19.7,23.5,2.4,0.571,0.132214765,,POINT (237056.7643999979 890081.2078999989)
1613,W BOUNDARY RD @ OHRENBERGER S,149,227.8,36.8,4575.700002,0.446,1.52885906,,POINT (237101.4552000016 890081.4085000008)
1614,W BOUNDARY RD @ GEORGETOWNE D,149,401.4,23.5,2.4,0.571,2.693959732,,POINT (231125.6753000021 890082.2994999997)
1615,GEORGETOWNE DR @ MARGARETTA D,127,250.5,28.5,8538.200001,0.377,1.972440945,,POINT (228079.66279999912 890098.8136)
1616,MARGARETTA DR @ CROWN POINT D,127,469.7,28.5,8538.200001,0.377,3.698425197,,POINT (228074.2119999975 890102.866799999)
1617,OPP 67 CROWN POINT DR,127,230.3,28.5,8538.200001,0.377,1.813385827,,POINT (234135.68789999932 890107.7850000001)
1618,84 GEORGETOWNE PL,254,291.7,28.5,8538.200001,0.377,1.148425197,,POINT (236759.8927000016 890110.8770000003)
1620,GEORGETOWNE DR OPP MARGARETTA,127,459.4,28.5,8538.200001,0.377,3.617322835,,POINT (236759.8927000016 890110.8770000003)
1621,W BOUNDARY RD @ GEORGETOWNE D,127,341.9,23.5,2.4,0.571,2.692125984,,POINT (240071.03170000017 890121.4968999997)
1623,W BOUNDARY RD @ CEDARCREST RD,127,97,36.8,4575.700002,0.446,0.763779528,,POINT (234122.53299999982 890121.5207999982)
1633,CENTRE ST @ INTERVALE ST,155,25.6,33.6,3584.600001,0.496,0.16516129,,POINT (229125.17010000348 890124.9602999985)
1634,CENTRE ST @ BROOKS AVE,155,47.5,36.9,4077.800002,0.497,0.306451613,,POINT (228291.09210000187 890126.5146000013)
1635,CENTRE ST @ GRANITE ST,155,145.9,36.9,4077.800002,0.497,0.941290323,,POINT (238944.7229000032 890126.9805000015)
1636,CENTRE ST @ KENT ST,155,47,36.9,4077.800002,0.497,0.303225806,,POINT (238962.11630000174 890135.8416000009)
1637,WEST ST @ CENTRE ST,155,123,37,2903.300001,0.486,0.793548387,,POINT (240058.97349999845 890136.746199999)
1638,WEST ST @ LYONS ST,155,27.1,37,2903.300001,0.486,0.17483871,,POINT (228283.39869999886 890137.5623999983)
1639,WEST ST @ IDA ST,155,26.1,37,2903.300001,0.486,0.168387097,,POINT (236606.44829999655 890137.6341000013)
1640,WEST ST @ DOBLE ST,155,24.5,35.8,1240.9,0.488,0.158064516,,POINT (236606.44829999655 890137.6341000013)
1641,WEST ST @ HAYDEN ST,155,41.3,35.8,1240.9,0.488,0.266451613,,POINT (237739.67689999938 890145.8414999992)
1642,WEST ST @ WICKFORD LN,155,10.4,35.8,1240.9,0.488,0.067096774,,POINT (231896.73210000247 890148.3577999994)
1643,WEST ST @ WILLARD ST,155,48.9,35.8,1240.9,0.488,0.315483871,,POINT (231903.1046999991 890149.2780000009)
1644,WILLARD ST OPP AMES ST,155,23.6,35.8,1240.9,0.488,0.152258065,,POINT (243021.51470000297 890162.3836000003)
1647,WILLARD ST OPP THISTLE RD,155,19,35.8,1240.9,0.488,0.122580645,,POINT (230873.15579999983 890168.0628000014)
1648,859 WILLARD ST,155,95.3,49.5,18.4,0.538,0.61483871,,POINT (243169.08839999884 890170.058600001)
1649,GRANITE ST @ WOOD RD,155,100.6,49.5,18.4,0.538,0.649032258,,POINT (243018.42539999634 890170.6823000014)
1650,GRANITE ST @ PARTRIDGE HILL R,155,164,40.4,562.6999999,0.487,1.058064516,,POINT (237730.23700000346 890170.8471999988)
1656,MYSTIC ST @ GARDEN ST,181,64.7,56.2,3739.899996,0.443,0.357458564,,POINT (243096.52139999717 890171.8264000006)
1657,MYSTIC ST @ RANGELY RD,181,52.6,46.7,2328.299998,0.432,0.290607735,,POINT (243032.56329999864 890178.1101000011)
1658,MYSTIC ST @ FARRINGTON ST,181,10.9,43.1,2691.000001,0.477,0.060220994,,POINT (243024.91130000353 890179.1583000012)
1659,201 MYSTIC ST,181,24.6,46.7,965.9,0.465,0.135911602,,POINT (240339.93119999766 890183.7327999994)
1660,MYSTIC ST @ DAVIS AVE,181,31.3,43.1,2691.000001,0.477,0.172928177,,POINT (231168.83810000122 890183.9094000012)
1661,MYSTIC ST @ BEVERLEY RD,181,24.5,46.7,965.9,0.465,0.135359116,,POINT (232084.39109999686 890201.183699999)
1662,355 MYSTIC ST,181,73.3,41.9,1448,0.503,0.404972376,,POINT (240331.04869999737 890201.5315000005)
1663,449 MYSTIC ST WINCHESTER LI,181,35.9,41.9,1448,0.503,0.198342541,,POINT (232091.39450000226 890203.3568000011)
1665,CAMBRIDGE ST @ ROBINSON PK,181,6.1,45.7,777.7000001,0.506,0.033701657,,POINT (231179.0956000015 890208.0505999997)
1670,CAMBRIDGE ST @ CHURCH ST,181,42,44.8,1164.1,0.481,0.232044199,,POINT (242940.49650000036 890210.0449000001)
1671,125 CAMBRIDGE ST OPP ONEIDA R,181,0,44.8,1164.1,0.481,0,,POINT (241824.6296999976 890210.9774000011)
1672,CAMBRIDGE ST @ FOXCROFT RD,181,20.4,44.8,1164.1,0.481,0.112707182,,POINT (241830.34430000186 890214.4725000001)
1673,CAMBRIDGE ST @ WILDWOOD ST,181,21,44.8,1164.1,0.481,0.116022099,,POINT (237710.04119999707 890224.3427999988)
1674,CAMBRIDGE ST @ POND ST,181,101.3,44.8,1164.1,0.481,0.559668508,,POINT (233954.04039999843 890230.6101999991)
1677,CAMBRIDGE RD @ REHABILITATION,181,114,48.4,824.2999997,0.468,0.629834254,,POINT (233954.04039999843 890230.6101999991)
1678,CAMBRIDGE RD @ COUNTRY CLUB R,181,23.8,48.4,824.2999997,0.468,0.131491713,,POINT (242886.80539999902 890234.5324000008)
1679,254 CAMBRIDGE RD,181,9.6,49.4,978.0000001,0.474,0.053038674,,POINT (237703.27910000086 890242.8524000011)
1680,CAMBRIDGE RD OPP PARKER ST,181,14.8,49.4,978.0000001,0.474,0.081767956,,POINT (252613.53890000284 890244.5406000018)
1681,CAMBRIDGE RD @ CRAWFORD DR,181,12.5,49.4,978.0000001,0.474,0.069060773,,POINT (239190.64670000225 890255.0023000017)
1682,CAMBRIDGE RD @ LITCHFIELD DR,181,15.6,48.4,824.2999997,0.468,0.086187845,,POINT (252624.05600000173 890261.6843000017)
1683,CAMBRIDGE RD @ RUSSELL ST,181,203.1,49.4,978.0000001,0.474,1.122099448,,POINT (239208.20279999822 890264.4237000011)
1684,CAMBRIDGE RD OPP REVERE RD,261,41.5,37.2,3243.900003,0.48,0.159003831,,POINT (236332.68349999934 890265.0637999997)
1686,CAMBRIDGE RD @ LOCUST ST,261,54.8,37.2,3243.900003,0.48,0.209961686,,POINT (236332.68349999934 890265.0637999997)
1687,CAMBRIDGE RD @ BEDFORD RD,261,59.2,50.4,900.7,0.487,0.226819923,,POINT (229162.55690000206 890267.5441000015)
1688,CAMBRIDGE ST @ RAY AVE,261,37.6,43.2,1018.7,0.493,0.144061303,,POINT (239192.50310000032 890270.5555999987)
1689,CAMBRIDGE ST OPP LINCOLN KNOL,261,125.7,44.4,384.6,0.45,0.481609195,,POINT (228267.88379999995 890294.2232000008)
1690,CAMBRIDGE ST @ WALL ST,108,46.2,43.2,1018.7,0.493,0.427777778,,POINT (234682.37539999932 890294.502799999)
1691,CAMBRIDGE ST @ BURLINGTON MAL,108,23.3,46.4,722.9000001,0.463,0.215740741,,POINT (242699.66809999943 890296.2188000008)
1692,76 CAMBRIDGE ST,256,27.4,46.4,722.9000001,0.463,0.10703125,,POINT (233860.15100000054 890296.6557999998)
1693,CAMBRIDGE ST @ BIRCHCREST ST,256,33.4,49.5,626.3,0.471,0.13046875,,POINT (232298.77910000086 890299.9781999998)
1694,CAMBRIDGE ST @ CEDARWOOD LN,256,3,49.5,626.3,0.471,0.01171875,,POINT (236223.58120000362 890305.492899999)
1695,CAMBRIDGE ST @ BEDFORD ST,256,129.5,42.8,822.8999999,0.476,0.505859375,,POINT (242063.97389999777 890306.6537000015)
1696,CAMBRIDGE ST @ OLYMPIAN AVE,256,22.9,42.8,822.8999999,0.476,0.089453125,,POINT (229171.7277000025 890307.3451999985)
1697,CAMBRIDGE ST @ WINN ST,256,65.6,43.8,1258.2,0.489,0.25625,,POINT (230970.62470000237 890308.1875)
1698,CAMBRIDGE ST @ SKILTON LN,256,53.8,44.3,1014.7,0.481,0.21015625,,POINT (234691.09539999813 890310.0745999999)
1699,CAMBRIDGE ST @ PONTOS AVE,256,49.1,43.8,1258.2,0.489,0.191796875,,POINT (233588.04190000147 890311.8288000003)
1706,BLUE HILL AVE @ HARVARD ST,719,1690.2,30,11311.3,0.377,2.350764951,,POINT (242364.7276000008 890312.9144000001)
1708,BLUE HILL AVE @ PAXTON ST,719,1488.6,26.1,3072.999996,0.418,2.070375522,,POINT (233825.93519999832 890313.8942000009)
1709,BLUE HILL AVE @ GREENOCK ST,719,1473.5,30.5,10427.59998,0.43,2.049374131,,POINT (228427.59939999878 890314.0320000015)
1710,BLUE HILL AVE @ JOHNSTON RD,719,1955.2,31.9,11048.80005,0.444,2.719332406,,POINT (243404.08910000324 890316.1812999994)
1713,BLUE HILL AVE @ GOODALE RD,1305,2138.2,36.5,7271.699981,0.461,1.638467433,,POINT (227785.44340000302 890317.0993000008)
1714,BLUE HILL AVE @ WELLINGTON HI,1305,3061.8,31.3,9809.600013,0.429,2.346206897,,POINT (243407.56499999762 890319.2578999996)
1716,BLUE HILL AVE @ MATTAPAN ST,1305,2851.5,31.3,9809.600013,0.429,2.185057471,,POINT (242213.6147999987 890321.0045000017)
1717,BLUE HILL AVE @ ALMONT ST,1305,1611.1,35.5,4720.500014,0.457,1.234559387,,POINT (233362.69849999994 890323.6196999997)
1718,BLUE HILL AVE @ WOODHAVEN ST,1305,1793.7,35.5,4720.500014,0.457,1.374482759,,POINT (242158.84629999846 890325.3236999996)
1720,BLUE HILL AVE @ MATTAPAN SQ,1305,9024.8,40.4,4968.000011,0.462,6.915555556,,POINT (236193.32940000296 890326.2160999998)
1721,BLUE HILLS PKWY @ RIVER ST,1844,859.6,39.3,2778.100001,0.495,0.466160521,,POINT (242442.7419999987 890326.6317999996)
1722,1624 BLUE HILL AVE @ MATTAPAN,1363,9516.4,43,4861.999998,0.443,6.981951577,,POINT (239905.59600000083 890326.6909999996)
1723,BLUE HILL AVE @ BABSON ST,1363,2020.2,43,4861.999998,0.443,1.48217168,,POINT (242560.7990999967 890326.9389999993)
1724,BLUE HILL AVE OPP WOODHAVEN S,1363,1448.3,43,4861.999998,0.443,1.062582539,,POINT (254051.41269999743 890331.6744999997)
1725,1458 BLUE HILL AVE OPP ALMONT,1363,2011.6,35.5,4720.500014,0.457,1.475862069,,POINT (254051.41269999743 890331.6744999997)
1726,BLUE HILL AVE @ MATTAPAN LIBR,1363,3111.3,31.3,9809.600013,0.429,2.282685253,,POINT (242491.5433000028 890332.8781999983)
1728,BLUE HILL AVE @ FESSENDEN ST,1363,2883.5,31.3,9809.600013,0.429,2.115553925,,POINT (233747.874499999 890338.9796999991)
1730,BLUE HILL AVE @ WOOLSON ST,1363,3096.5,31.3,9809.600013,0.429,2.271826853,,POINT (228428.94619999826 890339.9596000016)
1731,BLUE HILL AVE @ MORTON ST,768,4252.7,31.7,10124.69995,0.457,5.537369792,,POINT (227773.74570000172 890340.7738000005)
1732,BLUE HILL AVE @ WOODROW AVE,768,2035.3,32.5,8585.899997,0.461,2.650130208,,POINT (239893.02679999918 890341.9563999996)
1733,BLUE HILL AVE @ ARBUTUS ST,768,855.9,33.5,7595.300001,0.452,1.114453125,,POINT (233369.56700000167 890342.8103)
1734,BLUE HILL AVE @ CALLENDER ST,768,1275.4,33.5,7595.300001,0.452,1.660677083,,POINT (232371.0379000008 890356.6979999989)
1735,BLUE HILL AVE @ WESTVIEW ST,768,1680.1,26.1,3072.999996,0.418,2.187630208,,POINT (233520.85570000112 890357.5560000017)
1736,BLUE HILL AVE OPP HEALTH CTR,768,1886.4,26.1,3072.999996,0.418,2.45625,,POINT (240254.95350000262 890371.2142999992)
1737,BLUE HILL AVE @ HARVARD ST,1417,4536.1,33.8,10996.80007,0.439,3.201199718,,POINT (230899.7093999982 890371.6110000014)
1739,SEAVER ST @ MAPLE ST,754,847.9,30.1,15157.60004,0.432,1.124535809,,POINT (230883.62330000103 890382.5568999983)
1740,SEAVER ST @ ELM HILL AVE,754,1214.1,30.1,15157.60004,0.432,1.610212202,,POINT (232488.6495999992 890407.3803999983)
1741,SEAVER ST @ HUMBOLDT AVE,739,1265.1,32.6,11078.10004,0.412,1.711907984,,POINT (237643.4605000019 890415.6075999998)
1742,SEAVER ST @ HAROLD ST,1047,754.2,32.6,11078.10004,0.412,0.72034384,,POINT (232576.99700000137 890419.4204000011)
1743,COLUMBUS AVE @ WALNUT AVE,1047,2510.5,37,13267.09993,0.447,2.397803247,,POINT (228497.9151000008 890422.1391000003)
1747,HEATH ST @ VA HOSPITAL,103,211.9,30.9,13027.49997,0.497,2.057281553,,POINT (237640.6581000015 890423.7010999992)
1749,HEATH ST OPP HAYDEN ST,103,97.7,25.5,6175.300009,0.505,0.948543689,,POINT (232766.54399999976 890423.8759000003)
1750,HEATH ST @ WALDEN ST,103,61.4,25.5,6175.300009,0.505,0.596116505,,POINT (232820.70889999717 890425.9444000013)
1751,106 HEATH ST OPP BICKFORD AVE,103,21.1,25.5,6175.300009,0.505,0.204854369,,POINT (239420.7383000031 890446.9202000014)
1752,HEATH ST @ PARKER ST,103,19.8,32.4,19350.09992,0.412,0.19223301,,POINT (228540.10400000215 890454.4659000002)
1753,34 HEATH ST OPP BROMLEY ST,103,14.8,23.9,5973.600004,0.472,0.14368932,,POINT (243560.48569999635 890454.9332000017)
1755,HEATH ST @ WENSLEY ST,98,0,25.5,6175.300009,0.505,0,,POINT (243564.8770999983 890458.8612000011)
1756,107 HEATH ST OPP BICKFORD AVE,98,27.9,25.5,6175.300009,0.505,0.284693878,,POINT (239795.86919999868 890461.4550999999)
1757,177 HEATH ST OPP WALDEN ST,98,65.9,31.8,11974.00004,0.498,0.67244898,,POINT (232906.90529999882 890468.5109999999)
1758,HEATH ST @ HAYDEN ST,98,113.6,25.5,6175.300009,0.505,1.159183673,,POINT (235761.51110000163 892046.2487999983)
1760,HEATH ST OPP VA HOSPITAL,98,43.1,30.4,4382.599998,0.479,0.439795918,,POINT (235269.5898000002 892046.5507000014)
1761,HEATH ST @ S HUNTINGTON AVE,98,196,30.4,4382.599998,0.479,2,,POINT (226572.72140000015 892047.8539000005)
1771,GRANITE ST @ PEARL ST,318,366.7,36.9,10039.20001,0.508,1.153144654,,POINT (235068.59860000014 892051.1017000005)
1772,GRANITE ST @ BROOKLINE ST,318,251.9,33.9,3261.7,0.467,0.792138365,,POINT (235063.74329999834 892051.8245999999)
1773,MOUNTFORT ST @ LENOX ST,428,1265.3,28.3,4040.200002,0.485,2.956308411,,POINT (238363.5678000003 892054.2930999994)
1775,PARK DR @ BEACON ST,428,905.7,26.1,19675.79991,0.447,2.116121495,,POINT (229950.57549999654 892056.1173)
1777,BROOKLINE AVE @ PILGRIM RD,1064,1037.5,20.4,9841.8,0.222,0.975093985,,POINT (228073.39100000262 892068.1246999986)
1778,BROOKLINE AVE @ SHORT ST,1174,2476.6,20.4,9841.8,0.222,2.109540034,,POINT (238989.60830000043 892071.3478000015)
1779,LONGWOOD AVE @ BROOKLINE AVE,652,3705.2,30.8,1985.800001,0.401,5.682822086,,POINT (231621.54389999807 892071.5958000012)
1780,LONGWOOD AVE @ BLACKFAN ST,762,2707.1,30.8,1985.800001,0.401,3.552624672,,POINT (234912.0201999992 892072.0887000002)
1784,RUGGLES ST @ HUNTINGTON AVE,927,806.2,20.3,12146.59999,0.46,0.869687163,,POINT (234905.79360000044 892073.0031999983)
1785,RUGGLES ST @ ANNUNCIATION RD,672,245.8,20.3,12146.59999,0.46,0.36577381,,POINT (228086.05309999734 892087.5797999986)
1787,WASHINGTON ST @ WORCESTER ST,1651,3687.9,33.9,9442.299993,0.521,2.233737129,,POINT (231667.37070000172 892088.4166000001)
1788,WASHINGTON ST @ E NEWTON ST,1651,5754.3,41,18596.59999,0.47,3.485342217,,POINT (231667.37070000172 892088.4166000001)
1789,WASHINGTON ST @ MYSTIC ST,234,313.2,35.3,20698.29997,0.397,1.338461538,,POINT (235427.7356000021 892089.6794999987)
1790,HARRISON AVE @ WORCESTER SQ,693,1175.6,33.9,9442.299993,0.521,1.696392496,,POINT (239005.56570000201 892091.5817999989)
1791,HARRISON AVE @ E LENOX ST,553,825.1,35.3,6483.90001,0.398,1.4920434,,POINT (226761.88660000265 892097.7694999985)
1798,RUGGLES ST @ PARKER ST,648,343.2,20.7,16656.49999,0.463,0.52962963,,POINT (229020.53440000117 892105.1008000001)
1799,RUGGLES ST @ HUNTINGTON AVE,783,675.2,20.3,12146.59999,0.46,0.862324393,,POINT (228098.9504000023 892109.3484999985)
1800,LOUIS PRANG ST @ EVANS WAY,90,0.5,20.8,11167.80001,0.64,0.005555556,,POINT (226751.15359999985 892112.8134999983)
1804,BROOKLINE AVE @ LONGWOOD AVE,1100,3295,20.4,9841.8,0.222,2.995454545,,POINT (230590.34390000254 892113.4607999995)
1805,BROOKLINE AVE OPP SHORT ST,1425,2308.1,20.4,9841.8,0.222,1.619719298,,POINT (234670.37420000136 892113.5306000002)
1806,BROOKLINE AVE @ THE FENWAY,1100,1073.5,20.4,9841.8,0.222,0.975909091,,POINT (234665.2792999968 892115.3275000006)
1807,PARK DR @ FENWAY STATION,434,1043.4,25.7,6635.599994,0.48,2.404147465,,POINT (238624.16839999706 892116.8786999993)
1808,PARK DR @ BEACON ST,434,843.6,26.1,19675.79991,0.447,1.943778802,,POINT (230584.96130000055 892117.6123000011)
1810,COMMONWEALTH AVE @ UNIVERSITY,434,1475.3,21.3,9455.000007,0.402,3.399308756,,POINT (231623.14819999784 892119.373300001)
1811,BROOKLINE ST @ GRANITE ST,314,555.5,31.9,5862.099993,0.528,1.76910828,,POINT (236778.61450000107 892135.8612999991)
1812,BROOKLINE ST @ PUTNAM AVE,314,487.9,36.9,10039.20001,0.508,1.553821656,,POINT (235503.21400000155 892140.9068000019)
1813,BROOKLINE ST @ ERIE ST,314,446.9,29.9,14478.09996,0.501,1.423248408,,POINT (236790.8531000018 892151.0670999996)
1814,BROOKLINE ST @ PACIFIC ST,314,285.6,26.5,13605.6,0.583,0.90955414,,POINT (236773.20269999653 892154.7773999982)
1816,BROOKLINE ST @ GREEN ST,314,1013.2,30.4,10017.1,0.521,3.226751592,,POINT (235594.3796999976 892166.9134000018)
1836,INDEPENDENCE DR @ MARANVILLE,140,281,37.4,2045,0.445,2.007142857,,POINT (235599.46909999847 892169.1992999986)
1839,VFW PKWY @ COREY ST,140,16.5,37.4,2045,0.445,0.117857143,,POINT (233569.4998999983 892171.0626000017)
1840,310 COREY ST,140,66.5,45.7,3234.000001,0.46,0.475,,POINT (230051.7030000016 892172.25)
1841,COREY ST @ WELD ST,140,49.5,45.7,3234.000001,0.46,0.353571429,,POINT (229142.1425999999 892177.0837999992)
1842,WELD ST @ RUSKIN ST,140,6,44.8,3011.200003,0.454,0.042857143,,POINT (229142.1425999999 892177.0837999992)
1843,WELD ST @ MAPLE ST,140,27.5,43,3807.500005,0.458,0.196428571,,POINT (234568.61450000107 892177.6994000003)
1844,WELD ST @ WILLOW ST,140,90,44.7,5490.000009,0.483,0.642857143,,POINT (234562.82169999927 892182.6548000015)
1845,WELD ST @ MANTHORNE RD,140,88,44.7,5490.000009,0.483,0.628571429,,POINT (230483.34849999845 892186.8654999994)
1846,WELD ST @ RUSSETT RD,140,86,42.1,3274.900003,0.463,0.614285714,,POINT (230067.30399999768 892189.688000001)
1847,WELD ST @ CHURCH ST,140,53,42.1,3274.900003,0.463,0.378571429,,POINT (230477.44250000268 892190.813000001)
1848,WELD ST @ PARKLAWN RD,140,11,57.1,1512.399999,0.452,0.078571429,,POINT (237016.29670000076 892197.125)
1849,WELD ST @ BURNSIDE AVE,140,17,49.1,3163.700004,0.473,0.121428571,,POINT (233560.35570000112 892199.0036999993)
1850,WELD ST @ RAVENNA RD,140,5,57.1,1512.399999,0.452,0.035714286,,POINT (237247.38120000064 892208.2320999987)
1851,WELD ST @ CERDAN AVE,140,16,49.1,3163.700004,0.473,0.114285714,,POINT (221693.5292999968 892211.7785999998)
1852,WELD ST @ COLBY RD,140,29.5,57.1,1512.399999,0.452,0.210714286,,POINT (231447.61400000006 892225.5159000009)
1853,WELD ST OPP WEDGEWOOD RD,140,80,62.7,3694.599998,0.438,0.571428571,,POINT (231427.2128000036 892226.5923000015)
1856,170 WALTER ST,140,24,14.3,9.699999996,0.545,0.171428571,,POINT (231437.56840000302 892236.6264999993)
1857,144 WALTER ST OPP MENDUM ST,140,18,39,4362.400005,0.472,0.128571429,,POINT (221698.1393999979 892244.3524000011)
1860,WALTER ST @ HEWLETT ST,140,176,39.4,6567.999979,0.446,1.257142857,,POINT (230399.95269999653 892244.3596000001)
1867,ROBERT ST @ BELGRADE AVE,140,0,39,4362.400005,0.472,0,,POINT (237119.1718999967 892248.2675999999)
1871,WALTER ST @ MENDUM ST,140,39.5,39,4362.400005,0.472,0.282142857,,POINT (230384.41820000112 892256.5498000011)
1872,OPP 174 WALTER ST,140,37.5,14.3,9.699999996,0.545,0.267857143,,POINT (235449.70899999887 892259.2564000003)
1875,WELD ST @ WEDGEWOOD RD,140,97.5,62.7,3694.599998,0.438,0.696428571,,POINT (235805.84470000118 892259.9155000001)
1876,WELD ST @ ALWARD RD,140,29.5,57.1,1512.399999,0.452,0.210714286,,POINT (235447.29900000244 892264.0291000009)
1877,WELD ST @ MOREY ST,140,16,49.1,3163.700004,0.473,0.114285714,,POINT (227389.20210000128 892268.3713000007)
1878,WELD ST @ GRETTER RD,140,8.5,57.1,1512.399999,0.452,0.060714286,,POINT (238462.81120000035 892270.4224000014)
1879,WELD ST @ LANTERN LN,140,16.5,57.1,1512.399999,0.452,0.117857143,,POINT (227387.25980000198 892274.1057999991)
1880,WELD ST @ PARKLAWN RD,140,17.5,49.1,3163.700004,0.473,0.125,,POINT (239174.87539999932 892281.9719999991)
1881,WELD ST @ CHURCH ST,140,55,57.1,1512.399999,0.452,0.392857143,,POINT (235888.63180000335 892283.2774999999)
1882,WELD ST @ RUSSET RD,140,112.5,42.1,3274.900003,0.463,0.803571429,,POINT (234443.52070000023 892289.3220000006)
1883,WELD ST @ MANTHORNE RD,140,100.5,44.7,5490.000009,0.483,0.717857143,,POINT (236733.56170000136 892291.068599999)
1884,WELD ST @ WILLOW ST,140,60,44.7,5490.000009,0.483,0.428571429,,POINT (235812.21310000122 892292.4607999995)
1885,WELD ST @ MAPLE ST,140,34.5,43,3807.500005,0.458,0.246428571,,POINT (252000.36999999732 892300.7798000015)
1886,WELD ST @ AVALON RD,140,10.5,44.8,3011.200003,0.454,0.075,,POINT (239193.31930000335 892302.6506000012)
1887,WELD ST @ COREY ST,140,31.5,45.7,3234.000001,0.46,0.225,,POINT (234410.31109999865 892305.7776999995)
1888,COREY ST @ VFW PKWY,140,107,45.7,3234.000001,0.46,0.764285714,,POINT (231302.92599999905 892307.8005000018)
1890,INDEPENDENCE DR OPP MARANVILL,140,312,37.4,2045,0.445,2.228571429,,POINT (228186.29710000008 892307.8623000011)
1891,INDEPENDENCE DR @ THORNTON RD,140,164.5,35.3,3137.000001,0.467,1.175,,POINT (251980.82140000165 892308.7985000014)
1892,INDEPENDENCE DR OPP GERRY RD,140,284,35.3,3137.000001,0.467,2.028571429,,POINT (236727.73839999735 892310.1024000011)
1893,GROVE ST @ RUSSET RD,140,79.5,44.8,2285.799998,0.506,0.567857143,,POINT (231297.76600000262 892310.7193000019)
1895,GROVE ST @ SOUTH ST,140,120.5,42.8,1697.5,0.473,0.860714286,,POINT (228995.08349999785 892310.9497000016)
1900,CENTRE ST @ PEARL ST,934,421.5,34.4,4288.299995,0.479,0.451284797,,POINT (228195.78390000015 892316.6101000011)
1921,IPSWICH ST @ LANSDOWNE ST,63,6.7,59,7993.500024,0.474,0.106349206,,POINT (231655.86860000342 892322.2857999988)
1922,IPSWICH ST @ BOYLSTON ST,63,18.4,59,7993.500024,0.474,0.292063492,,POINT (231668.01529999822 892323.25)
1923,BOYLSTON ST @ JERSEY ST,63,34.4,59,7993.500024,0.474,0.546031746,,POINT (228979.51739999652 892324.240699999)
1924,KILMARNOCK ST @ PETERBOROUGH,63,60.9,27.5,43774.59958,0.495,0.966666667,,POINT (226633.75230000168 892333.1649000011)
1925,KILMARNOCK ST @ QUEENSBERRY S,63,40.9,28.4,22739.00005,0.474,0.649206349,,POINT (234263.83100000024 892344.996199999)
1926,QUEENSBERRY ST @ JERSEY ST,133,123.8,29.7,27771.60019,0.523,0.930827068,,POINT (234258.96760000288 892346.4301999994)
1927,JERSEY ST @ BOYLSTON ST,70,146,59,7993.500024,0.474,2.085714286,,POINT (236098.43100000173 892370.2434)
1928,IPSWICH ST @ BOYLSTON ST,70,71,60.2,16462.29996,0.474,1.014285714,,POINT (229729.4919999987 892916.6479000002)
1929,IPSWICH ST OPP LANSDOWNE ST,70,31,60.2,16462.29996,0.474,0.442857143,,POINT (229746.4372999966 892917.3128999993)
1931,IPSWICH ST @ BOYLSTON ST,70,12,60.2,16462.29996,0.474,0.171428571,,POINT (228477.89440000057 892918.7239999995)
1932,BOYLSTON ST @ MASSACHUSETTS A,70,52,33.1,9675.199945,0.472,0.742857143,,POINT (229894.91939999908 892927.1431000009)
1936,SOUTH ST @ SPALDING ST,886,648.2,32.9,8540.399987,0.427,0.731602709,,POINT (229921.6344999969 892928.0560000017)
1937,SOUTH ST @ CHILD ST,886,2042.3,32.9,8540.399987,0.427,2.305079007,,POINT (227470.89400000125 892931.7958000004)
1939,775 CENTRE ST,855,1275,36.6,4817.200006,0.454,1.49122807,,POINT (235924.93240000308 892932.743999999)
1940,CENTRE ST @ ALDWORTH ST,176,20,35,8792.099961,0.455,0.113636364,,POINT (235924.93240000308 892932.743999999)
1941,CENTRE ST @ ORCHARD ST,176,37.6,35,8792.099961,0.455,0.213636364,,POINT (230094.89639999717 892934.0846999995)
1965,BOYLSTON ST @ STAR MARKET,211,345.9,47.9,432,0.487,1.639336493,,POINT (230101.61829999834 892934.2228999995)
1984,BOYLSTON ST @ HAMMOND ST,211,225.5,47.9,432,0.487,1.068720379,,POINT (231453.03390000015 892938.7729000002)
1994,WINSHIP ST @ UNION ST,337,490.3,28.9,6834.10001,0.496,1.454896142,,POINT (230252.96100000292 892941.4571000002)
2002,CENTRE ST @ ARBORWAY,171,35.5,35,8792.099961,0.455,0.207602339,,POINT (227205.77619999647 892942.9866000004)
2003,CENTRE ST @ BALLARD ST,171,30.1,35,8792.099961,0.455,0.176023392,,POINT (230273.34480000287 892943.9750999995)
2006,SOUTH ST @ JAMAICA ST,853,1476,34.4,4843.000006,0.435,1.730363423,,POINT (230679.32930000126 892944.7683000006)
2007,SOUTH ST @ ST ROSE ST,853,621.9,34.4,4843.000006,0.435,0.729073857,,POINT (239178.2351000011 892947.5423999988)
2020,MT AUBURN ST @ STORY ST,1083,2880.4,38.9,4239.9,0.486,2.659649123,,POINT (234668.28140000254 892949.3104999997)
2021,MT AUBURN ST @ ASH ST,1083,204.1,36.9,4243.400003,0.449,0.188457987,,POINT (230679.8620999977 892964.0164999999)
2023,MT AUBURN ST @ SPARKS ST,1083,306.1,36.9,4243.400003,0.449,0.282640813,,POINT (234679.23110000044 892965.6317999996)
2025,MT AUBURN ST @ LONGFELLOW RD,1083,1173.6,52.3,1040.6,0.435,1.08365651,,POINT (237336.95269999653 893226.2685000002)
2026,MT AUBURN ST @ TRAILL ST,1083,239.3,52.3,1040.6,0.435,0.220960295,,POINT (235061.64909999818 893237.9134999998)
2027,MT AUBURN ST OPP COOLIDGE AVE,1083,192.8,52.3,1040.6,0.435,0.178024007,,POINT (230192.8606000021 893252.7390000001)
2028,MT AUBURN ST @ BRATTLE ST,1083,249.4,48.9,3544.899997,0.481,0.230286242,,POINT (235717.8647999987 893261.5106000006)
2030,MT AUBURN ST @ HOMER AVE,1068,2489.7,39.7,3567.000006,0.44,2.331179775,,POINT (229514.304399997 893265.8762999997)
2032,MT AUBURN ST @ SAINT MARYS ST,533,479.2,39.3,1059.9,0.463,0.899061914,,POINT (235704.30640000105 893270.6801000014)
2033,MT AUBURN ST @ KEENAN ST,533,300.9,39.3,1059.9,0.463,0.564540338,,POINT (227001.50439999998 893279.0824999996)
2034,MT AUBURN ST @ KIMBALL RD,533,1229.7,39.3,1059.9,0.463,2.307129456,,POINT (229528.43129999936 893281.9486999996)
2036,MT AUBURN ST @ UPLAND RD,533,382.9,38.4,5843.599997,0.471,0.718386492,,POINT (235200.5551000014 893282.6235000007)
2037,MT AUBURN ST @ WINSOR AVE,533,330.9,38.4,5843.599997,0.471,0.620825516,,POINT (235217.17930000275 893292.8707999997)
2038,MT AUBURN ST @ ADAMS AVE,533,298.7,46.5,2863.999998,0.457,0.560412758,,POINT (236016.08579999954 893301.1438000016)
2040,MT AUBURN ST @ AMHERST RD,533,325,46.5,2863.999998,0.457,0.609756098,,POINT (236017.07230000198 893306.1556999981)
2042,MT AUBURN ST @ RUSSELL AVE,533,234,46.5,2863.999998,0.457,0.43902439,,POINT (235351.7682000026 893306.2602999993)
2043,MT AUBURN ST @ MARSHALL ST,533,514.3,42.4,3617.400005,0.47,0.964915572,,POINT (226984.31560000032 893306.7096999995)
2044,MT AUBURN ST @ SUMMER ST,533,449.1,32.3,5490.500001,0.484,0.842589118,,POINT (229553.39790000021 893308.8341000006)
2046,MT AUBURN ST @ MAIN ST,533,832.9,32.3,5490.500001,0.484,1.562664165,,POINT (235350.2533000037 893311.4272999987)
2047,MT AUBURN ST @ BATES RD E,533,208.6,46.5,2863.999998,0.457,0.391369606,,POINT (230233.179399997 893314.4668000005)
2048,MT AUBURN ST @ MAIN ST,522,234.9,32.3,5490.500001,0.484,0.45,,POINT (233848.09610000253 893317.0425000004)
2049,MT AUBURN ST @ PATTEN ST,522,476,36.7,5152.500007,0.499,0.911877395,,POINT (221853.6897 893317.3125)
2050,MT AUBURN ST @ PARKER ST,522,438.7,32.3,5490.500001,0.484,0.840421456,,POINT (233832.59549999982 893319.0075000003)
2051,MT AUBURN ST @ FRANKLIN ST,522,286.2,46.5,2863.999998,0.457,0.548275862,,POINT (230360.07769999653 891235.4274999984)
2052,MT AUBURN ST @ WALNUT ST,522,199.4,46.5,2863.999998,0.457,0.381992337,,POINT (230360.07769999653 891235.4274999984)
2054,MT AUBURN ST @ BOYLSTON ST,522,323.4,46.5,2863.999998,0.457,0.61954023,,POINT (232732.2349999994 891238.2336000018)
2056,MT AUBURN ST @ WINTHROP ST,522,262.5,46.5,2863.999998,0.457,0.502873563,,POINT (245229.79619999975 891247.1508999988)
2057,MT AUBURN ST @ SCHOOL ST,522,384.3,38.4,5843.599997,0.471,0.736206897,,POINT (238536.65559999645 891253.1165999994)
2058,MT AUBURN ST @ ADAMS ST,522,412,39.2,5697.100005,0.474,0.789272031,,POINT (232708.3954000026 891257.0302999988)
2060,MT AUBURN ST @ BIGELOW AVE,522,1183.1,39.3,1059.9,0.463,2.266475096,,POINT (238540.61299999803 891258.696800001)
2061,MT AUBURN ST OPP KEENAN ST,522,416.6,39.3,1059.9,0.463,0.798084291,,POINT (234281.29050000012 891266.5505999997)
2062,MT AUBURN ST @ COTTAGE ST,522,397.8,39.3,1059.9,0.463,0.762068966,,POINT (240173.33730000257 891272.0023999996)
2064,MT AUBURN ST OPP HOMER AVE,1044,1782.3,39.7,3567.000006,0.44,1.707183908,,POINT (234327.688000001 891278.4833999984)
2066,MT AUBURN ST OPP BRATTLE ST,1074,280.5,48.9,3544.899997,0.481,0.261173184,,POINT (253030.26150000095 891280.060899999)
2067,MT AUBURN ST @ COOLIDGE AVE,1074,193.9,52.3,1040.6,0.435,0.180540037,,POINT (234455.6115999967 891289.9686999992)
2068,MT AUBURN ST OPP TRAILL ST,1074,209.7,52.3,1040.6,0.435,0.195251397,,POINT (234448.65299999714 891290.1209000014)
2070,MT AUBURN ST @ MT AUBURN HOSP,1074,1307.5,52.3,1040.6,0.435,1.217411546,,POINT (234520.08940000087 891291.1473000012)
2071,MT AUBURN ST OPP SPARKS ST,1074,269.4,52.3,1040.6,0.435,0.250837989,,POINT (253016.75500000268 891294.2470999993)
2073,MT AUBURN ST @ BREWER ST,1074,348.2,38.9,4239.9,0.486,0.324208566,,POINT (234583.90559999645 891295.9272000007)
2074,MT AUBURN ST @ UNIVERSITY RD,1074,2459.2,38.9,4239.9,0.486,2.289757914,,POINT (235077.20650000125 891296.4213000014)
2077,ABERDEEN AVE @ MT AUBURN ST,35,57.5,39.7,3567.000006,0.44,1.642857143,,POINT (240150.47140000015 891296.8262000009)
2078,61 ABERDEEN AVE,20,8,48.9,3544.899997,0.481,0.4,,POINT (235070.52560000122 891297.5487000011)
2080,HURON AVE @ LARCH RD,255,119,48.9,3544.899997,0.481,0.466666667,,POINT (237306.7383000031 891303.6523999982)
2082,HURON AVE @ LAKEVIEW AVE,255,158,48.9,3544.899997,0.481,0.619607843,,POINT (227060.86800000072 891307.3289999999)
2083,HURON AVE @ GURNEY ST,255,274.7,48.9,3544.899997,0.481,1.077254902,,POINT (229277.56889999658 891312.1391999982)
2085,HURON AVE @ APPLETON ST,255,134,38.6,7852.999992,0.441,0.525490196,,POINT (245240.3669999987 891315.2003999986)
2090,HURON AVE @ APPLETON ST,260,112.5,53.8,2189.300001,0.477,0.432692308,,POINT (229263.3752000034 891315.3762999997)
2092,HURON AVE @ CHILTON ST,260,225.9,48.9,3544.899997,0.481,0.868846154,,POINT (237297.07329999655 891321.3231999986)
2093,HURON AVE @ LAKEVIEW AVE,260,144.5,48.9,3544.899997,0.481,0.555769231,,POINT (232468.90890000015 891321.3618000001)
2095,HURON AVE @ LARCH RD,260,133.5,48.9,3544.899997,0.481,0.513461538,,POINT (232473.37399999797 891328.6513999999)
2096,ABERDEEN AVE @ HURON AVE,35,98.5,39.7,3567.000006,0.44,2.814285714,,POINT (253074.58320000023 891328.7747999988)
2097,ABERDEEN AVE @ ABERDEEN WAY,35,9.5,39.7,3567.000006,0.44,0.271428571,,POINT (227926.33720000088 891328.8706)
2098,ABERDEEN AVE @ MT AUBURN ST,65,40.5,39.7,3567.000006,0.44,0.623076923,,POINT (227051.17670000345 891332.7052999996)
2099,TRAPELO RD @ CHURCH ST,60,120.5,39,3342.300002,0.465,2.008333333,,POINT (234779.92319999635 891334.743900001)
2101,TRAPELO RD @ SYCAMORE ST,522,309,39,3342.300002,0.465,0.591954023,,POINT (234784.64019999653 891334.9373999983)
2102,TRAPELO RD @ BEECH ST,522,656.3,38.3,6907.70001,0.472,1.257279693,,POINT (239397.69070000201 891337.1482999995)
2103,TRAPELO RD @ WALNUT ST,522,195.1,38.4,5691.400007,0.476,0.373754789,,POINT (253059.7242999971 891342.8026)
2104,TRAPELO RD @ BARTLETT AVE,522,823.3,38.3,6907.70001,0.472,1.577203065,,POINT (238601.63350000232 891344.4206999987)
2106,TRAPELO RD @ WILLISTON RD,522,715.7,39.6,5030.099982,0.505,1.371072797,,POINT (227933.13750000298 891348.0454999991)
2107,36 TRAPELO RD,522,115.4,47.1,2678.200004,0.475,0.221072797,,POINT (227065.59759999812 891349.4052000009)
2108,TRAPELO RD @ BELMONT ST,522,273.3,45.1,4216.999997,0.486,0.523563218,,POINT (239381.6877000034 891349.9807999991)
2110,BELMONT ST OPP PAYSON RD,522,307.3,43.5,3692.100005,0.456,0.588697318,,POINT (235306.87089999765 891354.0328000002)
2112,BELMONT ST @ LANGDON AVE,522,507.3,41.4,6788.800018,0.476,0.97183908,,POINT (235313.35300000012 891354.8394999988)
2113,BELMONT ST @ WOODLEIGH RD,522,465.7,41.4,6788.800018,0.476,0.892145594,,POINT (230380.26519999653 891366.875)
2115,BELMONT ST @ PRENTISS ST,522,883.8,35.6,5601.800002,0.462,1.693103448,,POINT (230380.26519999653 891366.875)
2116,PURCHASE ST @ PEARL ST,80,50,38.6,1976.599998,0.548,0.625,,POINT (240161.3601000011 891374.7118999995)
2117,BELMONT ST @ ST. MARY'S ST,522,590.6,45.2,868.5000001,0.438,1.131417625,,POINT (245248.63930000365 891377.8986000009)
2118,BELMONT ST @ CUSHING ST,535,333.8,45.2,868.5000001,0.438,0.623925234,,POINT (240165.50240000337 891394.0606000014)
2119,BELMONT ST @ SULLIVAN RD,535,475.8,45.2,868.5000001,0.438,0.889345794,,POINT (235635.2498999983 891402.5623999983)
2121,BELMONT ST @ MARLBORO ST,535,596.6,35.6,5601.800002,0.462,1.115140187,,POINT (235509.77560000122 891417.0078999996)
2122,BELMONT ST @ FALMOUTH ST,535,451,41.4,6788.800018,0.476,0.842990654,,POINT (235515.14090000093 891420.195700001)
2123,BELMONT ST @ SCHOOL ST,535,415.8,43.5,3692.100005,0.456,0.777196262,,POINT (227133.4979000017 891424.4226000011)
2124,BELMONT ST @ PAYSON RD,535,225.2,43.5,3692.100005,0.456,0.420934579,,POINT (231331.39370000362 891426.7083999999)
2125,BELMONT ST @ OAKLEY RD,535,247.9,45.1,4216.999997,0.486,0.463364486,,POINT (245294.6155000031 891428.7787000015)
2126,TRAPELO RD @ WILLOW ST,535,186.5,47.1,2678.200004,0.475,0.348598131,,POINT (237238.4748999998 891428.9122000001)
2127,TRAPELO RD OPP WILLISTON RD -,535,656.6,39.6,5030.099982,0.505,1.22728972,,POINT (245304.7691999972 891432.2052000016)
2128,TRAPELO RD OPP POPLAR ST,535,203.5,39.6,5030.099982,0.505,0.380373832,,POINT (232375.41420000046 891432.7054999992)
2129,TRAPELO RD @ SLADE ST,535,612.5,38.4,5691.400007,0.476,1.144859813,,POINT (229374.10890000314 891434.0626999997)
2130,TRAPELO RD OPP WALNUT ST,535,199.8,38.4,5691.400007,0.476,0.373457944,,POINT (227146.78140000254 891438.9910999984)
2131,TRAPELO RD @ BEECH ST,535,780.5,38.3,6907.70001,0.472,1.458878505,,POINT (227973.27920000255 891439.8830999993)
2133,TRAPELO RD @ WAVERLEY ST,535,291.5,39,3342.300002,0.465,0.544859813,,POINT (231341.40119999647 891441.9624000005)
2134,CHURCH ST @ LEXINGTON ST,1057,4460.2,39,3342.300002,0.465,4.219678335,,POINT (232354.99769999832 891442.3968000002)
2137,396 CONCORD AVE,892,1798,45.7,2363.599999,0.488,2.015695067,,POINT (237224.48730000108 891446.6086999997)
2139,CONCORD AVE @ COTTAGE ST,451,104.2,45.7,2363.599999,0.488,0.231042129,,POINT (227976.40349999815 891446.6259000003)
2141,CONCORD AVE @ ORCHARD ST,451,234.4,45.7,2363.599999,0.488,0.519733925,,POINT (229406.07980000228 891447.9287)
2143,CONCORD AVE @ EDGEMOOR RD,451,36.6,43.4,2047.199999,0.488,0.081152993,,POINT (221642.56769999862 891455.1044000015)
2144,CONCORD AVE @ WATSON RD,451,344.5,43.4,2047.199999,0.488,0.763858093,,POINT (233532.17149999738 891467.4373999983)
2145,BRIGHT RD @ GALE RD,235,29,43.4,2047.199999,0.488,0.123404255,,POINT (233516.98610000312 891487.4145999998)
2146,BRIGHT RD @ WASHINGTON ST,235,94.1,43.4,2047.199999,0.488,0.400425532,,POINT (238674.60629999638 891495.0516000018)
2148,CONCORD AVE @ BLANCHARD RD,428,378.6,45.2,868.5000001,0.438,0.884579439,,POINT (238676.63329999894 891501.504900001)
2149,CONCORD AVE OPP SPINELLI PL,428,169.9,45.2,868.5000001,0.438,0.396962617,,POINT (239071.65370000154 891502.2912000008)
2150,CONCORD AVE OPP SMITH PL,428,420.6,35.8,2805.600002,0.463,0.98271028,,POINT (230558.60649999976 891506.0240000002)
2151,CONCORD AVE OPP MOULTON ST,428,267.7,45.2,868.5000001,0.438,0.62546729,,POINT (235653.91189999878 891513.1682999991)
2152,CONCORD AVE OPP FAWCETT ST,428,520.2,35.8,2805.600002,0.463,1.215420561,,POINT (230575.63769999892 891514.685899999)
2153,CONCORD AVE OPP WHEELER ST,428,799,45.2,868.5000001,0.438,1.86682243,,POINT (232315.1291999966 891516.9774000011)
2154,CONCORD AVE OPP NEW ST,428,367.6,42.8,4594.900012,0.455,0.858878505,,POINT (239154.55619999766 891537.9015000015)
2155,CONCORD AVE OPP FERN ST,428,234.8,37.9,3165.699999,0.455,0.548598131,,POINT (239141.50580000132 891557.5033)
2156,CONCORD AVE @ ALPINE ST,428,282,42.8,4594.900012,0.455,0.658878505,,POINT (235669.17159999907 891590.5837999992)
2158,CONCORD AVE @ WALDEN ST,428,380.1,38.6,7852.999992,0.441,0.888084112,,POINT (235670.49689999968 891597.4037000015)
2159,CONCORD AVE @ HURON AVE,683,667.4,38.7,4563.099991,0.481,0.97715959,,POINT (232242.58330000192 891598.3225000016)
2160,CONCORD AVE @ BUCKINGHAM ST,683,107.4,53.8,2189.300001,0.477,0.157247438,,POINT (233517.2277000025 891601.8090999983)
2161,CONCORD AVE @ PARKER ST,683,148.4,36.9,4243.400003,0.449,0.21727672,,POINT (232248.14819999784 891608.2994000018)
2162,CONCORD AVE @ CRAIGIE ST,683,177.9,36.9,4243.400003,0.449,0.260468521,,POINT (252786.40609999746 891609.7503999993)
2163,GARDEN ST @ CONCORD AVE,683,457.5,22.8,13007.29998,0.488,0.669838946,,POINT (231628.81949999928 891610.1424999982)
2166,QUINCY ST @ BROADWAY OPP FOGG,405,392.9,26.8,9303.60003,0.452,0.970123457,,POINT (240225.08060000092 891610.4618999995)
2167,QUINCY ST @ HARVARD ST,405,313.8,26.8,9303.60003,0.452,0.774814815,,POINT (228021.8995999992 891611.5806999989)
2168,MASSACHUSETTS AVE @ JOHNSTON,399,1907.5,19.2,12918.60004,0.503,4.780701754,,POINT (231616.1969999969 891612.8984999992)
2170,GARDEN ST OPP MASON ST,684,638.8,38.9,4239.9,0.486,0.933918129,,POINT (228023.37690000236 891618.5835999995)
2172,CONCORD AVE @ CHAUNCY ST,684,491.3,22.8,13007.29998,0.488,0.718274854,,POINT (227321.56109999865 891621.4362999983)
2173,CONCORD AVE OPP CRAIGIE ST,684,133.7,36.9,4243.400003,0.449,0.195467836,,POINT (230684.54150000215 891622.3084000014)
2174,CONCORD AVE @ BOND ST,684,161.9,36.9,4243.400003,0.449,0.236695906,,POINT (240230.6322999969 891629.3167000003)
2175,CONCORD AVE OPP BUCKINGHAM ST,684,113.6,36.9,4243.400003,0.449,0.166081871,,POINT (239080.8647999987 891638.2685000002)
2176,CONCORD AVE @ HURON AVE,684,723.3,38.7,4563.099991,0.481,1.05745614,,POINT (230695.85840000212 891638.5925999992)
2177,CONCORD AVE @ WALDEN ST,424,388.2,38.6,7852.999992,0.441,0.915566038,,POINT (238950.12900000066 891641.7934999987)
2179,CONCORD AVE @ CORPORAL BURNS,424,387.5,42.8,4594.900012,0.455,0.913915094,,POINT (227042.936999999 891649.8753000014)
2180,CONCORD AVE @ BIRCH ST,424,143.8,37.9,3165.699999,0.455,0.339150943,,POINT (239279.1554000005 891651.9079000019)
2181,CONCORD AVE @ NEW ST,424,426.3,42.8,4594.900012,0.455,1.005424528,,POINT (240238.89039999992 891654.5051000006)
2182,CONCORD AVE @ WHEELER ST,424,1259.3,45.2,868.5000001,0.438,2.97004717,,POINT (227354.92019999772 891654.6493999995)
2184,CONCORD AVE @ MOULTON ST,424,271.7,35.8,2805.600002,0.463,0.640801887,,POINT (239068.11180000007 891655.0773000009)
2185,CONCORD AVE @ SMITH PL,424,425.5,45.2,868.5000001,0.438,1.003537736,,POINT (239294.52329999954 891664.4662999995)
2186,CONCORD AVE @ SPINELLI PL,424,208.5,35.8,2805.600002,0.463,0.491745283,,POINT (240245.30569999665 891675.2518999986)
2187,799 CONCORD AVE,424,439.2,35.8,2805.600002,0.463,1.035849057,,POINT (233536.47179999948 891685.2408999987)
2189,BRIGHT RD @ WASHINGTON ST,225,113.1,43.4,2047.199999,0.488,0.502666667,,POINT (232149.45589999855 891688.1482000016)
2190,BRIGHT RD @ GLENN RD,225,32,43.4,2047.199999,0.488,0.142222222,,POINT (232132.86840000004 891700.9107000008)
2191,CONCORD AVE @ TROWBRIDGE ST,441,419.7,43.4,2047.199999,0.488,0.95170068,,POINT (229651.2880000025 891719.9968999997)
2192,CONCORD AVE OPP EDGEMOOR RD,441,57.6,43.4,2047.199999,0.488,0.130612245,,POINT (252730.40609999746 891745.6248999983)
2194,CONCORD AVE OPP ORCHARD ST,441,211.5,43.4,2047.199999,0.488,0.479591837,,POINT (235700.12839999795 891749.1732000001)
2196,CONCORD AVE OPP COTTAGE ST,441,68.6,43.4,2047.199999,0.488,0.155555556,,POINT (227450.75140000135 891750.1132999994)
2201,WEST SERVICE RD @ GEORGE ST,50,5,43.1,3182.599998,0.485,0.1,,POINT (239407.44879999757 891755.9521999992)
2203,WEST SERVICE RD @ FLORENCE AV,50,10,43.3,1863.3,0.49,0.2,,POINT (235703.88579999655 891768.7978000008)
2217,454 BROADWAY,85,241.5,32,8125.600018,0.493,2.841176471,,POINT (239423.52099999785 891769.012600001)
2218,BROADWAY @ ELLERY ST,85,158,33.2,14665.5999,0.49,1.858823529,,POINT (227471.14790000021 891769.6033000015)
2220,BROADWAY @ CRAWFORD ST,85,61.5,32.4,14970.1001,0.484,0.723529412,,POINT (238872.93150000274 891771.0976999998)
2221,BROADWAY @ LEE ST,85,54.5,31.9,12924.19996,0.491,0.641176471,,POINT (230864.12129999697 891771.8011999987)
2222,BROADWAY @ INMAN ST,85,43,32.6,10274.30002,0.497,0.505882353,,POINT (230869.08829999715 891775.8865999989)
2223,BROADWAY @ INMAN ST,85,45.5,32.6,10274.30002,0.497,0.535294118,,POINT (229720.00389999896 891786.9281000011)
2224,BROADWAY @ FAYETTE ST,95,51.5,31.9,12924.19996,0.491,0.542105263,,POINT (240276.82299999893 891787.4556000009)
2225,BROADWAY @ HIGHLAND AVE,95,60,32.4,14970.1001,0.484,0.631578947,,POINT (227464.48200000077 891800.2252000012)
2226,BROADWAY @ ELLERY ST,95,128.5,33.2,14665.5999,0.49,1.352631579,,POINT (239463.10450000316 891801.5273999982)
2228,BROADWAY @ GALILEO WAY,305,573,20.3,3155.699998,0.45,1.878688525,,POINT (240270.87120000273 891801.8940999992)
2231,MAIN ST @ KENDALL STATION,600,2558.5,28.9,3390.100002,0.57,4.264166667,,POINT (227464.85570000112 891806.3592000008)
2250,MASSACHUSETTS AVE @ DANIELS S,603,310.1,43.9,4001.800004,0.457,0.514262023,,POINT (238949.6325000003 891825.3643999994)
2251,MASSACHUSETTS AVE @ APPLETON,613,1043.7,43.9,4001.800004,0.457,1.702610114,,POINT (228007.18720000237 891832.9822999984)
2252,MASSACHUSETTS AVE @ QUINCY ST,613,687.1,43.9,4001.800004,0.457,1.120880914,,POINT (228007.18720000237 891832.9822999984)
2254,MASSACHUSETTS AVE @ MENOTOMY,613,624.2,39.5,4699.200002,0.49,1.018270799,,POINT (238952.6849000007 891841.3590000011)
2255,MASSACHUSETTS AVE @ MT VERNON,613,464.5,39.5,4699.200002,0.49,0.757748777,,POINT (235719.34329999983 891844.125)
2256,MASSACHUSETTS AVE @ LOCKELAND,613,970.8,38.3,2758.900003,0.458,1.583686786,,POINT (240103.73870000243 891848.6911000013)
2257,MASSACHUSETTS AVE @ NEWMAN WA,613,800.7,38.3,2758.900003,0.458,1.306199021,,POINT (235721.03670000285 891852.0399000011)
2258,MASSACHUSETTS AVE @ ACADEMY S,733,770.2,56.2,3739.899996,0.443,1.050750341,,POINT (240084.45539999753 891854.5489000008)
2259,MASSACHUSETTS AVE @ PEG SPENG,733,786.3,56.2,3739.899996,0.443,1.07271487,,POINT (239533.807099998 891858.5373000018)
2260,MASSACHUSETTS AVE @ BROADWAY,781,2070.3,40.1,6271.899994,0.474,2.650832266,,POINT (221656.9774999991 891864.8652999997)
2261,MASSACHUSETTS AVE @ AVON PL,781,441.4,40.1,6271.899994,0.474,0.565172855,,POINT (233521.9246999994 891868.5247999988)
2262,MASSACHUSETTS AVE @ WYMAN TER,781,363.5,40.1,6271.899994,0.474,0.465428937,,POINT (227597.92149999738 891869.5003000014)
2263,MASSACHUSETTS AVE @ LINWOOD S,781,685.4,40.1,6271.899994,0.474,0.87759283,,POINT (229792.31750000268 891871.2454000004)
2264,260 MASSACHUSETTS AVE,781,832.3,40.6,6117.499973,0.467,1.065685019,,POINT (221657.65169999748 891872.3357000016)
2265,MASSACHUSETTS AVE @ LAKE ST,781,1136.5,38.2,6279.399988,0.448,1.455185659,,POINT (227015.7302000001 891875.8566999994)
2266,MASSACHUSETTS AVE @ MILTON ST,781,674.3,35.9,4800.4,0.499,0.863380282,,POINT (227008.62129999697 891877.7699999996)
2268,MASSACHUSETTS AVE @ MAGOUN ST,613,275.2,34.9,4981.200003,0.513,0.448939641,,POINT (238868.34359999746 891885.5185999982)
2269,MASSACHUSETTS AVE @ COTTAGE P,613,623.6,37.5,7333.300015,0.471,1.017292007,,POINT (231378.9327000007 891887.2815999985)
2270,MASSACHUSETTS AVE @ CEDAR ST,613,584.3,37.5,7333.300015,0.471,0.953181077,,POINT (239141.44910000265 891891.6882000007)
2271,MASSACHUSETTS AVE @ CAMERON A,603,576,34.7,8020.500021,0.478,0.955223881,,POINT (239578.00500000268 891892.1984999999)
2273,MASSACHUSETTS AVE @ CHURCHILL,603,678,37.5,7333.300015,0.471,1.124378109,,POINT (229812.19569999725 891894.2839000002)
2274,MASSACHUSETTS AVE @ GLADSTONE,603,180.1,37.5,7333.300015,0.471,0.2986733,,POINT (239932.65079999715 891900.1295000017)
2275,MASSACHUSETTS AVE @ TEEL ST,784,472.6,35.9,4800.4,0.499,0.602806122,,POINT (231390.4742999971 891904.8770000003)
2276,MASSACHUSETTS AVE @ TROWBRIDG,784,734.7,35.9,4800.4,0.499,0.937117347,,POINT (239913.12799999863 891905.6306999996)
2277,MASSACHUSETTS AVE OPP LAKE ST,784,1055.5,38.2,6279.399988,0.448,1.34630102,,POINT (227697.04670000076 891915.4373999983)
2278,MASSACHUSETTS AVE @ HARLOW ST,784,687.5,40.6,6117.499973,0.467,0.876913265,,POINT (233540.89159999788 891923.2679999992)
2279,MASSACHUSETTS AVE @ FOSTER ST,784,538.2,40.1,6271.899994,0.474,0.686479592,,POINT (239622.7127000019 891925.6671000011)
2280,MASSACHUSETTS AVE @ WYMAN ST,784,473.8,40.1,6271.899994,0.474,0.604336735,,POINT (230754.10220000148 891941.993900001)
2281,MASSACHUSETTS AVE @ FRANKLIN,784,426.8,40.1,6271.899994,0.474,0.544387755,,POINT (227778.51519999653 891943.1878000014)
2282,MASSACHUSETTS AVE @ MEDFORD S,784,2090.3,36.6,4636.799987,0.511,2.66619898,,POINT (239784.51590000093 891943.3275999986)
2283,MASSACHUSETTS AVE @ MYSTIC ST,723,844.4,56.2,3739.899996,0.443,1.16791148,,POINT (227473.93829999864 891946.4213000014)
2284,MASSACHUSETTS AVE @ CENTRAL S,723,729.6,56.2,3739.899996,0.443,1.009128631,,POINT (239728.58839999884 891950.6724999994)
2285,MASSACHUSETTS AVE @ WILLOW CT,603,1044.2,38.3,2758.900003,0.458,1.731674959,,POINT (227474.04879999906 891953.5353000015)
2286,905 MASSACHUSETTS AVE,603,1256.3,38.3,2758.900003,0.458,2.083416252,,POINT (227812.35289999843 891955.0042000003)
2287,MASSACHUSETTS AVE @ PRENTISS,603,328.9,39.5,4699.200002,0.49,0.545439469,,POINT (230734.23910000175 891967.1361999996)
2288,MASSACHUSETTS AVE @ BRATTLE S,603,642.8,39.5,4699.200002,0.49,1.066003317,,POINT (238770.62950000167 891976.2910999991)
2290,MASSACHUSETTS AVE @ HOBBS CT,603,723.9,43.9,4001.800004,0.457,1.200497512,,POINT (231750.7295999974 891999.0879000016)
2291,MASSACHUSETTS AVE OPP APPLETO,603,943,43.9,4001.800004,0.457,1.56384743,,POINT (231750.7295999974 891999.0879000016)
2292,MASSACHUSETTS AVE OPP DANIELS,603,342.6,43.9,4001.800004,0.457,0.568159204,,POINT (228021.19690000266 892024.6493999995)
2293,MASSACHUSETTS AVE @ PARK AVE,603,1024.5,43.9,4001.800004,0.457,1.699004975,,POINT (228026.34359999746 892026.6878000014)
2296,MASSACHUSETTS AVE @ NORRIS ST,613,429.5,34.7,8020.500021,0.478,0.700652529,,POINT (235758.5599000007 892032.5542000011)
2297,MASSACHUSETTS AVE @ HASKELL S,613,525.4,33.6,8182.5,0.506,0.857096248,,POINT (229934.8430000022 892037.0100999996)
2298,MASSACHUSETTS AVE @ RINDGE AV,613,424.7,33.6,8182.5,0.506,0.692822186,,POINT (235256.12139999866 892045.2705999985)
2299,MASSACHUSETTS AVE @ WALDEN ST,843,713.2,31.5,6883.399995,0.485,0.846026097,,POINT (237309.9865999967 897961.8502000012)
2300,MASSACHUSETTS AVE OPP BEECH S,1016,565.9,31.5,6883.399995,0.485,0.556988189,,POINT (237316.91160000116 897962.0755999982)
2304,MASSACHUSETTS AVE @ LINNAEAN,786,807.4,33.6,10768.60001,0.457,1.027226463,,POINT (237410.39400000125 897965.1048999988)
2305,MASSACHUSETTS AVE @ SHEPARD S,786,958.2,33.6,10768.60001,0.457,1.219083969,,POINT (223396.07660000026 901984.4034999982)
2307,MASSACHUSETTS AVE @ WATERHOUS,786,1217.9,24.6,5328.799997,0.467,1.549491094,,POINT (223396.07660000026 901984.4034999982)
2310,MASSACHUSETTS AVE OPP WATERHO,796,1135.1,24.6,5328.799997,0.467,1.426005025,,POINT (226457.92559999973 901992.0439000018)
2312,MASSACHUSETTS AVE @ WENDELL S,796,894.8,24.6,5328.799997,0.467,1.124120603,,POINT (220471.6248999983 902000.0003999993)
2314,MASSACHUSETTS AVE @ EXETER PA,796,640.7,31.6,8558.099983,0.457,0.804899497,,POINT (233181.48420000076 902000.0003999993)
2316,MASSACHUSETTS AVE @ DAVENPORT,1027,1952.6,31.5,6883.399995,0.485,1.901265823,,POINT (233175.5877000019 902003.2646000013)
2318,MASSACHUSETTS AVE OPP WALDEN,844,624.2,31.5,6883.399995,0.485,0.73957346,,POINT (225641.8002000004 902005.811900001)
2319,MASSACHUSETTS AVE OPP RINDGE,603,422.5,34.7,8020.500021,0.478,0.70066335,,POINT (225637.0878000036 902009.9543000013)
2320,MASSACHUSETTS AVE @ DOVER ST,603,647.8,34.7,8020.500021,0.478,1.074295191,,POINT (220489.7025000006 902014.9422999993)
2323,PARK CIRCLE @ PARK AVE,420,91.9,43.1,3182.599998,0.485,0.218809524,,POINT (236464.41960000247 902017.9539999999)
2324,PARK AVE @ WACHUSETT AVE,329,14,43.1,3182.599998,0.485,0.042553191,,POINT (223265.0477000028 902033.762600001)
2326,EAST SERVICE RD @ PARK AVE,379,113.9,45,1116,0.495,0.300527704,,POINT (223258.7703000009 902037.0350000001)
2327,EAST SERVICE RD @ LAMOINE ST,379,3.5,45,1116,0.495,0.009234828,,POINT (221224.13880000263 902039.1684000008)
2328,EAST SERVICE RD @ CLIFTON ST,379,92.9,45,1116,0.495,0.245118734,,POINT (226669.1750999987 902042.7280000001)
2329,EAST SERVICE RD @ RADCLIFFE R,379,26,44.9,1634.200001,0.491,0.068601583,,POINT (243563.7030000016 902043.7503000014)
2331,EAST SERVICE RD @ PLEASANT ST,379,56.9,44.9,1634.200001,0.491,0.150131926,,POINT (232797.62799999863 902043.8425000012)
2332,BRIGHTON ST @ PLEASANT ST,212,57.7,44.3,2767.200002,0.479,0.272169811,,POINT (226677.71940000355 902044.825100001)
2334,BRIGHTON ST @ CROSS ST,212,30.7,44.3,2767.200002,0.479,0.144811321,,POINT (232233.29050000012 902054.6609999985)
2335,BRIGHTON ST @ COOLIDGE RD,212,57.5,42.3,2864.500002,0.492,0.271226415,,POINT (232806.89450000226 902061.193)
2336,BRIGHTON ST @ ELIOT RD,212,48.5,37,4284.9,0.488,0.228773585,,POINT (225583.60119999945 902063.6057999991)
2338,BRIGHTON ST @ HITTINGER ST,212,161.3,43.4,2047.199999,0.488,0.760849057,,POINT (238045.6872999966 902064.5353999995)
2339,BLANCHARD RD @ HAMILTON RD,212,114.3,35.8,2805.600002,0.463,0.539150943,,POINT (232217.01380000263 902064.6473000012)
2340,BLANCHARD RD @ MERRILL AVE,212,29.7,43.4,2047.199999,0.488,0.14009434,,POINT (238332.35369999707 902077.067499999)
2341,BLANCHARD RD OPP MERRILL AVE,208,18.3,43.4,2047.199999,0.488,0.087980769,,POINT (233015.6673000008 902086.8011000007)
2342,BLANCHARD RD @ NORMANDY AVE,208,98.8,35.8,2805.600002,0.463,0.475,,POINT (233015.6673000008 902086.8011000007)
2343,BRIGHTON ST OPP HITTINGER ST,208,191.8,43.4,2047.199999,0.488,0.922115385,,POINT (233384.5780000016 902099.8876999989)
2345,BRIGHTON ST OPP STATLER RD,208,34.8,37,4284.9,0.488,0.167307692,,POINT (226845.4899000004 902107.0333999991)
2346,BRIGHTON ST @ OLIVER RD,208,36.8,42.3,2864.500002,0.492,0.176923077,,POINT (226845.4899000004 902107.0333999991)
2347,CROSS ST @ STAUNTON RD,208,43.7,37,4284.9,0.488,0.210096154,,POINT (234306.3504000008 899852.7668000013)
2349,CROSS ST @ GILMORE RD,208,29.2,37,4284.9,0.488,0.140384615,,POINT (237675.90630000085 899856.8125)
2353,WEST SERVICE RD @ VENNER RD,375,111.2,44.7,2748.200001,0.504,0.296533333,,POINT (225731.65600000322 899859.3390999995)
2354,WEST SERVICE RD @ HIGHLAND AV,375,86.3,45.3,1948.299999,0.478,0.230133333,,POINT (237684.7343999967 899861.6248999983)
2355,WEST SERVICE RD @ PEDESTRIAN,375,46.6,45.1,3086.600006,0.475,0.124266667,,POINT (228775.95059999824 899870.762600001)
2356,WEST SERVICE RD @ HILLCREST S,375,16.9,45.1,3086.600006,0.475,0.045066667,,POINT (222407.64509999752 899871.2725999989)
2357,WEST SERVICE RD @ BELLINGTON,375,29,45.1,3086.600006,0.475,0.077333333,,POINT (235285.5605000034 899872.0804999992)
2358,WEST SERVICE RD @ PARK AVE,375,90.2,45.1,3086.600006,0.475,0.240533333,,POINT (228003.9798000008 899878.637600001)
2359,PARK AVE @ CEDAR AVE,325,27.3,45.1,3086.600006,0.475,0.084,,POINT (227966.6372999996 899880.9233000018)
2360,PARK AVE OPP WACHUSETT AVE,325,3,43.1,3182.599998,0.485,0.009230769,,POINT (233663.3197999969 901744.7952000014)
2361,PARK CIRCLE @ EASTERN AVE,420,106.9,45,4119.90001,0.465,0.25452381,,POINT (221573.23369999975 901746.0938000008)
2362,MEDFORD ST @ MASSACHUSETTS AV,606,2333.2,36.6,4636.799987,0.511,3.850165017,,POINT (225917.72299999744 901761.936900001)
2363,MEDFORD ST @ LEWIS AVE,303,56.9,42.3,4972.000003,0.46,0.187788779,,POINT (222268.6507000029 901768.9629999995)
2365,MEDFORD ST @ HAMLET ST,303,46.1,46.7,2328.299998,0.432,0.152145215,,POINT (238558.12529999763 901769.1462999992)
2366,MEDFORD ST OPP HAYES ST,303,17.1,46.7,2328.299998,0.432,0.056435644,,POINT (243622.561999999 902376.2501999997)
2367,HIGH ST @ JEROME ST,303,60.5,39.2,4225.3,0.479,0.199669967,,POINT (231198.87200000137 902378.3454000019)
2368,HIGH ST @ MONUMENT ST,303,47.3,39.2,4225.3,0.479,0.156105611,,POINT (234453.2607000023 902390.2201000005)
2369,BOSTON AVE @ HARVARD AVE,383,286.5,39.2,4225.3,0.479,0.748041775,,POINT (234453.2607000023 902390.2201000005)
2370,BOSTON AVE @ HOLTON ST,383,110.7,40.7,4553.600005,0.46,0.289033943,,POINT (228201.7031000033 902394.7503000014)
2371,BOSTON AVE @ ARLINGTON ST,383,206.9,40.7,4553.600005,0.46,0.540208877,,POINT (231215.44070000201 902405.3066999987)
2372,BOSTON AVE @ MYSTIC VALLEY PK,383,252.3,36.7,5307.999997,0.45,0.658746736,,POINT (221676.2798999995 902405.3570999987)
2373,BOSTON AVE @ HARRIS RD,383,256.3,31.9,6240.79999,0.496,0.669190601,,POINT (234319.28869999945 902412.6942000017)
2374,BOSTON AVE @ NORTH ST,383,256.6,31.9,6240.79999,0.496,0.66997389,,POINT (234319.28869999945 902412.6942000017)
2375,BOSTON AVE @ HILLSDALE RD,383,136,31.4,6970.099978,0.494,0.355091384,,POINT (232374.8748999983 902424.5841999985)
2376,BOSTON AVE @ WINTHROP ST,536,561.3,20.9,5499.100004,0.494,1.047201493,,POINT (231184.81920000166 902424.8577000014)
2378,BOSTON AVE @ TUFTS GARAGE,536,579.4,20.9,5499.100004,0.494,1.080970149,,POINT (232369.61670000106 902427.3839000016)
2379,COLLEGE AVE @ BOSTON AVE,536,385.7,20.9,5499.100004,0.494,0.719589552,,POINT (234208.97619999945 902430.3022000007)
2380,COLLEGE AVE @ PROFESSORS ROW,536,366.9,27.4,11292.10005,0.475,0.684514925,,POINT (234188.86410000175 902433.6475999989)
2381,COLLEGE AVE @ POWDER HOUSE SQ,536,192.2,19.9,8888.199994,0.44,0.35858209,,POINT (224743.30479999632 902437.1831)
2385,MEDFORD ST @ CENTRAL ST,182,56.6,32.8,10148.1,0.494,0.310989011,,POINT (224743.30479999632 902437.1831)
2386,MEDFORD ST @ SYCAMORE ST,182,73.3,33.7,7961.900016,0.512,0.402747253,,POINT (233995.3924999982 902467.4552999996)
2388,MEDFORD ST @ SCHOOL ST,182,113.3,33.7,7961.900016,0.512,0.622527473,,POINT (231675.73950000107 902468.3475000001)
2389,PEARL ST @ SKILTON AVE,182,74.7,32.9,12182.29997,0.48,0.41043956,,POINT (237417.68190000206 897965.3321999982)
2390,PEARL ST @ WALNUT ST,182,114.5,35.7,11764.20005,0.517,0.629120879,,POINT (237555.69609999657 897969.6380000003)
2391,PEARL ST @ MCGRATH HWY,182,171.4,35.7,11764.20005,0.517,0.941758242,,POINT (237589.65990000218 897970.8143000007)
2392,CROSS ST @ ALSTON ST,298,25.2,32.3,8256.900021,0.521,0.084563758,,POINT (233349.65579999983 897974.9998999983)
2394,PEARL ST @ CROSS ST,181,211,35.7,11764.20005,0.517,1.165745856,,POINT (233349.65579999983 897974.9998999983)
2395,PEARL ST @ MCGRATH HWY,181,33.7,32,12574.90002,0.536,0.186187845,,POINT (237784.67979999632 897976.6246999986)
2396,PEARL ST @ WALNUT ST,181,132.5,35.7,11764.20005,0.517,0.732044199,,POINT (237804.13220000267 897976.9351999983)
2397,PEARL ST @ BRADLEY ST,181,73.9,32.9,12182.29997,0.48,0.408287293,,POINT (231607.1468999982 897977.6336000003)
2398,MEDFORD ST @ SCHOOL ST,181,114.4,33.7,7961.900016,0.512,0.632044199,,POINT (237914.59359999746 897979.7153999992)
2400,MEDFORD ST @ SYCAMORE ST,181,75.5,33.7,7961.900016,0.512,0.417127072,,POINT (237934.3077000007 897980.1460999995)
2401,MEDFORD ST @ CENTRAL ST,181,53.8,32.8,10148.1,0.494,0.297237569,,POINT (237176.62470000237 897984.0018000007)
2402,MEDFORD ST @ BARTLETT ST,181,63.8,32.8,10148.1,0.494,0.352486188,,POINT (238117.11119999737 897985.3553999998)
2404,MEDFORD ST @ BROADWAY,181,191.7,34,7623.099978,0.501,1.059116022,,POINT (238124.13549999893 897985.5370999984)
2405,COLLEGE AVE @ WARNER ST,550,179.3,19.9,8888.199994,0.44,0.326,,POINT (238291.63970000297 897991.1737000011)
2406,COLLEGE AVE @ DEARBORN RD,550,336.9,27.4,11292.10005,0.475,0.612545455,,POINT (234921.22619999945 897991.1759000011)
2407,COLLEGE AVE @ BOSTON AVE,550,419.3,20.9,5499.100004,0.494,0.762363636,,POINT (234921.22619999945 897991.1759000011)
2408,BOSTON AVE @ TUFTS GARAGE,550,423.6,20.9,5499.100004,0.494,0.770181818,,POINT (238311.6093999967 897991.7683000006)
2410,BOSTON AVE @ WINTHROP ST,550,647.6,20.9,5499.100004,0.494,1.177454545,,POINT (231599.39599999785 897993.2795000002)
2411,BOSTON AVE @ PIGGOTT RD,367,85.5,29,7152.899971,0.498,0.232970027,,POINT (238459.88610000163 897995.572900001)
2412,BOSTON AVE @ NORTH ST,367,279.2,31.4,6970.099978,0.494,0.760762943,,POINT (238479.09950000048 897995.8946000002)
2413,196 BOSTON AVE OPP STOUGHTON,367,231.5,31.9,6240.79999,0.496,0.630790191,,POINT (237161.58829999715 897996.4987999983)
2414,BOSTON AVE @ MYSTIC VALLEY PK,367,171.9,36.7,5307.999997,0.45,0.468392371,,POINT (231978.76470000297 897997.0995999984)
2415,BOSTON AVE @ ARLINGTON ST,367,191.7,45.3,3927,0.475,0.522343324,,POINT (238628.93429999799 898000.5764999986)
2416,BOSTON AVE @ HOLTON ST,367,104.9,40.7,4553.600005,0.46,0.285831063,,POINT (231977.29990000278 898002.3830000013)
2417,BOSTON AVE @ HARVARD AVE,367,234.6,40.7,4553.600005,0.46,0.639237057,,POINT (236843.41619999707 898003.4613999985)
2418,BOSTON AVE @ HIGH ST,367,156.1,39.2,4225.3,0.479,0.425340599,,POINT (238731.47709999979 898003.7635999992)
2419,HIGH ST @ PITCHER AVE,303,46.9,45.7,1318.4,0.492,0.154785479,,POINT (231956.32710000128 898006.4622999988)
2420,HIGH ST @ MYSTIC VALLEY PKWY,303,49,45.7,1318.4,0.492,0.161716172,,POINT (236834.46490000188 898007.8533999994)
2421,MEDFORD ST @ HAYES ST,303,20.1,46.7,2328.299998,0.432,0.066336634,,POINT (233148.18140000105 898011.0615000017)
2422,MEDFORD ST @ WEBCOWET RD,303,25,46.7,2328.299998,0.432,0.082508251,,POINT (231928.07180000097 898014.1442000009)
2424,MEDFORD ST OPP WARREN ST,303,110.3,46.7,2328.299998,0.432,0.364026403,,POINT (235498.4509000033 898027.8425999992)
2425,RINDGE AVE @ RUSSELL FIELD,471,1623.5,38,4066.899999,0.476,3.446921444,,POINT (231474.309799999 898028.3524000011)
2426,RINDGE AVE OPP CLIFTON ST,230,206.1,38,4066.899999,0.476,0.896086957,,POINT (234477.21980000287 898031.4998999983)
2427,RINDGE AVE OPP CLAY ST,230,122.6,35.3,8978.300007,0.453,0.533043478,,POINT (233081.78279999644 898032.2423)
2428,RINDGE AVE @ MIDDLESEX ST,230,162.6,33.6,8182.5,0.506,0.706956522,,POINT (238808.8593999967 898033.9378000014)
2429,RINDGE AVE @ PEMBERTON ST,230,150.5,33.6,8182.5,0.506,0.654347826,,POINT (234683.5477000028 898034.5423000008)
2430,SOMERVILLE AVE @ MASSACHUSETT,230,611.6,31.5,6883.399995,0.485,2.659130435,,POINT (224104.96970000118 898035.4101000018)
2431,SOMERVILLE AVE OPP BEACON TER,230,31.1,30.3,9983.600009,0.475,0.135217391,,POINT (234653.59130000323 898038.376600001)
2432,SOMERVILLE AVE OPP ELM ST,230,60.6,29.4,9849.700057,0.496,0.263478261,,POINT (234273.29779999703 898041.8964000009)
2433,PARK ST @ BEACON ST,230,129.9,30.5,9923.400019,0.497,0.564782609,,POINT (229115.0473999977 898043.0604999997)
2435,BEACON ST @ WASHINGTON ST,230,269.6,30.5,9923.400019,0.497,1.172173913,,POINT (234675.5033000037 898044.810899999)
2436,BEACON ST @ SMITH AVE,230,116.7,29.1,14062.09996,0.487,0.507391304,,POINT (229112.29710000008 898048.1413999982)
2437,BEACON ST @ COONEY ST,230,195,29.7,14834.40002,0.509,0.847826087,,POINT (231793.28859999776 898050.8297000006)
2438,BEACON ST OPP CONCORD AVE,230,153.7,32,10626.79997,0.492,0.66826087,,POINT (230562.0174999982 898051.0359999985)
2439,HAMPSHIRE ST @ INMAN ST,230,477,30,13076.79997,0.483,2.073913043,,POINT (224100.33460000157 898055.9516000003)
2440,PROSPECT ST @ ST MARY RD,432,107.6,31.1,13831.70004,0.513,0.249074074,,POINT (234501.25630000234 898072.1173)
2441,PROSPECT ST @ BROADWAY,432,209.2,32.6,10274.30002,0.497,0.484259259,,POINT (231830.02350000292 898102.4769000001)
2442,PROSPECT ST @ HARVARD ST,577,557.5,31.9,12924.19996,0.491,0.966204506,,POINT (238964.0134000033 898113.7864999995)
2443,PROSPECT ST @ BISHOP ALLEN DR,577,1755.3,31.9,12924.19996,0.491,3.042114385,,POINT (234521.0345999971 898114.7927000001)
2444,WESTERN AVE @ GREEN ST,1504,6986,31.9,14405.60004,0.496,4.644946809,,POINT (233587.3449999988 898114.8913000003)
2446,PROSPECT ST @ BISHOP ALLEN DR,583,1732.7,31.9,12924.19996,0.491,2.972041166,,POINT (231416.09390000254 898120.4666000009)
2447,PROSPECT ST @ HARVARD ST,583,548.2,31.9,12924.19996,0.491,0.940308748,,POINT (237009.91879999638 898121.6941)
2448,PROSPECT ST @ BROADWAY,433,245.3,31.9,12924.19996,0.491,0.566512702,,POINT (231420.7093999982 898122.8768000007)
2449,PROSPECT ST @ GARDNER RD,433,138.5,31.1,13831.70004,0.513,0.319861432,,POINT (236990.76579999924 898123.8491000012)
2451,HAMPSHIRE ST @ CAMBRIDGE ST,231,566.2,30,13076.79997,0.483,2.451082251,,POINT (232866.12259999663 898124.3004000001)
2453,45 BEACON ST,231,331.2,29.7,14834.40002,0.509,1.433766234,,POINT (238973.75829999894 898125.4629999995)
2454,BEACON ST @ CALVIN ST,231,115.1,29.1,14062.09996,0.487,0.498268398,,POINT (231412.26160000265 898125.5837000012)
2455,BEACON ST @ WASHINGTON ST,231,141.6,30.5,9923.400019,0.497,0.612987013,,POINT (236980.50169999897 898125.9100000001)
2457,BEACON ST @ PARK ST,231,116.4,30.5,9923.400019,0.497,0.503896104,,POINT (237004.64079999924 898126.2800000012)
2459,SOMERVILLE AVE @ MOSSLAND ST,231,50.2,29.4,9849.700057,0.496,0.217316017,,POINT (232849.77619999647 898132.3566999994)
2460,SOMERVILLE AVE @ WHITE ST (PO,231,441,31.5,6883.399995,0.485,1.909090909,,POINT (234515.3259000033 898135.9992999993)
2461,RINDGE AVE @ MASSACHUSETTS AV,241,163.2,33.6,8182.5,0.506,0.677178423,,POINT (233599.05399999768 898137.2954000011)
2462,RINDGE AVE OPP MIDDLESEX ST,241,170.2,33.2,9153.799969,0.495,0.706224066,,POINT (234521.39019999653 898142.8632000014)
2463,RINDGE AVE @ CLIFTON ST,241,222.6,38,4066.899999,0.476,0.923651452,,POINT (234542.41170000285 898145.9332000017)
2464,WADSWORTH RD @ DOW AVE,470,200.2,43.3,1863.3,0.49,0.425957447,,POINT (224080.5469999984 898146.4921000004)
2465,WADSWORTH RD @ HOMER RD,262,14.7,43.3,1863.3,0.49,0.05610687,,POINT (225262.49700000137 898150.0357999988)
2466,APPLETON ST @ LUBLIN ST,212,23.2,42.6,3740.499995,0.482,0.109433962,,POINT (232165.79999999702 898150.3968999982)
2467,APPLETON ST @ HOMER RD,212,47.9,42.6,3740.499995,0.482,0.225943396,,POINT (225262.58089999855 898150.6369000003)
2468,APPLETON ST @ KIPLING RD,212,20.8,42.6,3740.499995,0.482,0.098113208,,POINT (224079.93720000237 898154.6878999993)
2469,APPLETON ST OPP ELY RD,212,46,42.6,3740.499995,0.482,0.216981132,,POINT (232201.22829999775 898155.7118999995)
2470,WACHUSETT AVE @ DOW AVE,212,46.2,43.6,2948,0.491,0.217924528,,POINT (231420.245099999 898155.9431000017)
2471,WACHUSETT AVE @ FLORENCE AVE,212,61.7,43.6,2948,0.491,0.291037736,,POINT (234122.2466999963 898164.1169000007)
2472,WACHUSETT AVE @ OAKLAND AVE,212,41.2,43.1,3182.599998,0.485,0.194339623,,POINT (239138.10980000347 898170.5309000015)
2473,WACHUSETT AVE @ HILLSIDE AVE,212,22.7,43.1,3182.599998,0.485,0.107075472,,POINT (235160.80470000207 898188.5716000013)
2475,LAKE ST @ PLEASANT ST,287,56.2,37,4284.9,0.488,0.195818815,,POINT (233894.92350000143 893511.5799999982)
2477,LAKE ST @ ALBERT AVE,287,40.7,37,4284.9,0.488,0.141811847,,POINT (228255.55839999765 893512.3819000013)
2478,LAKE ST @ RT 2 EAST ON RAMP,287,38,37,4284.9,0.488,0.132404181,,POINT (227995.71389999986 893514.5995999984)
2482,WEST SERVICE RD @ LAKE ST,287,120.5,43.8,1060.3,0.472,0.419860627,,POINT (227983.12600000203 893518.8768999986)
2483,WACHUSETT AVE @ HILLSIDE AVE,208,36.3,43.1,3182.599998,0.485,0.174519231,,POINT (236522.33730000257 893523.5733999982)
2484,WACHUSETT AVE @ PROSPECT AVE,208,50.8,43.1,3182.599998,0.485,0.244230769,,POINT (231120.5300000012 893525.9583999999)
2485,WACHUSETT AVE @ FLORENCE AVE,208,51.8,43.6,2948,0.491,0.249038462,,POINT (235322.10830000043 893528.5394000001)
2486,WACHUSETT AVE @ APPLETON ST,208,91.4,43.6,2948,0.491,0.439423077,,POINT (231124.42960000038 893530.7415000014)
2487,APPLETON ST @ ELY RD,208,44.8,42.6,3740.499995,0.482,0.215384615,,POINT (228161.0780000016 893539.7501999997)
2488,APPLETON ST @ WOLLASTON AVE,208,31.4,42.6,3740.499995,0.482,0.150961538,,POINT (228161.0780000016 893539.7501999997)
2489,APPLETON ST @ ORTONA ST,208,31.8,43.3,1863.3,0.49,0.152884615,,POINT (236514.78930000216 893541.2160999998)
2490,APPLETON ST @ UDINE ST,208,52.8,42.6,3740.499995,0.482,0.253846154,,POINT (226823.19359999895 893541.6009000018)
2491,APPLETON ST @ LUBLIN ST,208,11.8,42.6,3740.499995,0.482,0.056730769,,POINT (230452.48430000246 893546.375)
2493,SERVICE ROAD WEST @ WATERTOWN,258,83.5,47.3,678.3999999,0.496,0.323643411,,POINT (226809.2071999982 893553.8110000007)
2494,EAST SERVICE RD @ GOLDEN AVE,258,25.3,43.3,1863.3,0.49,0.098062016,,POINT (230458.64599999785 893554.807)
2495,EAST SERVICE RD @ STANDISH RD,258,34.4,43.3,1863.3,0.49,0.133333333,,POINT (235319.84529999644 893563.7928999998)
2510,SOMERVILLE AVE @ UNION SQUARE,377,585.2,32.5,7261.800001,0.509,1.552254642,,POINT (228402.86200000346 893577.3949999996)
2512,25 WEBSTER AVE @ NEWTON ST,272,136.5,32.5,8289.200015,0.477,0.501838235,,POINT (228407.75090000033 893582.3806999996)
2513,WEBSTER AVE @ NORFOLK ST,70,22,31.7,4498.799995,0.517,0.314285714,,POINT (233897.27350000292 893585.4945)
2515,WINDSOR ST @ LINCOLN ST,70,22.5,30,13076.79997,0.483,0.321428571,,POINT (234801.72619999945 893585.7340000011)
2516,WINDSOR ST @ HAMPSHIRE ST,70,31.5,29.2,11629.79997,0.512,0.45,,POINT (234801.72619999945 893585.7340000011)
2518,HAMPSHIRE ST @ PORTLAND ST,180,739.5,30.7,6786.399987,0.505,4.108333333,,POINT (236073.8281000033 893588.2782000005)
2521,HAMPSHIRE ST @ CARDINAL MEDEI,175,602.5,30.7,6786.399987,0.505,3.442857143,,POINT (229798.8772 893589.3608999997)
2524,HAMPSHIRE ST @ UNION ST,65,25,31.1,13831.70004,0.513,0.384615385,,POINT (226073.77589999884 893590.0419999994)
2525,COLUMBIA ST @ CAMBRIDGE ST,175,527.5,30,13076.79997,0.483,3.014285714,,POINT (226073.77589999884 893590.0419999994)
2528,WEBSTER AVE @ PROSPECT ST,65,51.5,31.7,4498.799995,0.517,0.792307692,,POINT (229803.42840000242 893594.2003000006)
2531,PROSPECT ST @ UNION SQ,312,859.2,32.8,5616.099997,0.53,2.753846154,,POINT (224157.99960000068 899881.0346000008)
2545,WASHINGTON ST @ DANE ST,355,458.9,30.5,9923.400019,0.497,1.292676056,,POINT (222445.78980000317 899884.4455000013)
2546,WASHINGTON ST @ BEACON ST,355,822.1,30.5,9923.400019,0.497,2.315774648,,POINT (232248.8553000018 899887.1730000004)
2547,KIRKLAND ST OPP TROWBRIDGE ST,355,397.8,32,8125.600018,0.493,1.12056338,,POINT (228824.6699000001 899891.25)
2548,KIRKLAND ST @ KIRKLAND PLACE,355,890.8,26.8,9303.60003,0.452,2.509295775,,POINT (234555.5068999976 899892.678199999)
2550,JFK ST @ ELIOT ST,1028,2910,21.4,21227.19993,0.516,2.8307393,,POINT (228554.1972000003 899893.5014999993)
2551,N HARVARD ST @ GATE 2 HARVARD,1028,1183.8,28.5,2244.600001,0.522,1.15155642,,POINT (235719.08789999783 899895.9457999989)
2553,N HARVARD ST @ S CAMPUS DR,1028,1403.4,28.5,2244.600001,0.522,1.365175097,,POINT (228673.51519999653 899896.8753999993)
2554,N HARVARD ST @ FRANKLIN ST,673,2232.4,30.2,5586.099992,0.552,3.317087667,,POINT (228658.09420000017 899898.0927999988)
2555,N HARVARD ST @ COOLIDGE RD,673,1250.2,30.2,5586.099992,0.552,1.857652303,,POINT (228242.5775000006 899900.5628000014)
2556,N HARVARD ST @ HOOKER ST,673,970.9,30.2,5586.099992,0.552,1.442644874,,POINT (228261.6643999964 899900.8332999982)
2558,N HARVARD ST @ EMPIRE ST,684,1477.7,30.2,5586.099992,0.552,2.160380117,,POINT (235473.12929999828 899902.9013999999)
2559,N HARVARD ST @ OXFORD ST,684,862.4,30.2,5586.099992,0.552,1.260818713,,POINT (233305.0917999968 899904.7578999996)
2560,N HARVARD ST @ KINGSLEY ST,684,1180,30.2,5586.099992,0.552,1.725146199,,POINT (228493.34340000153 899906.7503000014)
2561,N HARVARD ST @ WESTERN AVE,1039,3372.6,28.5,2244.600001,0.522,3.246005775,,POINT (228506.51519999653 899906.8128000014)
2564,N HARVARD ST OPP HARVARD STAD,1039,1268.9,28.5,2244.600001,0.522,1.221270452,,POINT (222617.09619999677 899909.3513999991)
2565,16 ELIOT ST,1039,8796.6,38.9,4239.9,0.486,8.46641001,,POINT (237708.62849999964 899912.5874000005)
2567,QUINCY ST @ KIRKLAND ST,355,1090.7,26.8,9303.60003,0.452,3.072394366,,POINT (232988.63139999658 899918.4156000018)
2568,KIRKLAND ST @ IRVING ST,355,267.8,34.8,6369.600004,0.477,0.754366197,,POINT (222560.77639999986 899919.4008000009)
2570,WASHINGTON ST @ BEACON ST,355,796,30.5,9923.400019,0.497,2.242253521,,POINT (228557.25129999965 899920.1224999987)
2571,WASHINGTON ST @ CALVIN ST,355,461.6,30.5,9923.400019,0.497,1.30028169,,POINT (223083.7255000025 899920.3977000006)
2574,51 BOW ST,135,490,32.5,7261.800001,0.509,3.62962963,,POINT (223103.4679000005 899926.4156000018)
2575,BROADWAY @ GARRISON AVE,668,566.1,29,10882.59995,0.47,0.84745509,,POINT (228909.70080000162 899935.1253000014)
2576,BROADWAY @ WESTON AVE,668,493.1,34.7,7247.399997,0.47,0.738173653,,POINT (228909.70080000162 899935.1253000014)
2577,BROADWAY @ HOLLAND ST,613,709.1,30.6,9423.999981,0.481,1.156769984,,POINT (220823.55680000037 899937.4882000014)
2579,HOLLAND ST @ CAMERON AVE,613,398.2,30.9,10204.2,0.528,0.64959217,,POINT (232140.38319999725 899946.5654999986)
2580,HOLLAND ST @ JAY ST,613,183.1,30.9,10204.2,0.528,0.298694943,,POINT (232895.24009999633 899953.1138999984)
2581,HOLLAND ST @ DOVER ST,613,4123.2,33,6782.999995,0.505,6.726264274,,POINT (225793.186999999 899953.4375)
2582,ELM ST @ CHESTER ST,1405,1763.9,33,6782.999995,0.505,1.25544484,,POINT (220830.75379999727 899956.8816)
2583,ELM ST @ RUSSELL ST,480,157.5,30.8,10417.9,0.536,0.328125,,POINT (226017.38359999657 901694.8957000002)
2584,ELM ST @ BEECH ST,480,149.5,30.8,10417.9,0.536,0.311458333,,POINT (232585.22299999744 901705.4464999996)
2586,ELM ST @ PORTER SQ SHOPPING C,307,933.9,30.3,9983.600009,0.475,3.042019544,,POINT (222372.7126000002 901709.2811000012)
2587,ELM ST @ MOSSLAND ST,307,109.2,30.3,9983.600009,0.475,0.355700326,,POINT (225901.377700001 901711.8016999997)
2588,ELM ST OPP PORTER ST,307,99.7,30.3,9983.600009,0.475,0.3247557,,POINT (232518.04720000178 901712.3585000001)
2589,SOMERVILLE AVE @ SACRAMENTO S,537,472.4,29.4,9849.700057,0.496,0.879702048,,POINT (222366.13970000297 901713.8968000002)
2590,594 SOMERVILLE AVE,537,290.9,31.6,6028.700004,0.471,0.541713222,,POINT (226048.3324000016 901717.3691999987)
2591,SOMERVILLE AVE OPP CENTRAL ST,537,979.1,31.6,6028.700004,0.471,1.823277467,,POINT (236379.33839999884 901725.1206)
2593,SOMERVILLE AVE OPP LORING ST,307,333.5,31.6,6028.700004,0.471,1.086319218,,POINT (221568.4790999964 901727.0115999989)
2594,SOMERVILLE AVE OPP SCHOOL ST,307,791.9,32.5,7261.800001,0.509,2.579478827,,POINT (232634.72659999877 901738.7318999991)
2595,SOMERVILLE AVE @ CARLTON ST,307,286.9,32.5,7261.800001,0.509,0.934527687,,POINT (233663.3197999969 901744.7952000014)
2597,SOMERVILLE AVE OPP STONE AVE,662,1737.1,32.8,5616.099997,0.53,2.624018127,,POINT (231491.6644999981 893319.2725000009)
2598,SOMERVILLE AVE @ LINDEN ST,307,182.1,32.8,5616.099997,0.53,0.593159609,,POINT (230236.51810000092 893319.4868000001)
2599,SOMERVILLE AVE OPP MANSFIELD,307,322.3,32.8,5616.099997,0.53,1.049837134,,POINT (225475.98690000176 893322.2278000005)
2600,MCGRATH HWY @ MEDFORD ST,795,441.2,40.6,1046.600002,0.5,0.554968553,,POINT (225483.34700000286 893322.634300001)
2601,MCGRATH HWY @ TWIN CITY PLAZA,795,1018.3,40.6,1046.600002,0.5,1.280880503,,POINT (225585.7718999982 893332.1653999984)
2605,MCGRATH HWY OPP TWIN CITY PLA,778,718.3,40.6,1046.600002,0.5,0.923264781,,POINT (225585.7718999982 893332.1653999984)
2607,MCGRATH HWY @ POPLAR ST,778,478.4,40.6,1046.600002,0.5,0.614910026,,POINT (221852.5218999982 893337.697900001)
2610,WASHINGTON ST @ WASHINGTON TE,557,134.4,31.8,8760.000013,0.5,0.241292639,,POINT (234317.22659999877 893343.1528999992)
2612,SOMERVILLE AVE @ STONE AVE,968,3145,32.8,5616.099997,0.53,3.248966942,,POINT (235262.95269999653 893354.4998999983)
2613,WASHINGTON ST @ WEBSTER AVE,355,826.4,32.5,8289.200015,0.477,2.327887324,,POINT (225701.94619999826 893354.8892999999)
2615,WASHINGTON ST OPP PARKER ST,355,178,32.5,7261.800001,0.509,0.501408451,,POINT (225708.40869999677 893356.8889000006)
2617,SOMERVILLE AVE @ LORING ST,301,305.2,31.6,6028.700004,0.471,1.013953488,,POINT (230990.25190000236 893361.1077000014)
2618,SOMERVILLE AVE @ CENTRAL ST,532,1030.1,31.6,6028.700004,0.471,1.936278195,,POINT (236610.86840000004 893361.4776000008)
2620,SOMERVILLE AVE @ SPRING ST,532,229.2,31.6,6028.700004,0.471,0.430827068,,POINT (239376.10390000045 893363.2424999997)
2621,SOMERVILLE AVE @ LOWELL ST,532,432.5,29.4,9849.700057,0.496,0.812969925,,POINT (239377.82240000367 893369.3775000013)
2622,ELM ST @ PORTER ST,301,122.6,30.3,9983.600009,0.475,0.40730897,,POINT (235466.3627000004 893372.3795999996)
2623,ELM ST @ CEDAR ST,301,163.9,30.3,9983.600009,0.475,0.544518272,,POINT (231488.18649999797 893373.0051999986)
2625,ELM ST @ HANCOCK ST,301,897.2,30.8,10417.9,0.536,2.980730897,,POINT (237248.07859999686 893375.4464999996)
2626,ELM ST @ SAINT JAMES AVE,484,170,30.8,10417.9,0.536,0.351239669,,POINT (231002.65579999983 893377.0905000009)
2627,ELM ST @ CUTTER AVE,484,263,30.8,10417.9,0.536,0.54338843,,POINT (236602.88560000062 893379.4662999995)
2628,GROVE ST @ HIGHLAND AVE,1414,861.8,30.4,8966.800008,0.506,0.609476662,,POINT (229616.13329999894 893379.9710999988)
2631,HOLLAND ST @ SIMPSON AVE,607,280.2,30.9,10204.2,0.528,0.461614498,,POINT (235409.2541999966 893383.569600001)
2632,HOLLAND ST OPP CAMERON AVE,607,466.3,30.4,7029.900009,0.48,0.768204283,,POINT (235288.46869999915 893395.7501999997)
2634,BROADWAY @ CURTIS ST,662,760,29,10882.59995,0.47,1.148036254,,POINT (235204.7697999999 893429.0573000014)
2635,BROADWAY @ DICKSON ST,662,365.8,30.6,9423.999981,0.481,0.552567976,,POINT (234103.9544999972 893430.7283000015)
2636,BROADWAY @ NORTH ST,207,419.7,32.9,4366.199989,0.458,2.027536232,,POINT (237213.64090000093 893431.9512999989)
2637,CLARENDON HILL BUSWAY,1123,5609.7,38,19472.19987,0.412,4.995280499,,POINT (227330.61140000075 893441.2036999986)
2659,MCGRATH HWY @ ALSTON ST,716,674.1,32.3,8256.900021,0.521,0.941480447,,POINT (225914.4302000031 893452.8946000002)
2660,HIGHLAND AVE @ MEDFORD ST,418,273,39.1,9847.899981,0.493,0.653110048,,POINT (225379.38210000098 893464.5934999995)
2661,HIGHLAND AVE @ WALNUT ST,418,592.4,39.1,9847.899981,0.493,1.41722488,,POINT (225932.2282000035 893465.3526000008)
2662,75 HIGHLAND AVE OPP PUTNAM ST,428,1019.1,33.3,7643.100002,0.479,2.381074766,,POINT (230342.1080000028 893466.174899999)
2664,HIGHLAND AVE @ SCHOOL ST,428,464.8,33.3,7643.100002,0.479,1.085981308,,POINT (230342.1080000028 893466.174899999)
2665,125 HIGHLAND AVE,428,185.7,34.4,9219.000004,0.494,0.433878505,,POINT (229696.48680000007 893472.2404000014)
2666,HIGHLAND AVE @ CENTRAL ST,428,545.1,34.9,8081.799991,0.448,1.273598131,,POINT (225385.28119999915 893473.3126000017)
2667,HIGHLAND AVE @ BENTON RD,428,192.3,35.2,8270.100029,0.5,0.449299065,,POINT (235083.92289999872 893476.7223999985)
2668,HIGHLAND AVE @ LOWELL ST,428,346.3,35.2,8270.100029,0.5,0.80911215,,POINT (229715.1895999983 893493.564199999)
2669,235 HIGHLAND AVE,428,214.1,32.3,9419.000033,0.479,0.500233645,,POINT (235024.34319999814 893499.8955999985)
2670,263 HIGHLAND AVE,428,101.5,30.1,11408.60004,0.467,0.237149533,,POINT (228273.13660000265 893508.2886999995)
2671,HIGHLAND AVE @ CEDAR ST,428,292.5,30,12459.30006,0.473,0.683411215,,POINT (235963.27199999988 893038.7267000005)
2672,HIGHLAND AVE @ CHERRY ST,428,218.4,30,12459.30006,0.473,0.510280374,,POINT (233766.58049999923 893043.7276000008)
2673,HIGHLAND AVE @ WILLOW AVE,428,142,30.4,8966.800008,0.506,0.331775701,,POINT (227608.76060000062 893044.2133999988)
2674,HIGHLAND AVE @ CUTTER AVE,423,216.7,30.4,8966.800008,0.506,0.512293144,,POINT (234738.9192999974 893054.4409000017)
2675,HIGHLAND AVE @ WILLOW AVE,423,153,30.4,8966.800008,0.506,0.361702128,,POINT (239274.29240000248 893057.9604000002)
2676,HIGHLAND AVE @ CHERRY ST,423,230.5,30,12459.30006,0.473,0.544917258,,POINT (234742.98650000244 893059.8106000014)
2677,HIGHLAND AVE @ CEDAR ST,423,291,32.3,9419.000033,0.479,0.687943262,,POINT (227597.37860000134 893061.7280000001)
2678,HIGHLAND AVE @ CONWELL ST,423,88.6,30.1,11408.60004,0.467,0.209456265,,POINT (228675.62470000237 893063.5626000017)
2679,HIGHLAND AVE @ TOWER ST,423,327.1,34.9,8081.799991,0.448,0.773286052,,POINT (229115.51269999892 893063.9453999996)
2680,HIGHLAND AVE @ LOWELL ST,423,222.4,35.2,8270.100029,0.5,0.525768322,,POINT (227100.90380000323 893063.9547000006)
2681,HIGHLAND AVE @ BENTON RD,423,198.4,35.2,8270.100029,0.5,0.469030733,,POINT (228693.7670999989 893064.0260999985)
2682,HIGHLAND AVE @ CENTRAL ST,423,535.3,34.9,8081.799991,0.448,1.265484634,,POINT (239288.79179999977 893085.5892999992)
2683,HIGHLAND AVE @ TRULL LN,423,176.9,34.4,9219.000004,0.494,0.41820331,,POINT (232418.39150000364 893092.9023999982)
2684,HIGHLAND AVE @ SCHOOL ST,423,461.7,34.4,9219.000004,0.494,1.091489362,,POINT (229191.28220000118 893098.9307000004)
2686,HIGHLAND AVE @ VINAL AVE,423,967.7,33.3,7643.100002,0.479,2.287706856,,POINT (233483.34210000187 893103.9127000012)
2687,HIGHLAND AVE @ WALNUT ST,423,640.5,33.3,7643.100002,0.479,1.514184397,,POINT (232453.1031000018 893105.8456999995)
2688,MEDFORD ST @ HIGHLAND AVE,423,281.6,39.1,9847.899981,0.493,0.66572104,,POINT (233489.19389999658 893114.5022)
2689,422 MCGRATH HWY,605,103.2,32.3,8256.900021,0.521,0.170578512,,POINT (227390.2194999978 893129.0868999995)
2690,MEDFORD ST @ WASHINGTON ST,488,611.2,31.8,8760.000013,0.5,1.252459016,,POINT (229276.22089999914 893134.3676999994)
2691,BROADWAY OPP PACKARD AVE,55,31,29.5,11010.49997,0.505,0.563636364,,POINT (234810.3677000031 893136.3187000006)
2692,BROADWAY @ SIMPSON AVE,55,8.5,29.5,11010.49997,0.505,0.154545455,,POINT (233804.76829999685 893136.7272000015)
2693,BROADWAY @ BILLINGHAM ST,55,1.5,29.5,11010.49997,0.505,0.027272727,,POINT (229285.184799999 893137.2272999994)
2695,BROADWAY OPP WARNER ST,563,359.6,27.4,11292.10005,0.475,0.638721137,,POINT (234825.71809999645 893145.9763000011)
2696,BROADWAY @ BAY STATE AVE,563,53.2,30.1,8586.099983,0.486,0.094493783,,POINT (235367.81849999726 893150.7807999998)
2697,BROADWAY @ JOSEPHINE AVE,563,462.5,30.9,11227.49997,0.499,0.821492007,,POINT (235985.5197999999 893151.1402000003)
2698,BROADWAY @ CEDAR ST,563,230.1,31.8,6426.000016,0.498,0.408703375,,POINT (227071.94799999893 893158.7234000005)
2699,BROADWAY @ HINCKLEY ST,563,282.6,31.8,6426.000016,0.498,0.501953819,,POINT (235368.70269999653 893159.3751999997)
2700,BROADWAY @ MEDFORD ST,381,690,34,7623.099978,0.501,1.811023622,,POINT (251419.182599999 893162.3630000018)
2702,BROADWAY @ BARTLETT ST,381,235.6,32.8,10148.1,0.494,0.618372703,,POINT (236678.08420000225 893169.8905000016)
2703,BROADWAY OPP MAIN ST,381,583.7,33.3,9073.099965,0.485,1.532020997,,POINT (227068.10899999738 893171.1251000017)
2704,BROADWAY @ THURSTON ST,695,605.1,33.3,9073.099965,0.485,0.870647482,,POINT (234917.28909999877 893174.4811000004)
2706,BROADWAY @ MARSHALL ST,695,1707.8,33.6,9704.199959,0.541,2.457266187,,POINT (237366.57829999924 893178.3244999982)
2707,BROADWAY @ MONTGOMERY AVE,695,825.1,33.6,9704.199959,0.541,1.187194245,,POINT (251410.8627000004 893180.4442999996)
2710,BROADWAY @ CROSS ST,695,1177.4,32.3,5226.799994,0.528,1.694100719,,POINT (235991.77849999815 893182.3148999996)
2711,BROADWAY @ GLEN ST,812,865.3,31.9,8240.199983,0.523,1.065640394,,POINT (236668.89400000125 893187.2096999995)
2713,BROADWAY @ LINCOLN ST,812,609.3,32.3,5226.799994,0.528,0.750369458,,POINT (230865.04720000178 893200.6363999993)
2714,BROADWAY @ MT VERNON ST,1169,440.7,30.8,13539.89998,0.499,0.376988879,,POINT (230869.00639999658 893205.696800001)
2715,BROADWAY @ BELKNAP ST,662,617.6,34.7,7247.399997,0.47,0.932930514,,POINT (227477.26179999858 893217.4419)
2718,BROADWAY @ AUSTIN ST,782,739.7,32.3,5226.799994,0.528,0.945907928,,POINT (235013.6357000023 893219.5516999997)
2719,BROADWAY @ ILLINOIS AVE,782,710.6,32.3,5226.799994,0.528,0.908695652,,POINT (230171.5156000033 893223.6875)
2721,BROADWAY @ CROSS ST,660,1257.8,32.3,5226.799994,0.528,1.905757576,,POINT (236841.7031000033 897741.6251999997)
2723,BROADWAY @ FELLSWAY W,660,849.7,31.2,7584.900006,0.489,1.287424242,,POINT (230620.54179999977 897743.9272000007)
2725,BROADWAY @ TEMPLE ST,660,1605.6,31.2,7584.900006,0.489,2.432727273,,POINT (233865.32789999992 897744.4732000008)
2726,BROADWAY @ WINTER HILL PLAZA,660,467.2,31.2,11245.59996,0.499,0.707878788,,POINT (225148.54569999874 897751.881099999)
2729,BROADWAY @ MAIN ST,660,1278.6,31.2,11245.59996,0.499,1.937272727,,POINT (230618.34269999713 897752.3035999984)
2731,BROADWAY OPP GLENWOOD RD,376,193.9,32.8,10148.1,0.494,0.515691489,,POINT (234109.14019999653 897753.4068999998)
2733,BROADWAY @ MEDFORD ST,376,729.1,34,7623.099978,0.501,1.939095745,,POINT (236524.91939999908 897760.7950999998)
2734,BROADWAY @ WILLIAM ST,557,200.6,31.8,6426.000016,0.498,0.360143627,,POINT (234108.68580000103 897767.7952999994)
2735,BROADWAY @ ALFRED ST,557,172.1,31.8,6426.000016,0.498,0.308976661,,POINT (235506.40299999714 897768.0888999999)
2736,BROADWAY @ BOSTON AVE,557,394.5,27.4,11292.10005,0.475,0.708258528,,POINT (233539.25500000268 897770.7872000001)
2737,BROADWAY @ PEARSON RD,557,62.2,27.4,11292.10005,0.475,0.111669659,,POINT (234290.34849999845 897774.4919999987)
2738,BROADWAY @ WARNER ST,557,215.3,27.4,11292.10005,0.475,0.386535009,,POINT (234290.34849999845 897774.4919999987)
2740,BROADWAY @ WALKER ST,55,18.5,29.1,8621.499983,0.516,0.336363636,,POINT (236522.68460000306 897775.9164000005)
2741,BROADWAY @ LEONARD ST,55,9,29.5,11010.49997,0.505,0.163636364,,POINT (229180.88899999857 897780.8949000016)
2742,BROADWAY @ MASON ST,55,9.5,29.5,11010.49997,0.505,0.172727273,,POINT (225153.71360000223 897786.6920000017)
2743,BROADWAY @ PACKARD AVE,55,34.5,29.5,11010.49997,0.505,0.627272727,,POINT (229178.92759999633 897788.3663999997)
2745,CROSS ST @ PEARL ST,117,144.9,31.9,8240.199983,0.523,1.238461538,,POINT (236526.0375000015 897788.7421999983)
2746,CROSS ST @ ELLSWORTH ST,117,64.7,31.9,8240.199983,0.523,0.552991453,,POINT (235487.38599999994 897798.8227999993)
2747,CROSS ST @ BROADWAY,117,126.1,31.9,8240.199983,0.523,1.077777778,,POINT (233664.06220000237 897805.9375)
2748,CROSS ST @ BROADWAY,122,143.1,31.9,8240.199983,0.523,1.17295082,,POINT (236121.31139999628 897813.2950000018)
2749,CROSS ST @ OTIS ST,122,88.6,31.9,8240.199983,0.523,0.726229508,,POINT (236121.31139999628 897813.2950000018)
2750,CROSS ST @ PEARL ST,122,167.3,31.9,8240.199983,0.523,1.371311475,,POINT (224155.88539999723 897814.3425000012)
2752,CROSS ST @ FLINT ST,122,3.5,35.7,11764.20005,0.517,0.028688525,,POINT (236459.80170000345 897816.4836999997)
2753,CROSS ST @ AUBURN AVE,122,83.6,32.3,8256.900021,0.521,0.685245902,,POINT (233725.19060000032 897820.8454000019)
2755,GREEN ST @ PEARL ST,807,4004.2,30.4,10017.1,0.521,4.961833953,,POINT (233940.46840000153 897873.1251999997)
2757,CAMBRIDGE ST @ BRIGHTON ST,557,125.4,51,1477,0.506,0.22513465,,POINT (235533.29519999772 897879.3286000006)
2759,WASHINGTON ST @ MT VERNON ST,557,545.6,72.1,394.3999999,0.43,0.979533214,,POINT (225165.46289999783 897888.7115000002)
2761,WASHINGTON ST @ TUFTS ST,667,779.7,72.1,394.3999999,0.43,1.168965517,,POINT (224136.94600000232 897896.8187000006)
2762,WASHINGTON ST @ MCGRATH HWY,557,702.4,31.8,8760.000013,0.5,1.261041293,,POINT (236711.7120999992 897900.3432999998)
2763,WASHINGTON ST @ BOSTON ST,557,310,31.8,8760.000013,0.5,0.556552962,,POINT (236701.94160000235 897903.6405999996)
2773,WASHINGTON ST @ MERRIAM ST,557,382.5,32.8,5616.099997,0.53,0.686714542,,POINT (233861.3649000004 897904.3520999998)
2774,WASHINGTON ST @ MEDFORD ST,557,648.9,32.8,5616.099997,0.53,1.164991023,,POINT (234383.4900000021 897916.674899999)
2776,WASHINGTON ST @ NEW WASHINGTO,667,695.3,72.1,394.3999999,0.43,1.042428786,,POINT (234383.4900000021 897916.674899999)
2777,WASHINGTON ST @ INNER BELT RD,667,624.6,34,9090.599984,0.506,0.936431784,,POINT (233805.2709000036 897921.5012000017)
2778,WASHINGTON ST OPP MYRTLE ST,667,723.8,34,9090.599984,0.506,1.085157421,,POINT (235884.71639999747 897925.9486000016)
2779,CAMBRIDGE ST @ CARTER ST,557,251.4,51,1477,0.506,0.451346499,,POINT (233785.00299999863 897926.8706)
2787,WEST ST @ GWINNETT ST,153,283.4,42,4011.400001,0.463,1.852287582,,POINT (231523.69340000302 897927.0295000002)
2788,243 WEST ST OPP MYOPIA RD,153,31.2,40.8,3221.100002,0.462,0.203921569,,POINT (235878.0631000027 897927.6777999997)
2789,WEST ST @ DEFOREST ST,153,77,40.8,3221.100002,0.462,0.503267974,,POINT (233386.28499999642 897928.5665000007)
2790,347 WEST ST,153,32.1,23.5,2.4,0.571,0.209803922,,POINT (233414.0195999965 897940.9941000007)
2791,403 WEST ST,153,19.1,40.8,3221.100002,0.462,0.124836601,,POINT (233568.8445999995 897944.8453000002)
2792,POPLAR ST @ DEFOREST ST,153,44.7,40.8,3221.100002,0.462,0.292156863,,POINT (233516.71710000187 897947.1105999984)
2793,544 POPLAR ST,153,4.5,40.8,3221.100002,0.462,0.029411765,,POINT (235387.21149999648 897949.1508999988)
2794,POPLAR ST @ BEECH ST,153,202.2,42.2,4339.000007,0.463,1.321568627,,POINT (236518.63440000266 896016.0973000005)
2795,POPLAR ST OPP CORNELL ST,153,139.5,42.2,4339.000007,0.463,0.911764706,,POINT (229494.91340000182 896035.8409999982)
2796,POPLAR ST @ METROPOLITAN AVE,153,127.4,40.2,4546.700011,0.451,0.832679739,,POINT (231812.04439999908 896040.6209000014)
2797,METROPOLITAN AVE @ HILBURN ST,153,55.3,42.2,4339.000007,0.463,0.361437908,,POINT (229494.867399998 896057.4646999985)
2798,154 METROPOLITAN AVE OPP MALV,153,66.8,39.9,4908.499993,0.473,0.436601307,,POINT (233011.6196999997 896081.0874000005)
2800,METROPOLITAN AVE @ KITTREDGE,153,71.1,39.9,4908.499993,0.473,0.464705882,,POINT (233931.6018999964 896084.8634000011)
2801,METROPOLITAN AVE @ KITTREDGE,131,132.5,39.6,5956.700002,0.47,1.011450382,,POINT (234715.7655000016 896087.6875)
2803,METROPOLITAN AVE @ MALVERNA R,131,71.8,39.9,4908.499993,0.473,0.548091603,,POINT (238218.10700000077 896092.3291000016)
2804,METROPOLITAN AVE @ HIGHFIELD,131,50.6,39.9,4908.499993,0.473,0.386259542,,POINT (235672.29050000012 896093.0146999992)
2805,POPLAR ST @ METROPOLITAN AVE,131,123.9,40.2,4546.700011,0.451,0.945801527,,POINT (233023.32180000097 896098.1290999986)
2806,POPLAR ST @ CORNELL ST,131,112.8,42.2,4339.000007,0.463,0.861068702,,POINT (233941.39670000225 896102.4855000004)
2807,POPLAR ST @ BEECH ST,131,198.1,42.2,4339.000007,0.463,1.51221374,,POINT (234723.93079999834 896106.3482999988)
2808,529 POPLAR ST,131,3,40.8,3221.100002,0.462,0.022900763,,POINT (235664.04730000347 896110.2602000013)
2809,575 POPLAR ST OPP DEFOREST ST,131,46.6,40.8,3221.100002,0.462,0.355725191,,POINT (236536.50230000168 896119.4492000006)
2810,POPLAR ST @ WEST ST,131,25.7,40.8,3221.100002,0.462,0.196183206,,POINT (235787.57029999793 896137.1732000001)
2811,338 WEST ST,131,27.7,40.8,3221.100002,0.462,0.211450382,,POINT (235787.57029999793 896137.1732000001)
2812,WEST ST OPP DEFOREST ST,131,48.6,40.8,3221.100002,0.462,0.370992366,,POINT (233165.69380000234 896147.4715999998)
2813,WEST ST @ MYOPIA RD,131,60.7,40.8,3221.100002,0.462,0.463358779,,POINT (233149.70369999856 896174.9160000011)
2814,WEST ST @ SUMMER ST,131,58.2,42,4011.400001,0.463,0.444274809,,POINT (236546.15349999815 896186.1347999983)
2818,OPP 1344 HYDE PARK AVE,873,1624,48.7,3530.499998,0.447,1.860252005,,POINT (225136.34440000355 896218.6334999986)
2819,HYDE PARK AVE @ PINGREE ST,1194,3791.3,48.7,3530.499998,0.447,3.175293132,,POINT (234011.80910000205 896220.7556000017)
2821,MAIN ST @ BUNKER HILL ST,179,75,51,1477,0.506,0.418994413,,POINT (223927.42159999907 896223.1794000007)
2822,MAIN ST @ BALDWIN ST,179,150.4,49.8,10000.1,0.475,0.840223464,,POINT (223930.81610000134 896224.7331000008)
2823,MAIN ST @ MIDDLESEX ST,179,176.3,35.7,16150.40005,0.464,0.984916201,,POINT (225138.11620000005 896227.2813999988)
2824,MAIN ST @ DUNSTABLE ST,179,312.8,35.7,16150.40005,0.464,1.747486034,,POINT (223583.24960000068 896232.0628000014)
2825,MAIN ST @ W SCHOOL ST,179,277.7,35,2944.100004,0.492,1.551396648,,POINT (233114.43860000372 896233.5478999987)
2827,MAIN ST @ HARVARD ST,179,170.9,50.6,9637.500009,0.486,0.954748603,,POINT (224002.91619999707 896241.7690999992)
2829,N WASHINGTON ST @ MEDFORD ST,1876,7819.4,30.7,25147.99979,0.43,4.168123667,,POINT (234771.51049999893 896247.3040000014)
2832,N WASHINGTON ST @ COOPER ST,1734,2742,30.7,25147.99979,0.43,1.581314879,,POINT (224003.245099999 896247.8471000008)
2835,WARREN ST @ WINTHROP ST,180,372.5,49.7,6595.000003,0.503,2.069444444,,POINT (223590.82769999653 896253.2498999983)
2836,WARREN ST @ CHURCH ST,180,257.9,35,2944.100004,0.492,1.432777778,,POINT (234774.11119999737 896267.3449000008)
2837,MAIN ST @ SCHOOL ST,180,189.9,35.7,16150.40005,0.464,1.055,,POINT (234378.5354000032 896275.0084000006)
2838,MAIN ST @ WALKER ST,180,215.3,33.5,14341.30002,0.435,1.196111111,,POINT (233153.99960000068 896279.4376999997)
2839,MAIN ST @ OAK ST,180,133.2,49.8,10000.1,0.475,0.74,,POINT (234380.32580000162 896281.1981000006)
2840,MAIN ST @ BALDWIN ST,180,93.8,49.8,10000.1,0.475,0.521111111,,POINT (236546.2770999968 896286.2027999982)
2841,529 MAIN ST,453,128.1,51,1477,0.506,0.282781457,,POINT (233168.9152000025 896299.7274000011)
2844,BUNKER HILL ST @ MAIN ST,271,62.3,51,1477,0.506,0.229889299,,POINT (235786.08449999988 896304.3192999996)
2845,BUNKER HILL ST @ BALDWIN ST,271,76,49.8,10000.1,0.475,0.280442804,,POINT (236545.9020999968 896305.1328000017)
2846,BUNKER HILL ST @ AUBURN ST,271,78.7,49.8,10000.1,0.475,0.290405904,,POINT (234340.15690000355 896308.2468000017)
2847,BUNKER HILL ST @ CLARKEN CT,271,151.7,49.8,10000.1,0.475,0.559778598,,POINT (235810.47519999743 896343.1781000011)
2848,BUNKER HILL ST @ SULLIVAN ST,271,324.2,34,17099.90001,0.445,1.196309963,,POINT (231867.504900001 896350.000500001)
2849,BUNKER HILL ST @ GREEN ST,271,623.4,33.5,14943.50012,0.467,2.300369004,,POINT (234081.2153000012 896355.9930999987)
2850,BUNKER HILL ST @ CONCORD ST,276,919.8,50,25611.7002,0.486,3.332608696,,POINT (225162.6746999994 896357.6198999994)
2851,BUNKER HILL ST @ FERRIN ST,276,902.5,50.1,11803.49998,0.486,3.269927536,,POINT (233110.2248999998 896363.4930999987)
2852,BUNKER HILL ST @ VINE ST,176,715.1,50.1,11803.49998,0.486,4.063068182,,POINT (234087.78390000015 896374.7862000018)
2853,BUNKER HILL ST @ LOWNEY WAY,176,198,50.1,11803.49998,0.486,1.125,,POINT (225166.27660000324 896377.9756999984)
2854,ADAMS ST @ LOWNEY WAY,176,69.1,49.7,6595.000003,0.503,0.392613636,,POINT (235870.28279999644 896378.7609999999)
2855,PARK ST @ WARREN ST,176,102.6,49.7,6595.000003,0.503,0.582954545,,POINT (234785.79980000108 896381.125599999)
2860,VINE ST @ MOULTON ST,273,1370.1,50.1,11803.49998,0.486,5.018681319,,POINT (233120.7753000036 896383.2782999985)
2861,121 BUNKER HILL ST OPP LEXING,273,1145.9,32.4,19949.39994,0.437,4.197435897,,POINT (235850.2624000013 896383.7584999986)
2862,BUNKER HILL ST @ POLK ST,273,1477,50,25611.7002,0.486,5.41025641,,POINT (231886.98669999838 896388.8843999989)
2863,BUNKER HILL ST @ PEARL ST,273,283.6,33.5,14943.50012,0.467,1.038827839,,POINT (237905.41420000046 896394.8891000003)
2864,BUNKER HILL ST @ SACKVILLE ST,273,118.5,34,17099.90001,0.445,0.434065934,,POINT (237898.94370000064 896397.7782999985)
2865,BUNKER HILL ST @ N MEAD ST,273,107.6,49.8,10000.1,0.475,0.394139194,,POINT (234788.4224999994 896399.9265000001)
2866,BUNKER HILL ST @ ST MARTIN ST,273,110.7,49.8,10000.1,0.475,0.405494505,,POINT (233242.7597000003 896400.5100000016)
2867,BUNKER HILL ST @ MEDFORD ST,273,49.7,51,1477,0.506,0.182051282,,POINT (233261.58839999884 896424.9693999998)
2875,MYSTIC AVE @ NORTH UNION ST,242,27.5,30.9,2470.3,0.488,0.113636364,,POINT (235767.71970000118 896425.3390999995)
2879,MYSTIC AVE @ TEMPLE RD,242,317.5,31.2,7584.900006,0.489,1.311983471,,POINT (235738.64299999923 896441.756099999)
2880,MYSTIC AVE @ SHORE DR,242,346.8,31.7,9577.199987,0.454,1.433057851,,POINT (236541.66459999979 896462.5542000011)
2883,MYSTIC AVE @ FULBRIGHT ST,242,113.2,33.5,965.9999993,0.502,0.467768595,,POINT (234106.26139999926 896480.127799999)
2884,MYSTIC AVE OPP HARVARD ST,242,52,34.7,6188.900023,0.483,0.214876033,,POINT (234452.97839999944 896486.5082999989)
2885,MYSTIC AVE OPP BILLINGS AVE,242,92.4,34.7,6188.900023,0.483,0.381818182,,POINT (229615.2343999967 896489.2100999989)
2886,MYSTIC AVE @ REARDON RD,242,84.4,35.4,3508.399998,0.473,0.348760331,,POINT (237696.61050000042 896490.4560999982)
2887,MYSTIC AVE @ JAMES ST,242,55.9,35.4,3508.399998,0.473,0.230991736,,POINT (237693.98809999973 896491.6827999987)
2889,MYSTIC AVE @ COLUMBIA RD,235,55.2,35.4,3508.399998,0.473,0.234893617,,POINT (234470.1665999964 896493.0311999992)
2890,MYSTIC AVE OPP REARDON RD,235,51.3,35.4,3508.399998,0.473,0.218297872,,POINT (229605.81710000336 896496.2138999999)
2891,MYSTIC AVE @ WHYTE ST,235,94.6,33.5,965.9999993,0.502,0.402553191,,POINT (224056.7651000023 896502.9373999983)
2892,MYSTIC AVE @ BILLINGS AVE,235,89.9,34.7,6188.900023,0.483,0.382553191,,POINT (223701.09359999746 896508.125)
2893,MYSTIC AVE @ GOLDEN AVE,235,45.4,33.5,965.9999993,0.502,0.193191489,,POINT (224062.39029999822 896508.8035000004)
2894,MYSTIC AVE @ BONNER AVE,235,288.5,33.5,965.9999993,0.502,1.227659574,,POINT (234114.25110000372 896532.1981999986)
2895,OPP 326 MYSTIC AVE,235,39.8,33.8,4304.500001,0.457,0.169361702,,POINT (235981.0776000023 896533.4217000008)
2896,MYSTIC AVE OPP FULBRIGHT ST,235,56.6,33.8,4304.500001,0.457,0.240851064,,POINT (223685.42559999973 896534.9138000011)
2897,MYSTIC AVE @ MORELAND ST,235,90.9,31.7,9577.199987,0.454,0.386808511,,POINT (237573.29439999908 896546.6312999986)
2898,MYSTIC AVE @ MYSTIC APARTMENT,235,90.9,31.7,9577.199987,0.454,0.386808511,,POINT (237567.438000001 896549.1686999984)
2899,MYSTIC AVE OPP SHORE DR,235,394.6,31.7,9577.199987,0.454,1.679148936,,POINT (236540.5577000007 896551.9829999991)
2900,MYSTIC AVE @ TEMPLE RD,235,265.4,31.2,7584.900006,0.489,1.129361702,,POINT (235980.0658000037 896558.8016000018)
2901,MYSTIC AVE @ WHEATLAND ST,235,154.7,31.2,7584.900006,0.489,0.658297872,,POINT (235511.23200000077 896565.242899999)
2902,MYSTIC AVE @ GARFIELD AVE,235,279.4,32.3,5226.799994,0.528,1.18893617,,POINT (237195.92849999666 896727.3520999998)
2904,COLUMBIA RD @ WOLCOTT ST,548,251.8,33,9620.20001,0.444,0.459489051,,POINT (234805.86779999733 896734.4943999983)
2905,BOSTON ST @ ELLERY ST,423,56.5,30.6,3582.000003,0.539,0.13356974,,POINT (236129.14039999992 896736.9378000014)
2906,BOSTON ST OPP WASHBURN ST,423,88.9,28.4,1706.9,0.528,0.210165485,,POINT (234125.1247999966 896749.8126000017)
2907,BOSTON ST @ W HOWELL ST,423,322.3,35,11839.09998,0.527,0.761938534,,POINT (225206.71180000156 896754.568500001)
2908,BOSTON ST OPP HARVEST ST,423,90.8,28.4,1706.9,0.528,0.21465721,,POINT (223836.95279999822 896769.8128000014)
2909,BOSTON ST OPP MAYHEW ST,423,378.8,33.3,10011.30002,0.521,0.895508274,,POINT (236138.39019999653 896770.0001999997)
2910,COLUMBIA RD @ DUDLEY ST,960,3525.4,32.7,13831.6,0.488,3.672291667,,POINT (236138.39019999653 896770.0001999997)
2911,COLUMBIA RD @ BIRD ST,548,1189.5,35.2,6916.400003,0.539,2.170620438,,POINT (223844.77000000328 896771.4745000005)
2912,COLUMBIA RD @ GLENDALE ST,548,805.5,31.7,9811.7,0.466,1.469890511,,POINT (225207.28830000013 896774.1638999991)
2913,COLUMBIA RD @ QUINCY ST,548,1662.3,27.8,7684.599974,0.423,3.033394161,,POINT (236535.78230000287 896774.621100001)
2914,COLUMBIA RD @ HAMILTON ST,548,886.6,27.8,7684.599974,0.423,1.617883212,,POINT (236977.36580000073 896774.7701999992)
2915,COLUMBIA RD OPP WYOLA PL,548,977.2,31.1,10319.59998,0.439,1.783211679,,POINT (234125.1247999966 896776.3126999997)
2916,COLUMBIA RD @ DEVON ST,548,699.2,30.1,9883.500048,0.442,1.275912409,,POINT (236520.81840000302 896776.7868000008)
2918,COLUMBIA RD @ GENEVA AVE,548,1152.9,30.1,9883.500048,0.442,2.103832117,,POINT (232097.04249999672 896782.5676999986)
2919,COLUMBIA RD @ WASHINGTON ST,548,2885.3,30.6,8449.19997,0.423,5.265145985,,POINT (233540.6529000029 896785.068500001)
2920,COLUMBIA RD @ SEAVER ST,548,655.2,35.4,14685.80004,0.439,1.195620438,,POINT (233545.19669999927 896789.8071000017)
2922,GLEN LN @ BLUE HILL AVE,558,916.7,20.4,1337.3,0.412,1.642831541,,POINT (236551.37460000068 896793.2501999997)
2923,OLD RD @ ELLINGTON ST,548,2509.4,33,9620.20001,0.444,4.57919708,,POINT (236535.55879999697 896794.8698000014)
2924,COLUMBIA RD @ SEAVER ST,548,392.8,35.1,9335.49998,0.442,0.716788321,,POINT (232107.6520999968 896802.8328999989)
2925,COLUMBIA RD @ WASHINGTON ST,548,2936.4,30.6,8449.19997,0.423,5.358394161,,POINT (224030.49009999633 896806.8762999997)
2926,185 COLUMBIA RD,548,1037.2,30.1,9883.500048,0.442,1.89270073,,POINT (234822.1247999966 896821.0625)
2928,COLUMBIA RD @ DEVON ST,548,684,30.1,9883.500048,0.442,1.248175182,,POINT (235264.22160000354 896840.940200001)
2929,COLUMBIA RD @ INTERVALE ST,548,1017.7,31.1,10319.59998,0.439,1.857116788,,POINT (235262.45589999855 896859.2223999985)
2930,COLUMBIA RD @ HAMILTON ST,548,653.2,32.1,10157.39998,0.488,1.191970803,,POINT (224208.99859999865 896860.3592999987)
2931,COLUMBIA RD @ QUINCY ST,548,1504.3,32.1,10157.39998,0.488,2.745072993,,POINT (224500.13579999655 896863.3095000014)
2932,COLUMBIA RD @ GLENDALE ST,548,743.3,33.7,11714.89999,0.49,1.356386861,,POINT (224205.45220000297 896866.2633999996)
2933,COLUMBIA RD @ STOUGHTON ST,951,1934.6,35.2,6916.400003,0.539,2.034279706,,POINT (234453.39130000025 896867.4532000013)
2934,COLUMBIA RD @ ANNABEL ST,951,1073.7,35.2,6916.400003,0.539,1.129022082,,POINT (234466.30039999634 896870.3555999994)
2935,COLUMBIA RD @ MASSACHUSETTS A,515,422.8,32.7,11135.29998,0.502,0.820970874,,POINT (231974.40359999985 896872.4136999995)
2936,MYSTIC AVE @ I 93 UNDERPASS,242,182.6,30.9,2470.3,0.488,0.754545455,,POINT (231974.40359999985 896872.4136999995)
2937,BOSTON ST @ MAYHEW ST,420,299.7,33.3,10011.30002,0.521,0.713571429,,POINT (226564.0697999969 896875.7883000001)
2938,BOSTON ST @ DORSET ST,420,164.4,28.4,1706.9,0.528,0.391428571,,POINT (233642.14670000225 896886.7912000008)
2939,BOSTON ST @ HOWELL ST,420,370.4,35,11839.09998,0.527,0.881904762,,POINT (233648.84350000322 896893.1873999983)
2940,BOSTON ST @ RAWSON ST,420,45.7,28.4,1706.9,0.528,0.108809524,,POINT (236534.17650000006 896896.2072999999)
2941,WATERTOWN ST @ PEACOCK FARM R,50,15.5,47.3,678.3999999,0.496,0.31,,POINT (236170.04930000007 896918.6585000008)
2943,48 PLEASANT ST,50,5.5,47.3,678.3999999,0.496,0.11,,POINT (234852.0623999983 896931.6878000014)
2944,PLEASANT ST OPP FERN ST,50,24,47.3,678.3999999,0.496,0.48,,POINT (232223.56409999728 896932.4913999997)
3019,HANCOCK ST OPP GLOVER AVE,126,44.8,38.9,5305.499996,0.526,0.355555556,,POINT (227393.3625999987 896934.3583000004)
3020,HANCOCK ST @ BILLINGS RD,126,99,38.9,5305.499996,0.526,0.785714286,,POINT (225216.18249999732 896934.5236000009)
3022,HANCOCK ST OPP ALBION RD,126,112.7,40.1,5416.400009,0.483,0.894444444,,POINT (236175.72670000046 896940.8535000011)
3023,HANCOCK ST @ LINDEN ST,126,59.6,40.1,5416.400009,0.483,0.473015873,,POINT (232258.21069999784 896945.7371000014)
3024,HANCOCK ST @ CHESTER ST,126,0.5,45.7,5696.199989,0.507,0.003968254,,POINT (233104.68909999728 896946.2991999984)
3025,HANCOCK ST @ WOODBINE ST,126,44.5,40.1,5416.400009,0.483,0.353174603,,POINT (229839.8540999964 896948.8431000002)
3026,HANCOCK ST @ BEALE ST,126,76.5,45.7,5696.199989,0.507,0.607142857,,POINT (231524.57299999893 893611.3273999989)
3027,HANCOCK ST @ WENTWORTH RD,146,147.5,38,6384.199997,0.483,1.010273973,,POINT (236082.10909999907 893626.4759000018)
3028,757 HANCOCK ST,146,0.5,47.6,4477.999997,0.484,0.003424658,,POINT (234684.38379999995 893632.8123000003)
3029,HANCOCK ST @ CLAY ST,146,21.4,47.6,4477.999997,0.484,0.146575342,,POINT (230473.09640000015 893637.1878000014)
3031,HANCOCK ST @ SAINT ANNS RD,151,185.9,40.4,875.9000002,0.475,1.231125828,,POINT (230473.09640000015 893637.1878000014)
3032,HANCOCK ST @ CARRUTH ST,151,32.5,47.6,4477.999997,0.484,0.215231788,,POINT (225508.99620000273 893641.5661999993)
3033,HANCOCK ST @ FURNACE BROOK PK,151,13.9,36.5,5862.799993,0.483,0.09205298,,POINT (234656.27660000324 893643.617899999)
3034,HANCOCK ST OPP BUTLER RD,151,78.8,36.5,5862.799993,0.483,0.521854305,,POINT (231215.4829000011 893648.192499999)
3035,HANCOCK ST OPP MERRYMOUNT RD,151,25.5,36.5,5862.799993,0.483,0.168874172,,POINT (226290.2599999979 893652.8486000001)
3036,HANCOCK ST OPP GREENLEAF ST,151,39.9,36.5,5862.799993,0.483,0.264238411,,POINT (226284.6673000008 893656.8682000004)
3038,1250 HANCOCK ST,794,926.1,33.7,3269.600001,0.507,1.166372796,,POINT (236206.34340000153 894290.0001999997)
3041,HANCOCK ST @ GREENLEAF ST,144,39.8,33.7,3269.600001,0.507,0.276388889,,POINT (234079.48170000315 894309.8095999993)
3042,HANCOCK ST @ MERRYMOUNT RD,144,17.4,36.5,5862.799993,0.483,0.120833333,,POINT (224575.82769999653 894310.1248999983)
3043,HANCOCK ST @ BUTLER RD,144,89.5,36.5,5862.799993,0.483,0.621527778,,POINT (224575.82769999653 894310.1248999983)
3045,HANCOCK ST OPP GILMORE ST,144,39.3,47.6,4477.999997,0.484,0.272916667,,POINT (225861.19829999655 894316.4147999994)
3046,HANCOCK ST OPP SAINT ANNS RD,144,90.4,47.6,4477.999997,0.484,0.627777778,,POINT (232810.1894999966 894326.3238000013)
3047,HANCOCK ST OPP STANDISH AVE,144,23.8,47.6,4477.999997,0.484,0.165277778,,POINT (225831.31120000035 894338.7752999999)
3048,HANCOCK ST @ FENNO ST,144,24.4,47.6,4477.999997,0.484,0.169444444,,POINT (232780.21369999647 894346.1414999999)
3049,HANCOCK ST @ MERRYMOUNT AVE,144,71.2,47.6,4477.999997,0.484,0.494444444,,POINT (240422.58460000157 894368.3832999989)
3050,HANCOCK ST @ BASS ST,124,62.7,47.6,4477.999997,0.484,0.505645161,,POINT (225123.69179999828 895186.0877999999)
3051,HANCOCK ST @ BEACH ST,124,62.7,45.7,5696.199989,0.507,0.505645161,,POINT (231726.61289999634 895187.3445000015)
3052,HANCOCK ST @ WILLET ST,124,35,40.1,5416.400009,0.483,0.282258065,,POINT (232369.0724999979 895192.8286999986)
3054,HANCOCK ST OPP LINDEN ST,124,68.5,40.1,5416.400009,0.483,0.552419355,,POINT (234025.7656000033 895215.8125)
3055,HANCOCK ST @ ALBION RD,124,110.2,40.1,5416.400009,0.483,0.888709677,,POINT (234002.45049999654 895220.8528999984)
3057,HANCOCK ST @ BILLINGS RD,144,99.7,36.9,7334.49999,0.493,0.692361111,,POINT (234268.16350000352 895237.5390999988)
3058,HANCOCK ST @ GLOVER AVE,144,47.2,38.9,5305.499996,0.526,0.327777778,,POINT (229144.7302000001 895267.7994999997)
3065,GIBSON ST @ DORCHESTER AVE,403,190.9,34.8,4489.099993,0.505,0.47369727,,POINT (229155.0877000019 895269.8940000013)
3066,GIBSON ST @ ADAMS ST,403,66.9,34.8,4489.099993,0.505,0.166004963,,POINT (236397.40160000324 895273.4056999981)
3067,NEPONSET AVE @ ADAMS ST KING,333,209.8,34.8,4489.099993,0.505,0.63003003,,POINT (234642.35960000008 895275.2027000003)
3068,NEPONSET AVE @ VICTORY RD,260,167.8,35.2,6195.700013,0.471,0.645384615,,POINT (223414.00100000203 895279.1878999993)
3069,NEPONSET AVE @ KING ST,260,170.6,34.7,6585.000014,0.5,0.656153846,,POINT (235784.59269999713 895280.5339000002)
3070,NEPONSET AVE @ S MONROE TER,260,410.7,34.7,6585.000014,0.5,1.579615385,,POINT (223313.82119999826 895286.0122999996)
3071,NEPONSET AVE @ ASHMONT ST,260,196.4,35.1,3311.6,0.476,0.755384615,,POINT (223301.58799999952 895290.1378999986)
3073,NEPONSET AVE OPP TOLMAN ST,333,274,35.1,3311.6,0.476,0.822822823,,POINT (227245.0367999971 895290.182500001)
3075,NEPONSET AVE @ MINOT ST,333,636.2,51.2,1612.7,0.468,1.910510511,,POINT (232442.11900000274 895293.9561999999)
3077,GALLIVAN BLVD @ OPP MARSH ST,221,67,40.6,3890.799991,0.511,0.303167421,,POINT (234314.22730000317 895303.2710000016)
3078,GALLIVAN BLVD @ ROSS RD,356,411,34.9,6241.600017,0.497,1.154494382,,POINT (234940.114699997 895304.5324000008)
3079,ADAMS ST @ MINOT ST,233,216.2,35.5,6754.899989,0.489,0.927896996,,POINT (233897.7656000033 895306.3126000017)
3080,ADAMS ST @ FRANCONIA ST,233,71.1,35.5,6754.899989,0.489,0.305150215,,POINT (234413.9531000033 895313.820700001)
3081,ADAMS ST @ OAKTON AVE.,233,79.3,37.8,7180.299992,0.478,0.340343348,,POINT (233872.44380000234 895315.4166000001)
3082,ADAMS ST @ ASHMONT ST,233,228.6,37.8,7180.299992,0.478,0.98111588,,POINT (221828.75569999963 895316.5386000015)
3083,ADAMS ST OPP MSGR. LYDON WAY,233,60,35.5,6345.499985,0.487,0.25751073,,POINT (232461.0578000024 895319.2586999983)
3084,ADAMS ST OPP LONSDALE ST,233,201.8,34.8,12159.69997,0.471,0.866094421,,POINT (234972.7106000036 895320.3878999986)
3085,ADAMS ST @ KING ST,233,94.9,34.8,12159.69997,0.471,0.407296137,,POINT (221845.9926000014 895326.9688000008)
3086,ADAMS ST @ ELMDALE ST,233,144.3,34.4,12180.89998,0.485,0.619313305,,POINT (231699.78660000116 895327.7762000002)
3087,NEPONSET AVE @ ADAMS ST,160,49.5,34.8,4489.099993,0.505,0.309375,,POINT (235822.43860000372 895328.8502999991)
3088,GIBSON ST @ ADAMS ST,393,47.7,34.8,4489.099993,0.505,0.121374046,,POINT (234396.92440000176 895351.4316999987)
3089,GIBSON ST @ DORCHESTER AVE,393,96.2,39.9,4974.60001,0.505,0.244783715,,POINT (224888.45279999822 895369.2269000001)
3093,ADAMS ST @ ALLEYNE ST,155,60.9,36.5,5862.799993,0.483,0.392903226,,POINT (231103.92059999704 895375.0639999993)
3094,NEWPORT AVE @ FURNACE BROOK P,130,31.5,41.5,2169.600001,0.487,0.242307692,,POINT (224891.0727000013 895375.2043000013)
3096,NEWPORT AVE OPP WILLOW AVE,130,216.7,47.6,4477.999997,0.484,1.666923077,,POINT (231117.49819999933 895376.3933999985)
3106,HIGHLAND AVE @ ELMWOOD AVE,150,52.8,39.8,6721.099982,0.51,0.352,,POINT (235866.58370000124 895386.4257000014)
3107,HIGHLAND AVE @ N CENTRAL AVE,150,66.3,39.8,6721.099982,0.51,0.442,,POINT (235914.41330000013 895388.3590999991)
3108,HIGHLAND AVE @ HOBART AVE,150,23.9,42.8,3645.800005,0.469,0.159333333,,POINT (235870.37250000238 895391.6633000001)
3109,HIGHLAND AVE @ WILSON AVE,150,36.7,42.8,3645.800005,0.469,0.244666667,,POINT (231696.61509999633 895391.9371000007)
3110,WILSON AVE @ BELMONT ST,150,4,42.8,3645.800005,0.469,0.026666667,,POINT (236416.93400000036 895393.8112000003)
3111,WILSON AVE OPP MASCOMA ST,150,7.7,42.8,3645.800005,0.469,0.051333333,,POINT (236418.05879999697 895401.2870000005)
3113,WILSON AVE @ BOWDOIN AVE,150,41.9,44.2,3742.399993,0.478,0.279333333,,POINT (235035.85379999876 895413.5122999996)
3114,WILSON AVE @ HARVARD ST,150,61.6,44.2,3742.399993,0.478,0.410666667,,POINT (231695.57869999856 895415.2069000006)
3115,HARVARD ST @ HAMILTON AVE,150,46.8,42.2,3404.899998,0.454,0.312,,POINT (231440.87470000237 895434.3126000017)
3116,HARVARD ST @ ELLIOT AVE,150,0,44.2,3742.399993,0.478,0,,POINT (234395.34340000153 895436.3249000013)
3117,HARVARD ST @ HOLBROOK RD.,150,80.2,44.2,3742.399993,0.478,0.534666667,,POINT (231483.26129999757 895437.2034999989)
3118,W SQUANTUM ST @ HARVARD ST,156,41.2,38.1,4543.600005,0.502,0.264102564,,POINT (231329.0047999993 895453.6257999986)
3119,W SQUANTUM ST @ BOWDOIN ST,156,9.8,38.1,4543.600005,0.502,0.062820513,,POINT (222014.62269999832 895454.000500001)
3121,W SQUANTUM ST OPP HARRIET AVE,156,67,38.1,4543.600005,0.502,0.429487179,,POINT (223504.4998999983 895457.6873999983)
3122,W SQUANTUN ST OPP DIVISION ST,156,30.5,36.7,4040.300002,0.487,0.195512821,,POINT (235923.7655000016 895459.25)
3123,W SQUANTUM @ SMALL ST,156,2,36.7,4040.300002,0.487,0.012820513,,POINT (223044.26519999653 895460.3748999983)
3124,W SQUANTUM ST @ FARRINGTON ST,156,40.6,38.1,4543.600005,0.502,0.26025641,,POINT (231282.1724999994 895461.2307000011)
3125,NORTH QUINCY BUSWAY,571,2853.1,34.9,3515.699996,0.505,4.996672504,,POINT (223507.10059999675 895462.6686000004)
3126,E SQUANTUM ST @ HANCOCK ST,135,25.1,34.9,3515.699996,0.505,0.185925926,,POINT (222031.8572999984 895465.0502000004)
3128,E SQUANTUM ST @ NEWBURY AVE,135,28.7,34.9,3515.699996,0.505,0.212592593,,POINT (225468.48330000043 895466.4734999985)
3129,E SQUANTUM ST @ FAXON RD.,135,77.5,34.9,3515.699996,0.505,0.574074074,,POINT (225468.48330000043 895466.4734999985)
3131,E SQUANTUM ST @ APPLETON ST,135,75.3,36.4,7253.299986,0.49,0.557777778,,POINT (223030.0276999995 895474.0194999985)
3133,E SQUANTUM ST @ ATLANTIC ST,135,91.3,42.4,5375.500004,0.493,0.676296296,,POINT (223041.21829999983 895477.0625)
3134,E SQUANTUM ST @ OCEAN ST,135,53.3,38.8,4971.100008,0.472,0.394814815,,POINT (235938.09329999983 895480.4376000017)
3135,E SQUANTUM ST OPP DITMAR ST,135,70,38.8,4971.100008,0.472,0.518518519,,POINT (235137.34830000252 895487.4704000019)
3136,E SQUANTUM ST @ HUMMOCK RD,135,141.2,38.8,4971.100008,0.472,1.045925926,,POINT (232594.59359999746 895504.3227999993)
3140,E SQUANTUM ST @ DEERFIELD ST,135,43.3,51.1,1380.100001,0.498,0.320740741,,POINT (232606.30579999834 895520.3702000007)
3141,E SQUANTUM ST @ ESSEX ST,5,3.5,53.2,2058.8,0.453,0.7,,POINT (231679.01529999822 895531.9648000002)
3143,HUCKINS AVE @ E SQUANTUM ST,139,199.1,51.1,1380.100001,0.498,1.432374101,,POINT (222154.15600000322 895536.2628999986)
3144,HUCKINS AVE @ STANDISH RD,139,137.7,46.4,2876.000004,0.46,0.990647482,,POINT (250311.130400002 895539.2157000005)
3145,HUCKINS AVE @ BELLEVUE RD,139,99.2,46.4,2876.000004,0.46,0.713669065,,POINT (222160.84669999778 895539.7085999995)
3147,BELLEVUE RD @ WEGDEWOOD ST,139,43.1,48.8,1694.800001,0.496,0.310071942,,POINT (250310.49960000068 895543.9373999983)
3148,BELLEVUE RD @ STANDISH RD,139,64.8,48.8,1694.800001,0.496,0.46618705,,POINT (234419.49970000237 895548.3123999983)
3149,BELLEVUE RD @ DORCHESTER ST,139,4.4,48.8,1694.800001,0.496,0.031654676,,POINT (233635.8496999964 895554.5958000012)
3150,DORCHESTER ST OPP PRATT RD,139,25.2,53.2,2058.8,0.453,0.181294964,,POINT (231715.97119999677 895564.4362999983)
3151,DORCHESTER ST @ E SQUANTUM ST,139,35.5,53.2,2058.8,0.453,0.255395683,,POINT (236532.55390000343 895584.6420999989)
3152,E SQUANTUM ST OPP ESSEX ST,134,24.7,53.2,2058.8,0.453,0.184328358,,POINT (233621.59420000017 895585.7567999996)
3153,E SQUANTUM ST OPP HEATH ST,134,19.5,53.2,2058.8,0.453,0.145522388,,POINT (236459.9701000005 895589.0584999993)
3157,E SQUANTUM ST OPP HUMMOCK RD,134,142.4,38.8,4971.100008,0.472,1.062686567,,POINT (233639.11299999803 895589.7157000005)
3158,E SQUANTUM @ DITMAR ST,134,0,38.8,4971.100008,0.472,0,,POINT (233642.79839999974 895595.7115999982)
3159,E SQUANTUM ST @ EDGEWORTH RD,134,115.2,38.8,4971.100008,0.472,0.859701493,,POINT (234451.0033000037 895599.0756999999)
3160,E SQUANTUN ST @ ATLANTIC ST,134,108.9,36.4,7253.299986,0.49,0.812686567,,POINT (222739.96869999915 895599.9373999983)
3162,E SQUANTUM ST @ HOLYOKE ST,134,78.4,42.4,5375.500004,0.493,0.585074627,,POINT (236018.3030000031 895602.2058999985)
3164,E SQUANTUM ST @ THOREAU RD,134,84.8,34.9,3515.699996,0.505,0.632835821,,POINT (236451.44370000064 895606.1664000005)
3165,E SQUANTUM ST @ NEWBURY AVE,134,86.9,34.9,3515.699996,0.505,0.648507463,,POINT (235277.7506000027 895608.8370000012)
3167,E SQUANTUM ST @ HANCOCK ST,134,29.1,34.9,3515.699996,0.505,0.217164179,,POINT (235264.4769999981 895618.7868000008)
3168,W SQUANTUM ST OPP FARRINGTON,165,43.4,38.1,4543.600005,0.502,0.263030303,,POINT (236046.70279999822 895619.5628999993)
3170,W SQUANTUM ST @ DIVISION ST,165,34.9,36.7,4040.300002,0.487,0.211515152,,POINT (222733.4530000016 895623.3126999997)
3172,W SQUANTUM ST @ MONTCLAIR AVE,165,69.4,38.1,4543.600005,0.502,0.420606061,,POINT (236054.76529999822 895626.1876000017)
3174,W SQUANTUM ST @ EVANS ST,165,27.1,38.1,4543.600005,0.502,0.164242424,,POINT (234362.7879000008 895634.0262999982)
3175,HARVARD ST @ HOLBROOK RD,159,67.7,42.2,3404.899998,0.454,0.425786164,,POINT (234360.65609999746 895638.7501000017)
3176,DORCHESTER AVE @ HECLA ST,53,29.6,45,6972.09999,0.515,0.558490566,,POINT (232695.0151000023 895642.3126000017)
3177,HARVARD ST @ HAMILTON AVE,159,11.5,42.2,3404.899998,0.454,0.072327044,,POINT (232700.29379999638 895649.1664999984)
3178,HARVARD ST @ WILSON AVE,159,90.7,42.2,3404.899998,0.454,0.570440252,,POINT (222352.38009999692 895659.1409999989)
3179,WILSON AVE @ BOWDOIN ST,159,39.6,44.2,3742.399993,0.478,0.249056604,,POINT (234490.86320000142 895668.8993000016)
3181,WILSON AVE @ MASCOMA ST,159,19.6,42.8,3645.800005,0.469,0.12327044,,POINT (222374.1746999994 895689.4510999992)
3182,WILSON AVE @ HIGHLAND AVE,159,36.4,42.8,3645.800005,0.469,0.228930818,,POINT (229474.85830000043 895701.8500000015)
3184,HIGHLAND AVE @ HOBART ST,159,24.6,42.8,3645.800005,0.469,0.154716981,,POINT (229482.94669999927 895709.6510999985)
3185,HIGHLAND AVE @ N CENTRAL AVE,159,84.2,42.8,3645.800005,0.469,0.529559748,,POINT (233714.98839999735 895717.4662000015)
3186,HIGHLAND AVE @ ELMWOOD AVE,159,56.5,39.8,6721.099982,0.51,0.355345912,,POINT (233718.36110000312 895723.2817000002)
3191,NEWPORT AVE @ BEALE ST,139,48.3,35.5,5414.999981,0.515,0.347482014,,POINT (235438.31220000237 895724.9376000017)
3193,NEWPORT AVE @ LINCOLN AVE,134,22.9,35.5,5414.999981,0.515,0.170895522,,POINT (235417.5753000006 895728.7791999988)
3194,NEWPORT AVE @ WARREN AVE,134,3.7,39.2,3888.400008,0.495,0.02761194,,POINT (236546.64890000224 895729.1063000001)
3195,NEWPORT AVE @ OAKLAND AVE,134,139.4,47.6,4477.999997,0.484,1.040298507,,POINT (231786.4971999973 895734.4092999995)
3196,NEWPORT AVE @ GEORGE RD,134,19.7,47.6,4477.999997,0.484,0.147014925,,POINT (236051.494599998 895736.3293999992)
3197,NEWPORT AVE @ LILLIAN RD,134,2,47.6,4477.999997,0.484,0.014925373,,POINT (234535.0373999998 895744.7826999985)
3198,NEWPORT AVE @ FURNACE BROOK P,134,11,47.6,4477.999997,0.484,0.082089552,,POINT (223655.6543999985 895763.0791999996)
3199,ADAMS ST OPP ALLEYNE ST,159,43.5,36.5,5862.799993,0.483,0.273584906,,POINT (223659.17010000348 895768.9921000004)
3201,ELM AVE @ BRIGGS ST,20,4.5,38,6384.199997,0.483,0.225,,POINT (234385.28670000285 895774.4127000012)
3202,ELM AVE @ GREENE ST,20,0.5,38,6384.199997,0.483,0.025,,POINT (225016.0503000021 895775.4638999999)
3203,ELM AVE @ MARLBORO ST,20,0,38,6384.199997,0.483,0,,POINT (225017.93580000103 895782.0483999997)
3204,ELM AVE @ WILLOW ST,20,4,38,6384.199997,0.483,0.2,,POINT (233752.89909999818 895782.8361000009)
3205,ELM AVE @ E ELM AVE,20,1,32,6038.499995,0.486,0.05,,POINT (234558.60159999877 895786.6356000006)
3206,W ELM AVE @ GOULD ST,20,1,45.7,5696.199989,0.507,0.05,,POINT (236483.7655000016 895798.5001999997)
3207,W ELM AVE OPP MASON ST,20,3,32,6038.499995,0.486,0.15,,POINT (233763.17109999806 895800.5293000005)
3208,W ELM AVE @ FRANKLIN AVE,20,0,32,6038.499995,0.486,0,,POINT (223981.95269999653 895801.1251999997)
3209,W ELM AVE @ BILLINGS RD,20,4,32,6038.499995,0.486,0.2,,POINT (223981.95269999653 895801.1251999997)
3210,BILLINGS RD @ BEACH ST,20,1,32,6038.499995,0.486,0.05,,POINT (233507.46109999716 895802.6414999999)
3211,BILLINGS RD @ VASSAL ST,20,8,32,6038.499995,0.486,0.4,,POINT (233516.18090000004 895811.1832999997)
3212,BILLINGS RD @ APTHORP ST,20,12,36.9,7334.49999,0.493,0.6,,POINT (234382.93860000372 895814.7309000008)
3213,BILLINGS RD @ FRENCH ST,20,10.5,36.9,7334.49999,0.493,0.525,,POINT (231804.74319999665 895819.0582000017)
3214,BILLINGS RD @ FAXON RD,20,5,36.9,7334.49999,0.493,0.25,,POINT (222991.8024000004 895822.174899999)
3215,BILLINGS RD OPP TYLER ST,20,3,36.9,7334.49999,0.493,0.15,,POINT (222991.8024000004 895822.174899999)
3216,BILLINGS RD @ FELTON ST,20,5.5,36.9,7334.49999,0.493,0.275,,POINT (238242.81159999967 895832.0934999995)
3218,HOLMES ST OPP MOSCOW ST,20,0.5,38.9,5305.499996,0.526,0.025,,POINT (222699.05189999938 895837.6796999983)
3219,HOLMES ST @ BILLINGS RD,20,2.5,38.9,5305.499996,0.526,0.125,,POINT (222699.05189999938 895837.6796999983)
3221,BILLINGS RD @ LUNT ST,20,0.5,36.9,7334.49999,0.493,0.025,,POINT (223120.32680000365 895837.9536999986)
3222,BILLINGS RD @ TYLER ST,20,1,36.9,7334.49999,0.493,0.05,,POINT (223100.25349999964 895839.5456000008)
3223,BILLINGS RD @ FREEMAN ST,20,3.5,38.9,5305.499996,0.526,0.175,,POINT (232840.52419999987 895843.443)
3224,BILLINGS RD @ ROYAL ST,20,7,36.9,7334.49999,0.493,0.35,,POINT (232850.942900002 895858.8275999986)
3225,BILLINGS RD @ CALUMET ST,20,4,36.9,7334.49999,0.493,0.2,,POINT (223293.32370000333 895867.0313000008)
3226,BILLINGS RD @ VASSAL ST,20,2,36.9,7334.49999,0.493,0.1,,POINT (223297.5979000032 895872.3445999995)
3227,BILLINGS RD @ BEACH ST,20,1,32,6038.499995,0.486,0.05,,POINT (235565.1256000027 895882.1066000015)
3228,BILLINGS RD @ W ELM AVE,20,8,32,6038.499995,0.486,0.4,,POINT (235901.60890000314 895886.8326000012)
3229,W ELM AVE OPP FRANKLIN AVE,20,0.5,32,6038.499995,0.486,0.025,,POINT (235896.04680000246 895892.0626000017)
3230,W ELM AVE @ MASON ST,20,5.5,32,6038.499995,0.486,0.275,,POINT (235593.5951000005 895908.1345999986)
3231,W ELM AVE @ GOULD ST,20,3.5,32,6038.499995,0.486,0.175,,POINT (233840.2199999988 895929.2905000001)
3232,ELM AVE @ STAUNTON ST,20,0,45.7,5696.199989,0.507,0,,POINT (236504.78400000185 895929.5947999991)
3234,ELM AVE @ MARLBORO ST,20,2.5,38,6384.199997,0.483,0.125,,POINT (231813.81369999796 895939.9059999995)
3235,ELM AVE OPP GREENE ST,20,2.5,38,6384.199997,0.483,0.125,,POINT (234329.0155000016 895950.1248999983)
3236,ELM AVE @ HANCOCK ST,20,5,38,6384.199997,0.483,0.25,,POINT (233368.97929999977 895952.8575999998)
3237,CODDINGTON ST @ WASHINGTON ST,324,211,33.7,3269.600001,0.507,0.651234568,,POINT (234654.9849999994 895952.9690999985)
3239,CODDINGTON ST @ QUINCY YMCA,329,624.2,33.7,3269.600001,0.507,1.897264438,,POINT (233857.85090000182 895958.5976000018)
3240,55 SEA ST,367,68.2,37,1164,0.496,0.185831063,,POINT (234660.84470000118 895965.5636)
3241,SEA ST OPP OVERLOOK RD,367,104.1,44.6,2020.199999,0.485,0.283651226,,POINT (233374.01420000196 895966.691300001)
3242,SEA ST OPP SAMOSET AVE,367,50.8,37,1164,0.496,0.138419619,,POINT (234325.83139999956 895968.4481000006)
3243,227 SEA ST,367,30.7,37,1164,0.496,0.083651226,,POINT (223779.46850000322 895978.120099999)
3244,SEA ST @ BARBOUR TERR,367,33.7,37,1164,0.496,0.091825613,,POINT (225077.97990000248 895978.6849000007)
3245,405 SEA ST,377,80.4,37,1164,0.496,0.213262599,,POINT (223782.53830000013 895983.5480000004)
3246,455 SEA ST,377,64.1,37,1164,0.496,0.170026525,,POINT (223403.1873999983 895991.1253999993)
3247,SEA ST @ BRAINTREE AVE,377,117.7,44.1,2774.199998,0.491,0.312201592,,POINT (225084.41669999808 895998.2168000005)
3248,SEA ST @ PALMER ST,5,0,44.1,2774.199998,0.491,0,,POINT (223412.0217999965 896000.3852000013)
3249,565 SEA ST,372,0.5,44.1,2774.199998,0.491,0.001344086,,POINT (231377.28589999676 897532.3060999997)
3250,SEA ST @ LEE ST,372,16.5,44.1,2774.199998,0.491,0.044354839,,POINT (234034.43580000103 897540.9704000019)
3251,OPP 700 SEA ST,372,6.1,44.1,2774.199998,0.491,0.016397849,,POINT (234838.12349999696 897549.1823000014)
3252,749 SEA ST,372,19,44.1,2774.199998,0.491,0.051075269,,POINT (225189.72389999777 897553.9178000018)
3253,SEA ST @ BABCOCK ST,372,14,46.7,3373.699998,0.489,0.037634409,,POINT (233331.4403000027 897557.3027999997)
3254,SEA ST OPP MANET AVE,372,46.3,46.7,3373.699998,0.489,0.124462366,,POINT (231387.99840000272 897558.261500001)
3255,SEA ST OPP NEWTON ST,372,84,46.7,3373.699998,0.489,0.225806452,,POINT (225186.59139999747 897561.1035000011)
3256,SEA ST OPP MALVERN ST,372,53.7,46.7,3373.699998,0.489,0.144354839,,POINT (234820.64989999682 897565.0593000017)
3257,SEA ST @ ROCKLAND ST,372,192.3,46.7,3373.699998,0.489,0.516935484,,POINT (233198.8051000014 897582.4441)
3258,SEA ST @ DARROW ST,372,28.1,43.5,1780.200001,0.488,0.075537634,,POINT (233211.0874999985 897583.7490999997)
3259,SEA ST @ MANET AVE,372,116.3,43.5,1780.200001,0.488,0.312634409,,POINT (235619.7677000016 897584.2377000004)
3260,SEA ST @ WALL ST,372,210.8,46.2,2469.5,0.495,0.566666667,,POINT (236437.22119999677 897600.9882999994)
3261,SEA ST @ BELL ST,372,119.3,46.2,2469.5,0.495,0.320698925,,POINT (235608.3941999972 897602.3933000006)
3262,SEA ST @ THOMAS ST,372,86.8,46.2,2469.5,0.495,0.233333333,,POINT (232125.1247999966 897607.1878000014)
3265,SEA ST @ FENSMERE AVE,734,268,46.2,2469.5,0.495,0.365122616,,POINT (230837.60100000352 897613.1950999983)
3266,SEA ST @ BAY VIEW AVE,362,53.9,46.2,2469.5,0.495,0.148895028,,POINT (230824.30640000105 897637.574000001)
3267,SEA ST @ WINTHROP ST,362,54.9,46.2,2469.5,0.495,0.151657459,,POINT (234532.57020000368 897640.8222999983)
3268,SEA ST OPP MACY ST,362,31.3,46.2,2469.5,0.495,0.086464088,,POINT (234687.445100002 897641.0953000002)
3269,SEA ST @ MANET AVE,362,101.8,43.5,1780.200001,0.488,0.28121547,,POINT (236453.55569999665 897645.2177000009)
3270,SEA ST OPP DARROW ST,362,12.6,43.5,1780.200001,0.488,0.03480663,,POINT (232085.04649999738 897645.8751000017)
3271,SEA ST @ WINTHROP ST,362,66.8,43.5,1780.200001,0.488,0.184530387,,POINT (233375.9531000033 897649.0628000014)
3272,SEA ST @ MALVERN ST,362,40.9,46.7,3373.699998,0.489,0.112983425,,POINT (236875.6758000031 897653.500500001)
3273,SEA ST @ NEWTON ST,362,74.1,46.7,3373.699998,0.489,0.204696133,,POINT (234371.6127000004 897654.0188000016)
3274,SEA ST @ MANET AVE,362,48.9,46.7,3373.699998,0.489,0.135082873,,POINT (230276.29609999806 897655.4090000018)
3276,SEA ST OPP PETERSON RD,362,0.5,44.1,2774.199998,0.491,0.001381215,,POINT (230267.98889999837 897669.0753999986)
3277,700 SEA ST,362,12.7,44.1,2774.199998,0.491,0.035082873,,POINT (224189.72190000117 897672.5064000003)
3278,SEA ST @ POST ISLAND RD,362,19.3,44.1,2774.199998,0.491,0.053314917,,POINT (234106.47110000253 897698.2437999994)
3279,576 SEA ST,362,16.6,44.1,2774.199998,0.491,0.045856354,,POINT (232063.0446999967 897728.0447000004)
3280,SEA ST @ GANNETT RD,362,343.8,44.1,2774.199998,0.491,0.949723757,,POINT (232063.0446999967 897728.0447000004)
3281,SEA ST @ ALBATROSS RD,362,11,44.1,2774.199998,0.491,0.03038674,,POINT (230818.7602000013 897731.9147999994)
3283,410 SEA ST,362,96.3,37,1164,0.496,0.266022099,,POINT (233457.93710000068 897733.0625)
3284,SEA ST @ ALGONQUIN RD,362,31.6,37,1164,0.496,0.087292818,,POINT (236645.7474000007 897739.1570000015)
3286,SEA ST @ SAMOSET AVE,362,142,37,1164,0.496,0.392265193,,POINT (236841.7031000033 897741.6251999997)
3287,SEA ST @ OVERLOOK RD,362,97.8,37,1164,0.496,0.270165746,,POINT (234844.53390000015 898196.8929000013)
3288,SEA ST @ CEMETERY,362,20.8,44.6,2020.199999,0.485,0.057458564,,POINT (235140.88930000365 898209.4200999998)
3289,CODDINGTON ST @ SOUTHERN ARTE,319,231.5,33.7,3269.600001,0.507,0.725705329,,POINT (232494.58929999918 898211.9851999991)
3290,CODDINGTON ST @ QUINCY HIGH S,319,470.5,33.7,3269.600001,0.507,1.47492163,,POINT (232502.48160000145 898217.9193000011)
3292,PALMER ST @ SEA ST,372,159.9,44.1,2774.199998,0.491,0.42983871,,POINT (237122.50980000198 898222.2804999985)
3295,PALMER ST @ OAKWOOD RD,372,173.6,46,6191.999998,0.469,0.466666667,,POINT (232646.40119999647 898226.818)
3298,PALMER ST @ FORBUSH AVE,372,56.3,37.5,1773.599999,0.471,0.151344086,,POINT (232646.40119999647 898226.818)
3299,PALMER ST OPP BROCKTON AVE,372,78.8,46,6191.999998,0.469,0.211827957,,POINT (233484.77359999716 901023.0414000005)
3300,PALMER ST OPP ROACH ST,372,96.8,46,6191.999998,0.469,0.260215054,,POINT (223639.78440000117 901030.3035000004)
3301,PALMER ST OPP BOWES AVE,372,34.4,46,6191.999998,0.469,0.092473118,,POINT (223633.5 901033.6488000005)
3303,375 PALMER ST,372,1202.9,46,6191.999998,0.469,3.233602151,,POINT (229066.67639999837 901037.8200999983)
3304,PALMER ST @ TAFFRAIL RD,372,577.2,46,6191.999998,0.469,1.551612903,,POINT (233475.78159999847 901038.9794000015)
3305,26 TAFFRAIL RD,372,302.8,46,6191.999998,0.469,0.813978495,,POINT (232049.75450000167 901042.7890999988)
3306,TAFFRAIL RD @ BICKNELL ST,372,251.1,46,6191.999998,0.469,0.675,,POINT (232453.45920000225 901046.928199999)
3307,BICKNELL ST @ O'BRIEN TOWERS,372,52.2,37.5,1773.599999,0.471,0.140322581,,POINT (223449.70000000298 901066.0592)
3308,O'BRIEN TOWERS,372,1153.5,46,6191.999998,0.469,3.100806452,,POINT (236289.50339999795 901067.9847000018)
3310,BICKNELL ST @ BINNACLE LANE,367,81.8,37.5,1773.599999,0.471,0.222888283,,POINT (223423.1849000007 901068.4857000001)
3311,BICKNELL ST @ YARDARM LN,367,220.9,37.5,1773.599999,0.471,0.601907357,,POINT (243618.8822999969 901069.9816000015)
3312,PALMER ST @ SHED ST,367,373.5,37.5,1773.599999,0.471,1.017711172,,POINT (243618.8822999969 901069.9816000015)
3314,PALMER ST @ BOWES AVE,367,15.7,46,6191.999998,0.469,0.042779292,,POINT (219576.15579999983 901072.3126999997)
3315,PALMER ST @ ROACH ST,367,49.7,46,6191.999998,0.469,0.135422343,,POINT (223346.17700000107 901077.4992999993)
3316,PALMER ST @ BROCKTON AVE,367,34.7,46,6191.999998,0.469,0.094550409,,POINT (223297.53559999913 901081.999400001)
3317,PALMER ST @ EMPIRE ST,367,25,46,6191.999998,0.469,0.068119891,,POINT (224510.64360000193 901090.2318999991)
3320,PALMER ST OPP OAKWOOD RD,367,43.5,46,6191.999998,0.469,0.11852861,,POINT (236257.4341999963 901090.7754000016)
3321,PALMER ST OPP WILGUS RD,367,54,46,6191.999998,0.469,0.147138965,,POINT (224527.1208000034 901091.0040000007)
3322,PALMER ST OPP UTICA ST,367,40.6,44.1,2774.199998,0.491,0.110626703,,POINT (236872.05110000074 901101.0795000009)
3323,PALMER ST @ SEA ST,367,44.3,44.1,2774.199998,0.491,0.120708447,,POINT (221475.62110000104 901101.5991000012)
3326,1445 HANCOCK ST,905,789.3,36.5,4078.599998,0.461,0.872154696,,POINT (236922.93609999865 901101.9021000005)
3327,SCHOOL ST @ HANCOCK ST,630,488.8,36.5,4078.599998,0.461,0.775873016,,POINT (225918.04399999976 901103.683699999)
3328,SCHOOL ST OPP GAY ST,630,276.8,35.5,5508.599998,0.49,0.439365079,,POINT (224529.6401000023 901109.125)
3330,FRANKLIN ST @ WATER ST,630,414.5,36.4,3724.200001,0.497,0.657936508,,POINT (225917.23139999807 901111.6440999992)
3331,WATER ST @ PLEASANT ST,209,65.9,36.4,3724.200001,0.497,0.315311005,,POINT (222906.1908000037 901126.6535999998)
3332,WATER ST @ LINCOLN HANCOCK CO,209,121.8,36.9,4077.800002,0.497,0.58277512,,POINT (230595.66319999844 901139.2630000003)
3333,WATER ST @ QUINCY ST,209,123.2,36.4,3724.200001,0.497,0.589473684,,POINT (222832.51529999822 901142.7501000017)
3335,WATER ST @ GORDON TER,209,69.2,36.9,4077.800002,0.497,0.331100478,,POINT (232134.0917999968 901147.1658000015)
3336,COPELAND ST @ GRANITE ST,209,369.7,36.9,4077.800002,0.497,1.768899522,,POINT (233381.53980000317 901157.4921999983)
3337,35 COPELAND ST,209,49.3,36.9,4077.800002,0.497,0.235885167,,POINT (229125.39180000126 901166.8049000017)
3338,COPELAND ST @ BUCKLEY ST,209,178.1,36.9,4077.800002,0.497,0.85215311,,POINT (230566.3532000035 901169.7608999982)
3339,165 COPELAND ST,209,264.6,37,2903.300001,0.486,1.266028708,,POINT (236477.90110000223 901190.8447000012)
3341,COPELAND ST @ FURNACE BROOK P,209,115.4,37,2903.300001,0.486,0.55215311,,POINT (233349.52650000155 898656.5359999985)
3342,COPELAND ST @ CROSS ST,17,2.1,37,2903.300001,0.486,0.123529412,,POINT (225296.33399999887 898658.5249000005)
3343,COPELAND ST OPP FURNACE AVE,209,65,37,2903.300001,0.486,0.311004785,,POINT (228585.57180000097 898660.3656000011)
3344,COPELAND ST @ BADGERS LN,209,85.4,37,2903.300001,0.486,0.40861244,,POINT (233321.7594999969 898664.7366999984)
3345,WILLARD ST @ COPELAND ST,209,142.7,37,2903.300001,0.486,0.68277512,,POINT (238959.58619999886 898666.8586999997)
3347,WILLARD ST OPP CALIFORNIA AVE,209,194.8,37,2903.300001,0.486,0.932057416,,POINT (231195.84870000184 898670.0075999983)
3348,WILLARD ST @ ROGERS ST,209,96,37,2903.300001,0.486,0.459330144,,POINT (234351.52210000157 898673.8762000017)
3349,WILLARD ST @ ROBERTSON ST,209,120.9,37,2903.300001,0.486,0.5784689,,POINT (232272.8655000031 898674.068500001)
3350,ROBERTSON ST @ QUARRY ST,249,167.5,37,2903.300001,0.486,0.672690763,,POINT (237156.36999999732 898675.5379000008)
3351,ROBERTSON ST @ CONNELL ST,249,59.3,44,3795.899999,0.461,0.23815261,,POINT (239134.40619999915 898678.5593999997)
3352,ROBERTSON ST OPP ELLIS ST,249,10.5,44,3795.899999,0.461,0.042168675,,POINT (234359.374499999 898679.4376999997)
3353,ROBERTSON ST @ KIMBALL ST,249,25.2,44,3795.899999,0.461,0.101204819,,POINT (225298.7053000033 898679.8691999987)
3354,ROBERTSON ST @ ADAMS ST,249,218.6,44,3795.899999,0.461,0.877911647,,POINT (237130.05590000004 898698.3365999982)
3356,ADAMS ST @ WASHINGTON ST,254,94.6,42.2,2814.699999,0.456,0.372440945,,POINT (228556.36079999804 898700.6739000008)
3358,ADAMS ST @ GRANITE PL,254,14.8,42.2,2814.699999,0.456,0.058267717,,POINT (232471.79879999906 898705.0747000016)
3359,ADAMS ST @ CHURCH ST,254,137.9,43.8,2856.800004,0.481,0.542913386,,POINT (231198.7555000037 898712.4534999989)
3360,GRANITE AVE @ BASSETT ST,249,116.9,45.6,644.4000001,0.481,0.469477912,,POINT (228545.75140000135 898712.6486999989)
3361,GRANITE AVE @ WOOD ST,204,24.7,42.2,2814.699999,0.456,0.121078431,,POINT (230379.52380000055 898714.3079000004)
3362,GRANITE AVE @ EMERSON RD,204,0,42.2,2814.699999,0.456,0,,POINT (236528.20329999924 898717.0373999998)
3363,GRANITE AVE @ SQUANTUM ST,198,16.8,40.1,1129.7,0.461,0.084848485,,POINT (230360.05889999866 898718.316300001)
3364,OPP 197 GRANITE AVE,198,2,40.1,1129.7,0.461,0.01010101,,POINT (236521.85930000246 898722.3126000017)
3365,GRANITE AVE @ HOPE AVE,198,4,40.1,1129.7,0.461,0.02020202,,POINT (224154.10080000013 898726.2399999984)
3366,GRANITE AVE @ THISTLE AVE,198,2.5,40.1,1129.7,0.461,0.012626263,,POINT (230559.10369999707 898730.5260999985)
3368,GRANITE AVE @ HILLTOP ST,198,48.2,44.1,1331.4,0.472,0.243434343,,POINT (230587.12189999968 898730.6479000002)
3369,GRANITE AVE @ MILTON ST,198,24.5,44.1,1331.4,0.472,0.123737374,,POINT (233192.57769999653 898731.8126999997)
3370,GALLIVAN BLVD @ KENMERE RD,198,123.8,35.5,6754.899989,0.489,0.625252525,,POINT (238466.55730000138 898737.3577999994)
3371,GALLIVAN BLVD @ FREDERIKA ST,198,6.3,37.8,5631.10001,0.488,0.031818182,,POINT (232777.26889999956 898737.5982000008)
3372,GALLIVAN BLVD @ CARRUTH ST,198,3,44.1,1331.4,0.472,0.015151515,,POINT (232777.26889999956 898737.5982000008)
3373,GALLIVAN BLVD @ HURON CIRCLE,198,27.2,47.7,2261.300002,0.524,0.137373737,,POINT (238277.5569999963 898738.6981999986)
3375,GALLIVAN BLVD @ HUTCHINSON ST,199,28.2,47.7,2261.300002,0.524,0.141708543,,POINT (235362.42029999942 898740.8847000003)
3376,GALLIVAN BLVD OPP HURON CIRCL,199,0.8,47.7,2261.300002,0.524,0.004020101,,POINT (235709.82869999856 898742.699000001)
3377,GALLIVAN BLVD @ ADAMS ST,199,10.7,44.1,1331.4,0.472,0.053768844,,POINT (238777.81840000302 898745.1325999983)
3378,GRANITE AVE @ GALLIVAN BLVD,259,140.4,37.8,5631.10001,0.488,0.542084942,,POINT (238797.46829999983 898745.6251999997)
3379,GRANITE AVE @ MILTON ST,259,24.2,37.8,5631.10001,0.488,0.093436293,,POINT (238277.40929999948 898746.8291999996)
3380,GRANITE AVE OPP HILLTOP ST,259,30.9,44.1,1331.4,0.472,0.119305019,,POINT (235714.7049999982 898748.4816000015)
3382,GRANITE AVE OPP THISTLE AVE,199,0,40.1,1129.7,0.461,0,,POINT (238968.29999999702 898750.6349)
3384,GRANITE AVE OPP HOPE AVE,199,0,40.1,1129.7,0.461,0,,POINT (224154.9196999967 898756.0568000004)
3385,197 GRANITE AVE,199,9,40.1,1129.7,0.461,0.045226131,,POINT (238574.60119999945 898773.260400001)
3386,GRANITE AVE @ SQUANTUM ST,205,17.2,40.1,1129.7,0.461,0.083902439,,POINT (232351.78700000048 898774.1096000001)
3387,GRANITE AVE OPP EMERSON RD,205,9.8,40.1,1129.7,0.461,0.047804878,,POINT (232375.8275000006 898778.1680000015)
3388,GRANITE AVE OPP WOOD ST,205,21.9,42.2,2814.699999,0.456,0.106829268,,POINT (234511.35689999908 898783.3742000014)
3389,ADAMS ST @ HOLLIS ST,250,79.2,40.4,1979.6,0.487,0.3168,,POINT (235122.85920000076 898783.9373999983)
3391,ADAMS ST @ MECHANIC ST,230,187.4,42.2,2814.699999,0.456,0.814782609,,POINT (235143.43169999868 898787.8377999999)
3392,ADAMS ST @ FOSTER LN,230,8.5,42.2,2814.699999,0.456,0.036956522,,POINT (235127.4706000015 898788.3473999985)
3393,ADAMS ST @ PILGRIM RD,230,50.8,42.2,2814.699999,0.456,0.220869565,,POINT (232372.33039999753 898800.5850000009)
3394,ADAMS ST @ STEDMAN ST,230,35.6,44,3795.899999,0.461,0.154782609,,POINT (234518.26370000094 898800.675999999)
3395,ROBERTSON ST @ ADAMS ST,235,209.7,44,3795.899999,0.461,0.892340426,,POINT (237007.43580000103 898803.2441000007)
3396,ROBERTSON ST OPP KIMBALL ST,235,26.2,44,3795.899999,0.461,0.111489362,,POINT (236999.99970000237 898809.8128000014)
3397,77 ROBERTSON ST,235,18.5,44,3795.899999,0.461,0.078723404,,POINT (236574.82980000228 898810.1446000002)
3398,ROBERTSON ST @ BALLOU ST,235,111.7,44,3795.899999,0.461,0.475319149,,POINT (234592.3805000037 898820.2925000004)
3399,ROBERTSON ST @ QUARRY ST,235,45.9,44,3795.899999,0.461,0.195319149,,POINT (233611.13769999892 898821.4842999987)
3400,WILLARD ST @ ROBERTSON ST,210,156.6,37,2903.300001,0.486,0.745714286,,POINT (230046.2207000032 898825.7659000009)
3401,WILLARD ST OPP ROGERS ST,210,61.8,37,2903.300001,0.486,0.294285714,,POINT (230046.2207000032 898825.7659000009)
3402,WILLARD ST @ CALIFORNIA AVE,210,152.3,37,2903.300001,0.486,0.725238095,,POINT (236496.2921999991 898849.8599999994)
3403,307 WILLARD ST,210,108.6,37,2903.300001,0.486,0.517142857,,POINT (234576.4422999993 898854.9321000017)
3404,COPELAND ST OPP BADGERS LN,210,77.8,37,2903.300001,0.486,0.37047619,,POINT (231234.28170000017 898859.0113999993)
3405,COPELAND ST @ FURNACE AVE,210,38.4,37,2903.300001,0.486,0.182857143,,POINT (234639.32549999654 898875.7391000018)
3406,COPELAND ST @ CROSS ST,210,64.1,37,2903.300001,0.486,0.305238095,,POINT (236634.04179999977 898878.4899999984)
3407,COPELAND ST @ FURNACE BROOK P,210,56.9,37,2903.300001,0.486,0.270952381,,POINT (234629.8844999969 898884.2762000002)
3408,COPELAND ST @ CENTRE ST,210,268,37,2903.300001,0.486,1.276190476,,POINT (236897.7770999968 898898.5329000019)
3410,62 COPELAND ST,210,202.8,36.9,4077.800002,0.497,0.965714286,,POINT (235512.0279000029 898904.0445999987)
3411,38 COPELAND ST,210,55.7,36.9,4077.800002,0.497,0.265238095,,POINT (228401.61659999937 898917.5227999985)
3412,COPELAND ST @ GRANITE ST,210,378.1,36.9,4077.800002,0.497,1.80047619,,POINT (235891.80129999667 898918.4851999991)
3413,WATER ST @ ROBERTS ST,210,85.4,36.9,4077.800002,0.497,0.406666667,,POINT (236874.4897999987 898918.5135999992)
3415,315 WATER ST,210,124,36.9,4077.800002,0.497,0.59047619,,POINT (225327.06350000203 898930.7776999995)
3416,WATER ST @ QUINCY ST,210,131.3,36.4,3724.200001,0.497,0.625238095,,POINT (238272.85419999808 898932.8979000002)
3417,WATER ST @ LIBERTY ST,210,42.7,36.4,3724.200001,0.497,0.203333333,,POINT (234715.32769999653 898939.25)
3418,FRANKLIN ST @ WATER ST,372,256.1,36.4,3724.200001,0.497,0.68844086,,POINT (232881.5842999965 898940.2591999993)
3420,SCHOOL ST @ PHIPPS ST,648,558,35.5,5508.599998,0.49,0.861111111,,POINT (232881.5842999965 898940.2591999993)
3422,HANCOCK ST @ WALTER J HANNON,923,626.6,36.5,4078.599998,0.461,0.678873239,,POINT (235916.90619999915 898943.75)
3423,HANCOCK ST @ COTTAGE AVE,923,567.7,36.5,4078.599998,0.461,0.615059588,,POINT (228411.8008000031 898947.1026999988)
3425,CODDINGTON ST @ SOUTHERN ARTE,329,283.6,33.7,3269.600001,0.507,0.862006079,,POINT (233888.02369999886 898952.6612000018)
3426,MCGRATH HWY @ BRACKETT ST,38,96.6,33.7,3269.600001,0.507,2.542105263,,POINT (232492.73399999738 898953.7620999999)
3455,BEALE ST @ FARRINGTON ST,130,27.5,35.5,5414.999981,0.515,0.211538462,,POINT (232497.32240000367 898959.6574000008)
3458,BEALE ST @ N CENTRAL AVE,130,102.4,38.1,4277.799992,0.502,0.787692308,,POINT (234757.60620000213 898969.8447999991)
3460,BEALE ST @ PINE ST,25,2.5,38.1,4277.799992,0.502,0.1,,POINT (233879.15950000286 898970.2445)
3461,385 BEALE ST OPP SUMMIT AVE,25,2.5,38.1,4277.799992,0.502,0.1,,POINT (235331.02660000324 898971.0439000018)
3462,BEALE ST @ ROCKWELL AVE,25,6.5,38.3,1862.199999,0.466,0.26,,POINT (235331.02660000324 898971.0439000018)
3463,ADAMS ST OPP BROOK RD,20,0.5,40.4,1979.6,0.487,0.025,,POINT (225334.03440000117 898975.2153999992)
3464,ADAMS ST @ LIBBY RD,20,1.5,45.6,644.4000001,0.481,0.075,,POINT (234472.86200000346 898980.4153000005)
3465,ADAMS ST @ SQUANTUM ST,20,0,40.4,1979.6,0.487,0,,POINT (236727.02440000325 898984.2058999985)
3466,ADAMS ST @ CARY AVE,20,0.5,45.6,644.4000001,0.481,0.025,,POINT (234449.47680000216 898994.0069000013)
3468,316 ADAMS ST,20,16.5,40.4,1979.6,0.487,0.825,,POINT (236774.09350000322 899004.7501999997)
3470,ADAMS ST @ FORBES RD,20,0,42.3,1113.4,0.475,0,,POINT (221556.6031000018 899006.1240999997)
3471,224 ADAMS ST OPP CHURCHILLS L,20,0,42.3,1113.4,0.475,0,,POINT (221564.59340000153 899015.1253999993)
3472,OPP 191 ADAMS ST,20,0,42.3,1113.4,0.475,0,,POINT (228444.33569999784 899015.5921999998)
3473,ADAMS ST @ WHARF ST,20,7.5,42.3,1113.4,0.475,0.375,,POINT (224169.05690000206 899017.2160999998)
3474,ADAMS ST @ ELIOT ST,20,2,49.6,2240.299998,0.414,0.1,,POINT (229838.14649999887 899018.4715999998)
3476,BEALE ST @ ARLINGTON ST,130,60.3,35.5,5414.999981,0.515,0.463846154,,POINT (235342.85899999738 899020.7501999997)
3477,ADAMS ST @ ELIOT ST,20,2,49.6,2240.299998,0.414,0.1,,POINT (234836.14180000126 899026.6451000012)
3478,ADAMS ST @ CANTON AVE,20,1.5,42.3,1113.4,0.475,0.075,,POINT (237098.0332000032 898228.4083999991)
3479,191 ADAMS ST,20,0.5,42.3,1113.4,0.475,0.025,,POINT (235141.85019999743 898231.6132999994)
3480,ADAMS ST @ CHURCHILLS LN,20,1.5,42.3,1113.4,0.475,0.075,,POINT (234026.89180000126 898238.4305999987)
3482,ADAMS ST @ FONTBONNE ACADEMY,20,16,42.3,1113.4,0.475,0.8,,POINT (237190.45910000056 898275.6827999987)
3483,321 ADAMS ST,20,0,40.4,1979.6,0.487,0,,POINT (221446.25240000337 900835.2674999982)
3485,ADAMS ST @ CENTRE ST,20,0.5,45.6,644.4000001,0.481,0.025,,POINT (221459.19160000235 900839.6121999994)
3486,ADAMS ST @ ROWE ST,20,0,40.4,1979.6,0.487,0,,POINT (223826.3553000018 900839.8134000003)
3487,ADAMS ST @ GOVERNORS RD,20,1.5,40.4,1979.6,0.487,0.075,,POINT (223822.2955000028 900844.9792000018)
3488,ADAMS ST @ BABCOCK ST,20,1.5,40.4,1979.6,0.487,0.075,,POINT (243699.26519999653 900845.7501000017)
3489,BEALE ST @ FORBES HILL RD,25,4.5,38.3,1862.199999,0.466,0.18,,POINT (228503.04580000043 900846.7434)
3490,BEALE ST @ SUMMIT AVE,25,0.5,40.6,4916.800013,0.498,0.02,,POINT (232300.62330000103 900849.4767999984)
3491,BEALE ST @ PINE ST,25,0.5,38.1,4277.799992,0.502,0.02,,POINT (243692.90579999983 900862.9569999985)
3493,BEALE ST @ S CENTRAL AVE,25,9,38.1,4277.799992,0.502,0.36,,POINT (233546.43829999864 900869.8310999982)
3495,BEALE ST OPP SAFFORD ST,139,42.1,35.5,5414.999981,0.515,0.302877698,,POINT (236550.34799999744 900871.4616999999)
3513,BOSTON AVE @ HIGH ST,383,163.7,39.2,4225.3,0.479,0.427415144,,POINT (230767.1406000033 900880.7498999983)
3515,WASHINGTON ST @ FOSTER ST,470,426.2,33.7,3269.600001,0.507,0.906808511,,POINT (225974.18840000033 900882.4411000013)
3516,WASHINGTON ST @ MCGRATH HWY,432,173.5,70.3,3212.999999,0.389,0.40162037,,POINT (228471.51330000162 900890.2454000004)
3518,WASHINGTON ST @ EDWARDS ST,432,175.3,70.3,3212.999999,0.389,0.405787037,,POINT (235974.96899999678 900891.7648000009)
3520,WASHINGTON ST @ FOWLER ST,432,280.6,37.6,4976.99999,0.477,0.649537037,,POINT (224701.7452000007 900912.6092000008)
3521,WASHINGTON ST @ LOWE ST,432,202,37.6,4976.99999,0.477,0.467592593,,POINT (228184.2392999977 900931.1917000003)
3522,WASHINGTON ST @ GLENWOOD WAY,432,192.3,37.6,4976.99999,0.477,0.445138889,,POINT (225954.42419999838 900932.9318999983)
3523,WASHINGTON ST @ MASSACHUSETTS,432,147.1,37.6,4976.99999,0.477,0.340509259,,POINT (236217.73470000178 900935.9719000012)
3524,WASHINGTON ST @ ARNOLD ST,432,278.7,40.2,5218.799998,0.477,0.645138889,,POINT (231978.67909999937 900954.8563000001)
3525,WASHINGTON ST @ RING AVE,432,436.6,50.4,6037.399982,0.516,1.010648148,,POINT (230744.92979999632 900956.071800001)
3526,WASHINGTON ST @ BEACON ST,432,370.3,55,6866.899992,0.445,0.857175926,,POINT (243658.17319999635 900957.4059000015)
3527,WASHINGTON ST @ BROADWAY,432,94,55,6866.899992,0.445,0.217592593,,POINT (243658.17319999635 900957.4059000015)
3528,WASHINGTON ST @ CHUBBUCK ST,432,540.9,50.4,6037.399982,0.516,1.252083333,,POINT (228172.47839999944 900957.8167000003)
3529,WASHINGTON ST @ CLEVERLY CT,432,323.7,55,6866.899992,0.445,0.749305556,,POINT (230976.65739999712 900977.2686999999)
3530,WASHINGTON ST @ SOUTH ST,432,247.3,39.6,1285.7,0.514,0.572453704,,POINT (230732.59860000014 900984.5282000005)
3531,BRIDGE ST @ MONATIQUOT ST,432,22.2,41.4,1882.8,0.477,0.051388889,,POINT (221465.6652000025 900988.4838999994)
3532,BRIDGE ST @ BLUFF RD,432,35.4,41.4,1882.8,0.477,0.081944444,,POINT (236473.58540000021 900993.0443999991)
3533,BRIDGE ST @ EVANS ST,432,49.7,44.3,1935.199998,0.486,0.115046296,,POINT (221466.21119999886 900995.5282999985)
3534,BRIDGE ST @ SHERWOOD RD,432,75.7,41.4,1882.8,0.477,0.175231481,,POINT (230988.27170000225 900996.3592999987)
3535,BRIDGE ST OPP BIRCHBROW AVE,432,147.2,41.4,1882.8,0.477,0.340740741,,POINT (236943.60209999979 901002.6860000007)
3536,BRIDGE ST @ PRINCETON AVE,432,46.6,41.4,1882.8,0.477,0.10787037,,POINT (221127.36609999835 901012.683699999)
3537,309 BRIDGE ST,219,1,45.4,2650.800001,0.474,0.00456621,,POINT (236512.35429999977 901013.8311999999)
3538,BRIDGE ST @ FAIRLAWN AVE,432,65,45.4,2650.800001,0.474,0.150462963,,POINT (243638.51539999992 901014.5001999997)
3539,BRIDGE ST @ STANDISH ST,432,180.6,41.4,1882.8,0.477,0.418055556,,POINT (221123.6248999983 901017.7828000002)
3541,BRIDGE ST OPP BLACKSTONE RD,219,43.1,41.8,1573.2,0.481,0.196803653,,POINT (236451.10599999875 901018.2045000009)
3542,BRIDGE ST @ NORTH ST,219,89.9,41.8,1573.2,0.481,0.410502283,,POINT (243636.81149999797 901019.3139000013)
3543,BRIDGE ST OPP LOVELL ST,219,39.6,44.4,1484.800001,0.49,0.180821918,,POINT (233093.68230000138 896951.9393999986)
3544,BRIDGE ST @ GREEN ST,219,84.9,47.2,1633.899999,0.483,0.387671233,,POINT (229834.94340000302 896952.3187999986)
3545,BRIDGE ST @ RIVERWAY PLAZA,219,272.4,44.4,1484.800001,0.49,1.243835616,,POINT (234210.5217999965 896954.0626999997)
3547,LINCOLN ST @ BEAL ST,219,30.9,48.6,576.9,0.449,0.14109589,,POINT (234213.7977000028 896960.2294999994)
3548,LINCOLN ST @ LINCOLN PLAZA,219,325.1,48.6,576.9,0.449,1.484474886,,POINT (225217.8967999965 896962.2833999991)
3549,LINCOLN ST @ SGT WILLIAM TERR,219,332,48.6,576.9,0.449,1.515981735,,POINT (232396.15200000256 896966.6251999997)
3550,322 LINCOLN ST,219,39.9,43.2,884.5999998,0.483,0.182191781,,POINT (224618.41470000148 896973.6394999996)
3551,LINCOLN ST OPP USS AMESBURY D,219,15.9,43.2,884.5999998,0.483,0.07260274,,POINT (232500.28830000013 896981.4868000001)
3553,LINCOLN ST @ FOTTLER RD,219,26.4,43.2,884.5999998,0.483,0.120547945,,POINT (232586.1074000001 896992.7815999985)
3555,LINCOLN ST @ THAXTER ST,219,41.8,43.4,1356.6,0.498,0.19086758,,POINT (234888.7555000037 897009.0969999991)
3556,DOWNER AVE @ BROAD COVE RD,219,103.2,43.4,1356.6,0.498,0.471232877,,POINT (232725.23650000244 897012.4118999988)
3558,DOWNER AVE OPP PLANTERS FIELD,219,3.5,43.4,1356.6,0.498,0.015981735,,POINT (232782.7106000036 897012.8416000009)
3560,DOWNER AVE @ OTIS ST,219,8.5,43.4,1356.6,0.498,0.038812785,,POINT (227516.2757000029 897013.2980000004)
3561,OTIS ST @ GOVERNOR LONG RD,219,0,43.4,1356.6,0.498,0,,POINT (233012.99930000305 897035.1020999998)
3565,OTIS ST @ SHIP ST,219,2.2,46.4,898.1999996,0.478,0.010045662,,POINT (227697.12399999797 897042.5152999982)
3566,NORTH ST @ OTIS ST,219,120.1,46.4,898.1999996,0.478,0.548401826,,POINT (227704.08600000292 897060.0188999996)
3567,NORTH ST OPP STATION ST,219,110.2,46.4,898.1999996,0.478,0.503196347,,POINT (236530.06679999828 897066.0725999996)
3569,NORTH ST @ SOUTH ST,15,1.5,46.4,898.1999996,0.478,0.1,,POINT (233823.48610000312 897066.5436000004)
3571,MAIN ST @ ELM ST,15,2,46.4,898.1999996,0.478,0.133333333,,POINT (236529.9601000026 897073.5769000016)
3572,MAIN ST OPP CLARK RD,15,0,46.4,898.1999996,0.478,0,,POINT (233831.15259999782 897074.7303000018)
3573,MAIN ST @ PLAYGROUND,15,2.5,46.4,898.1999996,0.478,0.166666667,,POINT (224690.91669999808 897078.8258999996)
3574,MAIN ST @ FIREHOUSE,15,0.5,46.4,898.1999996,0.478,0.033333333,,POINT (234927.66960000247 897084.9888999984)
3575,CENTRAL ST @ MAIN ST,15,2,40,1038.099999,0.494,0.133333333,,POINT (235936.00569999963 897085.5412000008)
3576,CENTRAL ST @ CENTRAL JR HS,15,0.5,40,1038.099999,0.494,0.033333333,,POINT (234930.45970000327 897090.6440999992)
3577,CENTRAL ST @ GARRISON RD,15,0.5,40,1038.099999,0.494,0.033333333,,POINT (234284.42870000005 897092.3946999982)
3578,CENTRAL ST @ WESTON RD,15,0,40,1038.099999,0.494,0,,POINT (236242.4620999992 897094.4946999997)
3579,CENTRAL ST @ ELM ST,15,4.5,40,1038.099999,0.494,0.3,,POINT (235924.05900000036 897102.945700001)
3580,CENTRAL ST @ SOUTH ST,15,0,46.4,898.1999996,0.478,0,,POINT (231960.67210000008 897107.3979999982)
3582,STATION ST HINGHAM DEPOT,438,812.9,46.4,898.1999996,0.478,1.855936073,,POINT (235126.47420000285 897108.5139000006)
3589,NORTH ST @ OTIS ST,219,24.6,46.4,898.1999996,0.478,0.112328767,,POINT (234302.51539999992 897114.7503000014)
3590,OTIS ST OPP SHIP ST,219,9.7,46.4,898.1999996,0.478,0.044292237,,POINT (235115.52560000122 897125.2872000001)
3594,OTIS ST OPP GOVERNOR LONG RD,219,4.5,43.4,1356.6,0.498,0.020547945,,POINT (231959.71859999746 897127.8125)
3595,OTIS ST @ DOWNER AVE,219,10,43.4,1356.6,0.498,0.0456621,,POINT (234399.21400000155 897129.0276999995)
3597,DOWNER AVE @ PLANTERS FIELD L,219,2,43.4,1356.6,0.498,0.00913242,,POINT (234386.86420000345 897132.8887000009)
3598,DOWNER AVE @ CONDITO RD,219,35.4,43.4,1356.6,0.498,0.161643836,,POINT (233887.7072999999 897152.5306000002)
3599,DOWNER AVE @ LINCOLN ST,219,72.5,43.4,1356.6,0.498,0.331050228,,POINT (229850.1503000036 897160.1204000004)
3600,LINCOLN ST OPP BULOW RD,219,31.1,43.2,884.5999998,0.483,0.142009132,,POINT (236277.83720000088 897162.5067000017)
3602,LINCOLN ST @ BRADLEY WOODS DR,219,19.4,43.2,884.5999998,0.483,0.088584475,,POINT (233899.25879999995 897169.5700000003)
3603,349 LINCOLN ST,219,397.2,48.6,576.9,0.449,1.81369863,,POINT (228098.3496999964 897177.7364999987)
3604,LINCOLN ST @ USS AMESBURY DR,219,13.2,43.2,884.5999998,0.483,0.060273973,,POINT (228091.67589999735 897189.3267999999)
3605,319 LINCOLN ST,219,35.2,43.2,884.5999998,0.483,0.160730594,,POINT (236891.21069999784 897202.4536999986)
3607,LINCOLN ST OPP LINCOLN PLAZA,219,235.5,48.6,576.9,0.449,1.075342466,,POINT (224167.6873999983 897207.0903999992)
3608,LINCOLN ST OPP BEAL ST,219,11.4,48.6,576.9,0.449,0.052054795,,POINT (235852.4824000001 897215.367800001)
3610,BRIDGE ST OPP RIVERWAY PLAZA,219,205.7,60.2,1263.1,0.453,0.939269406,,POINT (231207.61100000143 897216.5665000007)
3611,BRIDGE ST @ NECK ST,219,129.5,44.4,1484.800001,0.49,0.591324201,,POINT (231213.5425999984 897219.4200000018)
3612,BRIDGE ST @ LOVELL ST,219,63,44.4,1484.800001,0.49,0.287671233,,POINT (236526.47160000354 897225.3335000016)
3613,BRIDGE ST @ NORTH ST,219,76,44.4,1484.800001,0.49,0.347031963,,POINT (233165.71869999915 897228.5628000014)
3614,BRIDGE ST @ BLACKSTONE RD,219,18.2,41.8,1573.2,0.481,0.083105023,,POINT (224172.65579999983 897231.3751999997)
3616,BRIDGE ST @ NEWTON ST,432,200.9,41.4,1882.8,0.477,0.465046296,,POINT (236526.33619999886 897232.5925000012)
3617,BRIDGE ST @ PRATT AVE,432,28.5,41.4,1882.8,0.477,0.065972222,,POINT (233125.29240000248 897233.1750000007)
3618,BRIDGE ST @ BAYVIEW ST,432,51.6,45.4,2650.800001,0.474,0.119444444,,POINT (224782.39370000362 897236.7100999989)
3620,BRIDGE ST @ BIRCHBROW AVE,432,169.4,41.4,1882.8,0.477,0.39212963,,POINT (235837.87640000135 897240.2512000017)
3621,BRIDGE ST OPP SHERWOOD RD,432,21.2,41.4,1882.8,0.477,0.049074074,,POINT (233102.77319999784 897245.7842000015)
3622,BRIDGE ST OPP EVANS ST,432,82.4,44.3,1935.199998,0.486,0.190740741,,POINT (233115.85220000148 897249.8218999989)
3623,BRIDGE ST OPP BLUFF RD,432,9,41.4,1882.8,0.477,0.020833333,,POINT (224794.6074000001 897252.8018000014)
3624,BRIDGE ST OPP MONATIQUOT ST,432,4.4,41.4,1882.8,0.477,0.010185185,,POINT (235042.7074000016 897266.5593999997)
3626,WASHINGTON ST @ BAKER AVE,432,330.1,39.6,1285.7,0.514,0.76412037,,POINT (235042.7074000016 897266.5593999997)
3627,WASHINGTON ST @ WASHINGTON CT,432,746.2,55,6866.899992,0.445,1.727314815,,POINT (235019.1873999983 897271.9373999983)
3629,WASHINGTON ST @ LEBANON ST,432,480.2,55,6866.899992,0.445,1.111574074,,POINT (235019.1873999983 897271.9373999983)
3630,WASHINGTON ST @ SOUTHERN ARTE,432,416.3,40.2,5218.799998,0.477,0.963657407,,POINT (236332.6176000014 897275.362399999)
3631,WASHINGTON ST @ RIVER ST,432,279.2,40.2,5218.799998,0.477,0.646296296,,POINT (233004.7695999965 897277.4783999994)
3632,WASHINGTON ST @ EDISON ST,432,238.9,37.6,4976.99999,0.477,0.553009259,,POINT (231162.33399999887 897280.7945000008)
3633,WASHINGTON ST @ MILL ST,432,245.5,37.6,4976.99999,0.477,0.568287037,,POINT (236334.76299999654 897281.3969999999)
3634,WASHINGTON ST OPP LOWE ST,432,171,37.6,4976.99999,0.477,0.395833333,,POINT (232999.99970000237 897284.125)
3635,WASHINGTON ST @ POND ST,432,143.8,37.6,4976.99999,0.477,0.33287037,,POINT (234342.5455000028 897291.9283999987)
3636,236 WASHINGTON ST OPP UNION S,432,163.5,70.3,3212.999999,0.389,0.378472222,,POINT (231137.6630000025 897302.2478)
3638,WASHINGTON ST @ ELM ST,432,179.7,70.3,3212.999999,0.389,0.415972222,,POINT (229638.70960000157 897325.2886999995)
3639,WASHINGTON ST @ MCGRATH HWY,432,134.6,70.3,3212.999999,0.389,0.311574074,,POINT (234345.59359999746 897334.5001999997)
3640,WASHINGTON ST @ CODDINGTON ST,475,624.9,33.7,3269.600001,0.507,1.315578947,,POINT (233971.97169999778 897343.0824999996)
3660,SEA ST @ PEARL ST,213,43.3,41.8,1573.2,0.481,0.203286385,,POINT (236355.31689999998 897349.0804999992)
3661,SEA ST @ NORTH ST,213,136.7,41.8,1573.2,0.481,0.641784038,,POINT (229627.51380000263 897355.8979000002)
3662,NORTH ST OPP CURTIS ST,213,10.7,41.8,1573.2,0.481,0.050234742,,POINT (228525.03549999744 897356.0359999985)
3664,NORTH ST @ PEARL ST,213,15.3,41.8,1573.2,0.481,0.071830986,,POINT (231298.89599999785 897357.3960000016)
3665,NORTH ST OPP MORELAND RD,213,1,41.8,1573.2,0.481,0.004694836,,POINT (233247.29670000076 897358.6251000017)
3666,NORTH ST @ SANING RD,213,5.8,41.8,1573.2,0.481,0.027230047,,POINT (233977.82400000095 897362.5592)
3667,NORTH ST OPP COLASANTI RD,213,25.1,41.8,1573.2,0.481,0.117840376,,POINT (232578.86360000074 897364.7501999997)
3668,NORTH ST @ ABIGAIL ADAMS CIRC,213,20.7,44.2,1302.6,0.485,0.097183099,,POINT (232546.061999999 897366.0623999983)
3669,NORTH ST @ CHURCH ST,213,38.8,44.2,1302.6,0.485,0.182159624,,POINT (228524.78710000217 897367.3643999994)
3670,NORTH ST @ COMMERCIAL ST,213,8.4,45.3,1839.300001,0.485,0.03943662,,POINT (232941.17620000243 897367.4932999983)
3671,MIDDLE ST @ COMMERCIAL ST,213,13.5,45.3,1839.300001,0.485,0.063380282,,POINT (233251.77889999747 897369.8183999993)
3672,MIDDLE ST @ GILBERT RD,213,17.3,45.3,1839.300001,0.485,0.081220657,,POINT (229450.0820999965 897376.821800001)
3673,MIDDLE ST @ ACADEMY AVE,213,35.7,45.3,1839.300001,0.485,0.167605634,,POINT (231309.26720000058 897379.7963000014)
3674,MIDDLE ST OPP MAPLE ST,213,50.7,40.4,2017.6,0.485,0.238028169,,POINT (229256.4055000022 897380.4574999996)
3675,MIDDLE ST @ BROAD ST,213,183.5,40.4,2017.6,0.485,0.861502347,,POINT (234997.0122999996 897383.745000001)
3676,601 BROAD ST OPP CAIN AVE,213,67,40.6,2544.600002,0.487,0.314553991,,POINT (234991.68400000036 897388.8396000005)
3677,617 BROAD ST,213,5.5,40.6,2544.600002,0.487,0.025821596,,POINT (229239.99689999968 897390.7817000002)
3678,BROAD ST @ FAIRMOUNT AVE,213,53,40.6,2544.600002,0.487,0.248826291,,POINT (225229.82159999758 897392.4816999994)
3679,BROAD ST @ HILLCREST RD,213,57.9,40.6,2544.600002,0.487,0.271830986,,POINT (229469.65399999917 897392.9492999986)
3682,BROAD ST @ SHAWMUT ST,213,90.7,40.6,2544.600002,0.487,0.425821596,,POINT (232451.0625 897394.7503000014)
3683,PLEASANT ST @ WATER ST,213,71.2,44.6,2196.899999,0.492,0.3342723,,POINT (232788.6275999993 897395.245000001)
3684,WATER ST @ COMMERCIAL ST,214,110.6,44.6,2196.899999,0.492,0.51682243,,POINT (228941.40179999918 897395.9754999988)
3685,BROAD ST @ COMMERCIAL ST,213,83.7,40.6,2544.600002,0.487,0.392957746,,POINT (232808.99849999696 897397.7763999999)
3686,BROAD ST OPP SHAWMUT ST,213,55.6,40.6,2544.600002,0.487,0.261032864,,POINT (236371.6699000001 897401.9118999988)
3687,BROAD ST @ COTTAGE ST,213,0,40.6,2544.600002,0.487,0,,POINT (232935.54169999808 897402.8783)
3688,BROAD ST OPP HILLCREST RD,213,48.9,40.6,2544.600002,0.487,0.229577465,,POINT (229030.79140000045 897405.7853999995)
3689,BROAD ST @ MADISON ST,213,75.7,40.6,2544.600002,0.487,0.355399061,,POINT (235881.21490000188 897411.9626999982)
3690,OPP 617 BROAD ST,213,49,40.6,2544.600002,0.487,0.230046948,,POINT (235889.31069999933 897417.0711999983)
3691,BROAD ST @ CAIN AVE,213,14.6,40.6,2544.600002,0.487,0.068544601,,POINT (232033.14899999648 897419.7729999982)
3692,MIDDLE ST @ BROAD ST,213,170.2,40.4,2017.6,0.485,0.799061033,,POINT (232033.14899999648 897419.7729999982)
3693,MIDDLE ST @ MAPLE ST,213,44.6,40.4,2017.6,0.485,0.209389671,,POINT (228833.89840000123 897421.1691000015)
3694,MIDDLE ST OPP ACADEMY AVE,213,19.8,40.4,2017.6,0.485,0.092957746,,POINT (229422.01349999756 897429.1611000001)
3695,MIDDLE ST OPP GILBERT RD,213,25.4,45.3,1839.300001,0.485,0.119248826,,POINT (235710.22049999982 897441.3792999983)
3696,MIDDLE ST @ COMMERCIAL ST,213,12.7,45.3,1839.300001,0.485,0.059624413,,POINT (232392.61150000244 897441.5480000004)
3697,NORTH ST OPP COMMERCIAL ST,213,16.5,45.3,1839.300001,0.485,0.077464789,,POINT (229408.60649999976 897443.0722999983)
3698,NORTH ST @ GREEN ST,213,47.7,44.2,1302.6,0.485,0.223943662,,POINT (235729.5780000016 897445.9160000011)
3699,NORTH ST @ EAST ST,213,56.1,40.8,1725.800001,0.495,0.263380282,,POINT (225227.26519999653 897449.6873999983)
3700,NORTH ST @ COLASANTI RD,213,2.8,41.8,1573.2,0.481,0.01314554,,POINT (236901.76389999688 897454.6317000017)
3701,NORTH ST OPP SANING RD,213,7,41.8,1573.2,0.481,0.03286385,,POINT (236521.41550000012 897457.5153999999)
3702,NORTH ST @ MORELAND RD,213,1,41.8,1573.2,0.481,0.004694836,,POINT (230973.54569999874 897474.2105999999)
3703,NORTH ST OPP PEARL ST,213,0,41.8,1573.2,0.481,0,,POINT (236521.02340000123 897477.2388999984)
3705,NORTH ST @ CURTIS ST,213,8.2,41.8,1573.2,0.481,0.038497653,,POINT (236880.942400001 897481.1105000004)
3706,SEA ST @ NORTH ST,213,105.9,41.8,1573.2,0.481,0.497183099,,POINT (230961.51370000094 897493.3322999999)
3707,SEA ST OPP PEARL ST,213,0,41.8,1573.2,0.481,0,,POINT (234022.68919999897 897503.2058000006)
3708,SEA ST @ BRIDGE ST,213,43.4,41.8,1573.2,0.481,0.203755869,,POINT (232275.76250000298 897504.0903999992)
3709,WASHINGTON ST @ RICHMOND ST,404,33.3,41.4,2522.600001,0.498,0.082425743,,POINT (224218.27679999918 897506.064199999)
3710,WASHINGTON ST @ PROSPECT ST,404,40.8,41.4,2522.600001,0.498,0.100990099,,POINT (232269.2352000028 897508.9677999988)
3711,COMMERCIAL ST OPP BROOKSIDE R,404,122.7,41.4,2522.600001,0.498,0.303712871,,POINT (224218.06000000238 897512.2107000016)
3713,QUINCY AVE @ WEYMOUTH LANDING,275,201.8,41.4,2990.500002,0.476,0.733818182,,POINT (234363.1753000021 897512.5483000018)
3714,QUINCY AVE @ GORDON RD,275,22.8,43.2,2340.599998,0.481,0.082909091,,POINT (234348.7300999984 897515.0099)
3715,QUINCY AVE @ EDGE HILL RD,275,25.5,41.4,2990.500002,0.476,0.092727273,,POINT (233316.85130000114 897527.1396000013)
3716,155 QUINCY AVE,275,28.5,43.2,2340.599998,0.481,0.103636364,,POINT (236124.2677000016 897531.8229999989)
3717,QUINCY AVE @ AUDUBON AVE,275,87.7,43.2,2340.599998,0.481,0.318909091,,POINT (236124.2677000016 897531.8229999989)
3718,QUINCY AVE OPP COTTON AVE,275,29.5,42.6,844.6999999,0.502,0.107272727,,POINT (236537.1697999984 900624.6398999989)
3719,QUINCY AVE @ HARBOR VILLA AVE,275,125,42.6,844.6999999,0.502,0.454545455,,POINT (228880.1855000034 900625.0221000016)
3720,QUINCY AVE OPP DEWEY RD,275,45.1,42.6,844.6999999,0.502,0.164,,POINT (236062.27350000292 900627.0918999985)
3722,QUINCY AVE @ PATTEN AVE,275,80,42.6,844.6999999,0.502,0.290909091,,POINT (236733.0454000011 900635.3883000016)
3724,QUINCY AVE @ E HOWARD ST,275,280,35.1,2017.000001,0.487,1.018181818,,POINT (225519.78710000217 900647.0066)
3726,QUINCY AVE @ SOUTHERN ARTERY,275,818.9,35.1,2017.000001,0.487,2.977818182,,POINT (236476.24750000238 900648.1983999982)
3727,QUINCY AVE @ FAXON COMMONS,132,183.9,35.1,2017.000001,0.487,1.393181818,,POINT (243714.94910000265 901775.9803999998)
3728,QUINCY AVE @ CHARLESMOUNT AVE,132,67.3,35.1,2017.000001,0.487,0.509848485,,POINT (222250.60980000347 901778.5494000018)
3729,QUINCY AVE OPP PRESIDENT PLAZ,132,99.8,35.1,2017.000001,0.487,0.756060606,,POINT (236173.26399999857 901785.1167000011)
3731,QUINCY AVE OPP FAXON PARK RD,132,39.6,35.1,2017.000001,0.487,0.3,,POINT (243719.17419999838 901787.4666000009)
3732,QUINCY AVE @ SCAMMELL ST,275,300.5,37,5088.300002,0.505,1.092727273,,POINT (236374.70130000263 901788.4609999992)
3733,QUINCY AVE OPP WATER ST,275,71.1,37,5088.300002,0.505,0.258545455,,POINT (238801.93569999933 901791.0918000005)
3780,PEARL ST @ IVORY PLAZA,89,46.8,41.4,1110.2,0.503,0.525842697,,POINT (224087.85859999806 901795.2679999992)
3781,PEARL ST @ WASHINGTON ST,89,77.7,41.4,1110.2,0.503,0.873033708,,POINT (224095.01330000162 901795.7182999998)
3782,FRANKLIN ST @ WASHINGTON ST,89,17.8,41.4,1110.2,0.503,0.2,,POINT (223912.2678000033 901805.6490000002)
3783,FRANKLIN ST @ SUMMER ST,89,13.5,46.6,672.0000001,0.459,0.151685393,,POINT (224310.60909999907 901818.8128000014)
3784,QUINCY AVE @ SCHOOL ST,275,261,37,5088.300002,0.505,0.949090909,,POINT (224316.38629999757 901820.1464000009)
3785,QUINCY AVE @ WATER ST,275,102.8,37,5088.300002,0.505,0.373818182,,POINT (238461.06069999933 901822.7853000015)
3786,QUINCY AVE @ BLANCHARD RD,275,114.7,37,5088.300002,0.505,0.417090909,,POINT (233636.19960000366 901823.3051999994)
3787,QUINCY AVE @ FAXON PARK RD,132,15.9,35.5,5508.599998,0.49,0.120454545,,POINT (233631.4121999964 901828.7170000002)
3788,QUINCY AVE OPP RICHARD ST,132,147.4,35.1,2017.000001,0.487,1.116666667,,POINT (226252.1252000034 901835.1840000004)
3789,QUINCY AVE @ PRESIDENT PLAZA,132,6,35.1,2017.000001,0.487,0.045454545,,POINT (226257.25110000372 901838.9332999997)
3790,QUINCY AVE OPP CHARLESMOUNT A,132,187.6,35.1,2017.000001,0.487,1.421212121,,POINT (222132.70289999992 901843.0626000017)
3792,QUINCY AVE @ SOUTHERN ARTERY,275,1000.3,58.1,8375.500006,0.408,3.637454545,,POINT (232693.33600000292 901844.2630999982)
3793,QUINCY AVE @ W HOWARD ST,275,271.6,58.1,8375.500006,0.408,0.987636364,,POINT (232693.33600000292 901844.2630999982)
3796,QUINCY AVE @ QUIRK CHEVROLET,275,95.9,42.6,844.6999999,0.502,0.348727273,,POINT (225827.8280000016 901848.4802000001)
3798,QUINCY AVE @ DEWEY RD,275,72,42.6,844.6999999,0.502,0.261818182,,POINT (236280.28059999645 901853.4342)
3799,QUINCY AVE @ HAYWARD ST,275,85.5,42.6,844.6999999,0.502,0.310909091,,POINT (222104.6018999964 901855.3665999994)
3800,QUINCY AVE @ COTTON AVE,275,127.5,42.6,844.6999999,0.502,0.463636364,,POINT (223761.0097000003 901856.5899999999)
3801,OPP 197 QUINCY AVE,275,71.1,43.2,2340.599998,0.481,0.258545455,,POINT (223761.0097000003 901856.5899999999)
3802,QUINCY AVE @ EDGEMONT RD,275,20.5,41.4,2990.500002,0.476,0.074545455,,POINT (236947.21299999952 901867.2401)
3803,QUINCY AVE @ CEDAR CLIFF RD,275,18.7,41.4,2990.500002,0.476,0.068,,POINT (238669.0278000012 901883.2811000012)
3804,QUINCY AVE @ ALLEN ST,275,20.5,43.2,2340.599998,0.481,0.074545455,,POINT (232450.14190000296 901886.1169000007)
3806,QUINCY AVE @ COMMERCIAL ST,275,226,38.6,3027.800002,0.478,0.821818182,,POINT (232450.14190000296 901886.1169000007)
3808,FRONT ST @ COMMERCIAL ST,275,96.5,41.4,2522.600001,0.498,0.350909091,,POINT (239757.47389999777 901888.1931999996)
3809,FRONT ST @ ELMWOOD PK,275,15.7,41.4,2522.600001,0.498,0.057090909,,POINT (221977.53220000118 901890.3621999994)
3811,FRONT ST @ GLINES AVE,275,36.7,41.4,2522.600001,0.498,0.133454545,,POINT (230882.77679999918 901891.6739000008)
3812,FRONT ST @ STERLING ST,275,36,43.1,1999.5,0.487,0.130909091,,POINT (220338.64350000024 901902.4252000004)
3813,SUMMER ST @ WALNUT AVE,275,30.1,43.1,1999.5,0.487,0.109454545,,POINT (239767.02880000323 901903.8920000009)
3816,SUMMER ST @ HARLAND RD,275,30.7,43.1,1999.5,0.487,0.111636364,,POINT (225752.99960000068 901912.8768999986)
3817,FEDERAL ST @ SUMMER ST,275,56.3,43.1,1999.5,0.487,0.204727273,,POINT (230898.2827000022 901912.9230000004)
3819,FEDERAL ST @ FRONT ST,275,28.5,43.1,1999.5,0.487,0.103636364,,POINT (233554.89970000088 901913.2608999982)
3820,FEDERAL ST @ WASHINGTON ST,275,463.5,48.2,888.6000005,0.49,1.685454545,,POINT (221617.41009999812 901925.4068000019)
3821,396 WASHINGTON ST,404,92.7,52.5,2508.399998,0.416,0.229455446,,POINT (221782.97420000285 901928.0885999985)
3822,WASHINGTON ST @ KING AVE,404,35.4,48.2,888.6000005,0.49,0.087623762,,POINT (221768.46630000323 901930.7487999983)
3823,WASHINGTON ST @ KENSINGTON RD,404,93.9,52.5,2508.399998,0.416,0.232425743,,POINT (233311.760300003 901931.5355000012)
3824,WASHINGTON ST @ BROAD ST,679,777,52.5,2508.399998,0.416,1.144329897,,POINT (233311.760300003 901931.5355000012)
3825,SCAMMELL ST @ MARTENSEN ST,143,187.1,37,5088.300002,0.505,1.308391608,,POINT (221628.9668999985 901939.3121000007)
3826,SCAMMELL ST @ MARY ST,143,64.4,35.5,5508.599998,0.49,0.45034965,,POINT (221621.2480000034 901944.0164999999)
3827,SOUTH ST @ KEATING ST,143,46.2,37,5088.300002,0.505,0.323076923,,POINT (236870.2927000001 901944.9805000015)
3828,SOUTH ST OPP WINTHROP PK,143,19.8,37,5088.300002,0.505,0.138461538,,POINT (221181.33889999986 901945.7925999984)
3829,SOUTH ST OPP MAIN ST,143,24.3,35.5,5508.599998,0.49,0.16993007,,POINT (233516.39989999682 901955.3625999987)
3830,SOUTH ST OPP ARNOLD ST,143,0,35.5,5508.599998,0.49,0,,POINT (238233.69860000163 901955.8691000007)
3831,SOUTH ST @ SOUTHERN ARTERY,143,139.3,35.5,5508.599998,0.49,0.974125874,,POINT (238532.45359999686 901960.7069000006)
3841,SOUTH ST @ SOUTHERN ARTERY,143,31.3,35.5,5508.599998,0.49,0.218881119,,POINT (236343.21920000017 901972.8365999982)
3842,SOUTH ST @ MAIN ST,143,29.3,35.5,5508.599998,0.49,0.204895105,,POINT (226441.4144999981 901981.4827000014)
3843,SOUTH ST @ WINTHROP PK,143,26.3,37,5088.300002,0.505,0.183916084,,POINT (234866.79680000246 899957.6876999997)
3844,SOUTH ST OPP KEATING ST,143,89.8,37,5088.300002,0.505,0.627972028,,POINT (223215.10329999775 899961.9461000003)
3845,SCAMMELL ST @ DYSART ST,143,41.6,37,5088.300002,0.505,0.290909091,,POINT (232706.43940000236 899963.560800001)
3846,FRANKLIN ST OPP PEARL ST,421,70.8,36.4,3724.200001,0.497,0.168171021,,POINT (223221.89379999787 899963.9534999989)
3848,FRANKLIN ST @ PRESIDENTS AVE,320,92.7,36.4,3724.200001,0.497,0.2896875,,POINT (225806.21980000287 899970.1596000008)
3849,INDEPENDENCE AVE @ GODDARD ST,320,49.3,36.4,3724.200001,0.497,0.1540625,,POINT (222253.74650000036 899972.0615999997)
3850,INDEPENDENCE AVE @ LAWRY ST,320,18.5,35.8,5055.500004,0.483,0.0578125,,POINT (222250.8369999975 899979.7591000013)
3851,INDEPENDENCE AVE @ FEDERAL AV,320,14.5,36.4,3724.200001,0.497,0.0453125,,POINT (227636.88910000026 899983.1004999988)
3852,INDEPENDENCE AVE OPP VERCHILD,320,71.5,36.4,3724.200001,0.497,0.2234375,,POINT (235942.17080000043 899987.6114999987)
3853,INDEPENDENCE AVE OPP LURTON S,320,51.2,36.4,3724.200001,0.497,0.16,,POINT (235812.94389999658 899991.1026999988)
3854,41 INDEPENDENCE AVE,320,9.7,50.8,2647.499999,0.428,0.0303125,,POINT (232643.6604000032 899993.5791000016)
3855,INDEPENDENCE AVE @ CENTRE ST,320,69.6,50.8,2647.499999,0.428,0.2175,,POINT (235944.81830000132 899994.4186999984)
3857,WASHINGTON ST @ COMMON ST,165,48.3,38.8,2169.8,0.493,0.292727273,,POINT (227617.01810000092 900000.1015000008)
3858,WASHINGTON ST OPP SCHOOL ST,165,8.5,38.8,2169.8,0.493,0.051515152,,POINT (237829.22179999948 900002.6717000008)
3859,WASHINGTON ST @ ELM ST,165,28,38.8,2169.8,0.493,0.16969697,,POINT (232432.88019999862 900007.0861000009)
3860,WASHINGTON ST OPP RIVER ST,165,78,38.8,2169.8,0.493,0.472727273,,POINT (229058.76250000298 900014.0612999983)
3861,WASHINGTON ST OPP SOPER HOUSE,165,0.5,38.8,2169.8,0.493,0.003030303,,POINT (230418.69569999725 900016.2322999984)
3862,WASHINGTON ST @ HOLLLIS AVE,165,29.3,38.8,2169.8,0.493,0.177575758,,POINT (235046.9482000023 900021.1757000014)
3863,WASHINGTON ST @ MONTIQUOT AVE,165,3,42.2,2131.7,0.512,0.018181818,,POINT (223418.6093999967 900022.6876000017)
3864,WASHINGTON ST @ WEST ST,165,20.3,42.2,2131.7,0.512,0.123030303,,POINT (233858.5169999972 900023.9957000017)
3865,WASHINGTON ST @ ROBINSON AVE,165,21.5,42.2,2131.7,0.512,0.13030303,,POINT (232410.07609999925 900031.6972000003)
3866,WASHINGTON ST @ ACADEMY ST,165,7.5,41.7,2278.8,0.493,0.045454545,,POINT (223451.0257000029 900035.8104999997)
3867,WASHINGTON ST @ HOBART AVE,165,12,41.7,2278.8,0.493,0.072727273,,POINT (237788.75150000304 900036.3548000008)
3868,WASHINGTON ST OPP GILBERT L B,165,24.8,41.4,1110.2,0.503,0.15030303,,POINT (234815.10599999875 900037.1053000018)
3870,WASHINGTON ST @ SUMMER ST,165,72.3,41.4,1110.2,0.503,0.438181818,,POINT (232241.41629999876 900037.8240999989)
3872,HANCOCK ST @ HALL AVE,165,123.3,41.4,1110.2,0.503,0.747272727,,POINT (227465.81120000035 900051.5086000003)
3873,HANCOCK ST @ HANCOCK AVE,165,39.1,41.4,1110.2,0.503,0.236969697,,POINT (227465.81120000035 900051.5086000003)
3874,HANCOCK ST @ WASHINGTON ST,165,57.8,46.3,927.0999999,0.464,0.35030303,,POINT (227288.36069999635 900052.4503000006)
3876,HANCOCK ST @ SMITH ST,165,14.6,46.3,927.0999999,0.464,0.088484848,,POINT (232227.5169999972 900061.568)
3877,HANCOCK ST @ HIGHLAND AVE,165,2.5,46.3,927.0999999,0.464,0.015151515,,POINT (227304.6247999966 900065.1251999997)
3879,WASHINGTON ST OPP HANCOCK ST,165,21,46.3,927.0999999,0.464,0.127272727,,POINT (224139.68710000068 900065.4375)
3881,WASHINGTON ST OPP PEACH ST,165,13.5,46.3,927.0999999,0.464,0.081818182,,POINT (236280.42289999872 900071.618900001)
3882,WASHINGTON ST OPP BELLEVUE AV,165,8.8,42.4,1247.3,0.494,0.053333333,,POINT (232132.29320000112 900078.2670000009)
3883,WASHINGTON ST OPP MASSACHUSET,165,24.5,42.4,1247.3,0.494,0.148484848,,POINT (227009.17069999874 900081.5874000005)
3884,WASHINGTON ST @ PLYMOUTH RD,165,1,42.5,954.1000001,0.48,0.006060606,,POINT (237660.67059999704 900081.8456999995)
3885,WASHINGTON ST @ HILLVIEW RD,165,4.5,42.5,954.1000001,0.48,0.027272727,,POINT (230389.59170000255 900082.4171999991)
3887,WASHINGTON ST @ SOUTH ST,165,78.8,42.4,1247.3,0.494,0.477575758,,POINT (223660.18360000104 900083.6279000007)
3888,WASHINGTON ST @ OLYMPUS SPECI,165,27.2,42.4,1247.3,0.494,0.164848485,,POINT (223640.00129999965 900083.8264999986)
3890,WASHINGTON ST @ ROOSEVELT ST,165,40.8,42.4,1247.3,0.494,0.247272727,,POINT (237200.38080000132 900084.8333999999)
3891,N FRANKLIN ST @ W DIVISION ST,165,98.8,38.9,662.2,0.5,0.598787879,,POINT (237200.38080000132 900084.8333999999)
3892,N FRANKLIN ST @ ROSE WAY,165,24,40.6,836.2000001,0.485,0.145454545,,POINT (229188.04389999807 900088.5782000013)
3893,N FRANKLIN ST OPP DAMON AVE,165,0,40.6,836.2000001,0.485,0,,POINT (226990.51539999992 900092.9406999983)
3894,N FRANKLIN ST @ CEDARCREST RD,165,0,40.6,836.2000001,0.485,0,,POINT (237009.01850000024 900095.9098999985)
3895,N FRANKLIN ST @ NOONANS LANE,165,4.5,40.6,836.2000001,0.485,0.027272727,,POINT (224132.71299999952 900096.1424999982)
3896,N FRANKLIN ST @ ELM AVE,165,17.5,40.6,836.2000001,0.485,0.106060606,,POINT (223832.43779999763 900098.8792999983)
3897,N FRANKLIN ST @ LINFIELD ST,165,84,40.6,836.2000001,0.485,0.509090909,,POINT (237003.44860000163 900099.3310999982)
3900,N FRANKLIN ST @ JEWEL RD,175,100.5,40.6,836.2000001,0.485,0.574285714,,POINT (229205.74759999663 900100.0725000016)
3901,N FRANKLIN ST @ SCHOOL ST,175,7,40.6,836.2000001,0.485,0.04,,POINT (223851.7875000015 900103.0749999993)
3902,N FRANKLIN ST @ BELCHER ST,175,12.3,40.6,836.2000001,0.485,0.070285714,,POINT (234989.86299999803 900103.696800001)
3903,N FRANKLIN ST OPP CEDARCREST,175,0,40.6,836.2000001,0.485,0,,POINT (233826.6419999972 900107.8717)
3905,N FRANKLIN ST @ DAMON AVE,175,2.5,38.9,662.2,0.5,0.014285714,,POINT (231735.43289999664 900116.0769000016)
3906,N FRANKLIN ST OPP ROSE WAY,175,20,40.6,836.2000001,0.485,0.114285714,,POINT (227396.78869999945 900136.3194000013)
3907,N FRANKLIN ST @ JOHNS AVE,175,116.8,40.6,836.2000001,0.485,0.667428571,,POINT (236016.8932000026 900136.8960000016)
3910,WASHINGTON ST @ VIRGINIA RD,175,22,42.4,1247.3,0.494,0.125714286,,POINT (227404.40600000322 900139.375)
3911,WASHINGTON ST @ BREWSTER AVE,175,86.2,42.4,1247.3,0.494,0.492571429,,POINT (235693.0116999969 900144.2338999994)
3913,WASHINGTON ST @ ARBUTUS AVE,175,9.3,42.5,954.1000001,0.48,0.053142857,,POINT (235387.54150000215 900145.6141000018)
3915,WASHINGTON ST @ PARK AVE,175,20.3,42.4,1247.3,0.494,0.116,,POINT (236373.25940000266 900146.6972000003)
3916,WASHINGTON ST @ BELLEVUE AVE,175,8.3,42.4,1247.3,0.494,0.047428571,,POINT (225866.4443999976 900148.1270000003)
3917,WASHINGTON ST @ PEACH ST,175,14,42.4,1247.3,0.494,0.08,,POINT (231642.73640000075 900153.3652999997)
3918,WASHINGTON ST OPP BRAXTON ST,175,19,46.3,927.0999999,0.464,0.108571429,,POINT (235859.25649999827 900156.0777999982)
3921,HANCOCK ST OPP HIGHLAND AVE,175,5,46.3,927.0999999,0.464,0.028571429,,POINT (222191.1067999974 900158.9292000011)
3922,HANCOCK ST OPP SMITH ST,175,11.5,46.3,927.0999999,0.464,0.065714286,,POINT (235401.42149999738 900159.6251000017)
3923,HANCOCK ST @ WASHINGTON ST,175,45.8,46.3,927.0999999,0.464,0.261714286,,POINT (231457.5855000019 900161.3537000008)
3925,HANCOCK ST OPP HANCOCK AVE,175,56.8,41.4,1110.2,0.503,0.324571429,,POINT (226880.7624000013 900164.068)
3926,HANCOCK ST OPP HALL AVE,175,89.5,41.4,1110.2,0.503,0.511428571,,POINT (235165.3783000037 900167.5335000008)
3928,WASHINGTON ST OPP SUMMER ST,175,114.1,41.4,1110.2,0.503,0.652,,POINT (225351.2894999981 899027.3575000018)
3930,WASHINGTON ST @ GILBERT BEAN,175,28.1,41.4,1110.2,0.503,0.160571429,,POINT (235321.7996999994 899027.6400999986)
3931,WASHINGTON ST OPP HOBART AVE,175,400.1,41.7,2278.8,0.493,2.286285714,,POINT (236747.10880000144 899027.7153999992)
3933,WASHINGTON ST OPP ACADEMY ST,175,9.5,41.7,2278.8,0.493,0.054285714,,POINT (224169.79680000246 899031.5626000017)
3934,WASHINGTON ST @ SHERBROOKE AV,175,19.3,42.2,2131.7,0.512,0.110285714,,POINT (229815.49899999797 899031.7558999993)
3935,WASHINGTON ST OPP WEST ST,175,30.3,41.7,2278.8,0.493,0.173142857,,POINT (228459.04079999775 899048.6207000017)
3936,WASHINGTON ST @ CLARK ST,175,30.8,42.2,2131.7,0.512,0.176,,POINT (225366.04640000314 899050.375)
3937,400 WASHINGTON ST,175,30.2,38.8,2169.8,0.493,0.172571429,,POINT (234066.79569999874 899060.5093999989)
3938,WASHINGTON ST @ RIVER ST,175,46.3,38.8,2169.8,0.493,0.264571429,,POINT (234881.50119999796 899062.121199999)
3939,WASHINGTON ST @ ELM ST,175,29,38.8,2169.8,0.493,0.165714286,,POINT (234054.58630000055 899071.4353)
3940,WASHINGTON ST @ SCHOOL ST,175,39,38.8,2169.8,0.493,0.222857143,,POINT (235468.64370000362 899076.8211000003)
3941,WASHINGTON ST @ PRESIDENT RD,175,4.5,38.8,2169.8,0.493,0.025714286,,POINT (221433.46920000017 899086.3016000018)
3943,INDEPENDENCE AVE OPP CENTRE S,289,92.5,50.8,2647.499999,0.428,0.320069204,,POINT (234339.4076000005 899094.1022999994)
3944,OPP 41 INDEPENDENCE AVE,337,63.3,50.8,2647.499999,0.428,0.187833828,,POINT (221419.4029000029 899097.4726999998)
3945,INDEPENDENCE AVE @ LURTON ST,337,44.3,36.4,3724.200001,0.497,0.131454006,,POINT (234345.00580000132 899102.3951999992)
3946,INDEPENDENCE AVE @ VERCHILD S,337,72,36.4,3724.200001,0.497,0.213649852,,POINT (234947.2378000021 899110.0614)
3947,INDEPENDENCE AVE @ FEDERAL AV,337,34,36.4,3724.200001,0.497,0.100890208,,POINT (236639.67920000106 899120.9228999987)
3948,INDEPENDENCE AVE @ BENNINGTON,337,21.5,35.8,5055.500004,0.483,0.06379822,,POINT (234982.80309999734 899135.4332000017)
3949,INDEPENDENCE AVE @ FRANKLIN S,337,69.5,36.4,3724.200001,0.497,0.206231454,,POINT (231207.50670000166 899137.5718999989)
3950,FRANKLIN ST @ PAYNE ST,438,95.6,36.4,3724.200001,0.497,0.21826484,,POINT (231207.50670000166 899137.5718999989)
3957,FRANKLIN ST @ INDEPENDENCE AV,101,18.5,35.8,5055.500004,0.483,0.183168317,,POINT (235197.5816999972 899139.9123999998)
3959,FRANKLIN ST @ PEARL ST,438,163.7,36.4,3724.200001,0.497,0.373744292,,POINT (235189.5129000023 899148.7254000008)
3966,N FRANKLIN ST @ UNION ST,165,52,40.6,836.2000001,0.485,0.315151515,,POINT (235596.117399998 899152.7745000012)
3967,S FRANKLIN ST OPP NORFOLK RD,165,55.8,41.9,340.8,0.493,0.338181818,,POINT (229637.91899999976 899156.2751999982)
3968,S FRANKLIN ST @ CHANDLER ST,165,5.8,43,1183.7,0.47,0.035151515,,POINT (235609.93039999902 899166.7452999987)
3969,S FRANKLIN ST @ ADAMS ST,165,12.2,43,1183.7,0.47,0.073939394,,POINT (234264.5551000014 899167.2490000017)
3970,S FRANKLIN ST @ TECHNICAL PAR,165,51.5,43,1183.7,0.47,0.312121212,,POINT (229621.81499999762 899167.2965000011)
3971,261 S FRANKLIN ST,165,67.3,41.9,340.8,0.493,0.407878788,,POINT (233025.39239999652 899170.1019000001)
3972,S FRANKLIN ST @ KING RD,165,34,43,1183.7,0.47,0.206060606,,POINT (232680.28589999676 899198.634300001)
3973,S FRANKLIN ST @ WALSH RD,165,10.8,41.9,340.8,0.493,0.065454545,,POINT (234228.3594999984 899199.7036000006)
3975,S FRANKLIN ST @ DRESSER AVE,165,23.3,40.8,1253.100001,0.491,0.141212121,,POINT (234195.56390000135 899202.2410999984)
3976,S FRANKLIN ST @ HILLSDALE RD,165,41,41.9,340.8,0.493,0.248484848,,POINT (232685.46920000017 899204.7285000011)
3977,549 S FRANKLIN ST,165,1,41.9,340.8,0.493,0.006060606,,POINT (221323.53639999777 899208.7151000015)
3978,S FRANKLIN ST OPP QUINCY ST,165,9.5,41.9,340.8,0.493,0.057575758,,POINT (221712.75930000097 899213.363499999)
3979,S FRANKLIN ST @ LAUREL PK,165,4.2,42.9,806.4000001,0.486,0.025454545,,POINT (224228.1872999966 899221.1873999983)
3980,716 S FRANKLIN ST,165,8,41,481.7,0.49,0.048484848,,POINT (235103.90410000086 899222.5980000012)
3981,778 S FRANKLIN ST,165,70.5,42.9,806.4000001,0.486,0.427272727,,POINT (236497.58179999888 899223.4120999984)
3982,S FRANKLIN ST @ SOUTH ST,165,90.8,41,481.7,0.49,0.55030303,,POINT (233195.32869999856 899225.7624999993)
3984,S FRANKLIN ST @ UPLAND ST,165,29.5,41,481.7,0.49,0.178787879,,POINT (221315.85909999907 899226.4998999983)
3985,1002 S FRANKLIN ST,165,7,41,481.7,0.49,0.042424242,,POINT (236504.27120000124 899227.7949000001)
3986,S FRANKLIN ST @ HAMILTON WAY,165,40.5,41,481.7,0.49,0.245454545,,POINT (228546.1726000011 899228.9101000018)
3988,HOWARD ST @ LISA DR,175,28,41.1,1106.5,0.489,0.16,,POINT (235667.5257000029 899229.5645000003)
3990,S FRANKLIN ST OPP HAMILTON WA,175,19.8,41,481.7,0.49,0.113142857,,POINT (221726.91690000147 899231.0654999986)
3991,S FRANKLIN ST @ WOODLAWN AVE,175,5.5,41,481.7,0.49,0.031428571,,POINT (228548.4394999966 899234.3020000011)
3992,S FRANKLIN ST @ EMERY ST,175,31.8,41,481.7,0.49,0.181714286,,POINT (234199.14239999652 899237.8566999994)
3994,S FRANKLIN ST @ LINWOOD ST,175,57,41,481.7,0.49,0.325714286,,POINT (224230.43710000068 899240.6994999982)
3996,S FRANKLIN ST @ DIMAN AVE,175,98.2,41,481.7,0.49,0.561142857,,POINT (235130.4375 899241.6612999998)
3997,OPP 716 S FRANKLIN ST,175,14.3,41,481.7,0.49,0.081714286,,POINT (235120.62569999695 899243.3387000002)
3998,S FRANKLIN ST OPP LAUREL PK,175,8.3,41,481.7,0.49,0.047428571,,POINT (235118.0399999991 899250.4076999985)
3999,S FRANKLIN ST @ QUINCY ST,175,20.5,41,481.7,0.49,0.117142857,,POINT (236664.47519999743 899265.7325999998)
4000,OPP 549 S FRANKLIN ST,175,10.2,41.9,340.8,0.493,0.058285714,,POINT (232992.34329999983 899268.3123999983)
4001,S FRANKLIN ST OPP HILLSDALE R,175,38.5,41.9,340.8,0.493,0.22,,POINT (232750.10360000283 899288.4136999995)
4002,S FRANKLIN ST @ DRESSER AVE,175,47.3,40.8,1253.100001,0.491,0.270285714,,POINT (229454.2295999974 899290.4129999988)
4003,S FRANKLIN ST OPP WALSH RD,175,26.1,40.8,1253.100001,0.491,0.149142857,,POINT (232754.21930000186 899293.6361999996)
4004,S FRANKLIN ST OPP KING RD,175,36.8,43,1183.7,0.47,0.210285714,,POINT (235903.5698999986 899310.7916000001)
4006,S FRANKLIN ST @ HOLBROOK HS,175,129.9,43,1183.7,0.47,0.742285714,,POINT (225507.75370000303 899321.9373000003)
4007,S FRANKLIN ST OPP ADAMS ST,175,15.9,41.9,340.8,0.493,0.090857143,,POINT (235247.13920000196 899326.9783000015)
4008,S FRANKLIN ST OPP CHANDLER ST,175,10.3,43,1183.7,0.47,0.058857143,,POINT (229399.94590000063 899331.5927000009)
4009,S FRANKLIN ST @ HOLBROOK PARK,175,4.8,43,1183.7,0.47,0.027428571,,POINT (235756.9394999966 899347.2765999995)
4010,S FRANKLIN ST @ PLYMOUTH ST,175,105.9,41.9,340.8,0.493,0.605142857,,POINT (225515.66740000248 899347.5188000016)
4011,FRANKLIN ST @ TAYLOR ST,89,1.5,46.6,672.0000001,0.459,0.016853933,,POINT (230942.9129000008 899352.4490999989)
4012,FRANKLIN ST @ MARSHFIELD RD,89,2.4,46.6,672.0000001,0.459,0.026966292,,POINT (235759.28279999644 899352.5832999982)
4013,FRANKLIN ST @ ELMWOOD AVE,89,7.9,46.6,672.0000001,0.459,0.088764045,,POINT (235291.70470000058 899357.4737000018)
4014,FRANKLIN ST @ HOLLINGSWORTH A,89,0,46.6,672.0000001,0.459,0,,POINT (235778.1149000004 899358.6909000017)
4015,FRANKLIN ST @ REED HILL RD,89,7,41.7,2278.8,0.493,0.078651685,,POINT (239030.71019999683 899358.8489999995)
4016,FRANKLIN ST @ WEST ST,89,59.2,41.7,2278.8,0.493,0.665168539,,POINT (230907.52799999714 899377.0493000001)
4017,GRANITE ST @ WEST ST,251,24.5,40.4,562.6999999,0.487,0.097609562,,POINT (221332.50850000232 899384.4301999994)
4019,S SHORE PLAZA @ GARAGE,495,3670.3,49.5,18.4,0.538,7.414747475,,POINT (219887.97129999846 899388.7664999999)
4020,S SHORE MALL RD @ TRAVELERS I,406,68.4,40.4,562.6999999,0.487,0.168472906,,POINT (229298.21310000122 899402.3500000015)
4023,GRANITE ST @ DAVIS RD,244,19.6,49.5,18.4,0.538,0.080327869,,POINT (237981.60649999976 899404.2201000005)
4024,GRANITE ST @ WEST ST,244,33.5,40.4,562.6999999,0.487,0.137295082,,POINT (234086.2824999988 899404.5920000002)
4025,FRANKLIN ST @ GRANITE ST,89,52.2,46.6,672.0000001,0.459,0.586516854,,POINT (233139.63069999963 899406.7784000002)
4026,FRANKLIN ST OPP REED HILL RD,89,2.5,41.7,2278.8,0.493,0.028089888,,POINT (228568.19889999926 899408.9521999992)
4027,FRANKLIN ST OPP HOLLINGSWORTH,89,6.4,46.6,672.0000001,0.459,0.071910112,,POINT (238963.6428000033 899411.9120999984)
4028,FRANKLIN ST OPP ELMWOOD AVE,89,5.8,46.6,672.0000001,0.459,0.065168539,,POINT (229285.2026000023 899412.5003000014)
4029,FRANKLIN ST @ MARSHFIELD RD,89,0,46.6,672.0000001,0.459,0,,POINT (221342.4870999977 899416.0969999991)
4030,FRANKLIN ST @ SAFFORD ST,89,1,46.6,672.0000001,0.459,0.011235955,,POINT (228570.87849999964 899416.2342999987)
4031,FRANKLIN ST @ WASHINGTON ST,89,2.4,46.6,672.0000001,0.459,0.026966292,,POINT (221884.22259999812 899419.5441999994)
4032,579 GRANITE ST,155,83,46.6,672.0000001,0.459,0.535483871,,POINT (237982.98210000247 899419.9012999982)
4034,738 GRANITE ST OPP TOWN ST,155,254.1,40.4,562.6999999,0.487,1.639354839,,POINT (233143.4620999992 899421.5923000015)
4035,GRANITE ST @ LUNDQUIST DR,155,157.9,46.6,672.0000001,0.459,1.018709677,,POINT (221886.84070000052 899423.9228000008)
4036,GRANITE ST @ KING HILL RD,155,42.1,46.6,672.0000001,0.459,0.271612903,,POINT (232867.46490000188 899438.4523999989)
4037,POND ST @ MARGARET DR,155,3,41,473.8,0.491,0.019354839,,POINT (232871.52390000224 899443.7740000002)
4038,531 POND ST,155,7,41,473.8,0.491,0.04516129,,POINT (238119.48129999638 899451.183600001)
4039,POND ST @ ROCSAM PARK RD,155,37.7,41,473.8,0.491,0.243225806,,POINT (238359.27870000154 899457.5295000002)
4040,NORTH ST @ MAITLAND AVE,155,65.5,44.2,540.9000001,0.465,0.422580645,,POINT (238731.53830000013 899467.6048999988)
4042,NORTH ST @ BROAD ST,155,19,44.2,540.9000001,0.465,0.122580645,,POINT (235034.38080000132 899476.4160999991)
4043,NORTH ST @ OAK ST,155,14.5,44.2,540.9000001,0.465,0.093548387,,POINT (235027.54110000283 899494.9781000018)
4044,NORTH ST @ SCANNEL RD,155,50.9,44.2,540.9000001,0.465,0.328387097,,POINT (235437.6018999964 899497.1680000015)
4046,NORTH ST @ PICTUN RD,155,31.5,44.2,540.9000001,0.465,0.203225806,,POINT (232589.11410000175 899500.0256999992)
4047,NORTH ST @ MCDEVITT RD,155,41.5,44.2,540.9000001,0.465,0.267741935,,POINT (233341.42890000343 899501.2467)
4049,NORTH ST @ DYER AVE,155,3.5,44.2,540.9000001,0.465,0.022580645,,POINT (232596.55139999837 899501.9968999997)
4050,NORTH ST @ TRUMAN DR,155,61.9,44.2,540.9000001,0.465,0.399354839,,POINT (235453.7731000036 899504.1206)
4051,NORTH ST @ LIBERTY ST,155,11.5,44.2,540.9000001,0.465,0.074193548,,POINT (221963.20380000025 899504.934700001)
4053,320 NORTH ST,155,14.5,40.3,467.2,0.481,0.093548387,,POINT (234444.9755000025 899506.068599999)
4054,NORTH ST OPP SETON WAY,155,14,40.3,467.2,0.481,0.090322581,,POINT (234049.19940000027 899506.7204000019)
4055,168 NORTH ST,155,67.1,44.6,1982.099999,0.464,0.432903226,,POINT (233338.85140000284 899507.1711999997)
4056,NORTH ST @ COTTAGE ST,155,51.4,40.3,467.2,0.481,0.331612903,,POINT (221968.56120000035 899508.9188000001)
4057,NORTH ST @ SHORT ST,155,14.9,41.8,1982.799999,0.485,0.096129032,,POINT (238568.33630000055 899510.440299999)
4058,NORTH ST @ N MAIN ST,105,605.5,41.8,1982.799999,0.485,5.766666667,,POINT (238562.0759000033 899514.179299999)
4061,NORTH ST @ MILL ST,162,56.3,41.8,1982.799999,0.485,0.347530864,,POINT (224219.57429999858 899514.1887000017)
4062,NORTH ST @ SETON WAY,162,33.4,40.3,467.2,0.481,0.20617284,,POINT (224219.57429999858 899514.1887000017)
4063,81 NORTH ST,162,25.4,41.8,1982.799999,0.485,0.156790123,,POINT (237847.92639999837 899519.4901)
4064,203 NORTH ST,162,74.7,40.3,467.2,0.481,0.461111111,,POINT (234446.0795999989 899530.1037000008)
4065,NORTH ST @ COCHATO PK,162,19.7,40.3,467.2,0.481,0.121604938,,POINT (235455.17130000144 899532.6493000016)
4066,327 NORTH ST,162,3.1,40.3,467.2,0.481,0.019135802,,POINT (230685.60970000178 899540.0538999997)
4069,455 NORTH ST OPP DYER AVE,162,83.2,44.2,540.9000001,0.465,0.513580247,,POINT (230673.3478000015 899555.3288999982)
4071,NORTH ST @ TEED DR,162,68.7,44.2,2622.6,0.492,0.424074074,,POINT (229156.5824000016 899564.2294999994)
4072,NORTH ST @ CANESSA ST,162,26.9,44.2,540.9000001,0.465,0.166049383,,POINT (228590.54580000043 899570.7985000014)
4074,NORTH ST OPP SCANNEL RD,162,67.3,44.2,540.9000001,0.465,0.415432099,,POINT (228640.96140000224 899577.0518999994)
4075,NORTH ST @ RANDOLPH RD,162,6.4,44.2,540.9000001,0.465,0.039506173,,POINT (229139.74960000068 899579.4998999983)
4076,NORTH ST OPP BROAD ST,162,20.8,44.2,540.9000001,0.465,0.128395062,,POINT (235859.5253000036 899580.2796999998)
4078,NORTH ST OPP MAITLAND AVE,162,96.1,44.2,540.9000001,0.465,0.593209877,,POINT (228643.68990000337 899583.0326000005)
4079,POND ST @ IDA RD,162,27.5,41,473.8,0.491,0.169753086,,POINT (235979.53890000284 899632.9426999986)
4080,536 POND ST,162,0,41,473.8,0.491,0,,POINT (225598.35119999945 899632.9712000005)
4081,POND ST OPP MARGARET DR,162,1.5,41,473.8,0.491,0.009259259,,POINT (235872.6872999966 899638.9375)
4082,GRANITE ST @ POND ST,162,37,41,473.8,0.491,0.228395062,,POINT (237718.23809999973 899641.4459000006)
4083,GRANITE ST @ EMERALD AVE,162,157.7,40.4,562.6999999,0.487,0.97345679,,POINT (236950.12179999799 899641.8225999996)
4084,GRANITE ST @ TOWN ST,162,252.2,40.4,562.6999999,0.487,1.556790123,,POINT (220329.41889999807 899651.9285000004)
4085,GRANITE ST @ ANDERSEN RD,162,20.3,40.4,562.6999999,0.487,0.125308642,,POINT (225606.625 899654.5626999997)
4086,GRANITE ST OPP PETERSON RD,162,113.1,40.4,562.6999999,0.487,0.698148148,,POINT (220352.77070000023 899655.6642999984)
4087,GRANITE ST @ BRAINTREE HILL P,162,108,49.5,18.4,0.538,0.666666667,,POINT (232532.94389999658 899658.1906999983)
4088,OPP 859 WILLARD ST,162,139.9,35.8,1240.9,0.488,0.863580247,,POINT (233037.052199997 899658.6953000017)
4089,WILLARD ST @ THISTLE RD,162,4.5,35.8,1240.9,0.488,0.027777778,,POINT (238321.94680000097 899660.8535000011)
4092,WILLARD ST @ AMES ST,162,44.7,35.8,1240.9,0.488,0.275925926,,POINT (235867.5895999968 899662.1501999982)
4093,WEST ST @ WILLARD ST,162,43.4,35.8,1240.9,0.488,0.267901235,,POINT (228989.9430000037 899662.7520000003)
4094,WEST ST @ TRASK AVE,162,9.9,35.8,1240.9,0.488,0.061111111,,POINT (235508.53499999642 899665.5240000002)
4095,WEST ST OPP HAYDEN ST,162,47,35.8,1240.9,0.488,0.290123457,,POINT (228983.9726999998 899667.0571999997)
4096,WEST ST @ DOBLE ST,162,32.6,35.8,1240.9,0.488,0.201234568,,POINT (222218.40529999882 899669.3176999986)
4097,WEST ST @ SULLIVAN RD,162,31.3,37,2903.300001,0.486,0.193209877,,POINT (233049.5454000011 899674.9043999985)
4098,WEST ST @ HYNES AVE,162,10.4,31.8,7639.700008,0.483,0.064197531,,POINT (238294.2656000033 899680.1688000001)
4099,WEST ST @ CENTRE ST,162,147.9,37,2903.300001,0.486,0.912962963,,POINT (228535.56210000068 899681.2071000002)
4100,CENTRE ST @ MCDONALD ST,162,73.1,36.9,4077.800002,0.497,0.451234568,,POINT (235356.54190000147 899682.3887000009)
4101,CENTRE ST @ BARTLETT ST,162,169,36.9,4077.800002,0.497,1.043209877,,POINT (220471.98430000246 899684.7501999997)
4102,CENTRE ST @ ALBERTINA ST,162,75,36.9,4077.800002,0.497,0.462962963,,POINT (233844.02820000052 899690.0923000015)
4103,CENTRE ST @ INTERVALE ST,162,54.2,36.9,4077.800002,0.497,0.334567901,,POINT (220999.99970000237 899690.9376999997)
4134,CENTRAL AVE @ CENTRAL AVE STA,248,565.9,49.6,2240.299998,0.414,2.281854839,,POINT (220496.25069999695 899693.934799999)
4136,CENTRAL AVE @ MAPLE ST,248,3.2,42.3,1113.4,0.475,0.012903226,,POINT (232520.37049999833 899694.6218000017)
4137,CENTRAL AVE OPP GRIGGS LN,248,0,40.8,2073.900001,0.473,0,,POINT (233841.06750000268 899695.6317999996)
4138,CENTRAL AVE @ VALLEY RD,248,0,40.8,2073.900001,0.473,0,,POINT (220979.36360000074 899697.6876000017)
4139,CENTRAL AVE @ COLUMBINE RD,248,2,42.3,1113.4,0.475,0.008064516,,POINT (233420.20269999653 899708.0626000017)
4140,CENTRAL AVE @ HINCKLEY RD,248,3,42.3,1113.4,0.475,0.012096774,,POINT (233429.804899998 899719.2637000009)
4141,CENTRAL AVE @ ALLERTON RD,248,3,42.3,1113.4,0.475,0.012096774,,POINT (237997.25789999962 899729.5923000015)
4142,CENTRAL AVE @ RUSTLEWOOD RD,248,6,42.3,1113.4,0.475,0.024193548,,POINT (237997.25789999962 899729.5923000015)
4143,CENTRAL AVE @ BROOK RD,248,39,42.3,1113.4,0.475,0.157258065,,POINT (234938.52950000018 899733.4459999986)
4144,REEDSDALE RD @ CENTRAL AVE,273,18.7,38.5,1042,0.469,0.068498168,,POINT (234938.52950000018 899733.4459999986)
4145,REEDSDALE RD @ WALNUT ST,273,12.9,38.5,1042,0.469,0.047252747,,POINT (233989.00240000337 899735.0438000001)
4146,REEDSDALE RD @ CANTON AVE,273,64.4,38.5,1042,0.469,0.235897436,,POINT (237560.83309999853 899741.0500999987)
4147,OPP 202 REEDSDALE RD @ MILTON,273,104,38.5,1042,0.469,0.380952381,,POINT (228509.75299999863 899741.2417000011)
4149,REEDSDALE RD @ SPAFFORD RD,273,9,38.5,1042,0.469,0.032967033,,POINT (235540.53909999877 899744.9541999996)
4152,REEDSDALE RD @ CLIFTON RD,273,17.2,38.5,1042,0.469,0.063003663,,POINT (228509.4355000034 899746.0949000008)
4153,RANDOLPH AVE @ REEDSDALE RD,248,49.3,40.1,969.5,0.482,0.198790323,,POINT (235057.60819999874 899747.0681000017)
4154,RANDOLPH AVE OPP PLEASANT ST,248,5.5,40.1,969.5,0.482,0.022177419,,POINT (220703.29670000076 899747.6319000013)
4155,RANDOLPH AVE @ REED ST,248,11.5,40.1,969.5,0.482,0.046370968,,POINT (233631.2100000009 899747.8841999993)
4156,RANDOLPH AVE @ HIGHLAND ST,248,4.7,40.1,969.5,0.482,0.018951613,,POINT (220711.93559999764 899748.2551999986)
4157,RANDOLPH AVE @ HALLEN AVE,248,13.5,40.1,969.5,0.482,0.054435484,,POINT (233677.6943999976 899748.5650000013)
4158,RANDOLPH AVE OPP RIDGEWOOD RD,248,15.6,49.2,352.8,0.465,0.062903226,,POINT (235560.77950000018 899749.1966000013)
4159,RANDOLPH AVE OPP NAHANTON AVE,248,0,49.2,352.8,0.465,0,,POINT (237561.3326999992 899754.2060999982)
4160,RANDOLPH AVE OPP HILLTOP ST,248,0,44.9,446.1999999,0.48,0,,POINT (234037.63210000098 899754.3462000005)
4161,RANDOLPH AVE @ HILLSIDE ST,248,16.5,44.9,446.1999999,0.48,0.066532258,,POINT (234605.05860000104 899760.8779000007)
4162,RANDOLPH AVE OPP EAGER RD,183,24.7,44.9,446.1999999,0.48,0.134972678,,POINT (224169.36339999735 899761.4122000001)
4163,RANDOLPH AVE @ SUSI LN,248,0.5,44.9,446.1999999,0.48,0.002016129,,POINT (228601.51139999926 900794.0813999996)
4164,RANDOLPH AVE @ CHICKATAUBUT R,248,14.7,44.9,446.1999999,0.48,0.059274194,,POINT (228601.51139999926 900794.0813999996)
4165,N MAIN ST @ SCANLON DR,248,222.2,42.5,597.2,0.487,0.895967742,,POINT (236467.47519999743 900798.1339999996)
4166,N MAIN ST @ SOREN ST,248,154,37.6,1919.1,0.486,0.620967742,,POINT (224220.13490000367 900807.8002999984)
4167,N MAIN ST @ HILLS ST,248,176.9,37.6,1919.1,0.486,0.713306452,,POINT (235771.3747999966 900813.5003000014)
4168,N MAIN ST @ STACY ST,248,169.6,42.5,597.2,0.487,0.683870968,,POINT (224226.74360000342 900814.1361999996)
4169,N MAIN ST @ ROYAL ST,248,122,37.6,1919.1,0.486,0.491935484,,POINT (228968.51410000026 900818.947900001)
4171,N MAIN ST @ REED ST,248,443.4,37.6,1919.1,0.486,1.787903226,,POINT (221444.01269999892 900828.0905999988)
4172,1034 N MAIN ST,248,41.2,44.2,923.7000002,0.49,0.166129032,,POINT (230645.03549999744 900834.5828000009)
4173,N MAIN ST @ INTERVALE TERR,248,87.6,41.5,2547.200001,0.479,0.353225806,,POINT (221464.88629999757 900834.9809999987)
4174,N MAIN ST @ GORDON ST,248,90.8,41.5,2547.200001,0.479,0.366129032,,POINT (233378.5278000012 902115.8181999996)
4175,N MAIN ST @ CHESTNUT ST,248,910.3,44.2,923.7000002,0.49,3.670564516,,POINT (220716.59619999677 902131.7401)
4177,N MAIN ST OPP FRANCIS DR,248,170.5,41.1,2455.300001,0.476,0.6875,,POINT (232092.4531000033 902133.6876999997)
4179,OPP 721 N MAIN ST,248,8.9,41.1,2455.300001,0.476,0.035887097,,POINT (220715.64180000126 902137.135400001)
4180,OPP 641 N MAIN ST,248,221.5,41.1,2455.300001,0.476,0.893145161,,POINT (243521.05910000205 902141.6196000017)
4181,564 N MAIN ST,248,51.9,41.1,2455.300001,0.476,0.209274194,,POINT (243521.3748999983 902146.1876000017)
4182,N MAIN ST @ GROVE ST,248,160.8,42.6,1801.999999,0.489,0.648387097,,POINT (238213.44810000062 902147.9034000002)
4183,N MAIN ST @ JASPER LN,248,35.1,44.6,1982.099999,0.464,0.141532258,,POINT (221646.13819999993 902149.6955000013)
4184,N MAIN ST @ WALES AVE,248,63.8,44.6,1982.099999,0.464,0.257258065,,POINT (232057.25569999963 902150.6068000011)
4185,N MAIN ST OPP ROEL ST,248,104.9,44.6,1982.099999,0.464,0.422983871,,POINT (232884.03809999675 902156.6138000004)
4186,N MAIN ST @ WEST ST,248,373.6,44.6,1982.099999,0.464,1.506451613,,POINT (232884.03809999675 902156.6138000004)
4187,307 N MAIN ST,248,423.7,44.6,1982.099999,0.464,1.708467742,,POINT (232857.91939999908 902156.6961999983)
4188,N MAIN ST @ DEPOT ST,248,75.1,44.6,1982.099999,0.464,0.302822581,,POINT (221647.37129999697 902161.8520000018)
4189,N MAIN ST @ WARREN ST,248,382.9,44.6,1982.099999,0.464,1.543951613,,POINT (221317.9707000032 902162.6420000009)
4190,N MAIN ST @ DIAUTO DR,248,338.1,39,2846.899998,0.441,1.363306452,,POINT (237938.54410000145 902164.0478999987)
4191,N MAIN ST OPP SHORT ST,248,364.2,39,2846.899998,0.441,1.468548387,,POINT (232867.70000000298 902175.3564999998)
4193,RANDOLPH AVE @ PLEASANT ST,247,0,40.1,969.5,0.482,0,,POINT (237914.2201000005 902176.9153000005)
4194,RANDOLPH AVE @ REEDSDALE RD,247,45.7,40.1,969.5,0.482,0.185020243,,POINT (222962.72360000014 902197.257199999)
4195,REEDSDALE RD OPP CLIFTON RD,272,22.5,40.1,969.5,0.482,0.082720588,,POINT (239513.7827000022 902199.6000999995)
4198,REEDSDALE RD @ MEREDITH CIR,272,7.5,38.5,1042,0.469,0.027573529,,POINT (225396.91459999979 902201.0190000013)
4200,184 REEDSDALE RD,272,96.9,38.5,1042,0.469,0.35625,,POINT (225353.39829999954 902206.2096000016)
4201,REEDSDALE RD @ ACADEMY LANE,272,57.3,38.5,1042,0.469,0.210661765,,POINT (227400.18710000068 902220.125)
4202,REEDSDALE RD @ WALNUT ST,272,12,40.8,2389.400002,0.484,0.044117647,,POINT (221362.99629999697 902220.5502000004)
4203,REEDSDALE RD @ BROOK RD,272,25,38.5,1042,0.469,0.091911765,,POINT (227456.6451999992 902223.1827999987)
4204,CENTRAL AVE OPP RUSTLEWOOD RD,247,9.5,42.3,1113.4,0.475,0.038461538,,POINT (227121.0622999966 902225.3398000002)
4205,324 CENTRAL AVE,247,0,42.3,1113.4,0.475,0,,POINT (227101.9373999983 902225.6248999983)
4206,CENTRAL AVE OPP HINCKLEY RD,247,7.6,42.3,1113.4,0.475,0.030769231,,POINT (243549.67930000275 902226.4063000008)
4207,CENTRAL AVE @ COLUMBINE RD,247,4,42.3,1113.4,0.475,0.016194332,,POINT (233267.7124999985 902228.6655000001)
4208,CENTRAL AVE @ VALLEY RD,247,0,40.8,2073.900001,0.473,0,,POINT (243554.26529999822 902236.4378999993)
4209,CENTRAL AVE @ GRIGGS LN,247,1,40.8,2073.900001,0.473,0.004048583,,POINT (232720.1930000037 902242.9851000011)
4214,OPP 32 S MAIN ST,145,159.7,42.3,1416.6,0.477,1.10137931,,POINT (236414.40529999882 901372.8991999999)
4215,S MAIN ST @ ELGIN COURT,145,13.8,39,2846.899998,0.441,0.095172414,,POINT (229544.0626000017 901374.5421000011)
4216,S MAIN ST @ WOODLAWN ST,145,14.3,39,2846.899998,0.441,0.09862069,,POINT (228552.87569999695 901378.4695999995)
4217,S MAIN ST @ FAIRVIEW AVE,145,24.8,39,2846.899998,0.441,0.171034483,,POINT (228552.87569999695 901378.4695999995)
4218,S MAIN ST @ FAIRMOUNT ST,145,6,39,2846.899998,0.441,0.04137931,,POINT (232333.53079999983 901392.6345999986)
4219,S MAIN ST @ COLE TERR,145,17.5,39,2846.899998,0.441,0.120689655,,POINT (236978.62470000237 901394.375)
4220,S MAIN ST @ FITCH TERR,145,32.8,42.3,1416.6,0.477,0.226206897,,POINT (225362.2427000031 901396.9741999991)
4221,309 S MAIN OPP RTICHARD RD,145,14.5,42.3,1416.6,0.477,0.1,,POINT (225367.24859999865 901400.2917000018)
4222,S MAIN ST @ STOUGHTON ST,145,38.5,44.2,1423.6,0.484,0.265517241,,POINT (239644.3144999966 901400.9345999993)
4223,S MAIN ST @ SELWYN RD,145,7.5,44.2,1423.6,0.484,0.051724138,,POINT (243612.09369999915 901403.8751999997)
4224,OPP 530 S MAIN ST,145,27.5,41.8,1577.6,0.495,0.189655172,,POINT (228329.38610000163 901405.2710000016)
4225,S MAIN ST OPP CENTRE ST,145,21,41.8,1577.6,0.495,0.144827586,,POINT (229671.7776999995 901405.7555)
4227,625 S MAIN ST OPP FREDERICKSO,145,28.5,44.2,1423.6,0.484,0.196551724,,POINT (234082.9007000029 901409.1257000007)
4228,701 S MAIN ST,145,16.5,44.2,1423.6,0.484,0.113793103,,POINT (229691.1947999969 901409.9963999987)
4229,N MAIN ST @ LANGLEY RD,145,27.8,44.2,1423.6,0.484,0.191724138,,POINT (228365.09799999744 901410.4770000018)
4230,MAIN ST OPP DEMARCO PARK,145,10.3,43.8,871,0.48,0.071034483,,POINT (236985.04670000076 901411.5628999993)
4232,E MAIN ST @ W MAIN ST,145,150.8,43.8,871,0.48,1.04,,POINT (236362.48589999974 901416.3863000013)
4233,E MAIN ST @ E HIGH ST,143,35.5,43.8,871,0.48,0.248251748,,POINT (222624.06000000238 901418.7346000001)
4234,40 N MAIN ST,143,2,43.8,871,0.48,0.013986014,,POINT (231925.09109999985 901420.7445)
4235,S MAIN ST @ ACORN DR,143,26.9,44.2,1423.6,0.484,0.188111888,,POINT (243616.34399999678 901427.762600001)
4236,702 S MAIN ST,143,8,44.2,1423.6,0.484,0.055944056,,POINT (229777.29460000247 901427.9376999997)
4237,S MAIN ST @ KAREN DR,143,22.1,44.2,1423.6,0.484,0.154545455,,POINT (219791.60670000315 901428.9208000004)
4238,S MAIN ST @ FREDERICKSON DR,143,22.6,44.2,1423.6,0.484,0.158041958,,POINT (228156.8949000016 901430.4585000016)
4239,S MAIN ST @ WOODLAWN RD,143,0,44.2,1423.6,0.484,0,,POINT (225415.71930000186 901430.7463000007)
4240,S MAIN ST @ CENTRE ST,143,94.7,44.2,1423.6,0.484,0.662237762,,POINT (222612.7471999973 901436.1506999992)
4241,498 S MAIN ST,143,6,41.8,1577.6,0.495,0.041958042,,POINT (221512.0747999996 901440.0516000018)
4242,S MAIN ST OPP SELWYN RD,143,7.5,44.2,1423.6,0.484,0.052447552,,POINT (225437.15720000118 901444.0692999996)
4243,S MAIN ST @ WOODLAND PKWY,143,32.7,41.8,1577.6,0.495,0.228671329,,POINT (232999.99970000237 901451.4998999983)
4244,S MAIN ST OPP FITCH TERR,143,48.1,42.3,1416.6,0.477,0.336363636,,POINT (228052.92140000314 901456.2197000012)
4245,S MAIN ST OPP COLE TERR,143,19.6,42.3,1416.6,0.477,0.137062937,,POINT (232989.3633000031 901459.7490999997)
4246,S MAIN ST OPP MARTIN TERR,143,7.5,39,2846.899998,0.441,0.052447552,,POINT (230022.7471999973 901469.2569999993)
4247,S MAIN ST @ DARRELL DR,143,29.9,39,2846.899998,0.441,0.209090909,,POINT (230029.7180000022 901470.5965000018)
4248,S MAIN ST @ VAN BEAL RD,143,1,39,2846.899998,0.441,0.006993007,,POINT (221515.46760000288 901474.9807000011)
4249,S MAIN ST @ MAPLE ST,143,17.1,39,2846.899998,0.441,0.11958042,,POINT (230313.07519999892 901477.0678999983)
4250,32 S MAIN ST,143,161.6,42.3,1416.6,0.477,1.13006993,,POINT (230306.68919999897 901478.7853999995)
4252,UNION ST @ SOUTH ST,160,109,41.8,1982.799999,0.485,0.68125,,POINT (230544.96840000153 901482.2501000017)
4253,UNION ST OPP PROSPECT AVE,160,60,41.8,1982.799999,0.485,0.375,,POINT (230600.52350000292 901488.9134999998)
4254,UNION ST @ FENCOURT AVE,160,36,41.8,1982.799999,0.485,0.225,,POINT (227792.2647999972 901490.2179999985)
4255,HOLBROOK@RANDOLPH COMM RAIL S,325,563.5,41.8,1982.799999,0.485,1.733846154,,POINT (227780.3417999968 901492.1623999998)
4256,316 UNION ST OPP FENCOURT AVE,165,29.5,41.8,1982.799999,0.485,0.178787879,,POINT (236397.7004000023 901494.1374999993)
4257,UNION ST @ PROSPECT AVE,165,77,42.3,1416.6,0.477,0.466666667,,POINT (230685.8999999985 901498.2655000016)
4258,UNION ST @ HOWARD ST,165,29,41.8,1982.799999,0.485,0.175757576,,POINT (232784.1548999995 901501.747299999)
4275,NORTH ST @ UNION ST,117,825.8,44.6,1982.099999,0.464,7.058119658,,POINT (221132.5380000025 901512.5150999986)
4277,N MAIN ST OPP MEMORIAL PKWY,358,1399.9,39,2846.899998,0.441,3.910335196,,POINT (221132.5380000025 901512.5150999986)
4278,N MAIN ST OPP WARREN ST,263,691.5,44.6,1982.099999,0.464,2.629277567,,POINT (232432.18079999834 901514.6312999986)
4279,N MAIN ST @ CREDIT UNION WAY,263,1.5,44.6,1982.099999,0.464,0.005703422,,POINT (230888.70269999653 901521.7498999983)
4280,N MAIN ST @ PLEASANT ST,263,524.5,44.6,1982.099999,0.464,1.994296578,,POINT (230545.02049999684 901524.7912000008)
4281,N MAIN ST @ PARK ST,263,155.4,44.6,1982.099999,0.464,0.590874525,,POINT (230545.02049999684 901524.7912000008)
4282,N MAIN ST @ ROEL ST,263,75.6,44.6,1982.099999,0.464,0.287452471,,POINT (230921.98680000007 901526.0245999992)
4283,N MAIN ST @ MT PLEASANT SQ,263,106.3,44.6,1982.099999,0.464,0.40418251,,POINT (243633.9777000025 901526.1009000018)
4284,N MAIN ST @ SCHOOL LN,263,66.3,44.6,1982.099999,0.464,0.252091255,,POINT (243633.9777000025 901526.1009000018)
4285,N MAIN ST @ LIBERTY ST,263,155.2,42.6,1801.999999,0.489,0.590114068,,POINT (227446.06430000067 901535.7307000011)
4286,571 N MAIN ST,263,32.1,41.1,2455.300001,0.476,0.122053232,,POINT (227439.78880000114 901536.5571999997)
4288,641 N MAIN ST,263,240.8,41.1,2455.300001,0.476,0.915589354,,POINT (222532.28379999846 901545.5322000012)
4289,721 N MAIN ST,263,17,41.1,2455.300001,0.476,0.064638783,,POINT (225613.51460000128 901551.442400001)
4290,N MAIN ST @ FRANCIS DR,263,192.8,41.1,2455.300001,0.476,0.733079848,,POINT (232472.0025999993 901563.0623000003)
4291,N MAIN ST @ OAK ST,263,874.9,41.1,2455.300001,0.476,3.32661597,,POINT (222516.5326000005 901564.5051000006)
4292,901 N MAIN ST,263,107.7,41.5,2547.200001,0.479,0.409505703,,POINT (232238.4183000028 901564.6570000015)
4293,969 N MAIN ST,263,95.1,44.2,923.7000002,0.49,0.361596958,,POINT (227191.44099999964 901564.9538000003)
4294,N MAIN ST OPP INTERVALE TERR,263,124.3,41.5,2547.200001,0.479,0.472623574,,POINT (219890.17809999734 901567.9519000016)
4297,N MAIN ST @ CHARLES ST,263,90.4,37.6,1919.1,0.486,0.343726236,,POINT (231317.71100000292 901571.5742999986)
4298,N MAIN ST @ BENNINGTON ST,263,116.5,41.5,2547.200001,0.479,0.442965779,,POINT (231327.19910000265 901572.7501000017)
4299,N MAIN ST OPP STACY ST,263,177.8,41.5,2547.200001,0.479,0.676045627,,POINT (227087.42350000143 901577.0260000005)
4300,N MAIN ST @ OLIVER ST,263,251.5,37.6,1919.1,0.486,0.956273764,,POINT (225889.65399999917 901577.2351000011)
4301,N MAIN ST @ BALLARD ST,263,171.5,37.6,1919.1,0.486,0.652091255,,POINT (227080.77899999917 901577.6655000001)
4303,RANDOLPH AVE @ CHICKATAUBUT R,247,12.6,44.9,446.1999999,0.48,0.051012146,,POINT (232697.21760000288 901586.4937000014)
4304,1248 RANDOLPH AVE,247,0,44.9,446.1999999,0.48,0,,POINT (243645.84369999915 901587.0001999997)
4305,RANDOLPH AVE @ EAGER RD,247,27.3,44.9,446.1999999,0.48,0.110526316,,POINT (221535.92329999804 901587.0802000016)
4306,RANDOLPH AVE OPP HILLSIDE ST,247,8.5,44.9,446.1999999,0.48,0.034412955,,POINT (236979.33940000087 901589.3460000008)
4307,RANDOLPH AVE @ HILLTOP ST,247,4,49.2,352.8,0.465,0.016194332,,POINT (225745.8947999999 901595.808600001)
4308,RANDOLPH AVE @ NAHANTON AVE,247,0,49.2,352.8,0.465,0,,POINT (226908.66610000283 901596.6702000014)
4309,RANDOLPH AVE @ RIDGEWOOD RD,247,4,49.2,352.8,0.465,0.016194332,,POINT (226902.0627000034 901597.3702999987)
4310,RANDOLPH AVE OPP HALLEN AVE,247,11.5,49.2,352.8,0.465,0.046558704,,POINT (225836.5298999995 901598.7670000009)
4311,RANDOLPH AVE OPP HIGHLAND ST,247,7.5,40.1,969.5,0.482,0.030364372,,POINT (225836.5298999995 901598.7670000009)
4312,RANDOLPH AVE @ ACCESS RD,247,13,40.1,969.5,0.482,0.052631579,,POINT (236979.16120000184 901605.6218000017)
4314,WHITWELL ST @ DIXWELL AVE,25,23,48.2,4550.200003,0.45,0.92,,POINT (243652.43320000172 901605.7102999985)
4315,WHITWELL ST @ GLENDALE RD,25,2,41.5,2169.600001,0.487,0.08,,POINT (226736.50439999998 901616.557)
4316,WHITWELL ST @ MAYWOOD AVE,25,0,41.5,2169.600001,0.487,0,,POINT (226736.50439999998 901616.557)
4317,198 WHITWELL ST,25,0,41.5,2169.600001,0.487,0,,POINT (231786.9170999974 901623.574000001)
4318,WHITWELL ST @ ROSELIN AVE,25,0,41.5,2169.600001,0.487,0,,POINT (226478.43639999628 901638.2611999996)
4319,WHITWELL ST OPP FARRELL ST,25,3.5,41.5,2169.600001,0.487,0.14,,POINT (226445.83079999685 901641.1440999992)
4320,52 WHITWELL ST,25,3,41.5,2169.600001,0.487,0.12,,POINT (233859.86609999835 901644.7597000003)
4326,529 ADAMS ST,30,9.5,44,3795.899999,0.461,0.316666667,,POINT (220043.18159999698 901650.4807000011)
4327,ADAMS ST @ RESERVOIR RD,30,19.5,44,3795.899999,0.461,0.65,,POINT (232072.4349000007 901658.2115000002)
4328,ADAMS ST OPP WHITE ST,30,5.5,44,3795.899999,0.461,0.183333333,,POINT (221112.6873999983 901662.4486999996)
4329,ADAMS ST @ GREENVIEW ST,30,26,44,3795.899999,0.461,0.866666667,,POINT (224357.6875 901671.75)
4331,EDGE HILL RD OPP GRAFTON AVE,25,1,37.9,1482.2,0.485,0.04,,POINT (224364.875 901674.0001999997)
4332,EDGE HILL RD @ RESERVATION RD,25,0,40.4,1979.6,0.487,0,,POINT (232215.74019999802 901675.6920000017)
4333,EDGE HILL RD @ OTIS ST,25,1,40.4,1979.6,0.487,0.04,,POINT (232585.17180000246 901676.8612000011)
4334,EDGE HILL RD @ WESTVALE RD,25,0,41.5,1929.500001,0.483,0,,POINT (239470.78140000254 901681.8267999999)
4336,80 EDGE HILL RD,25,1,41.5,1929.500001,0.483,0.04,,POINT (238737.72169999778 901681.8806999996)
4337,EDGE HILL RD @ PLEASANT ST,25,1,40.1,969.5,0.482,0.04,,POINT (221117.1507000029 901682.1561000012)
4338,PLEASANT ST @ HAZEL ST,25,6.5,40.1,969.5,0.482,0.26,,POINT (232701.47800000012 901683.5355999991)
4340,PLEASANT ST @ BADGER CIR,25,3,40.1,969.5,0.482,0.12,,POINT (236048.25620000064 901687.0003999993)
4341,PLEASANT ST @ GUN HILL ST,25,0,40.1,969.5,0.482,0,,POINT (236161.75980000198 902469.7829000019)
4342,PLEASANT ST @ LODGE ST,25,1,40.1,969.5,0.482,0.04,,POINT (233973.2330000028 902470.8266999982)
4343,PLEASANT ST @ REEDSDALE RD,25,1,40.1,969.5,0.482,0.04,,POINT (237967.8147 902493.6389000006)
4344,REEDSDALE RD @ RANDOLPH AVE,25,7,40.1,969.5,0.482,0.28,,POINT (221688.28760000318 902494.122200001)
4346,BROOK RD @ STANDISH RD,25,2,42.3,1113.4,0.475,0.08,,POINT (222501.10960000008 902499.6572000012)
4347,BROOK RD @ WINDSOR RD,25,0,37.3,3829.800004,0.497,0,,POINT (233801.14620000124 902500.1374999993)
4348,250 BROOK RD,25,3,37.3,3829.800004,0.497,0.12,,POINT (231700.0155000016 902502.6695000008)
4349,BROOK RD @ BRANDON RD,25,2.5,37.3,3829.800004,0.497,0.1,,POINT (236214.3205000013 902504.6563000008)
4350,BROOK RD @ BRIARFIELD RD,25,0,43,3100.699995,0.463,0,,POINT (233773.932599999 902504.7413999997)
4351,116 BLUE HILLS PKWY,25,4,43,3100.699995,0.463,0.16,,POINT (219456.13350000232 902507.7965999991)
4355,BLUE HILLS PKWY @ BLUE HILL A,25,0.5,39.7,4530.700007,0.458,0.02,,POINT (236079.0151000023 902509.8126000017)
4358,BROOK RD @ SAINT MARYS RD,25,1,37.3,3829.800004,0.497,0.04,,POINT (222484.6270999983 902510.7980000004)
4359,OPP 250 BROOK RD,25,2,37.3,3829.800004,0.497,0.08,,POINT (231157.320100002 902513.3365000002)
4360,BROOK RD OPP WINDSOR RD,25,1,37.3,3829.800004,0.497,0.04,,POINT (243285.77329999954 902518.4569999985)
4362,BROOK RD @ LINCOLN ST,25,4,42.3,1113.4,0.475,0.16,,POINT (224609.26539999992 902523.9376000017)
4364,REEDSDALE RD @ RANDOLPH AVE,25,4,40.1,969.5,0.482,0.16,,POINT (243304.93779999763 902524.615699999)
4365,PLEASANT ST @ REEDSDALE RD,25,0,40.1,969.5,0.482,0,,POINT (219474.75370000303 902525.1721000001)
4366,PLEASANT ST @ BAILEY AVE,25,3.5,40.1,969.5,0.482,0.14,,POINT (243109.84470000118 902528.3295999989)
4367,PLEASANT ST @ MATHAURS ST,25,1,40.1,969.5,0.482,0.04,,POINT (243090.56560000032 902531.1418999992)
4368,PLEASANT ST @ NANCY RD,25,7,40.1,969.5,0.482,0.28,,POINT (228415.1425999999 902534.6667000018)
4370,PLEASANT ST @ HORTON PL,25,5,40.1,969.5,0.482,0.2,,POINT (232153.51359999925 902542.5925000012)
4371,PLEASANT ST @ LAWRENCE RD,25,3.5,40.1,969.5,0.482,0.14,,POINT (224561.07100000232 902544.4215999991)
4372,OPP 80 EDGE HILL RD,25,0,41.5,1929.500001,0.483,0,,POINT (234591.52319999784 902544.4527000003)
4373,EDGE HILL RD OPP WESTVALE RD,25,1,41.5,1929.500001,0.483,0.04,,POINT (228433.242399998 902545.0177999996)
4374,WASHINGTON ST @ LITHGOW ST,231,178.8,33.4,10502.29997,0.453,0.774025974,,POINT (242971.22299999744 902545.8583999984)
4375,EDGE HILL RD @ CEDAR RD,25,0,41.5,1929.500001,0.483,0,,POINT (232714.9769999981 902245.7355999984)
4376,EDGE HILL RD @ HUNTINGTON RD,25,0.5,37.9,1482.2,0.485,0.02,,POINT (231838.49430000037 902253.3451999985)
4378,EDGE HILL RD @ GRAFTON AVE,25,1,37.9,1482.2,0.485,0.04,,POINT (231870.4523999989 902261.8709999993)
4379,ADAMS ST @ ROBERTSON ST,25,2.5,44,3795.899999,0.461,0.1,,POINT (227953.2981000021 902262.0623000003)
4380,ADAMS ST @ CAMPBELL ST,25,4,44,3795.899999,0.461,0.16,,POINT (221649.68050000072 902265.2994000018)
4381,ADAMS ST @ WHITE ST,25,0.5,44,3795.899999,0.461,0.02,,POINT (221642.21289999783 902266.2201000005)
4382,ADAMS ST @ ALRICK RD,25,6.5,44,3795.899999,0.461,0.26,,POINT (227882.14039999992 902273.0003000014)
4383,ADAMS ST @ ADAMS PLAZA,25,2,44,3795.899999,0.461,0.08,,POINT (222806.06139999628 902282.0634000003)
4390,OPP 52 WHITWELL ST,30,1.5,41.5,2169.600001,0.487,0.05,,POINT (225144.32789999992 902282.5)
4391,WHITWELL ST @ FARRELL ST,30,2,41.5,2169.600001,0.487,0.066666667,,POINT (225137.05330000073 902289.6697000004)
4392,WHITWELL ST @ CRANCH ST,30,10.5,41.5,2169.600001,0.487,0.35,,POINT (221426.0230000019 902290.7613999993)
4393,197 WHITWELL ST,30,0.5,41.5,2169.600001,0.487,0.016666667,,POINT (222791.6371999979 902291.0500999987)
4394,WHITWELL ST OPP MAYWOOD AVE,30,2,41.5,2169.600001,0.487,0.066666667,,POINT (227604.85670000315 902295.5346999988)
4395,WHITWELL ST @ DELDORF ST,30,6,41.5,2169.600001,0.487,0.2,,POINT (221454.64989999682 902299.8423000015)
4396,WHITWELL ST @ GRANITE ST,30,6,48.2,4550.200003,0.45,0.2,,POINT (232931.87860000134 902300.8099000007)
4404,BROOK RD @ CENTRAL AVE,25,0.5,42.3,1113.4,0.475,0.02,,POINT (227721.64310000092 902315.2675999999)
4451,MARKET SQUARE @ WESTERN AVE,403,1635.1,31.3,11883.10002,0.481,4.057320099,,POINT (220567.87569999695 902315.9026999995)
4453,NORTH ST @ ESSEX ST,428,602,40.2,4459.999993,0.466,1.406542056,,POINT (232565.4904000014 902324.7230999991)
4455,ESSEX ST @ BECKFORD ST,189,10.4,41.7,4239.599996,0.499,0.055026455,,POINT (232565.4904000014 902324.7230999991)
4456,ESSEX ST @ MONROE ST,189,33.9,40.2,4459.999993,0.466,0.179365079,,POINT (232946.29150000215 902328.9807000011)
4457,ESSEX ST @ FLINT ST,189,45.9,34.9,4013.799993,0.456,0.242857143,,POINT (225042.697800003 902342.7637999989)
4458,ESSEX ST OPP WARREN ST,189,232.8,41.7,4239.599996,0.499,1.231746032,,POINT (231636.10639999807 902350.2076999992)
4459,HIGHLAND AVE @ PROCTOR ST,189,121.9,38,2399.3,0.452,0.644973545,,POINT (225007.70700000226 902354.7718999982)
4462,HIGHLAND AVE @ CHERRY HILL AV,189,51.8,39.8,1969.3,0.489,0.274074074,,POINT (228167.11789999902 902358.8245999999)
4463,HIGHLAND AVE @ VALLEY ST,189,27.7,52.3,800.7000001,0.458,0.146560847,,POINT (233446.03149999678 902360.6724999994)
4465,HIGHLAND AVE @ MARLBOROUGH RD,189,347.4,39.8,1969.3,0.489,1.838095238,,POINT (220578.07140000165 902363.819600001)
4467,HIGHLAND AVE @ THOMAS CIRCLE,189,72.8,36.6,708.4000001,0.423,0.385185185,,POINT (243617.24180000275 902365.8442000002)
4470,HIGHLAND AVE @ 400 HIGHLAND P,189,103.2,36.6,708.4000001,0.423,0.546031746,,POINT (234590.7752000019 902367.0555000007)
4472,HIGHLAND AVE @ BELLEAIRE AVE,189,58.2,44,1947.2,0.486,0.307936508,,POINT (222687.71660000086 902367.8737999983)
4473,WESTERN AVE @ FAYS AVE,189,131.1,40.8,2958.300001,0.469,0.693650794,,POINT (221672.14169999957 902371.943599999)
4474,WESTERN AVE OPP VICTORY RD,189,28.6,40.8,2958.300001,0.469,0.151322751,,POINT (222682.2479000017 902372.0447999984)
4475,WESTERN AVE OPP EASTERN AVE,189,165.6,36.8,5408.599988,0.512,0.876190476,,POINT (234831.10010000318 902372.3742999993)
4477,WESTERN AVE @ MAPLE ST,184,160.4,36.8,5408.599988,0.512,0.87173913,,POINT (232895.43779999763 901333.0276000015)
4479,WESTERN AVE @ CHATHAM ST,184,304.8,36.8,5408.599988,0.512,1.656521739,,POINT (229384.4372999966 901333.816300001)
4480,WESTERN AVE OPP TRACEY AVE,184,138.3,33.9,7669.700012,0.475,0.751630435,,POINT (231757.85899999738 901342.4376999997)
4481,WESTERN AVE @ CROSS ST,184,118.5,33.9,7669.700012,0.475,0.644021739,,POINT (221037.13679999858 901344.5214000009)
4482,WESTERN AVE @ CHESTNUT ST,184,433.7,33.9,7669.700012,0.475,2.357065217,,POINT (224642.3479000032 901347.9472999983)
4483,WESTERN AVE @ CONGRESS ST,184,278.8,29.8,17302.59997,0.488,1.515217391,,POINT (224642.3479000032 901347.9472999983)
4484,WESTERN AVE @ PARK ST,184,227.9,29.8,12359.99997,0.492,1.238586957,,POINT (239712.29110000283 901348.6176999994)
4485,WESTERN AVE @ MALL ST,184,248,31.3,11883.10002,0.481,1.347826087,,POINT (221043.96079999954 901364.2637000009)
4486,WESTERN AVE @ MARKET SQUARE,184,421.8,31.3,11883.10002,0.481,2.292391304,,POINT (229506.4830000028 901364.9937999994)
4487,743 WESTERN AVE,587,843.9,29.6,9532.100019,0.495,1.437649063,,POINT (228671.0446999967 900167.871199999)
4488,WESTERN AVE @ BREED SQUARE,587,947.2,29.6,9532.100019,0.495,1.61362862,,POINT (225866.6454000026 900168.5267000012)
4489,WESTERN AVE @ SUMMER ST,428,1009,31.1,12524.40007,0.547,2.357476636,,POINT (224123.44150000066 900170.3836999983)
4490,WESTERN AVE @ ALBION ST,428,301.5,30.4,663.9000001,0.507,0.704439252,,POINT (224130.1045999974 900172.120099999)
4491,WESTERN AVE @ IDA ST,428,115.8,34.8,3039.199998,0.49,0.270560748,,POINT (226859.44099999964 900177.7793000005)
4492,WESTERN AVE @ MBTA LYNN GARAG,442,457.6,34.8,3039.199998,0.49,1.035294118,,POINT (224109.4878000021 900181.8825000003)
4494,WESTERN AVE @ COOPER ST,417,174.3,34.8,3039.199998,0.49,0.417985612,,POINT (220932.11879999936 900188.6317999996)
4495,SALEM TNPK @ BALLARD ST,417,183.7,45.7,1636.999999,0.476,0.440527578,,POINT (231214.67059999704 900197.9514000006)
4497,BROADWAY @ WARD ST,417,843.2,34.6,3802.600007,0.499,2.02206235,,POINT (228684.75159999728 900198.0637000017)
4498,462 AMERICAN LEGION HWY,461,348.2,39.9,5617.799993,0.519,0.755314534,,POINT (237059.0522999987 900205.9197999984)
4500,AMERICAN LEGION HWY @ REVERE,210,238.4,36.3,7365.400004,0.468,1.135238095,,POINT (220939.98960000277 900207.3572000004)
4510,CAMBRIDGE ST @ GOVERNMENT CTR,93,242.5,32.7,3863.000004,0.56,2.607526882,,POINT (236828.54119999707 900207.9519000016)
4511,SUDBURY ST @ CONGRESS ST,80,124.5,32.7,3863.000004,0.56,1.55625,,POINT (237046.22869999707 900216.1697999984)
4512,AMERICAN LEGION HWY @ REVERE,437,424.4,37.4,4664.099995,0.478,0.971167048,,POINT (227579.7753000036 900216.4268999994)
4513,AMERICAN LEGION HWY @ HUTCHIN,437,106.8,36.3,7365.400004,0.468,0.244393593,,POINT (227598.5279000029 900223.9497000016)
4515,BROWN CIRCLE ROTARY,437,716.1,36.5,997.3,0.499,1.638672769,,POINT (231189.34660000354 900224.4087999985)
4516,SALEM TNPK @ BALLARD ST,383,200.1,39.2,423.2999999,0.496,0.522454308,,POINT (235657.84390000254 900226.0282000005)
4518,WESTERN AVE OPP COOPER ST,383,230.1,34.8,3039.199998,0.49,0.60078329,,POINT (229521.86860000342 900233.1427000016)
4520,WESTERN AVE OPP LYNN GARAGE,437,400.1,34.8,3039.199998,0.49,0.915560641,,POINT (236585.1072999984 900245.8288000003)
4521,WESTERN AVE @ MINOT ST,616,678.6,31.1,12524.40007,0.547,1.101623377,,POINT (230861.04460000247 900250.3200000003)
4522,WESTERN AVE @ SUMMER ST,616,1347.8,28.7,10979.00004,0.499,2.187987013,,POINT (231017.82509999722 900251.508200001)
4523,WESTERN AVE @ WALDEN ST,616,776.6,28.7,10979.00004,0.499,1.260714286,,POINT (222157.05479999632 900266.0518000014)
4524,760 WESTERN AVE,616,378.5,29.6,9532.100019,0.495,0.614448052,,POINT (228715.77950000018 900268.1711000018)
4525,MARKET SQUARE @ WESTERN AVE,407,1969.6,31.3,11883.10002,0.481,4.839312039,,POINT (227760.51410000026 900268.4105000012)
4526,AMERICAN LEGION HWY @ BELL CI,206,363,41.5,2832.399999,0.474,1.762135922,,POINT (227760.51410000026 900268.4105000012)
4527,WESTERN AVE @ MARKET SQUARE,209,763.1,31.3,11883.10002,0.481,3.651196172,,POINT (230794.82079999894 900274.2703999989)
4528,WESTERN AVE OPP BARRETT ST,209,332.3,31.3,11883.10002,0.481,1.589952153,,POINT (230325.24970000237 900275.0001999997)
4529,WESTERN AVE @ PARK ST,209,71.5,31.3,11883.10002,0.481,0.342105263,,POINT (229613.70560000092 900278.1634999998)
4530,WESTERN AVE @ BRIMBLECOM ST,209,301.3,29.8,17302.59997,0.488,1.441626794,,POINT (224522.01060000062 900286.7289000005)
4531,WESTERN AVE @ FRANKLIN ST,209,354.3,29.8,12359.99997,0.492,1.695215311,,POINT (236035.23939999938 900291.5236000009)
4532,WESTERN AVE @ WASHINGTON ST,209,490.3,31.2,7072.399995,0.483,2.345933014,,POINT (227931.53589999676 900293.3526000008)
4533,WESTERN AVE @ WEST COLONY RD,209,153,33.9,7669.700012,0.475,0.732057416,,POINT (224541.23149999976 900294.0238999985)
4534,WESTERN AVE @ TRACY AVE,209,109.7,33.9,7669.700012,0.475,0.524880383,,POINT (227954.97680000216 900295.9836999997)
4535,WESTERN AVE @ CHATHAM ST,209,340.9,33.9,7669.700012,0.475,1.631100478,,POINT (237331.4218999967 900308.875)
4537,WESTERN AVE @ WAITT AVE,179,145.8,36.8,5408.599988,0.512,0.81452514,,POINT (236038.22869999707 900310.5421000011)
4538,WESTERN AVE @ LINTON RD,204,150.4,36.8,5408.599988,0.512,0.737254902,,POINT (230457.82680000365 900314.9690999985)
4539,WESTERN AVE @ VICTORY RD,204,30.6,40.8,2958.300001,0.469,0.15,,POINT (237337.54630000144 900316.181400001)
4540,WESTERN AVE @ FAYS AVE,204,92.9,40.8,2958.300001,0.469,0.455392157,,POINT (226649.34170000255 900316.7952000014)
4541,WESTERN AVE @ BUCHANAN CIRCLE,204,40.3,44,1947.2,0.486,0.19754902,,POINT (236653.25190000236 900319.6638000011)
4544,HIGHLAND AVE OPP WALMART,204,290.2,36.6,708.4000001,0.423,1.42254902,,POINT (230458.7730000019 900326.7155999988)
4546,HIGHLAND AVE @ CEDAR RD,204,56.4,36.6,708.4000001,0.423,0.276470588,,POINT (226632.22399999946 900328.1339999996)
4547,HIGHLAND AVE @ GREENLEDGE ST,204,302.9,36.6,708.4000001,0.423,1.484803922,,POINT (236640.21869999915 900330.9375)
4553,81 HIGHLAND AVE @ SALEM HOSPI,204,341.9,39.8,1969.3,0.489,1.675980392,,POINT (236634.33619999886 900334.7096999995)
4554,OPP 30 HIGHLAND AVE,204,3.5,38,2399.3,0.452,0.017156863,,POINT (230305.16309999675 900337.9246000014)
4555,ESSEX ST @ WARREN ST,204,176.5,41.7,4239.599996,0.499,0.865196078,,POINT (228044.54890000075 900341.6634999998)
4557,ESSEX ST @ FLINT ST,204,63,34.9,4013.799993,0.456,0.308823529,,POINT (229784.49419999868 900359.9948000014)
4558,ESSEX ST OPP MONROE ST,204,16.3,40.2,4459.999993,0.466,0.079901961,,POINT (224054.31109999865 900363.3881999999)
4559,ESSEX ST @ HAMILTON ST,204,7.2,41.7,4239.599996,0.499,0.035294118,,POINT (230110.49620000273 900368.5351999998)
4560,ESSEX ST @ SUMMER ST,204,259,40.2,4459.999993,0.466,1.269607843,,POINT (224052.21079999954 900370.8713999987)
4561,10 SYLVAN ST,171,218.5,43.1,1602.6,0.468,1.277777778,,POINT (230163.72999999672 900373.3440000005)
4562,WASHINGTON ST @ NEW DERBY ST,204,593.3,45.7,4866.199995,0.44,2.908333333,,POINT (229825.7751000002 900380.3905000016)
4563,WASHINGTON ST @ CHURCH ST,448,585.5,44.2,4683.399998,0.456,1.306919643,,POINT (229933.65510000288 900389.7206999995)
4570,LYNNFIELD ST @ BARTHOLOMEW ST,78,12.1,41.5,1008.7,0.489,0.155128205,,POINT (235896.17599999905 900394.4461999983)
4572,FIRST AVE @ LYNNFIELD ST,78,69.4,40.8,1417,0.466,0.88974359,,POINT (236281.12600000203 900407.879999999)
4573,CENTENNIAL DR @ FIRST AVE,78,101.4,48,438.9,0.467,1.3,,POINT (221959.5552000031 900410.7624999993)
4574,5 CENTENNIAL DR,78,57.2,48,438.9,0.467,0.733333333,,POINT (236805.59279999882 900411.6330999993)
4576,CENTENNIAL DR @ CORPORATION W,78,33,48,438.9,0.467,0.423076923,,POINT (229817.29659999907 900416.4376000017)
4577,CENTENNIAL DR OPP MARRIOTT DR,78,15,48,438.9,0.467,0.192307692,,POINT (229817.29659999907 900416.4376000017)
4578,CENTENNIAL DR OPP RT128 RAMP,78,30,48,438.9,0.467,0.384615385,,POINT (237334.8334000036 900419.7631999999)
4581,ESSEX CTR DR @ ESSEX GREEN DR,148,251.4,43.1,1602.6,0.468,1.698648649,,POINT (221944.41359999776 900425.9382000007)
4583,ESSEX CTR DR OPP ESSEX GREEN,191,245.1,43.1,1602.6,0.468,1.283246073,,POINT (224797.17099999636 900427.1240000017)
4587,OPP 11 CENTENNIAL DR,78,49.9,48,438.9,0.467,0.63974359,,POINT (228135.6248999983 900430.8125)
4588,CENTENNIAL DR OPP CORPORATION,78,37.3,48,438.9,0.467,0.478205128,,POINT (226464.57769999653 900430.9998999983)
4590,2 CENTENNIAL DR,78,45.1,48,438.9,0.467,0.578205128,,POINT (237315.71840000153 900431.3751999997)
4591,FIRST AVE OPP CENTENNIAL DR,78,79.2,48,438.9,0.467,1.015384615,,POINT (224826.20289999992 900440.057500001)
4592,FIRST AVE @ LYNNFIELD ST,78,48.7,40.8,1417,0.466,0.624358974,,POINT (228161.6996999979 900447.5366999991)
4594,LYNNFIELD ST OPP BARTHOLOMEW,78,7.9,41.5,1008.7,0.489,0.101282051,,POINT (226441.77080000192 900447.5861999989)
4596,OPP 10 SYLVAN ST,171,272.3,43.1,1602.6,0.468,1.592397661,,POINT (229955.0169999972 900451.2212000005)
4597,ENDICOTT ST @ COMMONWEALTH AV,171,497.7,44,936.2999997,0.467,2.910526316,,POINT (232568.98319999874 900464.8035999984)
4601,NORTH ST OPP MASON ST,107,19.9,42.3,1398.599999,0.479,0.185981308,,POINT (225831.08990000188 900467.0700000003)
4602,NORTH ST @ DEARBORN ST,107,6,37.8,3577.300001,0.478,0.056074766,,POINT (236807.64779999852 900467.4332000017)
4603,NORTH ST @ ORNE ST,107,5.4,37.4,5598.9,0.484,0.05046729,,POINT (229539.12409999967 900474.370000001)
4604,NORTH ST @ LIBERTY HILL AVE,107,16.7,37.4,5598.9,0.484,0.156074766,,POINT (225832.08669999987 900474.4200000018)
4605,NORTH ST @ GARDEN TERR,107,3,37.4,5598.9,0.484,0.028037383,,POINT (228808.8326999992 900475.7800000012)
4606,NORTH ST @ WOODSIDE ST,107,9,40.6,820.5000002,0.466,0.08411215,,POINT (230003.15529999882 900478.5753999986)
4607,NORTH ST OPP CUSHING ST,107,0,37.4,5598.9,0.484,0,,POINT (228811.9302000031 900482.2910000011)
4608,NORTH ST @ HIGHLAND ST,107,1,40.6,820.5000002,0.466,0.009345794,,POINT (229513.4497999996 900483.317499999)
4609,MARGIN ST OPP MARGIN ST CT,107,23.4,42.6,2453.799997,0.467,0.218691589,,POINT (236371.24920000136 900507.5311999992)
4610,176 WATER ST,107,0,51,1783.000002,0.478,0,,POINT (226277.73730000108 900522.6515999995)
4611,WATER ST @ S LIBERTY ST,107,8.4,51,1783.000002,0.478,0.078504673,,POINT (225055.48210000247 900524.9798000008)
4614,ENDICOTT ST @ MARKET BASKET,107,273.7,54.7,742.2000002,0.444,2.557943925,,POINT (226264.625 900525.7622999996)
4615,COMMONWEALTH AVE @ ENDICOTT S,171,129.4,44,936.2999997,0.467,0.756725146,,POINT (225062.19690000266 900526.8057999983)
4662,WATER ST @ BROAD ST,107,27.2,51,1783.000002,0.478,0.254205607,,POINT (225066.3526000008 900535.1656000018)
4664,WATER ST @ S LIBERTY ST,107,8,51,1783.000002,0.478,0.074766355,,POINT (228135.88369999826 900535.368999999)
4665,OPP 176 WATER ST,107,0,51,1783.000002,0.478,0,,POINT (228135.88369999826 900535.368999999)
4666,MARGIN ST @ MARGIN ST CT,107,12.2,42.6,2453.799997,0.467,0.114018692,,POINT (221820.47039999813 900539.0700999983)
4667,NORTH ST @ HIGHLAND ST,107,0,40.6,820.5000002,0.466,0,,POINT (225061.45289999992 900540.2479000017)
4668,NORTH ST @ CUSHING ST,107,0,37.4,5598.9,0.484,0,,POINT (236806.45000000298 900545.9074000008)
4669,NORTH ST OPP NURSERY ST,107,4.5,40.6,820.5000002,0.466,0.042056075,,POINT (221810.43079999834 900547.3566000015)
4670,NORTH ST @ CRESSEY AVE,107,3.2,37.4,5598.9,0.484,0.029906542,,POINT (221235.76539999992 900560.1878000014)
4671,NORTH ST @ SYMONDS AVE,107,10.7,37.4,5598.9,0.484,0.1,,POINT (221235.76539999992 900560.1878000014)
4672,NORTH ST @ SCHOOL ST,107,22.7,37.4,5598.9,0.484,0.212149533,,POINT (232530.26529999822 900560.1878000014)
4673,NORTH ST OPP DEARBORN ST,107,8.7,37.8,3577.300001,0.478,0.081308411,,POINT (236972.75980000198 900587.2413000017)
4674,NORTH ST @ MASON ST,107,31.1,42.3,1398.599999,0.479,0.290654206,,POINT (232093.41260000318 900588.7179000005)
4701,LYNNWAY @ PLEASANT ST,334,141.3,62.4,1695.399999,0.453,0.423053892,,POINT (225537.27610000223 900653.7254000008)
4702,333 LYNNWAY,334,208.9,62.4,1695.399999,0.453,0.625449102,,POINT (221681.25400000066 900662.4129000008)
4703,LYNNWAY @ SHEPARD ST,334,285.7,62.4,1695.399999,0.453,0.855389222,,POINT (236012.304399997 900667.1963)
4704,LYNNWAY @ COMMERCIAL ST,334,424.7,30.4,663.9000001,0.507,1.271556886,,POINT (231975.97720000148 900673.2873999998)
4705,621 LYNNWAY,334,35,30.4,663.9000001,0.507,0.104790419,,POINT (228948.07379999757 900674.493900001)
4706,715 LYNNWAY,334,135.1,30.4,663.9000001,0.507,0.404491018,,POINT (230358.5292999968 900675.6479999982)
4707,777 LYNNWAY,334,992,30.4,663.9000001,0.507,2.97005988,,POINT (221667.24830000103 900676.8339000009)
4708,LYNNWAY @ GENERAL EDWARDS BRI,334,13.1,30.4,663.9000001,0.507,0.039221557,,POINT (228929.8299999982 900680.7818000019)
4709,POINT OF PINES,579,596.5,42.5,2384.599997,0.474,1.030224525,,POINT (236595.17979999632 900681.3161000013)
4710,N SHORE RD @ TOBIN AVE,334,292.6,42.5,2384.599997,0.474,0.876047904,,POINT (226011.39019999653 900683.7708999999)
4712,N SHORE RD @ OAK ISLAND ST,334,468.9,50,4208.799998,0.445,1.403892216,,POINT (235479.05569999665 900704.7384000011)
4714,N SHORE RD @ FREEMAN ST,334,211.7,42.6,4702.499994,0.488,0.633832335,,POINT (229531.77160000056 900709.6378000006)
4717,BEACH ST @ SHIRLEY AVE,759,1667.2,32.3,7552.400003,0.513,2.19657444,,POINT (229531.77160000056 900709.6378000006)
4718,230 BURBANK HWY,120,64.5,46.5,5.499999999,1,0.5375,,POINT (224127.9218999967 900716.25)
4720,MCCLELLAN HIGHWAY OPP TOMASEL,120,14,36,1829.000001,0.422,0.116666667,,POINT (224879.02560000122 900730.6612000018)
4721,MCCLELLAN HIGHWAY @ BOARDMAN,120,119.5,36,1829.000001,0.422,0.995833333,,POINT (237006.67670000345 900739.1143000014)
4722,MCCLELLAN HIGHWAY OPP ADDISON,120,97,36,1829.000001,0.422,0.808333333,,POINT (224154.19060000032 900741.2221999988)
4727,MCCLELLAN HIGHWAY @ ADDISON S,120,74,36,1829.000001,0.422,0.616666667,,POINT (224864.07599999756 900746.9263999984)
4728,MCCLELLAN HIGHWAY @ BOARDMAN,339,305.7,34.7,6433.499996,0.482,0.901769912,,POINT (221554.6121999994 900767.6283)
4730,BURBANK HWY @ SUFFOLK DOWNS,120,0,46.5,5.499999999,1,0,,POINT (243740.2893999964 900768.2135999985)
4731,OPP 40 BURBANK HWY,120,10,46.5,5.499999999,1,0.083333333,,POINT (228947.1581000015 900770.0031999983)
4732,281 BURBANK HWY,120,55.5,46.5,5.499999999,1,0.4625,,POINT (229184.49140000343 900776.7553999983)
4733,BEACH ST @ UPHAM ST,761,1497.7,41.5,2832.399999,0.474,1.968068331,,POINT (221537.78190000355 900779.6495000012)
4736,N SHORE RD @ REVERE ST,368,227.6,34.5,6628.300009,0.506,0.618478261,,POINT (225874.13400000334 900781.1372999996)
4738,N SHORE RD OPP MILLS AVE,325,40.5,42.5,2384.599997,0.474,0.124615385,,POINT (231842.16579999775 900785.9404000007)
4739,N SHORE RD @ JOHN AVE EXT,325,301.4,42.5,2384.599997,0.474,0.927384615,,POINT (229193.91899999976 900788.4426999986)
4741,LYNNWAY @ GENERAL EDWARDS BRI,325,39.8,30.4,663.9000001,0.507,0.122461538,,POINT (236330.53760000318 900790.0813999996)
4742,LYNNWAY @ HANSON ST,325,1151.3,30.4,663.9000001,0.507,3.542461538,,POINT (236456.29680000246 900791.4494000003)
4743,LYNNWAY @ HARDING ST,325,176.9,30.4,663.9000001,0.507,0.544307692,,POINT (238216.92890000343 902934.7186999992)
4744,626 LYNNWAY,325,120.9,30.4,663.9000001,0.507,0.372,,POINT (223339.89559999853 902938.5423999988)
4745,LYNNWAY @ COMMERCIAL ST,325,559.3,30.4,663.9000001,0.507,1.720923077,,POINT (232618.94319999963 902939.933699999)
4746,LYNNWAY OPP SHEPARD ST,325,155.3,62.4,1695.399999,0.453,0.477846154,,POINT (223320.98170000315 902944.8233000003)
4747,LYNNWAY @ BLOSSOM ST,325,431.5,30.4,663.9000001,0.507,1.327692308,,POINT (242194.5826999992 902944.8256999999)
4749,BROAD ST @ NAHANT ST,329,731.1,43.1,6963.400001,0.487,2.22218845,,POINT (242194.5826999992 902944.8256999999)
4751,LEWIS ST @ ATLANTIC ST,329,470.3,43.1,6963.400001,0.487,1.429483283,,POINT (238237.55810000002 902945.1994999982)
4752,LEWIS ST @ CHERRY ST,329,639.7,36.8,8908.200029,0.469,1.9443769,,POINT (243313.93320000172 902949.6638999991)
4755,OCEAN ST OPP MICHIGAN AVE,329,501.4,34.8,9548.30001,0.508,1.524012158,,POINT (232980.35710000247 902950.1154000014)
4757,NEW OCEAN ST @ ROCK AVE,104,22.7,40.4,3988.099996,0.458,0.218269231,,POINT (231129.14039999992 902950.6251000017)
4758,NEW OCEAN ST @ BURRILL ST,104,73.3,40.4,3988.099996,0.458,0.704807692,,POINT (229134.3294999972 902951.1253000014)
4759,PARADISE RD @ SHAW RD,104,7.5,38.7,4909.099999,0.493,0.072115385,,POINT (220853.45210000128 902954.8801999986)
4760,PARADISE RD @ ANDREW RD,104,6.5,38.7,4909.099999,0.493,0.0625,,POINT (236872.11559999734 902955.1493999995)
4761,JACK SATTER HOUSE @ REVERE BE,92,237.5,50,4208.799998,0.445,2.581521739,,POINT (232982.23879999667 902956.3656000011)
4762,PARADISE RD @ ELLIS RD,104,5,38.7,4909.099999,0.493,0.048076923,,POINT (227968.3069999963 902959.3139000013)
4763,PARADISE RD @ FARRAGUT RD,104,5.5,51.7,753.3000003,0.453,0.052884615,,POINT (222000.13620000333 902961.5042000003)
4764,PARADISE RD OPP FRANKLIN AVE,104,1.5,43.1,2880.099998,0.492,0.014423077,,POINT (231780.1656000018 902961.8649000004)
4765,PARADISE RD @ WALKER RD,104,3.5,43.1,2880.099998,0.492,0.033653846,,POINT (222069.03660000116 902971.0320000015)
4766,PARADISE RD @ PARSONS DR,104,8.5,51.7,753.3000003,0.453,0.081730769,,POINT (227921.7026000023 902971.6479000002)
4768,PARADISE RD OPP LONGWOOD DR,104,7.3,43.1,2880.099998,0.492,0.070192308,,POINT (235770.8205000013 902972.1033999994)
4769,331 PARADISE RD,104,44.4,51.7,753.3000003,0.453,0.426923077,,POINT (227779.3924999982 902982.5923000015)
4770,383 PARADISE RD,104,137.3,52.3,4883.199994,0.421,1.320192308,,POINT (227720.62950000167 902985.7738999985)
4771,PARADISE RD @ VINNIN ST,104,175.2,63.5,3478.799995,0.393,1.684615385,,POINT (243333.35589999706 902986.2555)
4772,SALEM ST @ SUNBEAM LN,104,32.9,51.7,753.3000003,0.453,0.316346154,,POINT (222193.9002000019 902990.7892000005)
4777,SALEM ST @ HUMPHREY ST,104,30.3,41.6,1909.700001,0.466,0.291346154,,POINT (221739.27899999917 903294.612399999)
4779,HUMPHREY ST @ BEACH BLUFF AVE,262,1.4,41.6,1909.700001,0.466,0.005343511,,POINT (233118.14150000364 903298.5551999994)
4781,HUMPHREY ST @ SEAVIEW AVE,262,27,46.4,1655.099999,0.464,0.103053435,,POINT (233575.99329999834 903298.8231999986)
4782,HUMPHREY ST @ MAY ST,262,5,46.4,1655.099999,0.464,0.019083969,,POINT (233528.20350000262 903299.8713999987)
4784,HUMPHREY ST OPP RUBY AVE,262,13.3,46.4,1655.099999,0.464,0.050763359,,POINT (233337.3247999996 903300.3407000005)
4785,HUMPHREY ST @ ROCKAWAY AVE,262,29,43.1,2720.900001,0.49,0.110687023,,POINT (235945.72839999944 903300.679299999)
4786,HUMPHREY ST @ CLIFTON AVE,262,3.5,43.1,2720.900001,0.49,0.013358779,,POINT (243242.58049999923 903304.7265000008)
4787,HUMPHREY ST @ WARE LN,262,4,43.1,2720.900001,0.49,0.015267176,,POINT (233326.1072999984 903306.6352999993)
4788,HUMPHREY ST @ HEREFORD RD,262,17.3,43.1,2720.900001,0.49,0.066030534,,POINT (233198.20199999958 903309.4915999994)
4789,HUMPHREY ST @ GLENDALE RD,262,25,41.6,1753.700001,0.508,0.095419847,,POINT (238915.3497999981 903314.5117000006)
4790,HUMPHREY ST @ SEVINOR RD,262,8.5,49.9,1615.900001,0.478,0.032442748,,POINT (233656.63960000128 903318.7283000015)
4791,HUMPHREY ST @ SHELDON RD,262,11.8,43.6,1989.7,0.482,0.045038168,,POINT (238958.99629999697 903318.8649000004)
4792,HUMPHREY ST @ COUNTRYSIDE LN,262,94.9,43.6,1989.7,0.482,0.36221374,,POINT (238467.29879999906 903320.2835000008)
4793,HUMPHREY ST @ LAFAYETTE ST,262,92.4,49.9,1615.900001,0.478,0.352671756,,POINT (238485.60760000348 903329.6253999993)
4794,PLEASANT ST @ SMITH ST,262,66.2,43.6,1989.7,0.482,0.252671756,,POINT (242348.67930000275 903343.0896000005)
4795,PLEASANT ST @ DEVEREUX ST,262,11.9,50.3,2992.200002,0.437,0.045419847,,POINT (233767.4870999977 903343.9279000014)
4796,PLEASANT ST @ BUBIER RD,262,58,50.3,2992.200002,0.437,0.221374046,,POINT (228614.5870999992 903345.9039000012)
4797,PLEASANT ST @ GERRY ST,262,77.6,48.1,1656.4,0.498,0.296183206,,POINT (221730.47309999913 903347.3852000013)
4799,PLEASANT ST OPP BESSOM ST,262,167.3,50.3,2992.200002,0.437,0.638549618,,POINT (228608.64140000194 903349.1739999987)
4800,PLEASANT ST OPP ANDERSON ST,262,165.2,44.8,2780.399996,0.458,0.630534351,,POINT (220865.82710000128 903355.0111999996)
4801,PLEASANT ST @ ESSEX ST,262,359.7,44.8,2780.399996,0.458,1.372900763,,POINT (235857.41139999777 903359.6468999982)
4802,PLEASANT ST @ ROCKAWAY ST,262,110.9,44.8,2780.399996,0.458,0.423282443,,POINT (233215.7221999988 903360.052099999)
4803,PLEASANT ST @ WASHINGTON ST,262,135.1,55.1,4133.600005,0.448,0.515648855,,POINT (229341.78069999814 903361.8132000007)
4804,WASHINGTON ST @ STATE ST,262,49,53.3,2955.100001,0.452,0.187022901,,POINT (232232.65399999917 903362.2807999998)
4805,WASHINGTON ST @ PICKETT ST,262,33.6,53.3,2955.100001,0.452,0.128244275,,POINT (242347.186999999 903362.9527999982)
4806,OPP 27 WASHINGTON ST,262,20.5,53.3,2955.100001,0.452,0.078244275,,POINT (229348.54900000244 903363.7503999993)
4807,7 FRANKLIN ST @ FIRE HOUSE,509,385.5,53.3,2955.100001,0.452,0.757367387,,POINT (235437.8123999983 903367.3128000014)
4811,OPP 56 HUMPHREY ST,158,46.8,40.4,3988.099996,0.458,0.296202532,,POINT (233752.87849999964 903373.4153999984)
4813,OPP 174 HUMPHREY ST,158,64.1,49.4,2696.7,0.46,0.405696203,,POINT (230685.22789999843 903382.4855999984)
4814,281 HUMPHREY ST,158,15.1,49.4,2696.7,0.46,0.09556962,,POINT (230685.22789999843 903382.4855999984)
4815,HUMPHREY ST @ GREENWOOD AVE,158,26,49.4,2696.7,0.46,0.164556962,,POINT (233216.2624000013 903383.137600001)
4816,HUMPHREY ST @ MARSHALL ST,158,12,49.4,2696.7,0.46,0.075949367,,POINT (235424.83630000055 903384.570700001)
4817,509 HUMPHREY ST,158,4.5,43.9,2723.499999,0.513,0.028481013,,POINT (239097.6303000003 903386.2967000008)
4818,HUMPHREY ST OPP MILLETT RD,158,11.4,43.9,2723.499999,0.513,0.072151899,,POINT (221722.78410000354 903386.3658000007)
4819,HUMPHREY ST OPP PLEASANT ST,158,25,43.9,2723.499999,0.513,0.158227848,,POINT (232239.89440000057 903387.1999999993)
4820,HUMPHREY ST @ BATES RD,158,18.7,49.4,2696.7,0.46,0.11835443,,POINT (221721.18079999834 903393.2206000015)
4821,HUMPHREY ST @ SHELTON RD,158,3,47.7,1201.3,0.486,0.018987342,,POINT (235804.66950000077 903395.2736999989)
4822,HUMPHREY ST @ PURITAN RD,158,40.5,42.7,1623.499999,0.489,0.256329114,,POINT (239086.61240000278 903395.4868000001)
4823,HUMPHREY ST OPP ORCHARD RD,158,18,42.7,1623.499999,0.489,0.113924051,,POINT (233764.88069999963 903395.9233000018)
4824,HUMPHREY ST @ PALMER AVE,158,8,42.7,1623.499999,0.489,0.050632911,,POINT (225567.28019999713 903400.8101999983)
4825,HUMPHREY ST @ OCEAN AVE,158,4.5,42.7,1623.499999,0.489,0.028481013,,POINT (238642.95809999853 903409.7914999984)
4826,HUMPHREY ST OPP SALEM ST,158,27,51.7,753.3000003,0.453,0.170886076,,POINT (229526.13930000365 903411.3740000017)
4834,WASHINGTON ST @ PEARL ST,247,15,53.3,2955.100001,0.452,0.060728745,,POINT (229533.01860000193 903413.2327999994)
4835,MUGFORD ST @ WASHINGTON ST,247,108.3,55.1,4133.600005,0.448,0.438461538,,POINT (238660.52269999683 903418.7503999993)
4836,27 MUGFORD ST,247,3.5,55.1,4133.600005,0.448,0.01417004,,POINT (239251.27419999987 903421.9144000001)
4837,ELM ST @ HARRIS ST,247,11.5,55.1,4133.600005,0.448,0.046558704,,POINT (237944.188000001 903422.0969000012)
4838,ELM ST @ CREESY ST,247,72,47.6,2238.199999,0.468,0.291497976,,POINT (225590.01110000163 903426.2065999992)
4839,PLEASANT ST @ SPRING ST,247,354.8,44.8,2780.399996,0.458,1.436437247,,POINT (233867.41009999812 903426.6079999991)
4840,PLEASANT ST @ ANDERSON ST,247,86,44.8,2780.399996,0.458,0.348178138,,POINT (237943.8901000023 903432.0003999993)
4841,PLEASANT ST @ BESSOM ST,247,233,50.3,2992.200002,0.437,0.943319838,,POINT (229629.054899998 903438.9222999997)
4843,PLEASANT ST OPP GERRY ST,247,50.6,48.1,1656.4,0.498,0.2048583,,POINT (225282.6454000026 903440.1239)
4844,PLEASANT ST @ MAVERICK ST,247,75,50.3,2992.200002,0.437,0.303643725,,POINT (226706.3378000036 903440.4974000007)
4845,PLEASANT ST @ DEVEREUX TERR,247,12.5,48.1,1656.4,0.498,0.050607287,,POINT (229635.96549999714 903440.7686999999)
4846,PLEASANT ST @ BALDWIN RD,247,49.9,48.1,1656.4,0.498,0.202024291,,POINT (226695.04420000315 903445.941399999)
4847,HUMPHREY ST @ LAFAYETTE ST,247,91.3,49.9,1615.900001,0.478,0.369635628,,POINT (225264.1379000023 903446.8172000013)
4848,HUMPHREY ST @ LAUREL ST,247,105,43.6,1989.7,0.482,0.425101215,,POINT (239219.129900001 903460.8154999986)
4849,HUMPHREY ST @ BIRCH ST,247,2.5,43.6,1989.7,0.482,0.010121457,,POINT (221234.56220000237 903462.6942999996)
4850,HUMPHREY ST OPP SEVINOR RD,247,20.6,49.9,1615.900001,0.478,0.08340081,,POINT (230573.74750000238 903462.8880000003)
4851,HUMPHREY ST OPP GLENDALE RD,247,26,43.6,1989.7,0.482,0.105263158,,POINT (224438.7568999976 903464.6711999997)
4852,HUMPHREY ST @ CHARLOTTE RD,247,16,41.6,1753.700001,0.508,0.064777328,,POINT (224432.63069999963 903468.1843000017)
4853,HUMPHREY ST @ PALMER RD,247,7.5,43.1,2720.900001,0.49,0.030364372,,POINT (228443.93310000002 903469.7369000018)
4855,N SHORE RD @ YORK ST,368,70.5,42.6,4702.499994,0.488,0.191576087,,POINT (228443.93310000002 903469.7369000018)
4856,N SHORE RD @ OAK ISLAND ST,368,525.5,42.6,4702.499994,0.488,1.42798913,,POINT (235692.13819999993 903470.2547000013)
4857,HUMPHREY ST @ CLIFTON AVE,247,1.5,43.1,2720.900001,0.49,0.006072874,,POINT (233973.2955000028 903471.8933999985)
4858,HUMPHREY ST @ TUFTS ST,247,44.2,41.6,1753.700001,0.508,0.178947368,,POINT (233785.23650000244 903474.075100001)
4859,HUMPHREY ST @ RUBY AVE,247,44,46.4,1655.099999,0.464,0.178137652,,POINT (230557.7848000005 903474.4472999983)
4860,HUMPHREY ST @ WEST ST,247,15.4,42.5,2560.600001,0.482,0.062348178,,POINT (219601.12399999797 903480.1048999988)
4861,HUMPHREY ST @ CROSSMAN AVE,247,1.5,41.6,1909.700001,0.466,0.006072874,,POINT (229816.6481000036 903480.1689000018)
4862,HUMPHREY ST @ STANLEY RD,247,4,41.6,1909.700001,0.466,0.016194332,,POINT (229850.60029999912 903483.8473999985)
4864,HUMPHREY ST @ SALEM ST,153,24.1,51.7,753.3000003,0.453,0.15751634,,POINT (232969.56490000337 903490.6517999992)
4865,SALEM ST @ HUMPHREY ST,94,19.9,41.6,1909.700001,0.466,0.211702128,,POINT (235661.38120000064 903490.9706000015)
4870,SALEM ST @ SUNBEAM LN,94,28.6,41.6,1909.700001,0.466,0.304255319,,POINT (229976.2405000031 903496.6583000012)
4872,1000 PARADISE RD,94,89.4,51.7,753.3000003,0.453,0.95106383,,POINT (229982.817400001 903497.3110999987)
4873,500 PARADISE RD,94,108.1,63.5,3478.799995,0.393,1.15,,POINT (235341.6521999985 903497.4461000003)
4874,PARADISE RD @ SWAMPSCOTT MALL,94,0,51.7,753.3000003,0.453,0,,POINT (243243.98409999907 903497.6248999983)
4875,OPP 383 PARADISE RD,94,85.7,52.3,4883.199994,0.421,0.911702128,,POINT (239006.9824000001 903497.9191999994)
4876,PARADISE RD @ LONGWOOD DR,94,22.3,52.3,4883.199994,0.421,0.237234043,,POINT (230209.17069999874 903500.8170999996)
4877,306 PARADISE RD OPP WALKER RD,94,5.4,51.7,753.3000003,0.453,0.057446809,,POINT (235338.9993999973 903501.122200001)
4878,PARADISE RD @ FRANKLIN AVE,94,7,43.1,2880.099998,0.492,0.074468085,,POINT (220871.36710000038 903502.0850000009)
4879,PARADISE RD @ NORFOLK AVE,94,12.9,38.7,4909.099999,0.493,0.137234043,,POINT (234066.0354000032 903503.0837999992)
4880,PARADISE RD @ ELLIS RD,94,6.5,44.5,3104.099997,0.464,0.069148936,,POINT (230089.54399999976 903509.8253999986)
4881,PARADISE RD OPP ANDREW RD,94,1,38.7,4909.099999,0.493,0.010638298,,POINT (224601.54869999737 903510.7338999994)
4882,PARADISE RD @ BERKSHIRE ST,94,0,38.7,4909.099999,0.493,0,,POINT (226517.40590000153 903515.0626000017)
4883,PARADISE RD @ BURRILL ST,94,64.5,38.7,4909.099999,0.493,0.686170213,,POINT (238845.93379999697 903515.4144000001)
4885,NEW OCEAN ST OPP ROCK AVE,94,22.4,40.4,3988.099996,0.458,0.238297872,,POINT (224621.4549999982 903515.5102000013)
4886,OCEAN ST @ MICHIGAN AVE,320,392.6,41.1,6649.899991,0.479,1.226875,,POINT (232913.08120000362 903517.381000001)
4891,LEWIS ST @ LAFAYETTE PARK,320,413.1,34.8,9548.30001,0.508,1.2909375,,POINT (239364.82240000367 903525.4129000008)
4892,LEWIS ST @ CHESTNUT ST,320,630.4,36.8,8908.200029,0.469,1.97,,POINT (231318.9601000026 903527.1574000008)
4895,BROAD ST @ SILSBEE ST,320,747.3,34.4,14352.00002,0.46,2.3353125,,POINT (231308.96220000088 903527.2811000012)
4901,HUMPHREY ST @ ORCHARD CIRCLE,153,17.2,42.7,1623.499999,0.489,0.112418301,,POINT (234189.06099999696 903531.434799999)
4902,HUMPHREY ST @ ORCHARD RD,153,11,42.7,1623.499999,0.489,0.071895425,,POINT (233062.17660000175 903531.9688000008)
4903,HUMPHREY ST OPP PURITAN RD,153,27.5,42.7,1623.499999,0.489,0.179738562,,POINT (238892.5821999982 903532.7620999999)
4904,HUMPHREY ST @ PHILLIPS CIRCLE,153,2,47.7,1201.3,0.486,0.013071895,,POINT (237940.43429999799 903536.3737999983)
4905,HUMPHREY ST OPP SHELTON RD,153,15.6,47.7,1201.3,0.486,0.101960784,,POINT (239079.25310000032 903537.3330000006)
4906,HUMPHREY ST @ PLEASANT ST,153,43.5,43.9,2723.499999,0.513,0.284313725,,POINT (239079.25310000032 903537.3330000006)
4907,HUMPHREY ST @ MILLETT RD,153,20.2,49.4,2696.7,0.46,0.132026144,,POINT (237966.48740000278 902546.0009999983)
4908,508 HUMPHREY ST,153,0,43.9,2723.499999,0.513,0,,POINT (242950.5680000037 902546.7443000004)
4909,HUMPHREY ST @ CEDAR HILL TERR,153,11.5,49.4,2696.7,0.46,0.075163399,,POINT (242756.4504000023 902547.0811999999)
4911,HUMPHREY ST @ GREENWOOD AVE,153,20.3,49.4,2696.7,0.46,0.132679739,,POINT (242736.67130000144 902548.5876000002)
4912,260 HUMPHREY ST,153,0,49.4,2696.7,0.46,0,,POINT (233509.59950000048 902550.1695000008)
4913,198 HUMPHREY ST,153,23.4,49.4,2696.7,0.46,0.152941176,,POINT (233509.59950000048 902550.1695000008)
4914,HUMPHREY ST @ MONUMENT AVE,153,58.3,49.4,2696.7,0.46,0.381045752,,POINT (232136.23539999872 902551.6068000011)
4915,50 HUMPHREY ST,153,4.5,40.4,3988.099996,0.458,0.029411765,,POINT (233393.62359999865 902556.4703000002)
4916,HUMPHREY ST @ EASTERN AVE,153,7.7,40.4,3988.099996,0.458,0.050326797,,POINT (242609.56830000132 902565.8115999997)
4919,LYNN ST OPP FAIRVIEW AVE,113,75.6,41.5,1008.7,0.489,0.669026549,,POINT (242589.0169999972 902568.9981000014)
4920,LYNN ST @ MACARTHUR RD,113,28.6,43.9,2143.099999,0.496,0.253097345,,POINT (224463.76879999787 902574.262600001)
4921,LYNN ST @ COOLIDGE AVE,113,45.5,43.9,2143.099999,0.496,0.402654867,,POINT (233399.91550000012 902575.5806000009)
4922,LYNN ST @ RAINBOW RD,113,32.9,40.8,1417,0.466,0.291150442,,POINT (234571.10159999877 902575.6644000001)
4923,LYNN ST OPP LYNN ST CT,113,13.2,40.8,1417,0.466,0.116814159,,POINT (222387.2498999983 902576.625)
4924,WASHINGTON ST @ GRANITE ST,113,29.4,40.8,1417,0.466,0.260176991,,POINT (224441.5442999974 902579.0216999985)
4925,WASHINGTON ST @ HINGSTON ST,113,10.3,40.9,1471.3,0.463,0.091150442,,POINT (243493.26619999856 902582.0025999993)
4926,WASHINGTON ST @ BRESNAHAN ST,113,55.2,38.5,4113.299997,0.509,0.488495575,,POINT (222379.12799999863 902583.1464000009)
4927,WASHINGTON ST @ ABORN ST,113,45.7,38.5,4113.299997,0.509,0.404424779,,POINT (242465.31700000167 902587.875)
4928,WASHINGTON ST @ MAIN ST,113,214.5,34.5,5271.199988,0.487,1.898230088,,POINT (231449.117399998 902590.6017000005)
4929,CENTRAL ST @ WALNUT ST,113,265.4,40.8,4364.399996,0.458,2.348672566,,POINT (242444.61100000143 902591.0546000004)
4930,CENTRAL ST @ COMMUNITY LIFE C,113,48,49.2,3097.300001,0.472,0.424778761,,POINT (233264.98269999772 902591.3764000013)
4931,ANDOVER ST @ POUND LN,113,40.9,40.9,2967.6,0.479,0.361946903,,POINT (233246.46720000356 902594.5450000018)
4932,ANDOVER ST OPP BUTTONWOOD LN,113,19.8,40.9,2967.6,0.479,0.175221239,,POINT (243515.2622999996 902597.8273000009)
4933,ANDOVER ST @ BUTTONWOOD LN,113,22.3,40.4,1183.7,0.482,0.197345133,,POINT (242367.78639999777 902602.3823999986)
4934,86 CENTRAL ST,113,68.1,49.2,3097.300001,0.472,0.602654867,,POINT (232036.42570000142 902602.6171999983)
4935,CENTRAL ST OPP WALNUT ST,113,168.5,39.6,6292.099998,0.471,1.491150442,,POINT (242346.25029999763 902605.4734000005)
4936,WASHINGTON ST @ MAIN ST,113,241.1,34.5,5271.199988,0.487,2.133628319,,POINT (224195.27579999715 902608.8542000018)
4937,WASHINGTON ST @ LOWE ST,113,57.8,38.5,4113.299997,0.509,0.511504425,,POINT (243552.83460000157 902611.4378000014)
4938,WASHINGTON ST OPP BLANEY ST,113,40.9,40.9,1471.3,0.463,0.361946903,,POINT (236172.55680000037 902614.0615000017)
4939,WASHINGTON ST @ ALLENS LN,113,8.2,40.9,1471.3,0.463,0.072566372,,POINT (224131.21230000257 902614.6141000018)
4940,WASHINGTON ST OPP GRANITE ST,113,20.1,40.9,1471.3,0.463,0.177876106,,POINT (232912.15169999748 902617.0698000006)
4941,23 LYNN ST,113,12.4,43.2,1358.5,0.475,0.109734513,,POINT (231036.6459000036 902617.0945999995)
4942,LYNN ST @ BROWN ST,113,34.8,40.8,1417,0.466,0.307964602,,POINT (224098.39609999955 902617.757100001)
4943,LYNN ST @ WINNEGANCE AVE,113,46.4,43.2,1358.5,0.475,0.410619469,,POINT (220593.186999999 902617.9378000014)
4945,LYNN ST @ FAIRVIEW AVE,113,99.2,41.5,1008.7,0.489,0.877876106,,POINT (233110.79720000178 902618.5529000014)
4948,MARGIN ST @ DOBBS RD,107,5,40.7,2367.1,0.467,0.046728972,,POINT (242246.2022999972 902620.8027999997)
4949,MARGIN ST @ ROYCROFT RD,107,14.1,40.7,2367.1,0.467,0.131775701,,POINT (231294.0727000013 902621.5731000006)
4950,MARGIN ST @ DRISCOLL ST,107,6,40.7,2367.1,0.467,0.056074766,,POINT (231294.0727000013 902621.5731000006)
4951,MARGIN ST OPP DRISCOLL ST,107,7,40.7,2367.1,0.467,0.065420561,,POINT (233091.1550000012 902622.0489000008)
4952,MARGIN ST OPP ROYCROFT RD,107,6.9,49.2,3097.300001,0.472,0.064485981,,POINT (231026.92840000242 902622.0975000001)
4982,BOW ST @ MONTVALE AVE,85,19,41.3,2185.799999,0.506,0.223529412,,POINT (232907.40200000256 902622.2441999987)
5002,SALEM ST OPP RIVER ST,1071,2006.1,41.5,3868.499999,0.456,1.873109244,,POINT (242225.78170000017 902623.9851000011)
5003,HIGH ST @ HILLSIDE AVE,604,218.8,64.7,5047.500002,0.427,0.362251656,,POINT (231987.01120000333 902629.1634000018)
5004,HIGH ST @ POWDER HOUSE RD,604,145.7,64.7,5047.500002,0.427,0.241225166,,POINT (228628.18100000173 902646.1108999997)
5005,HIGH ST @ RURAL AVE,604,259.8,47,2573.700003,0.49,0.43013245,,POINT (228636.62740000337 902649.9701999985)
5006,305 WINTHROP ST,196,27.4,51.2,2578.6,0.456,0.139795918,,POINT (232913.49859999865 902652.3431999981)
5008,300 WINTHROP ST,194,35.2,46.9,3566.700002,0.485,0.181443299,,POINT (232913.49859999865 902652.3431999981)
5012,COLLEGE AVE @ BROADWAY,675,252.1,29.1,8621.499983,0.516,0.373481481,,POINT (242026.00840000063 902653.5744000003)
5014,COLLEGE AVE @ WILLIAM ST,675,115.2,29.1,8621.499983,0.516,0.170666667,,POINT (220588.67170000076 902654.1873999983)
5015,COLLEGE AVE @ HIGHLAND AVE,675,4456.2,33.4,8469.600024,0.488,6.601777778,,POINT (242005.98049999774 902656.375599999)
5019,COLLEGE AVE @ FRANCESCA AVE,695,130,29.1,8621.499983,0.516,0.18705036,,POINT (236111.52269999683 902657.0524000004)
5021,COLLEGE AVE @ BROADWAY,369,162.6,29.1,8621.499983,0.516,0.440650407,,POINT (222137.67769999802 902661.8898999989)
5031,MAIN ST @ HIGH ST,702,1433.1,64.7,5047.500002,0.427,2.041452991,,POINT (222130.6121999994 902662.8436000012)
5032,MAIN ST @ EMERSON ST,467,245.2,35.4,3508.399998,0.473,0.525053533,,POINT (219560.04680000246 902664.4376000017)
5034,GEORGE ST @ MAIN ST,188,111,35.4,3508.399998,0.473,0.590425532,,POINT (236015.4152000025 902668.7681000009)
5035,55 GEORGE ST OPP WEDGEMERE RD,188,64,35.8,5231.500009,0.478,0.340425532,,POINT (231900.43450000137 902675.1972999983)
5036,GEORGE ST @ MARSTON ST,188,135.3,35.8,5231.500009,0.478,0.719680851,,POINT (232764.11580000073 902677.4481000006)
5037,GEORGE ST @ WINTHROP ST,188,165.7,35.8,5231.500009,0.478,0.881382979,,POINT (232757.9491999969 902678.4250999987)
5038,GEORGE ST @ WINTHROP ST,203,155.4,35.8,5231.500009,0.478,0.765517241,,POINT (230909.32699999958 902679.2479999997)
5039,GEORGE ST @ WEDGEMERE RD,203,65,35.8,5231.500009,0.478,0.320197044,,POINT (236383.52679999918 902683.4483999982)
5040,GEORGE ST @ MAIN ST,203,171.9,35.4,3508.399998,0.473,0.84679803,,POINT (236383.52679999918 902683.4483999982)
5045,MARKET BASKET,342,2410.5,31.9,1166.2,0.501,7.048245614,,POINT (234368.35909999907 902689.8640000001)
5047,BELMONT ST @ MAIN ST,98,98,35.7,11814.1,0.49,1,,POINT (234376.76380000263 902702.3443000019)
5048,BELMONT ST @ KINSMAN ST,98,35.4,35.2,7787.900008,0.493,0.36122449,,POINT (219524.70019999892 902703.5309000015)
5049,HANCOCK ST @ BELMONT ST,98,134.7,35.1,11634.3,0.492,1.374489796,,POINT (221765.32090000063 902704.6213999987)
5050,HANCOCK ST @ TAPPAN ST,98,184.1,35.1,11634.3,0.492,1.878571429,,POINT (223864.1106000021 902707.1121999994)
5051,HANCOCK ST @ DEAN ST,98,170.7,35,11307.60002,0.508,1.741836735,,POINT (232572.44129999727 902709.3905999996)
5054,HANCOCK ST @ GLENDALE RD,98,202.6,35,11307.60002,0.508,2.067346939,,POINT (221795.51269999892 902711.8520999998)
5055,HANCOCK ST @ CENTRAL AVE,98,220.1,35.1,11634.3,0.492,2.245918367,,POINT (230832.84830000252 902714.4481999986)
5056,HANCOCK ST @ BELMONT ST,98,153,35.1,11634.3,0.492,1.56122449,,POINT (232530.90079999715 902716.0350000001)
5057,62 BELMONT ST OPP KINSMAN ST,98,36.9,35.2,7787.900008,0.493,0.376530612,,POINT (223845.2026000023 902720.625)
5058,BELMONT ST @ MAIN ST,98,122.6,35.7,11814.1,0.49,1.251020408,,POINT (237962.3104000017 902722.0108999982)
5059,HIGHLAND AVE @ RITA DR,141,40.1,41.2,3852.299992,0.481,0.284397163,,POINT (232807.84409999847 902731.9376000017)
5060,HIGHLAND AVE OPP CIRCLE RD,141,44.6,41.2,3852.299992,0.481,0.316312057,,POINT (238728.7778000012 902741.1579999998)
5061,HIGHLAND AVE @ WILEY ST,141,28.7,35.8,6222.899989,0.517,0.203546099,,POINT (232353.09529999644 902745.4046999998)
5062,HIGHLAND AVE @ PINE ST,141,52.4,35.8,6222.899989,0.517,0.371631206,,POINT (236387.92159999907 902745.6411000006)
5066,CLIFTON ST @ DEXTER ST,141,51.6,35.8,6222.899989,0.517,0.365957447,,POINT (230435.96450000256 902754.0240000002)
5067,CLIFTON ST @ CEDAR ST,141,7,35.8,6222.899989,0.517,0.04964539,,POINT (230415.2031000033 902755.6231000014)
5068,SUMMER ST @ CLIFTON ST,278,49.7,36.4,5297.600004,0.488,0.178776978,,POINT (231748.95750000328 902756.5744000003)
5069,SUMMER ST @ CHESTNUT ST,278,26,36.4,5297.600004,0.488,0.09352518,,POINT (232288.12359999865 902757.5196000002)
5070,14 SUMMER ST,278,23.3,29.7,10326.39997,0.52,0.08381295,,POINT (228703.12470000237 902767.8748999983)
5072,MALDEN CENTER WEST BUSWAY,1199,11644.8,38.3,6648.299998,0.507,9.712093411,,POINT (236644.7927000001 902768.6319000013)
5074,SUMMER ST @ LINCOLN ST,261,48.9,36.4,5297.600004,0.488,0.187356322,,POINT (230207.71429999918 902771.7888999991)
5075,SUMMER ST @ CLIFTON ST,261,97.2,36.4,5297.600004,0.488,0.372413793,,POINT (235927.88279999793 902772.3542000018)
5076,CLIFTON ST @ KERNWOOD ST,135,18.8,35.8,6222.899989,0.517,0.139259259,,POINT (228966.73430000246 902772.5080000013)
5077,CLIFTON ST @ DEXTER ST,135,29.4,35.8,6222.899989,0.517,0.217777778,,POINT (243414.6753000021 902773.9759999998)
5078,CLIFTON ST @ HIGHLAND AVE,135,87.6,35.8,6222.899989,0.517,0.648888889,,POINT (229683.53880000114 902774.8412000015)
5079,SAVIN ST @ FELLSWAY E,271,35.6,36.4,5297.600004,0.488,0.131365314,,POINT (230154.75620000064 902775.7969000004)
5080,HOSPITAL RD @ SAVIN ST,263,112.7,36.4,5297.600004,0.488,0.42851711,,POINT (229662.79039999843 902778.684799999)
5081,SAVIN ST @ FELLSWAY E,266,9.5,36.4,5297.600004,0.488,0.035714286,,POINT (241907.21369999647 902779.2454000004)
5083,617 HIGHLAND AVE,125,23.7,35.8,6222.899989,0.517,0.1896,,POINT (241907.21369999647 902779.2454000004)
5084,HIGHLAND AVE @ GLENWOOD ST,125,1,41.2,3852.299992,0.481,0.008,,POINT (228606.61089999974 902779.2523999996)
5085,HIGHLAND AVE @ CIRCLE RD,135,29.4,44.1,1924.9,0.498,0.217777778,,POINT (228999.99970000237 902780.3123999983)
5086,HIGHLAND AVE @ MCCORMACK ST,135,10.6,41.2,3852.299992,0.481,0.078518519,,POINT (232124.83049999923 902785.1755999997)
5087,HIGHLAND AVE @ BLOMERTH ST,135,45.6,48.8,3001.200005,0.499,0.337777778,,POINT (232104.68450000137 902788.7729000002)
5088,HIGHLAND AVE @ TUCKER ST,135,60.7,48.8,3001.200005,0.499,0.44962963,,POINT (229925.5605000034 902791.8350000009)
5089,91 E CONCORD ST,644,2309,34.3,8027.499998,0.487,3.585403727,,POINT (229933.4376000017 902791.9098000005)
5091,E NEWTON ST @ HARRISON AVE,257,351.1,39.7,17400.30012,0.471,1.36614786,,POINT (228492.67350000143 902794.4365999997)
5093,WASHINGTON ST @ UNION PK,1417,4566.9,39.5,15955.80012,0.516,3.22293578,,POINT (231933.07370000333 902797.9041000009)
5095,WASHINGTON ST @ E BERKELEY ST,1417,5237.8,39.5,15955.80012,0.516,3.696400847,,POINT (232743.65039999783 902801.8401000015)
5098,WASHINGTON ST @ E BERKELEY ST,1411,5769.3,39.5,15955.80012,0.516,4.088802268,,POINT (233358.0420999974 902802.0577000007)
5100,WASHINGTON ST @ W DEDHAM ST,1411,5297.3,35.3,20698.29997,0.397,3.754287739,,POINT (236689.20809999853 902802.6468999982)
5104,DAVIS BUSWAY,2043,11652.4,33.4,8469.600024,0.488,5.703573177,,POINT (220586.59340000153 902807.6480999999)
5201,PREBLE ST @ OLD COLONY AVE,174,193.6,30.6,3582.000003,0.539,1.112643678,,POINT (231415.77950000018 902810.6904000007)
5210,PARK ST @ SAVILLE ST,161,23.1,45.7,2953.1,0.464,0.143478261,,POINT (243446.74689999968 902811.1246000007)
5211,PARK ST OPP GERTRUDE RD,161,22.1,45.7,2953.1,0.464,0.137267081,,POINT (223700.9803000018 902812.367800001)
5212,230 PARK ST OPP GILMORE TERR,161,30.6,46.7,3021.499997,0.469,0.190062112,,POINT (229200.86089999974 902817.2998000011)
5213,ANAWAN AVE @ ALLENWOOD ST,161,20.1,46.7,3021.499997,0.469,0.12484472,,POINT (229200.86089999974 902817.2998000011)
5214,ANAWAN AVE @ W ROXBURY PKWY,161,31.6,46.7,3021.499997,0.469,0.196273292,,POINT (235939.00829999894 902820.754900001)
5215,FELLSWAY @ RIVERSIDE AVE,459,685.8,39,1601.600001,0.492,1.494117647,,POINT (233353.32580000162 902822.0581)
5217,CENTRE ST @ SOUTH ST,171,18.1,49.1,3163.700004,0.473,0.105847953,,POINT (221667.7655000016 902822.4376999997)
5218,CENTRE ST @ GUERNSEY ST,171,44.6,41.2,5077.399997,0.456,0.260818713,,POINT (237997.8920999989 902822.7802999988)
5219,CENTRE ST @ BRADFIELD AVE,171,22.5,41.2,5077.399997,0.456,0.131578947,,POINT (229320.59359999746 902823.1878000014)
5220,CENTRE ST @ FLETCHER ST,171,49.7,41.2,5077.399997,0.456,0.290643275,,POINT (229331.49710000306 902823.7195999995)
5221,CENTRE ST @ HEWLETT ST,171,42.1,49.1,3163.700004,0.473,0.24619883,,POINT (231885.57980000228 902824.9342)
5222,CENTRE ST @ ARDALE ST,171,70.8,49.1,3163.700004,0.473,0.414035088,,POINT (231362.41860000044 902825.0168999992)
5223,CENTRE ST @ WELD ST,171,39.6,62.7,3694.599998,0.438,0.231578947,,POINT (232944.0842999965 902828.9404999986)
5224,CENTRE ST OPP BUCHANAN RD,171,6.5,62.7,3694.599998,0.438,0.038011696,,POINT (238010.45899999887 902829.2025999986)
5225,1200 CENTRE ST OPP VFW PKWY,171,194.4,62.7,3694.599998,0.438,1.136842105,,POINT (237901.09839999676 902831.9096000008)
5226,CENTRE ST @ WALTER ST,171,6.5,62.7,3694.599998,0.438,0.038011696,,POINT (236566.13440000266 902834.0997000001)
5227,CENTRE ST OPP FAULKNER HOSPIT,171,235.3,14.3,9.699999996,0.545,1.376023392,,POINT (232945.63350000232 902834.1856000014)
5228,CENTRE ST @ WESTCHESTER RD,171,20.1,14.3,9.699999996,0.545,0.11754386,,POINT (220587.32710000128 902836.1662999988)
5229,CENTRE ST OPP RAMBLER RD,171,7.6,14.3,9.699999996,0.545,0.044444444,,POINT (229153.22860000283 902837.0505999997)
5230,CENTRE ST OPP LOUDERS LN,171,15.5,53,1932.800001,0.448,0.090643275,,POINT (221664.4277999997 902838.2646000013)
5231,CENTRE ST @ ARBORWAY ROTARY,171,36.1,53,1932.800001,0.448,0.211111111,,POINT (229170.01110000163 902840.2646000013)
5232,MORTON ST OPP SHATTUCK HOSPIT,978,335.2,14,6,0.667,0.342740286,,POINT (223642.79670000076 902841.5)
5233,WASHINGTON ST @ ARBORWAY GARA,320,49,31.4,5052.699998,0.48,0.153125,,POINT (236536.88599999994 902843.0738000013)
5234,WASHINGTON ST @ BROOKLEY RD,320,71.5,31.4,5052.699998,0.48,0.2234375,,POINT (228284.44210000336 902844.4404999986)
5235,WASHINGTON ST @ ROSSMORE RD,320,382,31.4,5052.699998,0.48,1.19375,,POINT (223537.3598999977 902876.0734999999)
5236,WASHINGTON ST @ GLEN RD,320,406,33.8,5764.800003,0.467,1.26875,,POINT (228201.29510000348 902880.5634999983)
5241,CENTRE ST @ HILLCROFT RD,176,72.7,53,1932.800001,0.448,0.413068182,,POINT (221562.29619999975 902883.9199000001)
5243,CENTRE ST @ RAMBLER RD,176,13.1,51.1,972.8000002,0.375,0.074431818,,POINT (221593.27109999955 902884.8335000016)
5244,CENTRE ST @ WESTCHESTER RD,176,31.6,51.1,972.8000002,0.375,0.179545455,,POINT (221404.09099999815 902886.2936000004)
5245,CENTRE ST @ FAULKNER HOSPITAL,176,311.4,51.1,972.8000002,0.375,1.769318182,,POINT (221398.0053000003 902886.4976999983)
5246,CENTRE ST OPP WALTER ST,176,48.7,62.7,3694.599998,0.438,0.276704545,,POINT (232666.15680000186 902887.6952)
5247,CENTRE ST @ VFW PKWY,176,233.4,62.7,3694.599998,0.438,1.326136364,,POINT (220561.114699997 902891.9662000015)
5248,CENTRE ST @ BUCHANAN RD,176,20.6,62.7,3694.599998,0.438,0.117045455,,POINT (221277.36249999702 902892.3647000007)
5249,CENTRE ST @ WELD ST,176,39.6,49.1,3163.700004,0.473,0.225,,POINT (221074.13769999892 902892.5729999989)
5250,1437 CENTRE ST OPP ARDALE ST,176,97.9,49.1,3163.700004,0.473,0.55625,,POINT (221107.49149999768 902892.9653999992)
5251,1467 CENTRE ST OPP HEWLETT ST,176,31.1,49.1,3163.700004,0.473,0.176704545,,POINT (220888.40900000185 902894.1105000004)
5252,CENTRE ST @ FLETCHER ST,176,47.1,49.1,3163.700004,0.473,0.267613636,,POINT (220863.57980000228 902895.1627000012)
5253,1539 CENTRE ST OPP BRADFIELD,176,17.6,41.2,5077.399997,0.456,0.1,,POINT (220754.78700000048 902895.6312000006)
5254,CENTRE ST @ MONTCLAIR AVE,176,50.1,41.2,5077.399997,0.456,0.284659091,,POINT (220394.81210000068 902897.8753000014)
5255,CENTRE ST @ CHURCH ST,176,29.6,41.2,5077.399997,0.456,0.168181818,,POINT (220403.14599999785 902897.8753000014)
5256,CENTRE ST @ W ROXBURY PKWY,176,54.7,41.2,5077.399997,0.456,0.310795455,,POINT (220583.13359999657 902898.8066000007)
5257,W ROXBURY PKWY @ BEECH ST,171,65.7,46.7,3021.499997,0.469,0.384210526,,POINT (220203.65049999952 902899.6081999987)
5258,ANAWAN AVE @ W ROXBURY PKWY,171,8.6,46.7,3021.499997,0.469,0.050292398,,POINT (220160.80539999902 902900.3282000013)
5259,101 ANAWAN AVE OPP ALLENWOOD,171,14,46.7,3021.499997,0.469,0.081871345,,POINT (237958.85220000148 902901.5764000006)
5260,PARK ST @ GILMORE TERR,171,35.1,46.7,3021.499997,0.469,0.205263158,,POINT (223449.79379999638 902902.3849)
5261,PARK ST @ GERTRUDE RD,171,35.5,45.7,2953.1,0.464,0.207602339,,POINT (219971.36420000345 902903.5505000018)
5262,PARK ST @ WOODARD RD,171,15.5,45.7,2953.1,0.464,0.090643275,,POINT (219971.36420000345 902903.5505000018)
5263,WOODARD RD @ WREN ST,332,259.7,45.7,2953.1,0.464,0.782228916,,POINT (219863.85710000247 902905.1981000006)
5264,FELLSWAY W @ SALEM ST,263,240.9,35.3,5028.499996,0.478,0.915969582,,POINT (219857.0802000016 902905.3476000018)
5265,1250 FELLSWAY,263,92.7,38.9,6338.899993,0.495,0.352471483,,POINT (219690.42319999635 902911.1105000004)
5266,FELLSWAY @ EMERALD ST,263,39.5,38.9,6338.899993,0.495,0.150190114,,POINT (236546.41139999777 902911.4362999983)
5267,FELLSWAY @ CENTRAL AVE,263,209.8,35.1,6017.399993,0.493,0.797718631,,POINT (219681.66359999776 902911.445700001)
5268,FELLSWAY @ MALDEN ST,263,67.8,36.6,6564.300016,0.513,0.257794677,,POINT (219304.67140000314 902929.3751000017)
5269,FELLSWAY @ MYRTLE ST,263,212.1,35.1,6017.399993,0.493,0.806463878,,POINT (219304.67140000314 902929.3751000017)
5270,FELLSWAY @ SECOND ST,263,96.4,39,1601.600001,0.492,0.366539924,,POINT (236847.92639999837 902934.7025999986)
5271,WELLINGTON STATION BUSWAY,2949,26439.9,29.6,3318.699998,0.498,8.965717192,,POINT (229855.70199999958 903931.8680999987)
5274,FELLSWAY @ SECOND ST,261,124.3,36.4,3495.399998,0.519,0.476245211,,POINT (233410.195600003 903932.6631000005)
5275,FELLSWAY @ MYRTLE ST,261,244.3,35.1,6017.399993,0.493,0.936015326,,POINT (242985.4373999983 903933.4378000014)
5276,FELLSWAY @ MEDFORD ST,261,186.2,36.6,6564.300016,0.513,0.713409962,,POINT (242985.4373999983 903933.4378000014)
5277,FELLSWAY @ MALDEN ST,261,74.9,38.9,6338.899993,0.495,0.28697318,,POINT (220691.11729999632 903934.0810000002)
5279,FELLSWAY @ WATTS ST,261,132,38.9,6338.899993,0.495,0.505747126,,POINT (232701.9800999984 903935.9505999982)
5282,SALEM ST @ GRANT AVE,309,529.6,38.5,5501.699992,0.472,1.713915858,,POINT (226040.4998999983 903937.4376000017)
5283,390 SALEM ST,309,149.8,38.5,5501.699992,0.472,0.484789644,,POINT (222554.42450000346 903937.438099999)
5284,SALEM ST @ ALMONT ST,309,126.8,32.8,9159.999977,0.49,0.410355987,,POINT (222548.2506000027 903937.7996999994)
5285,SALEM ST @ PARIS ST,309,241.6,38.5,5501.699992,0.472,0.781877023,,POINT (226014.23950000107 903949.6719999984)
5286,SALEM ST @ COURT ST,309,175.6,34.7,6460.800011,0.474,0.56828479,,POINT (222572.29869999737 903961.0271000005)
5287,SALEM ST @ ALLEN CT,309,343.4,35.6,4024.600002,0.517,1.111326861,,POINT (219341.06570000201 903961.4717999995)
5289,CENTRE ST @ STOP & SHOP,1589,2507.4,26.3,2089.900001,0.551,1.577973568,,POINT (225480.1247999966 903964.6733999997)
5290,MAIN ST @ SUMMER ST,467,229,35.4,3508.399998,0.473,0.490364026,,POINT (225477.28390000015 903970.318)
5291,MAIN ST @ GEORGE ST,314,124,35.4,3508.399998,0.473,0.394904459,,POINT (234918.90609999746 903974.6251000017)
5292,MAIN ST @ STEARNS AVE,314,155.8,30.5,4122.100001,0.487,0.496178344,,POINT (222578.15839999914 903977.1865999997)
5293,MAIN ST @ WINDSOR RD,314,128.1,30.5,4122.100001,0.487,0.407961783,,POINT (240940.27849999815 903979.9800000004)
5294,MAIN ST @ WELLESLEY ST,314,96.2,33.5,965.9999993,0.502,0.306369427,,POINT (240921.9204000011 903988.7611000016)
5295,MAIN ST @ PRINCETON ST,314,129.2,30.6,7315.299993,0.482,0.411464968,,POINT (240311.18299999833 903990.5883000009)
5296,MAIN ST @ HARVARD ST,314,276.9,30.4,7493.700028,0.492,0.881847134,,POINT (243300.18029999733 903991.5991999991)
5297,MAIN ST @ MARION ST,314,324.4,33.8,4304.500001,0.457,1.033121019,,POINT (233925.2202000022 903997.3643999994)
5298,MAIN ST @ MEDFORD ST,314,316.6,30.4,5459.399993,0.499,1.008280255,,POINT (233942.66899999976 903997.4211999997)
5299,MAIN ST @ ALBION ST,314,202.6,32.1,8742.999969,0.499,0.64522293,,POINT (232568.4856000021 903998.6455999985)
5300,MAIN ST @ DEXTER ST,314,284.8,32.1,8742.999969,0.499,0.907006369,,POINT (219295.00400000066 904001.1975999996)
5301,MAIN ST @ BOW ST,314,195,32.4,10413.00002,0.509,0.621019108,,POINT (231760.39039999992 904001.8128000014)
5302,MAIN ST OPP MORELAND ST,314,93.3,31.7,9577.199987,0.454,0.297133758,,POINT (235130.2349999994 904004.7936000004)
5303,MAIN ST @ BROADWAY,314,301.2,31.2,11245.59996,0.499,0.959235669,,POINT (233946.3730000034 904005.2980999984)
5305,MAIN ST @ MORELAND ST,284,127.7,31.2,11245.59996,0.499,0.449647887,,POINT (231754.98789999634 904005.7941999994)
5306,MAIN ST @ HENRY ST,299,186.1,32.4,10413.00002,0.509,0.622408027,,POINT (240327.2827000022 904006.2630999982)
5307,MAIN ST @ DEXTER ST,299,284.7,32.1,8742.999969,0.499,0.952173913,,POINT (229730.00559999794 904006.7036999986)
5308,MAIN ST OPP ALBION ST,299,173.3,32.1,8742.999969,0.499,0.579598662,,POINT (231809.64970000088 904012.9814999998)
5309,MAIN ST @ MEDFORD ST,299,273,30.4,5459.399993,0.499,0.913043478,,POINT (233254.9026999995 904014.2443999983)
5310,MAIN ST @ MAYBERRY AVE,299,212.6,33.8,4304.500001,0.457,0.711036789,,POINT (221358.52210000157 904028.0267999992)
5311,MAIN ST @ HARVARD ST,299,349.2,30.4,7493.700028,0.492,1.167892977,,POINT (235200.5828000009 904033.2146000005)
5312,MAIN ST @ BOWEN AVE,299,219,34.7,6188.900023,0.483,0.732441472,,POINT (233213.95970000327 904035.4378999993)
5314,MAIN ST @ HANCOCK ST,299,256.8,30.5,4122.100001,0.487,0.858862876,,POINT (243101.59329999983 904036.3123999983)
5315,MAIN ST @ HANCOCK AVE,299,19.5,35.4,3508.399998,0.473,0.065217391,,POINT (243101.59329999983 904036.3123999983)
5316,MAIN ST OPP GEORGE ST,299,152.2,35.4,3508.399998,0.473,0.5090301,,POINT (229678.95099999756 904036.807500001)
5317,160 MAIN ST,467,289.4,35.4,3508.399998,0.473,0.619700214,,POINT (234699.1877000034 904041.9688999988)
5319,MAIN ST @ MYSTIC AVE,709,254.8,35.4,3508.399998,0.473,0.359379408,,POINT (231790.85499999672 904042.2098000012)
5321,SALEM ST @ HADLEY PL,294,267.3,34.7,6460.800011,0.474,0.909183673,,POINT (221363.13759999722 904047.5958999991)
5322,SALEM ST @ PARK ST,294,242,34.7,6460.800011,0.474,0.823129252,,POINT (232837.34939999878 904205.6422999986)
5323,SALEM ST @ DUDLEY ST,294,178.1,38.5,5501.699992,0.472,0.605782313,,POINT (234702.73789999634 904217.6750000007)
5324,SALEM ST @ GARFIELD AVE,294,143.7,38.5,5501.699992,0.472,0.48877551,,POINT (231673.33079999685 904219.7945999987)
5325,SALEM ST @ GRANT AVE,294,546.3,32.8,9159.999977,0.49,1.858163265,,POINT (233380.4368999973 904222.2344000004)
5327,MALDEN CENTER EAST BUSWAY 2,666,3840.8,26.3,2089.900001,0.551,5.766966967,,POINT (233369.95830000192 904226.5436000004)
5328,PLEASANT ST @ ELM ST,502,169.4,38.3,6648.299998,0.507,0.337450199,,POINT (219385.51420000196 904228.9666999988)
5330,PLEASANT ST @ PROSPECT ST,294,118.7,36.8,7404.199991,0.529,0.403741497,,POINT (234231.5851000026 904231.8555999994)
5331,PLEASANT ST OPP WEST ST,294,179.2,36.8,7404.199991,0.529,0.60952381,,POINT (231659.8096999973 904240.4444000013)
5332,PLEASANT ST @ FELLSWAY E,294,102.7,36.4,5297.600004,0.488,0.349319728,,POINT (234234.74970000237 904245.5003000014)
5333,SALEM ST @ FELLSWAY GARAGE,309,724.8,32.8,9159.999977,0.49,2.345631068,,POINT (239216.35629999638 904246.5954999998)
5334,PLEASANT ST @ FELLSWAY E,284,128.6,36.4,5297.600004,0.488,0.452816901,,POINT (239209.2933000028 904248.319699999)
5335,PLEASANT ST @ GALE ST,284,382.8,36.4,5297.600004,0.488,1.347887324,,POINT (231332.3893999979 904261.6909000017)
5336,PLEASANT ST @ TALBOT ST,284,114.2,36.4,5297.600004,0.488,0.402112676,,POINT (237987.00429999828 904265.7490999997)
5337,PLEASANT ST @ RUSSELL ST,482,152.6,29.7,10326.39997,0.52,0.31659751,,POINT (237987.00429999828 904265.7490999997)
5338,CENTRE ST @ PLEASANT ST,482,138,38.3,6648.299998,0.507,0.286307054,,POINT (231338.29649999738 904282.6878999993)
5342,MAIN ST OPP PLEASANT ST,1762,2774.3,26.3,2089.900001,0.551,1.574517594,,POINT (232647.01110000163 904291.1660999991)
5343,FERRY ST @ IRVING ST,392,354.1,33.7,2166.8,0.45,0.903316327,,POINT (232647.01110000163 904291.1660999991)
5344,FERRY ST @ EASTERN AVE,392,424.3,33.7,2166.8,0.45,1.082397959,,POINT (231377.7969999984 904293.0502000004)
5345,FERRY ST OPP CLAYTON ST,392,879.2,35.2,8122.499964,0.526,2.242857143,,POINT (231377.7969999984 904293.0502000004)
5347,FERRY ST @ CROSS ST,392,688.6,36.6,9366.800017,0.511,1.756632653,,POINT (234083.67859999835 904300.377799999)
5348,FERRY ST @ WINTHROP ST,392,565.6,36.6,9366.800017,0.511,1.442857143,,POINT (229293.89079999924 904305.5230999999)
5349,FERRY ST @ BELMONT ST,392,865.2,35.2,8122.499964,0.526,2.207142857,,POINT (229288.24700000137 904307.4990999997)
5350,FERRY ST @ BENNETT ST,392,369.7,33.5,10582.1,0.508,0.943112245,,POINT (234087.07549999654 904307.5315000005)
5351,FERRY ST @ CENTRAL AVE,392,744.6,33.5,10582.1,0.508,1.899489796,,POINT (238965.45289999992 904309.4474)
5352,FERRY ST @ GLENDALE ST,392,475.5,32.5,12534.70003,0.495,1.213010204,,POINT (228212.83739999682 904311.2765999995)
5353,FERRY ST @ WALNUT ST,392,281.5,38.9,12050.80003,0.48,0.718112245,,POINT (238958.4796999991 904311.2978999987)
5354,FERRY ST @ BROADWAY,392,1440,32.5,12534.70003,0.495,3.673469388,,POINT (237385.10010000318 904312.8465999998)
5357,FERRY ST @ ROCK VALLEY AVE,369,1229,33.5,10582.1,0.508,3.330623306,,POINT (234084.19900000095 904322.4701999985)
5359,FERRY ST @ RICH ST,369,921.5,35,8513.499993,0.491,2.497289973,,POINT (234105.91080000252 904323.8531999998)
5360,FERRY ST @ HARVARD ST,369,450.5,36.6,9366.800017,0.511,1.220867209,,POINT (227908.39019999653 904329.0810000002)
5361,FERRY ST @ CROSS ST,369,530.6,36.6,9366.800017,0.511,1.437940379,,POINT (228216.23879999667 904334.8931999989)
5362,FERRY ST @ MAGNOLIA ST,369,525.3,35.2,8122.499964,0.526,1.423577236,,POINT (227908.7269999981 904335.2899000011)
5363,FERRY ST @ HOLYOKE ST,369,424.2,32.7,11441.70002,0.499,1.149593496,,POINT (234577.7990999967 904343.3117999993)
5364,FERRY ST @ EASTERN AVE,369,256.9,32.7,11441.70002,0.499,0.696205962,,POINT (237699.32079999894 904349.9312000014)
5365,EASTERN AVE @ MAIN ST,470,343.8,33.7,2166.8,0.45,0.731489362,,POINT (232516.65670000017 904350.0351000018)
5366,MAIN ST @ CENTRE ST,605,435.7,33.7,2166.8,0.45,0.720165289,,POINT (222777.85300000012 904351.7049000002)
5369,FLORENCE ST @ WASHINGTON ST,605,104,32.8,20521.90002,0.504,0.171900826,,POINT (229159.67329999804 904352.5883999988)
5373,310 MAIN ST,432,273.5,33.7,2166.8,0.45,0.633101852,,POINT (229140.53390000015 904357.8302000016)
5374,MAIN ST @ MADISON ST,331,166,35.8,8732.700011,0.495,0.501510574,,POINT (232498.31769999862 904358.6843999997)
5375,EASTERN AVE @ FERRY ST,101,59.5,33.7,2166.8,0.45,0.589108911,,POINT (233178.86710000038 904359.4310000017)
5376,EASTERN AVE @ PHILLIPS CT,101,16.1,33.7,2166.8,0.45,0.159405941,,POINT (237316.22100000083 904370.4037999995)
5377,EASTERN AVE @ FRANKLIN ST,101,95.3,36.1,9985.000031,0.479,0.943564356,,POINT (233166.71419999748 904374.749400001)
5378,435 EASTERN AVE,101,13.1,34.7,5404.800004,0.51,0.12970297,,POINT (231302.56560000032 904378.824000001)
5379,210 LYME ST,101,37.5,34.1,6721.600006,0.502,0.371287129,,POINT (238678.3377000019 904383.0692000017)
5380,WILLOW ST @ DANIELS ST,101,78.4,34.1,6721.600006,0.502,0.776237624,,POINT (238678.3377000019 904383.0692000017)
5381,23 BOWDOIN ST,101,82,40.3,2954.699998,0.444,0.811881188,,POINT (237826.1875 904387.0001999997)
5382,BOWDOIN ST @ HARVARD ST,101,44.3,40.3,2954.699998,0.444,0.438613861,,POINT (233982.42419999838 904400.2412)
5383,BOWDOIN ST @ NEWLAND ST,101,212.1,37.9,6732.499991,0.48,2.1,,POINT (233952.85930000246 904401.0003000014)
5384,NEWLAND ST @ ALDEN ST,101,135.6,37.9,6732.499991,0.48,1.342574257,,POINT (228989.75720000267 904401.2714000009)
5385,NEWLAND ST @ BRYANT ST,101,113.9,37.9,6732.499991,0.48,1.127722772,,POINT (231546.78819999844 904401.6570999995)
5386,BRYANT ST @ HARVARD ST,101,67.6,37.9,6732.499991,0.48,0.669306931,,POINT (240298.317400001 904406.1722000018)
5387,BRYANT ST @ WILLOW ST,101,99.4,39.9,7716.300021,0.493,0.984158416,,POINT (241223.52319999784 904408.9481000006)
5388,CROSS ST @ HENRY ST,101,88.1,39.9,7716.300021,0.493,0.872277228,,POINT (228958.98390000314 904411.375)
5389,CROSS ST @ FERRY ST,101,102.1,36.6,9366.800017,0.511,1.010891089,,POINT (238067.39989999682 904430.7481000014)
5391,CROSS ST @ WALNUT ST,101,67.5,34,11398.49996,0.51,0.668316832,,POINT (238529.12879999727 904436.8519000001)
5392,CROSS ST @ PELHAM ST,101,48.8,35.2,7787.900008,0.493,0.483168317,,POINT (238071.29670000076 904437.8751000017)
5393,CROSS ST @ HIGH ST,101,74.1,35.2,7787.900008,0.493,0.733663366,,POINT (238522.86029999703 904439.1158000007)
5394,CROSS ST @ MAIN ST,101,52.4,35.2,7787.900008,0.493,0.518811881,,POINT (231515.86100000143 904445.9492999986)
5395,MAIN ST @ CONVERSE AVE,530,653.2,35.2,7787.900008,0.493,1.23245283,,POINT (233875.3077000007 904446.8033000007)
5396,MAIN ST @ PEIRCE AVE,432,586.7,35.7,11814.1,0.49,1.358101852,,POINT (231234.10909999907 904454.3128000014)
5397,MAIN ST @ FLOYD ST,432,533.9,35.7,11814.1,0.49,1.23587963,,POINT (228776.33940000087 904455.7116999999)
5398,MAIN ST @ EVERETT ST,432,503.7,34.1,11190.09998,0.505,1.165972222,,POINT (228757.02329999954 904459.9686999992)
5399,MAIN ST @ PRESCOTT ST,432,532.4,35.7,11801.80001,0.494,1.232407407,,POINT (233097.02830000222 904463.4743999988)
5400,MAIN ST @ BALDWIN AVE,432,548.3,35.7,11814.1,0.49,1.269212963,,POINT (238058.99859999865 904464.6886)
5401,202 MAIN ST,432,415.6,36.3,9281.699993,0.495,0.962037037,,POINT (224855.61140000075 904470.4338999987)
5403,MAIN ST @ TILESTON ST,432,334,37,10201.00002,0.501,0.773148148,,POINT (224857.40900000185 904474.4886999987)
5404,MAIN ST @ WEST ST,432,380.2,36.3,9281.699993,0.495,0.880092593,,POINT (232297.2049999982 904475.4708000012)
5405,MAIN ST @ ELMWOOD ST,422,347.9,36.3,9281.699993,0.495,0.824407583,,POINT (232291.3972999975 904478.9781999998)
5406,MAIN ST @ OAKES ST,422,260.8,37,10201.00002,0.501,0.618009479,,POINT (221319.52009999752 904480.0315000005)
5408,MAIN ST @ BALDWIN AVE,422,528.8,35.7,11814.1,0.49,1.253080569,,POINT (238399.5245999992 904483.5326999985)
5409,MAIN ST @ CLARK ST,422,410.4,35.7,11801.80001,0.494,0.972511848,,POINT (233068.1384000033 904502.5658)
5410,MAIN ST @ DYER AVE,422,526.7,34.1,11190.09998,0.505,1.248104265,,POINT (228499.320600003 904504.7958999984)
5411,MAIN ST @ BRADFORD ST,422,685,35.7,11814.1,0.49,1.623222749,,POINT (228479.29029999673 904506.8484999985)
5412,MAIN ST @ BELMONT ST,422,476.1,35.7,11814.1,0.49,1.128199052,,POINT (241166.19640000165 904510.0163999982)
5413,MAIN ST @ CLARENDON ST,520,486,35.2,7787.900008,0.493,0.934615385,,POINT (238313.32850000262 904515.4274999984)
5414,CROSS ST @ MAIN ST,101,46.4,35.2,7787.900008,0.493,0.459405941,,POINT (241008.9549999982 904518.1622000001)
5415,CROSS ST @ STEVENS ST,101,63.5,35.2,7787.900008,0.493,0.628712871,,POINT (234397.90339999646 904525.5322000012)
5416,CROSS ST @ PRATT ST,101,9.5,35.2,7787.900008,0.493,0.094059406,,POINT (221501.1230000034 904525.6644000001)
5417,CROSS ST @ WALNUT ST,101,55.2,34,11398.49996,0.51,0.546534653,,POINT (232211.34809999913 904526.1156000011)
5418,CROSS ST @ FERRY ST,101,89.1,36.6,9366.800017,0.511,0.882178218,,POINT (240834.78140000254 904527.2789999992)
5419,CROSS ST @ HENRY ST,101,76.3,39.9,7716.300021,0.493,0.755445545,,POINT (238239.43159999698 904527.3709000014)
5420,OPP 314 BRYANT ST @ SUFFOLK M,101,147.7,39.9,7716.300021,0.493,1.462376238,,POINT (233741.97680000216 904529.0267999992)
5421,BRYANT ST @ HARVARD ST,101,61.9,37.9,6732.499991,0.48,0.612871287,,POINT (228258.31340000033 904536.9659999982)
5422,NEWLAND ST @ BRYANT ST,101,135.6,37.9,6732.499991,0.48,1.342574257,,POINT (233749.95859999955 904547.9943000004)
5423,218 NEWLAND ST,101,201.8,37.9,6732.499991,0.48,1.998019802,,POINT (238031.01730000228 904548.0912999995)
5424,172 BOWDOIN ST,101,204.8,37.9,6732.499991,0.48,2.027722772,,POINT (228247.27359999716 904550.4094999991)
5425,BOWDOIN ST OPP HARVARD ST,101,128.8,40.3,2954.699998,0.444,1.275247525,,POINT (232170.94409999996 904551.431400001)
5426,BOWDOIN ST @ WILLOW ST,101,137.4,40.3,2954.699998,0.444,1.36039604,,POINT (240631.51460000128 904570.3425000012)
5427,WILLOW ST @ LYME ST,101,36.7,34.1,6721.600006,0.502,0.363366337,,POINT (221212.3444999978 904579.8938999996)
5428,LYME ST @ CROSS ST,101,41.7,34.1,6721.600006,0.502,0.412871287,,POINT (235395.8083000034 904584.3277000003)
5429,420 EASTERN AVE,101,19.6,34.7,5404.800004,0.51,0.194059406,,POINT (222902.29680000246 904589)
5430,EASTERN AVE @ FRANKLIN ST,101,57.4,36.1,9985.000031,0.479,0.568316832,,POINT (237409.7607000023 904589.4703000002)
5431,EASTERN AVE @ PHILLIPS CT,101,58.9,33.7,2166.8,0.45,0.583168317,,POINT (221200.8281000033 904590.4376999997)
5432,LEBANON ST @ WILBUR ST,29,1.9,38.5,3526.499999,0.482,0.065517241,,POINT (240136.945600003 904593.8489000015)
5433,LEBANON ST @ SYLVAN ST,29,0,38.5,3526.499999,0.482,0,,POINT (231030.85670000315 904594.7602000013)
5434,LEBANON ST @ CHERRY ST,199,234.4,38.5,3526.499999,0.482,1.177889447,,POINT (232995.56000000238 904597.7302000001)
5435,LEBANON ST @ ORCHARD ST,199,219.3,38.5,3526.499999,0.482,1.10201005,,POINT (232991.62619999796 904602.8071000017)
5436,LEBANON ST @ SALEM ST,199,356.2,38.5,3526.499999,0.482,1.789949749,,POINT (221530.27610000223 904603.0766000003)
5440,468 SALEM ST OPP DELL ST,626,705.1,34.5,3812.899998,0.498,1.126357827,,POINT (240492.70700000226 904606.9186000004)
5441,SALEM ST @ GRANVILLE AVE,626,447.2,34.5,3812.899998,0.498,0.714376997,,POINT (231017.3572999984 904617.2582999989)
5442,SALEM ST @ PIERCE ST,626,764.5,34.7,5404.800004,0.51,1.221246006,,POINT (232054.34000000358 904621.6546999998)
5443,SALEM ST @ WOLCOTT ST,626,1141.5,34.7,5404.800004,0.51,1.823482428,,POINT (232049.9477000013 904624.372200001)
5444,SALEM ST @ TREMONT ST,626,265.3,34,11222.60005,0.51,0.423801917,,POINT (228204.71119999886 904624.8702000007)
5445,SALEM ST @ PARK ST,626,2343.4,33.7,2166.8,0.45,3.743450479,,POINT (227892.6908000037 904634.0302999988)
5447,MAIN ST @ BROWN TERR,331,170.3,36.1,8302.200018,0.476,0.514501511,,POINT (227848.09660000354 904641.5998000018)
5449,MAIN ST @ WIGGLESWORTH ST,331,428.7,34,11398.49996,0.51,1.295166163,,POINT (231355.16849999875 904643.5300999992)
5450,EAGLE ST @ LEXINGTON ST,55,82,30.8,2991,0.536,1.490909091,,POINT (228199.96419999748 904645.0463999994)
5451,MAIN ST @ CROSS ST,321,373.9,35.8,8732.700011,0.495,1.164797508,,POINT (233628.5002000034 904646.2666000016)
5452,MAIN ST @ WILSON AVE,321,145.2,35.8,8732.700011,0.495,0.452336449,,POINT (231344.42210000008 904658.6755999997)
5453,MAIN ST @ NEWHALL ST,321,150.5,36.1,8302.200018,0.476,0.468847352,,POINT (238003.35419999808 904670.8894000016)
5454,MAIN ST @ EASTERN AVE,321,110.6,35.8,8732.700011,0.495,0.344548287,,POINT (240101.1875 904679.9734000005)
5457,SALEM ST OPP SPRAGUE ST,616,1962.9,33.7,2166.8,0.45,3.186525974,,POINT (237264.22800000012 904681.1750000007)
5459,SALEM ST @ RICHARDSON ST,616,1052.5,34,11222.60005,0.51,1.708603896,,POINT (237262.5992999971 904688.1231000014)
5460,SALEM ST @ SALEM PL,616,357.7,34.7,5404.800004,0.51,0.580681818,,POINT (238213.76609999686 904688.3209000006)
5461,SALEM ST @ HARDING AVE,616,619.3,34.7,5404.800004,0.51,1.005357143,,POINT (234178.19200000167 904688.6400999986)
5462,SALEM ST @ CROSS ST,616,546.1,34.5,3812.899998,0.498,0.886525974,,POINT (240092.6554000005 904691.1506000012)
5463,SALEM ST @ DELL ST,616,522.8,41.1,4900.199993,0.51,0.848701299,,POINT (231929.754900001 904697.6031000018)
5464,SALEM ST @ BRANCH ST,616,535.8,34.5,3812.899998,0.498,0.869805195,,POINT (227685.69309999794 904702.3991999999)
5466,LEBANON ST @ SALEM ST,200,435.6,38.5,3526.499999,0.482,2.178,,POINT (224543.21940000355 904709.7751999982)
5467,LEBANON ST @ GRANITE ST,200,178.2,38.5,3526.499999,0.482,0.891,,POINT (224543.21940000355 904709.7751999982)
5468,LEBANON ST @ VALLEY ST,200,254.7,44.9,7325.899987,0.455,1.2735,,POINT (225789.38949999958 904058.0113999993)
5469,LEBANON ST @ MARSHALL AVE,200,179.3,38.5,3526.499999,0.482,0.8965,,POINT (227909.2151999995 904068.5736000016)
5472,LEBANON ST LOOP,399,509.8,38.5,3526.499999,0.482,1.277694236,,POINT (227909.2151999995 904068.5736000016)
5473,EASTERN AVE @ LYNN ST,387,121.1,38.3,1669.900001,0.503,0.312919897,,POINT (239587.27049999684 904072.9741000012)
5474,EASTERN AVE @ CLAPP ST,387,133.2,38.3,1669.900001,0.503,0.344186047,,POINT (232564.8756000027 904076.811999999)
5475,1388 EASTERN AVE OPP BELLVALE,387,173.5,38.3,1669.900001,0.503,0.448320413,,POINT (239580.03410000354 904077.1821000017)
5476,1332 EASTERN AVE OPP PRENTISS,387,12.6,38.3,1669.900001,0.503,0.03255814,,POINT (233731.9605000019 904078.1618000008)
5478,BROADWAY @ EASTERN AVE,387,627.3,40.3,2954.699998,0.444,1.620930233,,POINT (229542.34440000355 904082.4800000004)
5480,BROADWAY @ SHEAFE ST,387,153.1,40.3,2954.699998,0.444,0.395607235,,POINT (224374.25169999897 904088.5612000003)
5481,BROADWAY @ BROADWAY PLAZA,387,654.5,38.3,1669.900001,0.503,1.69121447,,POINT (224374.25169999897 904088.5612000003)
5482,990 BROADWAY OPP GROVER ST,387,235.4,37.9,6732.499991,0.48,0.608268734,,POINT (219298.46899999678 904095.3869000003)
5483,BROADWAY @ SHUTE ST,387,410.8,37.7,7274.199991,0.483,1.061498708,,POINT (233687.0399999991 904096.4670999981)
5484,BROADWAY @ CAMERON ST,387,550.9,37.7,7274.199991,0.483,1.423514212,,POINT (234535.90600000322 904104.2501999997)
5485,BROADWAY @ KENWOOD RD,387,345.7,43.1,10165.29996,0.483,0.893281654,,POINT (225680.6705000028 904107.9096999988)
5486,BROADWAY @ EDITH AVE,387,371.1,38.9,12050.80003,0.48,0.958914729,,POINT (233052.67840000242 904109.7197000012)
5487,BROADWAY @ MARIE AVE,387,565.4,31,6584.39999,0.473,1.460981912,,POINT (233034.60840000212 904117.8355999999)
5488,BROADWAY @ FERRY ST,387,830.6,38.9,12050.80003,0.48,2.14625323,,POINT (225474.936999999 904118.3128000014)
5490,BROADWAY @ RAYMOND ST,779,1989.7,32.8,14177.39997,0.491,2.554172015,,POINT (233630.77049999684 904119.5452999994)
5495,BROADWAY @ CHURCH ST,877,1415.3,35,7843.500023,0.489,1.613797035,,POINT (234526.7458000034 904119.7091999985)
5496,BROADWAY @ NORWOOD ST,1323,5615,36.3,7624.00001,0.491,4.244142101,,POINT (243164.3122999966 904127.5626000017)
5497,BROADWAY @ BOWDOIN ST,880,574.1,31.5,1446.7,0.529,0.652386364,,POINT (243149.2303000018 904128.1953999996)
5498,BROADWAY OPP BEACHAM ST,880,767.4,31.5,1446.7,0.529,0.872045455,,POINT (229513.65919999778 904129.2895999998)
5499,BROADWAY OPP THORNDIKE ST,880,755.8,31.5,1446.7,0.529,0.858863636,,POINT (235178.48390000314 904129.9378000014)
5500,BROADWAY @ HORIZON WAY,880,1647.1,31.5,1446.7,0.529,1.871704545,,POINT (240792.48409999907 904144.6875)
5501,OPP 173 ALFORD ST,880,3.5,51,1477,0.506,0.003977273,,POINT (234013.35869999975 904148.875)
5502,ALFORD ST @ WEST ST,880,4.5,51,1477,0.506,0.005113636,,POINT (234407.5072999969 904152.3306999989)
5504,ALFORD ST @ MAIN ST,842,141.8,51,1477,0.506,0.168408551,,POINT (234016.41849999875 904155.0824000016)
5505,173 ALFORD ST,842,29.9,51,1477,0.506,0.035510689,,POINT (231554.42440000176 904155.7479999997)
5506,BROADWAY @ DEXTER ST,842,1708.7,51,1477,0.506,2.029334917,,POINT (225529.67140000314 904164.9376000017)
5507,BROADWAY @ THORNDIKE ST,842,807,31.5,1446.7,0.529,0.958432304,,POINT (233510.05950000137 904170.1422000006)
5508,BROADWAY @ LANGDON ST,842,859.8,31.5,1446.7,0.529,1.021140143,,POINT (221393.9598999992 904176.245099999)
5509,BROADWAY ST @ BARTLETT ST,842,350,31.5,1446.7,0.529,0.41567696,,POINT (233490.6325000003 904178.1614999995)
5510,BROADWAY @ MANSFIELD ST,839,2111.7,35,7843.500023,0.489,2.516924911,,POINT (240702.1142999977 904179.0179999992)
5513,BROADWAY @ HIGH ST,839,2380.9,35,7843.500023,0.489,2.837783075,,POINT (234377.15649999678 904179.4519000016)
5514,BROADWAY @ LEXINGTON ST,741,1829.7,37,14538.19994,0.506,2.469230769,,POINT (240769.30470000207 904181.1064999998)
5515,BROADWAY @ GLEDHILL ST,372,346.6,31,6584.39999,0.473,0.93172043,,POINT (231509.5209000036 904188.0091999993)
5517,BROADWAY @ OAKLAND AVE,372,1260.2,32.8,14177.39997,0.491,3.387634409,,POINT (221398.0222999975 904195.6167000011)
5519,BROADWAY @ COBURN TERR,372,472.3,31,6584.39999,0.473,1.269623656,,POINT (232854.89699999988 904197.6603000015)
5520,BROADWAY @ SUMMIT AVE,372,358.9,38.9,12050.80003,0.48,0.964784946,,POINT (240819.57559999824 904203.5960999988)
5521,BROADWAY @ LYNN ST,372,428.3,37.7,7274.199991,0.483,1.151344086,,POINT (240490.04129999876 904204.9842999987)
5522,BROADWAY @ SHUTE ST,372,466.2,37.7,7274.199991,0.483,1.253225806,,POINT (243186.44870000333 903539.1248000003)
5523,BROADWAY @ ESTES ST,372,338.3,37.7,7274.199991,0.483,0.909408602,,POINT (234252.809799999 903543.1460000016)
5524,53 BROADWAY,372,518.9,38.3,1669.900001,0.503,1.394892473,,POINT (234275.55889999866 903547.1700999998)
5525,BROADWAY OPP SHEAFE ST,372,249.5,40.3,2954.699998,0.444,0.670698925,,POINT (219630.1406000033 903553.0003000014)
5527,EASTERN AVE @ BROADWAY,372,624.9,38.3,1669.900001,0.503,1.67983871,,POINT (242327.04439999908 903565.3625000007)
5529,EASTERN AVE @ PRENTISS ST,372,24.2,38.3,1669.900001,0.503,0.065053763,,POINT (232785.50779999793 903569.6028999984)
5530,EASTERN AVE @ BELLVALE ST,372,191.7,38.3,1669.900001,0.503,0.515322581,,POINT (235541.40110000223 903569.618999999)
5531,EASTERN AVE @ CLEVELAND ST,372,224.2,38.3,1669.900001,0.503,0.602688172,,POINT (232764.01789999753 903579.0161999986)
5532,EASTERN AVE @ LYNN ST,372,275.4,38.3,1669.900001,0.503,0.740322581,,POINT (239473.42210000008 903581.0522999987)
5537,PARK AVE @ BUSWAY ENTRANCE,226,933.1,35.9,8299.700002,0.474,4.128761062,,POINT (234437.42970000207 903582.7401)
5538,PARK AVE @ ALLSTON ST,313,225.1,35.9,8299.700002,0.474,0.719169329,,POINT (242619.08739999682 903586.0782000013)
5539,PARK AVE @ CAMBRIDGE ST,313,339.8,35.9,8299.700002,0.474,1.085623003,,POINT (242638.15600000322 903587.25)
5540,PARK AVE @ ESSEX ST,313,262.1,36.6,7326.900001,0.479,0.837380192,,POINT (235513.58110000193 903588.0595999993)
5541,PARK AVE @ GENESEE ST,313,168.8,36.6,7326.900001,0.479,0.539297125,,POINT (233084.2867999971 903589.8139000013)
5542,PARK AVE @ IRVING ST,313,241.3,39.5,7397.300017,0.477,0.770926518,,POINT (224807.0856000036 903590.0075000003)
5543,PARK AVE @ LAMBERT ST,313,205.3,39.5,7397.300017,0.477,0.655910543,,POINT (234477.9196999967 903591.8874999993)
5544,633 PARK AVE,313,92.3,36,5985.099992,0.504,0.294888179,,POINT (224827.75580000132 903594.381099999)
5546,PARK AVE @ MCLEAVEY ST,313,60.2,36,5985.099992,0.504,0.192332268,,POINT (230402.04510000348 903598.1009999998)
5547,ELM ST OPP HASKELL AVE,2890,5776.9,41.3,8890.90003,0.483,1.998927336,,POINT (242498.76120000333 903601.1149999984)
5549,ELM ST @ ABBOTT AVE,318,194.3,41.3,8890.90003,0.483,0.611006289,,POINT (242498.76120000333 903601.1149999984)
5550,ELM ST @ JACKSON AVE,318,643,41.3,8890.90003,0.483,2.022012579,,POINT (239500.5944999978 903603.2454000004)
5553,ELM ST @ RUSSELL ST,318,1185.3,34.6,8884.300021,0.501,3.727358491,,POINT (230392.64339999855 903605.0832000002)
5555,FERRY ST @ REED AVE,318,515.3,34.6,8884.300021,0.501,1.620440252,,POINT (233070.79079999775 903608.9710000008)
5556,FERRY ST @ ARLINGTON ST,318,560.9,35.3,9956.200031,0.5,1.763836478,,POINT (226340.56210000068 903609.6873999983)
5557,FERRY ST @ ORANGE CT,318,498.1,35.2,11010.79999,0.484,1.566352201,,POINT (237938.6296999976 903610.4360999987)
5558,FERRY ST @ CHELSEA ST,318,332.4,36.3,7624.00001,0.491,1.045283019,,POINT (234591.75039999932 903612.5892000012)
5559,BROADWAY OPP SECOND ST,1323,1368.6,36.3,7624.00001,0.491,1.03446712,,POINT (220849.3748999983 903615.6875)
5560,BROADWAY @ GLADSTONE ST,1323,1412.9,37,10201.00002,0.501,1.067951625,,POINT (226330.48390000314 903619.8126999997)
5561,SANTILLI CIRCLE,875,1194.5,33.8,1856,0.505,1.365142857,,POINT (242317.86089999974 903621.4814000018)
5562,BROADWAY @ CUSHMAN AVE,435,885.2,38.9,4566.999996,0.466,2.034942529,,POINT (242317.86089999974 903621.4814000018)
5563,SANTILLI CIRCLE,849,1042.6,33.8,1856,0.505,1.22803298,,POINT (234667.36829999834 903626.3715000004)
5565,BROADWAY @ GLADSTONE ST,1269,1851,37,10201.00002,0.501,1.458628842,,POINT (235436.45009999722 903638.5773999989)
5566,FERRY ST @ UNION ST,306,502.3,35.2,11010.79999,0.484,1.641503268,,POINT (233747.7669999972 903639.8863999993)
5567,FERRY ST @ NICHOLS ST,306,739.8,35.2,11579.60002,0.5,2.417647059,,POINT (235430.60909999907 903642.5012999997)
5569,FERRY ST @ CLARENCE ST,306,368.5,34.6,8884.300021,0.501,1.204248366,,POINT (234721.60019999743 903644.0289000012)
5571,ELM ST @ WOODLAWN ST,306,1034.7,36.6,9723.600025,0.511,3.381372549,,POINT (233750.08720000088 903646.5634000003)
5574,ELM ST @ SPRINGVALE AVE,306,575.4,36.6,9723.600025,0.511,1.880392157,,POINT (232604.60660000145 903648.0747999996)
5576,ELM ST @ WINTHROP RD,306,154.2,40.5,1330.100001,0.487,0.503921569,,POINT (242085.1256000027 903648.5551000014)
5577,ELM ST @ HASKELL AVE,306,573.8,40.5,1330.100001,0.487,1.875163399,,POINT (242085.1256000027 903648.5551000014)
5578,PARK AVE OPP MCCLEAVEY ST,300,92.2,36,5985.099992,0.504,0.307333333,,POINT (232594.98409999907 903652.3123999983)
5579,630 PARK AVE,300,85.7,36,5985.099992,0.504,0.285666667,,POINT (233679.03840000182 903652.9514999986)
5580,PARK AVE @ DALE ST,300,188.3,36.6,7326.900001,0.479,0.627666667,,POINT (219308.3122999966 903655.6251000017)
5581,PARK AVE @ S IRVING ST,300,245,39.5,7397.300017,0.477,0.816666667,,POINT (221656.03090000153 903657.6873999983)
5582,290 PARK AVE OPP ESSEX ST,300,196.8,39.5,7397.300017,0.477,0.656,,POINT (221649.2902000025 903658.9508000016)
5583,PARK AVE @ S CAMBRIDGE ST,300,353.5,39.5,7397.300017,0.477,1.178333333,,POINT (224008.2074000016 903664.2032000013)
5585,40 PARK AVE,300,542.2,35.9,8299.700002,0.474,1.807333333,,POINT (224008.2074000016 903664.2032000013)
5586,BROADWAY @ PARK AVE,387,1336.6,35.9,8299.700002,0.474,3.45374677,,POINT (241877.80120000243 903668.8731000014)
5587,60 WOODLAWN AVE,1291,246.7,34.7,7129.90001,0.507,0.191092177,,POINT (241877.80120000243 903668.8731000014)
5588,WOODLAWN AVE @ WASHINGTON AVE,1291,426.4,34.7,7129.90001,0.507,0.3302866,,POINT (239651.01680000126 903670.5703999996)
5589,WASHINGTON AVE @ PROSPECT AVE,1291,1359.7,34.7,7129.90001,0.507,1.053214562,,POINT (242779.84380000085 903671.497299999)
5590,WASHINGTON AVE @ ANNESE RD,1291,529.4,34.7,7129.90001,0.507,0.410069713,,POINT (237937.17170000076 903673.5)
5591,GARFIELD AVE @ EXETER ST,1291,926.8,37.8,11217.1,0.503,0.717893106,,POINT (242793.68909999728 903679.7307000011)
5592,78 GARFIELD AVE OPP CLYDE ST,1291,260.6,27.6,7005.399989,0.466,0.201859024,,POINT (239663.866899997 903686.0003000014)
5593,SAGAMORE AVE @ JONES AVE,1291,936.8,37.8,11217.1,0.503,0.72563904,,POINT (243342.9252000004 903696.7078000009)
5594,SAGAMORE AVE @ MURRAY ST,1291,967.3,37.8,11217.1,0.503,0.749264136,,POINT (243324.6947999969 903701.5196999982)
5595,SAGAMORE AVE @ WASHINGTON AVE,1291,1547.4,33.9,6750.199986,0.503,1.198605732,,POINT (220678.78109999746 903708.9578000009)
5596,WASHINGTON AVE @ REVERE BEACH,1291,1740.1,33.9,6750.199986,0.503,1.347869868,,POINT (221437.44539999962 903718.0315000005)
5597,WASHINGTON AVE @ REYNOLDS AVE,1543,1248.7,33.9,6750.199986,0.503,0.80926766,,POINT (235259.80950000137 903722.1052000001)
5598,296 WASHINGTON AVE OPP JEFFER,1291,1339.5,32.3,15852.80002,0.502,1.037567777,,POINT (232364.38139999658 903722.3280000016)
5599,WASHINGTON AVE @ CARMEL ST,1291,1068,32.3,15852.80002,0.502,0.827265686,,POINT (221417.47680000216 903723.5205999985)
5600,WASHINGTON AVE @ SPRUCE ST,1291,1053.4,32.3,15852.80002,0.502,0.815956623,,POINT (232357.21169999987 903724.5159000009)
5602,WASHINGTON AVE @ BLOOMINGDALE,1291,2138.2,32.2,12058.49995,0.505,1.656235476,,POINT (235262.03109999746 903731.25)
5603,WASHINGTON AVE @ HEARD ST,1291,2501.5,32.8,15799.70002,0.489,1.937645236,,POINT (235283.19039999694 903738.992899999)
5605,WASHINGTON AVE @ BROADWAY,2431,14980.3,33,10884.20007,0.506,6.162196627,,POINT (223891.35549999774 903740.1429999992)
5606,BROADWAY @ FOURTH ST,2431,5755.5,33,10884.20007,0.506,2.36754422,,POINT (235277.6325000003 903742.4228999987)
5607,THIRD ST @ CHESTNUT ST,1464,5022.1,31,14042.70008,0.507,3.430396175,,POINT (225579.6031000018 903753.1306999996)
5609,WASHINGTON AVE @ CHESTNUT ST,1291,1187.5,33,10884.20007,0.506,0.919829589,,POINT (221305.125500001 903754.9569000006)
5611,BEACON ST @ BROADWAY,1281,1468.1,31,14042.70008,0.507,1.146057767,,POINT (225577.65910000354 903759.2043000013)
5612,PARK ST @ WILLIAMS ST,1281,1395,33.1,3931.400008,0.511,1.088992974,,POINT (239827.30610000342 903760.2157999985)
5613,PARK ST @ CROSS ST,1281,2477.4,34.6,14378.69994,0.496,1.933957845,,POINT (221296.05910000205 903765.0011)
5614,PARK ST @ HAWTHORNE ST,2219,5331.2,33.6,21253.79984,0.5,2.402523659,,POINT (223845.54680000246 903766.1480999999)
5615,HAWTHORNE ST @ BROADWAY,2223,15550.8,29.7,22850.10003,0.509,6.995411606,,POINT (230125.6202000007 903772.3002000004)
5617,BROADWAY @ SHURTLEFF ST,769,1309.3,29.7,22850.10003,0.509,1.70260078,,POINT (230125.6202000007 903772.3002000004)
5618,WASHINGTON AVE @ CRESCENT AVE,1281,2114.2,32.8,15799.70002,0.489,1.650429352,,POINT (233804.69160000235 903774.7349000014)
5619,125 WASHINGTON AVE OPP ORANGE,1281,577,32.2,12058.49995,0.505,0.450429352,,POINT (232183.47450000048 903776.5573000014)
5620,WASHINGTON AVE @ CARY AVE,1281,1491.4,32.2,12058.49995,0.505,1.164246682,,POINT (239842.27210000157 903777.1453000009)
5621,WASHINGTON AVE @ SPRUCE ST,1281,781.5,32.4,19792.00006,0.472,0.610070258,,POINT (241356.0944999978 903779.1840999983)
5623,WASHINGTON AVE OPP CARMEL ST,1281,943.6,32.3,15852.80002,0.502,0.736612022,,POINT (233807.429399997 903779.8159000017)
5624,WASHINGTON AVE @ JEFFERSON AV,1533,1696,32.3,15852.80002,0.502,1.106327462,,POINT (235221.1877000034 903782.4648000002)
5625,325 WASHINGTON AVE,1533,1109.6,33.9,6750.199986,0.503,0.723809524,,POINT (241344.31499999762 903784.7177999988)
5626,SAGAMORE AVE @ WASHINGTON AVE,1281,2830.3,33.9,6750.199986,0.503,2.209445746,,POINT (232141.57900000364 903788.5449000001)
5627,SAGAMORE AVE @ MURRAY ST,1281,960.8,37.8,11217.1,0.503,0.750039032,,POINT (234874.4997999966 903801.4376000017)
5628,SAGAMORE AVE @ GARFIELD AVE,1281,893.2,37.8,11217.1,0.503,0.69726776,,POINT (233594.6098999977 903803.6959999986)
5629,GARFIELD AVE @ CLYDE ST,1281,392.9,37.8,11217.1,0.503,0.306713505,,POINT (221103.15590000153 903818.8751999997)
5630,GARFIELD AVE OPP BELL ST,1281,863.5,37.8,11217.1,0.503,0.674082748,,POINT (234892.67210000008 903821.2109999992)
5631,GARFIELD AVE @ FENNO ST,1281,580.7,27.6,7005.399989,0.466,0.453317721,,POINT (222101.90839999914 903823.1420000009)
5632,WASHINGTON AVE @ COLUMBUS ST,1281,1458.6,34.7,7129.90001,0.507,1.138641686,,POINT (239310.57150000334 903828.4668000005)
5633,WASHINGTON AVE @ PROSPECT AVE,1281,709.6,34.7,7129.90001,0.507,0.553942233,,POINT (232913.12139999866 903828.8746000007)
5636,WASHINGTON AVE @ PARK AVE,1281,727.7,36,5985.099992,0.504,0.568071819,,POINT (232913.12139999866 903828.8746000007)
5637,CHELSEA ST @ VICTORIA ST,430,422.1,36.3,7624.00001,0.491,0.981627907,,POINT (241239.7375999987 903834.126699999)
5638,CHELSEA ST @ SPRING ST,430,315.8,36.3,7624.00001,0.491,0.734418605,,POINT (233843.27419999987 903835.0998999998)
5640,CHELSEA ST @ S FERRY ST,430,677,36.3,7624.00001,0.491,1.574418605,,POINT (226153.90110000223 903835.1733999997)
5642,221 CHELSEA ST,124,106.1,34.8,8142.900025,0.483,0.855645161,,POINT (239315.23349999636 903838.6532999985)
5643,271 CHELSEA ST OPP LUKE RD,124,83,34.8,8142.900025,0.483,0.669354839,,POINT (226150.35119999945 903839.7551999986)
5644,CHELSEA ST OPP FRANCIS ST,124,54.3,34.8,8142.900025,0.483,0.437903226,,POINT (221314.41149999946 903841.9719999991)
5646,EVERETT AVE @ CARTER ST,124,27.9,29.6,2643.100003,0.524,0.225,,POINT (241223.15450000018 903842.4296999983)
5647,EVERETT AVE @ VALE ST,124,51.3,29.6,2643.100003,0.524,0.413709677,,POINT (231333.27329999954 903845.0876000002)
5648,SPRUCE ST @ EVERETT AVE,173,240.1,31.9,1166.2,0.501,1.387861272,,POINT (235182.0996999964 903854.4756000005)
5650,ARLINGTON ST @ FIFTH ST,169,21.5,31.9,1166.2,0.501,0.127218935,,POINT (221319.25519999862 903863.0940999985)
5651,SIXTH ST @ WALNUT ST,169,37.7,31.9,1166.2,0.501,0.223076923,,POINT (220980.0618999973 903863.2653999999)
5653,CROSS ST @ BROADWAY,967,2197.2,34.6,14378.69994,0.496,2.272182006,,POINT (231953.4628000036 903865.4998000003)
5654,CENTRAL AVE @ SHAWMUT ST,124,112.9,29.7,22850.10003,0.509,0.910483871,,POINT (222060.24660000205 903865.6092000008)
5656,CENTRAL AVE @ LYNN ST,124,80.3,29.7,19905.89999,0.513,0.647580645,,POINT (223328.81880000234 903868.866799999)
5657,CENTRAL AVE @ HIGHLAND AVE,124,96.2,29.7,19905.89999,0.513,0.775806452,,POINT (223335.18869999796 903869.0111999996)
5658,CENTRAL AVE @ WILLOW ST,124,48.5,39.1,4193.400005,0.465,0.391129032,,POINT (233531.057599999 903869.2613000013)
5659,245 CENTRAL AVE,124,58.6,39.1,4193.400005,0.465,0.472580645,,POINT (231947.16359999776 903869.4079000019)
5664,BENNINGTON ST @ BREMEN ST,219,404.4,31.2,6996.599997,0.533,1.846575342,,POINT (233871.87650000304 903880.1215000004)
5665,BENNINGTON ST @ NEPTUNE RD,368,110,31.2,6996.599997,0.533,0.298913043,,POINT (231346.28140000254 903890.0568000004)
5666,WOOD ISLAND STATION BUSWAY,751,2285.9,31.2,6996.599997,0.533,3.043808256,,POINT (224098.75180000067 903890.6343999989)
5670,CHELSEA ST OPP CURTIS ST,124,6,30.8,2991,0.536,0.048387097,,POINT (224098.75180000067 903890.6343999989)
5673,CENTRAL AVE @ CHELSEA GARAGE,128,94.7,39.1,4193.400005,0.465,0.73984375,,POINT (241121.03119999915 903893.5771000013)
5675,CENTRAL AVE @ HIGHLAND ST,128,91.3,29.7,19905.89999,0.513,0.71328125,,POINT (241102.33659999818 903902.9541000016)
5676,CENTRAL AVE @ LYNN ST,128,57.9,29.7,19905.89999,0.513,0.45234375,,POINT (232927.4653000012 903903.8368999995)
5678,CENTRAL AVE @ SHAWMUT ST,128,73.9,33.6,21253.79984,0.5,0.57734375,,POINT (240129.84600000083 903906.2785999998)
5679,CHELSEA ST @ EAGLE SQ,124,195.4,30.8,2991,0.536,1.575806452,,POINT (243381.5203000009 903908.6440999992)
5682,EVERETT AVE @ ARLINGTON ST,173,65.3,31.9,1166.2,0.501,0.377456647,,POINT (243381.5203000009 903908.6440999992)
5684,EVERETT AVE @ MAPLE ST,128,34.1,29.6,2643.100003,0.524,0.26640625,,POINT (222778.96509999782 903914.3399999999)
5685,EVERETT AVE @ CARTER ST,128,71,29.6,2643.100003,0.524,0.5546875,,POINT (222772.10090000182 903914.995000001)
5687,CHELSEA ST @ MALDEN ST,128,96.5,34.8,8142.900025,0.483,0.75390625,,POINT (240144.1872999966 903922.3614999987)
5688,CHELSEA ST @ LUKE RD,128,80,34.8,8142.900025,0.483,0.625,,POINT (233428.5530000031 903922.9941000007)
5689,CHELSEA ST @ IRVING ST,128,112.2,35.2,11579.60002,0.5,0.8765625,,POINT (229861.58900000155 903928.4448000006)
5691,CHELSEA ST @ MEAD ST,446,364.7,36.3,7624.00001,0.491,0.817713004,,POINT (250119.04640000314 919064.8748999983)
5692,CHELSEA ST @ EDMESTER CT,446,287.2,36.3,7624.00001,0.491,0.643946188,,POINT (249175.71660000086 919065.2912000008)
5693,CHELSEA ST @ PLUMER ST,446,227.8,36.3,7624.00001,0.491,0.510762332,,POINT (249183.59369999915 919066.5)
5695,BROADWAY @ EVERETT SQ,1269,5657.8,36.3,7624.00001,0.491,4.458471237,,POINT (250117.15739999712 919072.6226999983)
5700,REVERE ST @ FORD ST,623,676.4,42.6,4702.499994,0.488,1.085714286,,POINT (246524.31369999796 919072.8123999983)
5701,REVERE ST @ BOSSON ST,623,396.1,36.5,997.3,0.499,0.635794543,,POINT (232248.37910000235 919075.2443000004)
5703,REVERE ST @ BATES ST,623,948.1,41.5,2832.399999,0.474,1.521829856,,POINT (246441.31130000204 919076.3944000006)
5704,REVERE ST @ BREED ST,623,429.5,41.5,2832.399999,0.474,0.6894061,,POINT (246413.73369999975 919077.4774000011)
5709,REVERE ST @ CARLETON ST,392,1535.9,36.3,7365.400004,0.468,3.918112245,,POINT (250112.49440000206 919093.127700001)
5711,570 BROADWAY @ ELMWOOD AVE,561,1455,38.2,7126.500001,0.458,2.593582888,,POINT (250111.32940000296 919098.8918999992)
5713,BROADWAY OPP CENTRAL AVE,567,1783.2,38.5,7147.599988,0.512,3.144973545,,POINT (247121.87470000237 919118.5626999997)
5714,BROADWAY @ YEAMANS ST,924,4853.8,38.5,7147.599988,0.512,5.253030303,,POINT (244009.1740999967 919123.2982000001)
5715,BROADWAY @ PAGE ST,798,1167.9,36.5,2843.900003,0.463,1.463533835,,POINT (244016.15630000085 919123.6570000015)
5718,BROADWAY @ CABOT ST,798,1783.9,32,2964.400001,0.494,2.235463659,,POINT (247148.34350000322 919130.0003000014)
5719,BROADWAY @ STOCKTON ST,798,2611.4,32.8,13653.80002,0.504,3.272431078,,POINT (249372.95279999822 919134.9998999983)
5720,BROADWAY @ WEBSTER AVE,798,1986.6,32.8,13653.80002,0.504,2.489473684,,POINT (234801.79360000044 919135.9127000012)
5721,BROADWAY OPP GREEN ST,798,644.1,31,19695.59996,0.497,0.807142857,,POINT (243844.4373999983 919154.7925999984)
5722,BROADWAY @ ELEANOR ST,798,936.4,31,19695.59996,0.497,1.173433584,,POINT (243840.48409999907 919156.5003999993)
5723,BROADWAY @ PARKER ST,798,1073.4,31,19695.59996,0.497,1.345112782,,POINT (244273.96859999746 919195.6937999986)
5724,BROADWAY @ CARY AVE,798,908.4,31,19695.59996,0.497,1.138345865,,POINT (234713.02560000122 919200.8707000017)
5725,BROADWAY @ CRESCENT AVE,798,562.4,31,19695.59996,0.497,0.704761905,,POINT (244291.2370999977 919201.6627999991)
5726,BROADWAY OPP GERRISH AVE,798,1070.3,33,10884.20007,0.506,1.34122807,,POINT (234675.71840000153 919236.1251000017)
5728,PEARL ST OPP ESSEX ST,843,1863,34.6,14378.69994,0.496,2.209964413,,POINT (249400.68100000173 919290.4334999993)
5729,PEARL ST @ WILLIAMS ST,843,904,34.6,14378.69994,0.496,1.072360617,,POINT (250078.5354000032 919290.6875)
5731,MERIDIAN ST @ WEST EAGLE ST,843,4523.8,34.8,12164.99996,0.446,5.366310795,,POINT (247682.93710000068 919307.4373999983)
5733,MERIDIAN ST @ EUTAW ST,843,1681.2,32.1,25063.8,0.523,1.99430605,,POINT (247639.81899999827 919318.9307000004)
5737,MERIDIAN ST @ HAVRE ST,1128,2688.4,30.9,10997.60001,0.516,2.383333333,,POINT (250073.07549999654 919322.1695000008)
5740,MAVERICK STATION,2214,33727.7,32.3,15599.50004,0.531,15.23383017,,POINT (249626.18410000205 919340.6334000006)
5742,MERIDIAN ST @ HAVRE ST,1113,2402.5,29.9,6492.699987,0.508,2.158580413,,POINT (244608.65609999746 919349.0001000017)
5743,MERIDIAN ST @ SARATOGA ST,874,6326,32.6,16856.70009,0.508,7.23798627,,POINT (244598.3540999964 919349.8990000002)
5745,MERIDIAN ST @ EUTAW ST,814,1834.1,32.1,25063.8,0.523,2.253194103,,POINT (249640.95549999923 919353.0505000018)
5746,MERIDIAN ST @ WHITE ST,814,5789.8,32.1,25063.8,0.523,7.112776413,,POINT (247352.33990000188 919372.1697000004)
5748,PEARL ST @ MARGINAL ST,814,710.2,34.6,14378.69994,0.496,0.872481572,,POINT (247382.41009999812 919417.3387999982)
5749,PEARL ST @ ESSEX ST,814,2648.7,34.6,14378.69994,0.496,3.253931204,,POINT (232613.04649999738 919459.5628999993)
5750,BROADWAY @ GERRISH AVE,769,823.2,33,10884.20007,0.506,1.070481144,,POINT (232619.44259999692 919460.5758999996)
5751,BROADWAY @ CRESCENT AVE,769,648,32.2,12058.49995,0.505,0.842652796,,POINT (244957.46840000153 919472.8748999983)
5752,BROADWAY @ PARKER ST,769,775.9,31,19695.59996,0.497,1.008972692,,POINT (232700.3122999966 919479.1878000014)
5753,BROADWAY @ ELEANOR ST,769,996.7,31,19695.59996,0.497,1.29609883,,POINT (249620.8492999971 919500.4780000001)
5754,BROADWAY @ GREEN ST,769,611,31,19695.59996,0.497,0.794538362,,POINT (250145.68990000337 919552.3242999986)
5755,BROADWAY @ WEBSTER AVE,769,1272.8,32.8,13653.80002,0.504,1.655136541,,POINT (250145.68990000337 919552.3242999986)
5756,BROADWAY @ STOCKTON ST,769,2404,32.8,13653.80002,0.504,3.126137841,,POINT (249723.3091999963 916600.3903999999)
5757,BROADWAY @ CABOT ST,769,2457.4,32.8,13653.80002,0.504,3.195578674,,POINT (218684.95289999992 916660.5744000003)
5759,BROADWAY @ TAFT ST,769,917.5,36.5,2843.900003,0.463,1.193107932,,POINT (218684.95289999992 916660.5744000003)
5760,BROADWAY @ BEACH ST,769,1239.5,36.5,2843.900003,0.463,1.61183355,,POINT (225100.50630000234 916722.1854000017)
5761,BROADWAY @ PLEASANT ST,769,3091.4,38.5,7147.599988,0.512,4.020026008,,POINT (235405.31480000168 916729.5472999997)
5763,BROADWAY @ CENTRAL AVE,557,2474.8,35.9,8299.700002,0.474,4.443087971,,POINT (235405.31480000168 916729.5472999997)
5765,BROADWAY OPP ELMWOOD AVE,431,659.5,37.4,4664.099995,0.478,1.530162413,,POINT (243071.56170000136 916749.8900999986)
5768,REVERE ST @ LEE ST,382,996.9,36.3,7365.400004,0.468,2.609685864,,POINT (243055.25829999894 916761.6103000008)
5770,REVERE ST @ STOWERS ST,633,1038.1,36.3,7365.400004,0.468,1.639968404,,POINT (249657.64699999988 916772.4930000007)
5771,235 REVERE ST OPP BREED ST,633,822,41.5,2832.399999,0.474,1.298578199,,POINT (225082.42149999738 916782.6251000017)
5774,REVERE ST @ SAGAMORE ST,633,625.1,42.6,4702.499994,0.488,0.987519747,,POINT (247075.17159999907 916788.4373999983)
5783,BEACH ST OPP NAHANT AVE,675,1596.8,32.3,7552.400003,0.513,2.36562963,,POINT (249649.7771999985 916789.3302000016)
5784,BEACH ST @ VFW PKWY,675,470,32.3,7552.400003,0.513,0.696296296,,POINT (252706.21890000254 916828.7965000011)
5786,BEACH ST @ HARRIS ST,675,724,37.3,4771.50001,0.483,1.072592593,,POINT (252710.2607000023 916833.9191000015)
5788,BEACH ST @ SCHOOL ST,675,1492.9,38.5,7147.599988,0.512,2.211703704,,POINT (225062.5625 916846.8216999993)
5790,49 CENTRAL AVE,669,1662.5,38.5,7147.599988,0.512,2.485052317,,POINT (228030.98430000246 916854.0056999996)
5792,BEACH ST @ EUSTIS ST,669,721.2,37.3,4771.50001,0.483,1.078026906,,POINT (225058.81210000068 916859.4998999983)
5794,BEACH ST @ HARRIS ST,669,763,37.3,4771.50001,0.483,1.140508221,,POINT (228020.8125 916861.8126000017)
5797,BEACH ST @ WALNUT AVE,669,825.4,32.3,7552.400003,0.513,1.233781764,,POINT (221652.36230000108 916885.5738999993)
5798,BEACH ST @ N SHORE RD,669,2044,32.3,7552.400003,0.513,3.055306428,,POINT (242908.7675999999 916886.3537000008)
5801,BEACH ST @ WILSON ST,126,143.2,38.5,7147.599988,0.512,1.136507937,,POINT (218705.10209999979 916900.6429999992)
5803,WINTHROP AVE @ BEACH ST,126,90.1,37.9,4038.400002,0.486,0.715079365,,POINT (218705.10209999979 916900.6429999992)
5804,WINTHROP AVE @ VICTORIA ST,126,107,37.3,4771.50001,0.483,0.849206349,,POINT (234944.60809999704 916910.6231999993)
5805,WINTHROP AVE @ REVERE BEACH P,126,188.3,37.9,4038.400002,0.486,1.494444444,,POINT (247192.39039999992 916917.8126000017)
5806,REVERE BEACH PKWY @ GREEN ST,126,78.9,32.6,4839.3,0.526,0.626190476,,POINT (252792.00389999896 916921.3170000017)
5807,REVERE BEACH PKWY @ PRATT PL,126,76.9,32.6,4839.3,0.526,0.61031746,,POINT (252805.1378000006 916936.7252000012)
5809,560 WINTHROP AVE,126,89.1,32.6,4839.3,0.526,0.707142857,,POINT (247232.67149999738 916947.9376999997)
5810,WINTHROP AVE @ BEACHMONT STAT,126,2141,32.6,4839.3,0.526,16.99206349,,POINT (235366.63819999993 916966.1823999994)
5811,CRESCENT AVE @ WINTHROP AVE,126,60.5,35.5,9752.799964,0.509,0.48015873,,POINT (235366.63819999993 916966.1823999994)
5812,CRESCENT AVE @ WEBSTER ST,126,72.3,40.4,3239.199997,0.489,0.573809524,,POINT (249724.84369999915 916973.2498999983)
5813,CRESCENT AVE @ SUMMER ST,126,166.3,40.4,3239.199997,0.489,1.31984127,,POINT (249728.71149999648 916977.188000001)
5814,CRESCENT AVE @ WINTHROP PKWY,126,75,35.5,9752.799964,0.509,0.595238095,,POINT (234866.29730000347 916991.739599999)
5815,ENDICOTT AVE OPP BRADSTREET A,126,32.7,35.6,10365.59999,0.526,0.25952381,,POINT (242786.8172999993 917001.2215000018)
5816,200 ENDICOTT AVE,126,38.2,39.7,6854.200009,0.514,0.303174603,,POINT (242786.8172999993 917001.2215000018)
5817,ENDICOTT AVE @ LEVERETT AVE,126,44.2,39.7,6854.200009,0.514,0.350793651,,POINT (221387.10909999907 917046.8125)
5818,ENDICOTT AVE @ ATLANTIC AVE,126,79.4,35.6,10365.59999,0.526,0.63015873,,POINT (221398.15600000322 917048.3126999997)
5819,WINTHROP AVE @ BEACHMONT STAT,252,1063.8,46.5,5.499999999,1,4.221428571,,POINT (245032.56499999762 917058.626699999)
5821,REVERE BEACH PKWY @ CAMPBELL,126,112.1,34.6,11116.00002,0.496,0.88968254,,POINT (242739.84329999983 917064.5626000017)
5822,REVERE BEACH PKWY @ WOODS AVE,126,92.5,34.6,11116.00002,0.496,0.734126984,,POINT (245032.97860000283 917079.0507999994)
5823,REVERE BEACH PKWY @ HILLSIDE,126,45.3,32.6,4839.3,0.526,0.35952381,,POINT (249841.95359999686 917080.7932999991)
5824,WINTHROP AVE @ REVERE BEACH P,126,105.8,37.3,4771.50001,0.483,0.83968254,,POINT (232777.50140000135 919579.6325000003)
5825,WINTHROP AVE @ ELM ST,126,115.5,37.9,4038.400002,0.486,0.916666667,,POINT (233997.62960000336 919599.5346000008)
5826,WINTHROP AVE @ BEACH ST,126,143.6,37.9,4038.400002,0.486,1.13968254,,POINT (233961.43659999967 919620.4334000014)
5827,WINTHROP AVE @ BROADWAY,126,158.9,38.5,7147.599988,0.512,1.261111111,,POINT (245050.09329999983 919641.0003000014)
5828,PROCTOR AVE @ B ST,126,39.2,38.2,7126.500001,0.458,0.311111111,,POINT (249263.13340000063 919677.5040999986)
5829,PROCTOR AVE @ ADAMS ST,126,103.7,38.2,7126.500001,0.458,0.823015873,,POINT (249263.13340000063 919677.5040999986)
5830,ADAMS ST @ CONSTITUTION AVE,126,111.9,38.2,7126.500001,0.458,0.888095238,,POINT (233332.66839999706 919689.4829000011)
5831,ADAMS ST @ ADAMS CT,126,49.9,38.9,4566.999996,0.466,0.396031746,,POINT (233339.72709999979 919690.001699999)
5832,COOLEDGE ST @ ADAMS ST,126,45.2,38.9,4566.999996,0.466,0.358730159,,POINT (233841.12460000068 919691.1876000017)
5833,CONSTITUTION AVE @ COOLEDGE S,126,65.1,38.9,4566.999996,0.466,0.516666667,,POINT (233164.34350000322 919696.8123999983)
5835,CONSTITUTION AVE @ ADAMS ST,126,143.8,38.9,4566.999996,0.466,1.141269841,,POINT (233147.69259999692 919699.1513999999)
5837,PROCTOR AVE @ BROADWAY,126,119.3,38.2,7126.500001,0.458,0.946825397,,POINT (233507.14029999822 919701.5003000014)
5839,BENNINGTON ST @ TRIDENT ST,230,297.9,32.9,8172.700003,0.514,1.295217391,,POINT (233516.57410000265 919701.9307000004)
5841,BENNINGTON ST @ WESTBROOK ST,230,775.8,34.6,6370.600007,0.494,3.373043478,,POINT (233812.304399997 919703.7225000001)
5842,BENNINGTON ST @ BYRON ST,230,635.5,34.6,6370.600007,0.494,2.763043478,,POINT (250042.0807000026 919735.9723999985)
5843,BENNINGTON ST @ MOORE ST,230,510,34.6,6370.600007,0.494,2.217391304,,POINT (247062.98650000244 919741.4096999988)
5844,BENNINGTON ST @ CURTIS ST,230,193,34.6,6370.600007,0.494,0.839130435,,POINT (250037.1922999993 919743.1006000005)
5846,467 CHELSEA ST,128,38.6,30.8,2991,0.536,0.3015625,,POINT (244815.00590000302 919749.0978999995)
5848,BENNINGTON ST @ NEPTUNE RD,383,90.9,31.2,6996.599997,0.533,0.237336815,,POINT (247054.4530000016 919794.375)
5849,BENNINGTON ST @ CHELSEA ST,383,619.2,31.2,6996.599997,0.533,1.616710183,,POINT (249063.80569999665 919894.8092)
5850,BENNINGTON ST @ PRESCOTT ST,230,502.9,30.6,23816.19974,0.495,2.186521739,,POINT (249058.84200000018 919899.9408)
5851,BENNINGTON ST @ PUTNAM ST,230,470.7,30.6,23816.19974,0.495,2.046521739,,POINT (250114.9349000007 919988.1537999995)
5852,BENNINGTON ST @ BROOKS ST,230,440.6,30.6,23816.19974,0.495,1.915652174,,POINT (248949.2942999974 920000.3460000008)
5853,BENNINGTON ST @ MARION ST,230,385.9,32.6,16856.70009,0.508,1.677826087,,POINT (248943.7902000025 920003.0824999996)
5854,BENNINGTON ST @ PORTER ST,230,1633.9,32.6,16856.70009,0.508,7.103913043,,POINT (248775.62569999695 920090.8418000005)
5857,SUMNER ST @ COTTAGE ST,237,286.6,33.1,18957.09995,0.508,1.2092827,,POINT (248769.0251000002 920094.2941999994)
5858,SUMNER ST @ LAMSON ST,237,268.5,33.4,12450.09992,0.515,1.132911392,,POINT (248661.9566999972 920150.3957000002)
5859,SUMNER ST @ WEBSTER ST,237,369,31.4,13988.59999,0.498,1.556962025,,POINT (248641.3122999966 920161.1950000003)
5861,JEFFRIES ST @ EVERETT ST,237,394.8,30.6,3561.2,0.504,1.665822785,,POINT (248525.1475000009 920222.0390999988)
5862,OPP 345 MAVERICK ST,237,207.5,31.4,13988.59999,0.498,0.875527426,,POINT (250194.51659999788 920234.1376999989)
5863,MAVERICK ST @ LAMSON ST,237,226.2,31.4,13988.59999,0.498,0.95443038,,POINT (248495.16470000148 920237.7380999997)
5864,MAVERICK ST @ COTTAGE ST,237,222.5,31.5,16077.89998,0.515,0.938818565,,POINT (247045.70289999992 920266.5623999983)
5865,MAVERICK ST @ FRANKFORT ST,237,30.3,31.5,16077.89998,0.515,0.127848101,,POINT (248428.70359999686 920272.4397)
5867,BENNINGTON ST @ PORTER ST,219,1326,32.6,16856.70009,0.508,6.054794521,,POINT (248422.9931000024 920275.4008999988)
5868,BENNINGTON ST @ MARION ST,219,336.3,32,21508.39997,0.5,1.535616438,,POINT (247044.8376000002 920289.2503000014)
5869,BENNINGTON ST @ BROOKS ST,219,411.3,30.6,23816.19974,0.495,1.878082192,,POINT (250222.88419999927 920321.9539999999)
5870,BENNINGTON ST @ PUTNAM ST,219,321.4,30.6,23816.19974,0.495,1.467579909,,POINT (248254.5996999964 920362.7663000003)
5871,BENNINGTON ST @ PRESCOTT ST,219,596.7,30.6,23816.19974,0.495,2.724657534,,POINT (250240.25140000135 920377.4074999988)
5872,BENNINGTON ST @ SWIFT ST,219,38.4,34.6,6370.600007,0.494,0.175342466,,POINT (248226.0420999974 920377.8889000006)
5873,BENNINGTON ST @ HARMONY ST,219,180.5,34.6,6370.600007,0.494,0.824200913,,POINT (250252.87579999864 920415.428199999)
5874,BENNINGTON ST @ MOORE ST,219,343.2,34.6,6370.600007,0.494,1.567123288,,POINT (248151.73399999738 920443.0626999997)
5875,BENNINGTON ST @ BYRON ST,219,970.1,34.6,6370.600007,0.494,4.429680365,,POINT (248147.43310000002 920447.8905999996)
5877,BENNINGTON ST @ WESTBROOK ST,219,436.4,34.6,6370.600007,0.494,1.992694064,,POINT (227818.26529999822 917082.9376999997)
5878,BENNINGTON ST @ TRIDENT ST,219,373.3,34.6,6370.600007,0.494,1.70456621,,POINT (227814.9499000013 917087.2672000006)
5879,ORIENT HEIGHTS NORTH BUSWAY,219,1040,32.9,8172.700003,0.514,4.748858447,,POINT (249856.7298000008 917094.0661000013)
5880,ORIENT HEIGHTS NORTH BUSWAY,449,1556.2,32.9,8172.700003,0.514,3.465924276,,POINT (247332.20269999653 917104.625)
5881,BENNINGTON ST @ ANTRIM ST,219,169,32.9,8172.700003,0.514,0.771689498,,POINT (252963.1582000032 917112.7272999994)
5882,BOARDMAN ST @ SARATOGA ST,219,40.2,34.7,6433.499996,0.482,0.183561644,,POINT (252967.4927000031 917117.6513999999)
5883,BOARDMAN ST @ ASHLEY ST,219,79.1,36,1829.000001,0.422,0.361187215,,POINT (242709.29309999943 917140.2201999985)
5884,BOARDMAN ST @ LEYDEN ST,219,78.9,36,1829.000001,0.422,0.360273973,,POINT (224997.9997999966 917192.8123999983)
5886,WALDEMAR AVE @ MCCLELLAN HWY,219,18,46.5,5.499999999,1,0.082191781,,POINT (224997.67639999837 917213.3537000008)
5887,220 WALDEMAR AVE,219,368.5,46.5,5.499999999,1,1.682648402,,POINT (227740.95279999822 917217.1251999997)
5888,160 WALDEMAR AVE,219,401.5,46.5,5.499999999,1,1.833333333,,POINT (221187.29900000244 917242.1420999989)
5889,CRESTWAY RD @ FAYWOOD AVE,219,96.2,43.3,4834.400003,0.481,0.439269406,,POINT (218638.60649999976 917247.6911000013)
5890,171 FAYWOOD AVE,219,513.8,34.7,6433.499996,0.482,2.346118721,,POINT (227736.99909999967 917252.6508999988)
5891,219 FAYWOOD AVE,219,322.3,34.7,6433.499996,0.482,1.471689498,,POINT (247514.84340000153 917261.0001000017)
5892,202 ORIENT AVE,219,28.2,34.7,6433.499996,0.482,0.128767123,,POINT (242648.68460000306 917262.6339999996)
5893,ORIENT AVE @ DRUMLIN RD,219,127.5,34.7,6433.499996,0.482,0.582191781,,POINT (242645.17450000346 917266.2760999985)
5894,ORIENT AVE OPP BEACHVIEW RD,219,43.2,43.3,4834.400003,0.481,0.197260274,,POINT (253167.6554000005 917273.3231000006)
5895,ORIENT AVE @ FAYWOOD AVE,219,14.2,43.3,4834.400003,0.481,0.064840183,,POINT (247554.87099999934 917278.6284999996)
5896,WALLEY ST @ GLADSTONE ST,219,81.7,43.3,4834.400003,0.481,0.373059361,,POINT (229001.0524000004 917307.9662999995)
5897,CHELSEA ST @ CURTIS ST,128,15,30.8,2991,0.536,0.1171875,,POINT (250033.44340000302 917311.3458000012)
5898,LEXINGTON ST @ PRESCOTT ST,55,115.5,33.4,21311.79995,0.518,2.1,,POINT (234656.33810000122 917313.5185000002)
5899,LEXINGTON ST @ PUTNAM ST,55,107,33.4,21311.79995,0.518,1.945454545,,POINT (253409.7655000016 917327.2415999994)
5900,LEXINGTON ST @ BROOKS ST,55,117,33.4,21311.79995,0.518,2.127272727,,POINT (250042.68439999968 917328.9574000016)
5901,LEXINGTON ST @ MARION ST,55,68.5,31.4,22109.1999,0.51,1.245454545,,POINT (234639.34329999983 917342.6876000017)
5902,LEXINGTON ST @ MERIDIAN ST,55,149.5,31.4,22109.1999,0.51,2.718181818,,POINT (221157.15600000322 917349.759300001)
5903,LEXINGTON ST @ MARION ST,60,126,31.4,22109.1999,0.51,2.1,,POINT (225004.8972999975 917360.9886999987)
5904,LEXINGTON ST @ BROOKS ST,60,144.5,31.4,22109.1999,0.51,2.408333333,,POINT (253011.74390000105 917364.5102999993)
5905,LEXINGTON ST @ PUTNAM ST,60,151,33.4,21311.79995,0.518,2.516666667,,POINT (242510.44430000335 917392.1257999986)
5906,LEXINGTON ST @ PRESCOTT ST,60,176.5,33.4,21311.79995,0.518,2.941666667,,POINT (250073.99549999833 917392.5947999991)
5907,LEXINGTON ST @ SHELBY ST,60,113,33.4,21311.79995,0.518,1.883333333,,POINT (253435.7030000016 917406.2503999993)
5910,GROVE ST @ LINWOOD AVE,50,11.5,41.1,4975.600008,0.442,0.23,,POINT (250067.7427000031 917412.2928999998)
5911,GROVE ST @ LEBANON ST,50,26.5,40.5,3541.4,0.488,0.53,,POINT (242486.09539999813 917414.2415000014)
5912,GROVE ST @ FAXON ST,50,33,39,3229.900001,0.482,0.66,,POINT (227787.98939999938 917418.7851000018)
5913,GROVE ST @ ARGYLE ST,50,18.5,40.5,3541.4,0.488,0.37,,POINT (253487.24629999697 917423.9272999987)
5914,GROVE ST @ FLORENCE AVE,50,4.5,40.5,3541.4,0.488,0.09,,POINT (247750.50299999863 917433.1262000017)
5915,GROVE ST @ SWAINS POND AVE,50,7,40.5,3541.4,0.488,0.14,,POINT (227796.14230000228 917435.9516999982)
5916,LAUREL ST @ SIXTH ST,50,6.5,44.4,752.6999999,0.472,0.13,,POINT (247743.15569999814 917438.8746000007)
5917,167 LAUREL ST,50,3,44.4,752.6999999,0.472,0.06,,POINT (253193.42010000348 917442.0179000013)
5918,183 LAUREL ST,50,2,44.4,752.6999999,0.472,0.04,,POINT (253335.0252000019 917471.0188999996)
5919,229 LAUREL ST,50,0,44.4,752.6999999,0.472,0,,POINT (245057.30059999973 917479.4899999984)
5920,LAUREL ST @ SYCAMORE RD,50,9.5,44.4,752.6999999,0.472,0.19,,POINT (250315.0279000029 920599.3216000013)
5921,WAVERLY AVE @ SIMONDS RD,50,16,40.5,3703.299997,0.475,0.32,,POINT (246879.02669999748 920627.9175000004)
5923,UPHAM ST @ EAST ST,50,8,40.5,3703.299997,0.475,0.16,,POINT (247924.0298999995 920700.7078000009)
5924,UPHAM ST @ HILLCREST AVE,50,4,40.5,3703.299997,0.475,0.08,,POINT (247901.89450000226 920725.7866000012)
5925,UPHAM ST @ LINCOLN ST,50,4.5,40.7,2994.899998,0.489,0.09,,POINT (250358.2793999985 920734.0403999984)
5926,UPHAM ST @ STRATFORD RD,50,3,40.5,3703.299997,0.475,0.06,,POINT (250358.2793999985 920734.0403999984)
5927,UPHAM ST @ BELLEVUE AVE,50,4.5,43.2,2939.700001,0.497,0.09,,POINT (246584.6248999983 920776.2501999997)
5929,UPHAM ST @ MAIN ST,50,15,41.1,4975.600008,0.442,0.3,,POINT (246577.09329999983 920781.2498999983)
5930,FRANKLIN ST @ PRATT ST,50,19.5,48.3,2172.3,0.443,0.39,,POINT (245377.94070000201 920904.7923000008)
5931,FRANKLIN ST @ GREENWOOD ST,50,36,47.3,2639,0.48,0.72,,POINT (245377.94070000201 920904.7923000008)
5932,FRANKLIN ST @ APTHORP RD,50,2,47.3,2639,0.48,0.04,,POINT (245179.2498999983 921154.5623999983)
5933,FRANKLIN ST @ WOODLAND AVE,50,0,47.3,2639,0.48,0,,POINT (245179.2498999983 921154.5623999983)
5934,FRANKLIN ST @ BOTOLPH ST,50,19,47.3,2639,0.48,0.38,,POINT (247747.37680000067 921197.8880000003)
5935,WALTON PK @ SOUTH AVE,50,5,47.3,2639,0.48,0.1,,POINT (247745.87730000168 921206.5036000013)
5936,WALTON PK @ ORRIS ST,50,7,47.3,2639,0.48,0.14,,POINT (245722.98059999943 921310.0478999987)
5962,WASHINGTON ST @ CLIFTON ST,126,39.8,35.8,6222.899989,0.517,0.315873016,,POINT (247703.6982000023 921451.6207000017)
5963,WASHINGTON ST OPP FRANCIS ST,126,6,35.8,6222.899989,0.517,0.047619048,,POINT (250532.17710000277 921457.5865999982)
5967,349 WASHINGTON ST,126,0.5,34.8,5521.700001,0.496,0.003968254,,POINT (247701.96769999713 921461.7397999987)
5968,377 WASHINGTON ST,126,2,34.8,5521.700001,0.496,0.015873016,,POINT (250609.8347999975 921534.1763999984)
5975,WYOMING AVE OPP CLEVELAND ST,137,61.6,41.5,4639.300007,0.449,0.449635036,,POINT (250632.7722999975 921556.7005000003)
5976,WYOMING AVE @ FLORENCE ST,137,42.9,41,3931.999999,0.47,0.313138686,,POINT (247681.62680000067 921579.9624000005)
5978,WYOMING AVE @ COTTAGE ST,137,47.9,41,3931.999999,0.47,0.349635036,,POINT (247681.62680000067 921579.9624000005)
5980,WYOMING AVE @ PLEASANT ST,137,160.4,41.5,4639.300007,0.449,1.17080292,,POINT (247646.95700000226 921758.9453000017)
5982,PLEASANT ST @ EVERETT ST,137,26.4,41,3931.999999,0.47,0.19270073,,POINT (250854.86800000072 921762.3973000012)
5983,PLEASANT ST @ FRANCES ST,137,31.4,41,3931.999999,0.47,0.22919708,,POINT (247645.89140000194 921765.4858999997)
5985,PLEASANT ST @ GOULD ST,137,9.5,41,3931.999999,0.47,0.069343066,,POINT (250885.96019999683 921826.0720000006)
5986,PLEASANT ST @ CONVERSE LN,137,201.8,35.4,858.4999999,0.506,1.472992701,,POINT (250915.8300999999 921892.4567000009)
5987,PLEASANT ST @ WASHINGTON ST,137,70.5,35.4,858.4999999,0.506,0.51459854,,POINT (250920.67809999734 921902.7589000016)
5988,WASHINGTON ST @ BRAZIL ST,137,4.2,35.4,858.4999999,0.506,0.030656934,,POINT (245564.99759999663 921918.2914999984)
5990,WASHINGTON ST @ GLEN ROCK RD,137,2.5,34.8,5521.700001,0.496,0.018248175,,POINT (245565.38289999962 921928.9926000014)
5991,WASHINGTON ST OPP OAK GROVE S,137,895.3,34.8,5521.700001,0.496,6.535036496,,POINT (250949.17379999906 921961.6517999992)
5992,WASHINGTON ST @ GROVE ST,137,5.5,34.8,5521.700001,0.496,0.040145985,,POINT (250994.6099999994 922063.6618999988)
5993,WASHINGTON ST @ FRANCIS ST,137,0,35.8,6222.899989,0.517,0,,POINT (245779.43840000033 922139.6072999984)
6022,POPLAR ST @ SOUTH ST,1044,4018.5,38.5,6191.799992,0.467,3.849137931,,POINT (245778.114699997 922145.0062000006)
6103,NEW DERBY ST OPP KLOP ALLEY,239,684.1,45.7,4866.199995,0.44,2.862343096,,POINT (247552.05610000342 922166.3999999985)
6104,LAFAYETTE ST @ HARBOR ST,209,476.9,40.4,3717.099997,0.51,2.281818182,,POINT (247552.05610000342 922166.3999999985)
6106,LAFAYETTE ST @ CEDAR ST,209,551,40.4,3717.099997,0.51,2.636363636,,POINT (246292.21639999747 922204.442499999)
6108,LAFAYETTE ST @ HANCOCK ST,209,32.7,36.5,8369.300027,0.474,0.15645933,,POINT (247522.82460000366 922240.0289000012)
6109,LAFAYETTE ST @ HOLLY ST,209,79.8,36.5,8369.300027,0.474,0.381818182,,POINT (251073.322800003 922250.6409999989)
6110,LAFAYETTE ST @ LAUREL ST,209,60.1,33.4,4051.799996,0.488,0.287559809,,POINT (251075.9553000033 922256.4112000018)
6111,LAFAYETTE ST @ OCEAN AVE,209,70.5,43.1,2537.199999,0.46,0.337320574,,POINT (247512.1692999974 922267.7089000009)
6112,LAFAYETTE ST @ FOREST AVE,209,65.8,23.7,4115.400003,0.419,0.314832536,,POINT (253260.0298999995 917501.1816000007)
6113,LAFAYETTE ST @ LORING AVE,209,0,43.1,2537.199999,0.46,0,,POINT (253571.20440000296 917519.3216999993)
6114,LORING AVE @ LINDEN ST,209,284.5,23.7,4115.400003,0.419,1.361244019,,POINT (253574.74109999835 917526.2637000009)
6115,LORING AVE OPP RAINBOW TERR,209,170.7,23.7,4115.400003,0.419,0.816746411,,POINT (250048.8377000019 917541.386500001)
6116,LORING AVE OPP RAYMOND RD,209,252.6,23.4,2508.600001,0.42,1.20861244,,POINT (250047.81589999795 917548.6264999993)
6118,LORING AVE @ SUMNER RD,209,96.3,23.4,2508.600001,0.42,0.46076555,,POINT (221089.13149999827 917581.4230000004)
6119,LORING AVE @ PICKMAN RD,209,13.1,23.4,2508.600001,0.42,0.062679426,,POINT (235249.51269999892 917593.430399999)
6120,LORING AVE OPP LINCOLN RD,209,39.2,23.4,2508.600001,0.42,0.187559809,,POINT (235252.80799999833 917596.5491999984)
6122,LORING AVE @ RIVERVIEW ST,209,1.5,50.4,1683,0.427,0.007177033,,POINT (242274.26609999686 917607.6290000007)
6123,446 LORING AVE,209,0,50.4,1683,0.427,0,,POINT (248080.40619999915 917610.3126000017)
6124,LORING AVE @ INTERVALE RD,209,4.6,50.4,1683,0.427,0.022009569,,POINT (248071.74099999666 917617.3458000012)
6125,LORING AVE @ CEDAR AVE,209,62.5,50.4,1683,0.427,0.299043062,,POINT (242260.37730000168 917620.2424999997)
6126,LORING AVE @ VINNIN ST,209,168.3,50.4,1683,0.427,0.805263158,,POINT (253646.31220000237 917639.2503000014)
6127,ESSEX ST @ SWAMPSCOTT MALL,209,293.1,52.3,4883.199994,0.421,1.402392344,,POINT (253805.04839999974 917665.3147)
6128,ESSEX ST OPP RYAN PL,209,10.7,38.6,996.0000003,0.47,0.051196172,,POINT (253798.679399997 917668.1420000009)
6129,OPP 399 ESSEX ST,209,0,38.6,996.0000003,0.47,0,,POINT (235465.71859999746 917679.1352999993)
6130,ESSEX ST @ STETSON AVE,209,22.4,43.1,2880.099998,0.492,0.107177033,,POINT (250027.93150000274 917688.4167000018)
6131,262 ESSEX ST,209,8,43.1,2880.099998,0.492,0.038277512,,POINT (235473.3370999992 917689.7457999997)
6132,ESSEX ST @ BURPEE RD,209,14.5,38.6,996.0000003,0.47,0.06937799,,POINT (250027.0094999969 917694.9178999998)
6133,ESSEX ST @ CHERRY ST,209,13.6,38.6,996.0000003,0.47,0.06507177,,POINT (227856.75519999862 917697.7928999998)
6134,13 ESSEX ST,209,87.9,36.4,6162.300014,0.456,0.420574163,,POINT (227854.03700000048 917704.8920000009)
6135,ESSEX ST @ EASTERN AVE,209,226.9,38,5111.200006,0.472,1.085645933,,POINT (248292.32680000365 917705.8101999983)
6136,ESSEX ST @ EMPIRE ST,209,291.3,31.6,8766.89997,0.511,1.393779904,,POINT (248307.4372999966 917714.9376999997)
6137,141 ESSEX ST,214,110.7,32.9,10074.00001,0.511,0.51728972,,POINT (224754.57630000263 917735.7360999994)
6138,ESSEX ST @ PORTER ST,214,164.8,32.9,10074.00001,0.511,0.770093458,,POINT (221042.98309999704 917736.4937000014)
6139,ESSEX ST @ CHATHAM ST,214,648.4,30.7,11639.00003,0.493,3.029906542,,POINT (242116.91089999676 917737.3187000006)
6140,ESSEX ST @ FAYETTE ST,214,520.9,30.5,7606.899978,0.506,2.43411215,,POINT (242099.78980000317 917749.5927999988)
6142,ESSEX ST @ FAYETTE ST,214,353.1,30.5,7606.899978,0.506,1.65,,POINT (224717.54819999635 917762.9543000013)
6143,ESSEX ST @ CHATHAM ST,214,682.1,30.7,11639.00003,0.493,3.187383178,,POINT (248397.53880000114 917785.9109999985)
6144,ESSEX ST OPP PORTER ST,214,323.8,30.7,11639.00003,0.493,1.513084112,,POINT (227825.3326999992 917818.8445999995)
6145,ESSEX ST @ EMPIRE ST,214,249.4,31.6,8766.89997,0.511,1.165420561,,POINT (224612.3674999997 917834.5089999996)
6146,ESSEX ST @ EASTERN AVE,214,284.4,31.6,8766.89997,0.511,1.328971963,,POINT (224612.3674999997 917834.5089999996)
6147,12 ESSEX ST,214,218.7,38.6,996.0000003,0.47,1.021962617,,POINT (248444.55929999799 917845.4710000008)
6148,ESSEX ST @ ESSEX AVE,214,16.9,38.6,996.0000003,0.47,0.078971963,,POINT (250004.83569999784 917846.1543000005)
6149,ESSEX ST @ BURRILL ST,214,102.4,38.6,996.0000003,0.47,0.478504673,,POINT (235419.95690000057 917846.7204999998)
6150,ESSEX ST @ ELM PL,214,29.2,43.1,2880.099998,0.492,0.136448598,,POINT (235418.00890000165 917852.4763000011)
6151,253 ESSEX ST,214,16,43.1,2880.099998,0.492,0.074766355,,POINT (241951.2453000024 917855.7215000018)
6152,ESSEX ST @ STETSON AVE,214,28.6,43.1,2880.099998,0.492,0.13364486,,POINT (250001.91529999673 917865.9706000015)
6153,ESSEX ST @ EASTMAN AVE,214,17.2,52.3,4883.199994,0.421,0.080373832,,POINT (241935.68450000137 917867.4869000018)
6154,ESSEX ST @ ALVIN RD,214,20.7,52.3,4883.199994,0.421,0.096728972,,POINT (234297.9082000032 917893.882199999)
6155,ESSEX ST @ RYAN PL,214,12.4,38.6,996.0000003,0.47,0.057943925,,POINT (246724.0623999983 922285.5003000014)
6156,ESSEX ST @ SWAMPSCOTT MALL,214,391.3,52.3,4883.199994,0.421,1.828504673,,POINT (247452.5700000003 922377.6796000004)
6157,LORING AVE @ VINNIN ST,214,181.5,50.4,1683,0.427,0.848130841,,POINT (251071.64710000157 922431.2507000007)
6158,LORING AVE @ MAPLE AVE,214,92.1,50.4,1683,0.427,0.430373832,,POINT (251041.09329999983 922488.0628000014)
6159,LORING AVE @ CHANDLER RD,214,0,50.4,1683,0.427,0,,POINT (245469.8193999976 922552.443)
6160,OPP 494 LORING AVE,214,0,50.4,1683,0.427,0,,POINT (247242.98420000076 922557.3123999983)
6161,OPP 446 LORING AVE,214,3,50.4,1683,0.427,0.014018692,,POINT (251022.96869999915 922558.5205000006)
6162,LORING AVE OPP RIVERVIEW ST,214,5.7,50.4,1683,0.427,0.026635514,,POINT (246117.7003000006 922560.4211999997)
6163,LORING AVE @ LEGGS HILL RD,214,5.2,50.4,1683,0.427,0.024299065,,POINT (251026.61460000277 922682.7230000012)
6164,LORING AVE @ LINCOLN RD,214,54.4,23.4,2508.600001,0.42,0.254205607,,POINT (251029.60849999636 922726.3647000007)
6165,LORING AVE @ GRANT RD,214,4,23.4,2508.600001,0.42,0.018691589,,POINT (247220.35209999979 922747.6306999996)
6166,LORING AVE @ MONROE RD,214,4,23.4,2508.600001,0.42,0.018691589,,POINT (247222.54800000042 922754.5476999991)
6167,LORING AVE @ SUMNER RD,214,20,23.4,2508.600001,0.42,0.093457944,,POINT (250899.2194999978 922796.074000001)
6168,LORING AVE OPP JEFFERSON AVE,214,107.3,23.4,2508.600001,0.42,0.501401869,,POINT (250798.40779999644 922840.8740999997)
6169,LORING AVE @ RAYMOND RD,214,178.9,23.4,2508.600001,0.42,0.835981308,,POINT (251047.7628000006 922862.0683000013)
6170,LORING AVE @ RAINBOW TERR,214,192.8,23.7,4115.400003,0.419,0.900934579,,POINT (247277.65579999983 922934)
6171,OPP 352 LAFAYETTE ST,214,66.3,43.1,2537.199999,0.46,0.309813084,,POINT (247277.65579999983 922934)
6173,LAFAYETTE ST @ CLIFTON AVE,214,72.1,23.7,4115.400003,0.419,0.336915888,,POINT (251058.79850000143 922965.3991999999)
6174,LAFAYETTE ST @ OCEAN AVE,214,120,43.1,2537.199999,0.46,0.560747664,,POINT (245448.79640000314 922968.1253000014)
6175,LAFAYETTE ST @ WILLOW AVE,214,72,33.4,4051.799996,0.488,0.336448598,,POINT (247134.8844999969 923050.1453999989)
6176,LAFAYETTE ST @ LEACH ST,214,83.9,42.1,7856.700004,0.454,0.392056075,,POINT (247118.15139999986 923061.3845999986)
6177,LAFAYETTE ST @ SALTONSTALL PK,214,31.6,36.5,8369.300027,0.474,0.147663551,,POINT (250866.3029000014 923063.6316)
6178,LAFAYETTE ST @ PALMER ST,214,163.7,40.4,3717.099997,0.51,0.764953271,,POINT (251050.90680000186 923087.6182999983)
6180,LAFAYETTE ST @ HARBOR ST,214,686.8,40.4,3717.099997,0.51,3.209345794,,POINT (250342.010300003 923167.6922999993)
6181,NEW DERBY ST @ KLOPP ALLEY,244,733.1,45.7,4866.199995,0.44,3.004508197,,POINT (250910.91650000215 923178.8605999984)
6201,PARK AVE @ WOLLASTON AVE,117,18,45.3,3282.399999,0.476,0.153846154,,POINT (250909.53580000252 923201.2393999994)
6202,PARK AVE @ APPLETON ST,117,18.7,45.3,3282.399999,0.476,0.15982906,,POINT (250876.0495999977 923218.4074000008)
6203,PARK AVE @ FLORENCE AVE,117,14.7,45.3,3282.399999,0.476,0.125641026,,POINT (245351.55680000037 923233.9406999983)
6204,PARK AVE @ OAKLAND AVE,117,19.5,43.1,3182.599998,0.485,0.166666667,,POINT (246814.21389999986 923264.1887999997)
6206,MAIN ST @ PIERCE MEMORIAL DR,115,529,48.2,1099.1,0.463,4.6,,POINT (246807.27380000055 923269.5056000017)
6207,MAIN ST @ KENNEDY DR,85,10.5,52.2,2027.900001,0.464,0.123529412,,POINT (250766.4165999964 923300.4693000019)
6208,MAIN ST @ VINE ST,85,63.5,48.2,1099.1,0.463,0.747058824,,POINT (250741.8879000023 923323.6394999996)
6212,CENTRAL ST @ COLUMBUS AVE,114,55.9,52.2,2027.900001,0.464,0.490350877,,POINT (250932.9299999997 923429.7023999989)
6213,329 CENTRAL ST OPP JASPER ST,114,39.8,52.2,2027.900001,0.464,0.349122807,,POINT (250932.9299999997 923429.7023999989)
6218,PARK AVE @ CEDAR AVE,329,34.4,45.1,3086.600006,0.475,0.104559271,,POINT (245257.1526999995 923469.9158999994)
6230,CENTRAL ST @ JASPER ST,115,44.5,52.2,2027.900001,0.464,0.386956522,,POINT (246674.20279999822 923479.8748999983)
6250,MALDEN ST @ STARK AVE,49,39.5,38.1,6332.500009,0.49,0.806122449,,POINT (246670.90670000017 923486.3834999986)
6251,MALDEN ST @ PATRIOT PKWY,49,4,41.4,6588.20001,0.493,0.081632653,,POINT (250637.40950000286 923528.5482000001)
6252,MALDEN ST @ CONANT ST,49,15.9,38.1,6332.500009,0.49,0.324489796,,POINT (246644.70679999888 923538.0225999989)
6253,MALDEN ST @ NEWMAN ST,49,12,38.1,6332.500009,0.49,0.244897959,,POINT (246595.95059999824 923634.7930000015)
6254,MALDEN ST @ STEEPLE ST,49,8,38.1,6332.500009,0.49,0.163265306,,POINT (245599.06419999897 923641.2655000016)
6255,MALDEN ST @ CHARGER ST,49,20.8,40.5,5377.799997,0.482,0.424489796,,POINT (250602.947800003 923646.8284000009)
6256,MALDEN ST @ GORE RD,175,155.7,43.3,3234.500001,0.481,0.889714286,,POINT (250581.7480000034 923722.6204999983)
6257,MALDEN ST @ DERBY RD,175,108.5,43.3,3234.500001,0.481,0.62,,POINT (234285.80600000173 917910.1664999984)
6258,MALDEN ST @ KEAYNE ST,175,50.5,43.3,3234.500001,0.481,0.288571429,,POINT (245317.686999999 917931.8126999997)
6259,MALDEN ST @ STEVENS ST,175,125.8,43.3,3234.500001,0.481,0.718857143,,POINT (248489.22890000045 917932.7778000012)
6260,MALDEN ST @ WASHINGTON AVE,175,90.9,43.3,3234.500001,0.481,0.519428571,,POINT (248491.9472000003 917938.5540000014)
6262,WASHINGTON AVE OPP BROOKDALE,175,76.6,43.3,3234.500001,0.481,0.437714286,,POINT (245325.23390000314 917941.5626999997)
6267,NORTHGATE SHOPPING CTR,575,4675.6,33.7,800.9000001,0.526,8.131478261,,POINT (221987.37269999832 917957.7613999993)
6269,WASHINGTON AVE @ BROOKDALE ST,169,50,43.3,3234.500001,0.481,0.295857988,,POINT (235380.06120000035 917965.8440000005)
6271,MALDEN ST @ LUCIA AVE,169,53.6,43.3,3234.500001,0.481,0.317159763,,POINT (235377.83129999787 917972.1099000014)
6272,MALDEN ST @ GENEVA ST,169,197.9,43.3,3234.500001,0.481,1.171005917,,POINT (249980.44520000368 918010.3057999983)
6274,MALDEN ST OPP DERBY RD,169,115.1,40.5,5377.799997,0.482,0.681065089,,POINT (221009.44740000367 918026.2399000004)
6275,MALDEN ST @ ROLAND RD,169,225.8,43.3,3234.500001,0.481,1.336094675,,POINT (227861.35920000076 918026.3544000015)
6277,MALDEN ST @ KINGMAN AV,43,7.1,38.1,6332.500009,0.49,0.165116279,,POINT (227861.35920000076 918026.3544000015)
6278,MALDEN ST @ SOUTH ST,43,14.9,38.1,6332.500009,0.49,0.346511628,,POINT (220997.04649999738 918028.2586999983)
6280,MALDEN ST OPP PATRIOT PKWY,43,8.1,41.4,6588.20001,0.493,0.188372093,,POINT (249977.3696999997 918030.6961999983)
6281,MALDEN ST OPP STARK AVE,43,20.4,38.1,6332.500009,0.49,0.474418605,,POINT (241731.04529999942 918031.7105999999)
6283,BEACH ST @ LAWRENCE ST,223,184.8,38.8,4796.699997,0.491,0.828699552,,POINT (224483.54680000246 918033.1876999997)
6284,BEACH ST @ CLAPP ST,223,88.6,38.8,4796.699997,0.491,0.397309417,,POINT (242167.04930000007 918051.565299999)
6285,SALEM ST OPP BELLVALE ST,223,229.3,39.8,6352.399988,0.506,1.028251121,,POINT (242156.16690000147 918053.8612000011)
6292,ORIENT AVE @ SELMA ST,219,91.4,43.3,4834.400003,0.481,0.417351598,,POINT (224472.70269999653 918055.9373999983)
6298,HIGH ST @ ESSEX ST,448,41.1,46.9,3566.700002,0.485,0.091741071,,POINT (248578.85220000148 918077.2703000009)
6299,HIGH ST @ WOBURN ST,448,66.1,46.9,3566.700002,0.485,0.147544643,,POINT (234151.5631000027 918085.0709000006)
6301,HIGH ST @ MYSTIC ST,448,85.1,46.9,3566.700002,0.485,0.189955357,,POINT (248589.96859999746 918093.3123999983)
6302,HIGH ST @ ALLSTON ST,448,221.2,46.9,3566.700002,0.485,0.49375,,POINT (234139.26669999957 918100.4957000017)
6303,HIGH ST @ WARREN ST,448,393.1,45.3,3927,0.475,0.877455357,,POINT (235332.94690000266 918103.3515000008)
6304,PLAYSTEAD RD @ IRVING ST,125,60.7,39.6,2987.800003,0.467,0.4856,,POINT (242508.5041999966 918120.5456000008)
6305,PLAYSTEAD RD @ MADISON ST,125,14.2,39.6,2987.800003,0.467,0.1136,,POINT (235326.74650000036 918121.7443000004)
6307,PLAYSTEAD RD @ CLEWLEY RD,125,21.7,39.6,2987.800003,0.467,0.1736,,POINT (245453.2066999972 918168.2939999998)
6308,PLAYSTEAD RD @ DIANNE RD,125,1.5,49.6,692.3000001,0.487,0.012,,POINT (242663.42660000175 918172.2976000011)
6309,PLAYSTEAD RD @ OSBORNE RD,125,13,41.2,3874.600002,0.473,0.104,,POINT (242670.6875 918175.1253999993)
6310,PLAYSTEAD RD @ WINTHROP ST -,239,258.8,49.6,692.3000001,0.487,1.082845188,,POINT (245457.44529999793 918181.3491999991)
6311,PLAYSTEAD RD OPP OSBORNE RD,114,4.5,49.6,692.3000001,0.487,0.039473684,,POINT (249954.1794999987 918190.814100001)
6312,PLAYSTEAD RD @ ROBERTS RD,114,3.1,49.6,692.3000001,0.487,0.027192982,,POINT (249953.38130000234 918196.3691000007)
6313,PLAYSTEAD RD OPP CLEWLEY RD,114,24.5,39.6,2987.800003,0.467,0.214912281,,POINT (235290.4579000026 918229.6088000014)
6315,PLAYSTEAD RD OPP MADISON ST,114,20,39.6,2987.800003,0.467,0.175438596,,POINT (248700.20409999788 918244.3289999999)
6316,HIGH ST @ CANAL ST,421,371.3,45.3,3927,0.475,0.881947743,,POINT (248704.1427000016 918249.8762999997)
6317,HIGH ST @ ALLSTON ST,421,190.7,46.9,3566.700002,0.485,0.452969121,,POINT (235281.29680000246 918262.4437000006)
6318,HIGH ST @ MYSTIC ST,421,76.8,46.9,3566.700002,0.485,0.182422803,,POINT (233995.90910000354 918285.626699999)
6320,HIGH ST @ HASTINGS LN,421,73,46.9,3566.700002,0.485,0.173396675,,POINT (249939.17369999737 918291.4318000004)
6321,238 HIGH ST OPP ESSEX ST,421,34.1,46.9,3566.700002,0.485,0.080997625,,POINT (227863.0151000023 918296.3751999997)
6322,HIGH ST @ WINTHROP ST,590,244.6,47,2573.700003,0.49,0.414576271,,POINT (227863.0151000023 918296.3751999997)
6323,HIGH ST OPP POWDER HOUSE RD,590,238,64.7,5047.500002,0.427,0.403389831,,POINT (250579.84610000253 923729.5588000007)
6324,HIGH ST OPP GOVERNORS AVE,590,536.6,47,2573.700003,0.49,0.909491525,,POINT (250964.93090000004 923736.8797000013)
6357,RIVER ST @ WAY ST,322,1979.3,38.1,4824.800009,0.479,6.14689441,,POINT (245822.37600000203 923740.0119000003)
6359,RIVER ST @ WEST ST,322,318.9,40.3,4929.300005,0.454,0.990372671,,POINT (246051.6405000016 923751.4376999997)
6360,RIVER ST @ METROPOLITAN AVE,322,899.7,40.3,4929.300005,0.454,2.794099379,,POINT (250968.72779999673 923769.4847999997)
6361,900 RIVER ST,322,844.5,40.3,4929.300005,0.454,2.622670807,,POINT (246503.0603 923786.3306999989)
6362,RIVER ST OPP WOOD AVE,322,862.1,40.3,4929.300005,0.454,2.677329193,,POINT (246493.51910000294 923799.7481000014)
6364,RIVER ST @ WACHUSETT ST,322,525.1,43.4,4016.100003,0.465,1.630745342,,POINT (250512.34329999983 923905.0003000014)
6365,RIVER ST @ MATTAKEESET ST,322,198.9,38.9,9185.499963,0.427,0.617701863,,POINT (250985.24549999833 923920.4290999994)
6366,RIVER ST @ BLUE HILL AVE,322,1724.7,42.2,5914.699989,0.457,5.35621118,,POINT (250985.24549999833 923920.4290999994)
6368,RIVER ST @ CUMMINGS HWY,322,2450.9,42.2,5914.699989,0.457,7.611490683,,POINT (246404.98920000345 923920.6499000005)
6369,RIVER ST @ CATON ST,322,249.1,38.9,9185.499963,0.427,0.773602484,,POINT (246393.00559999794 923937.3522999994)
6371,RIVER ST OPP MASSASOIT ST,322,661.9,38.9,9185.499963,0.427,2.055590062,,POINT (250480.95849999785 923962.8566000015)
6372,RIVER ST @ TILESTON ST,322,429.4,42.6,5381.999988,0.493,1.333540373,,POINT (250418.01519999653 924053.5471000001)
6373,RIVER ST @ WOOD AVE,322,934,39.7,5396.099988,0.455,2.900621118,,POINT (250418.01519999653 924053.5471000001)
6374,RIVER ST @ REDDY AVE,322,848.9,40.3,4929.300005,0.454,2.636335404,,POINT (250304.4173000008 924199.3995999992)
6375,RIVER ST @ HUNTINGTON AVE,322,225,36.6,5124.000006,0.473,0.698757764,,POINT (250298.3247999996 924206.6429000013)
6376,RIVER ST @ METROPOLITAN AVE,322,883.8,40.3,4929.300005,0.454,2.744720497,,POINT (250989.9653000012 924233.3951999992)
6377,RIVER ST @ WEST ST,322,256.4,40.3,4929.300005,0.454,0.796273292,,POINT (250212.54599999636 924303.9560999982)
6390,RIVER ST OPP WAY ST,322,1946,48.7,3530.499998,0.447,6.043478261,,POINT (250205.17109999806 924312.5309000015)
6392,BEACON ST @ FAIRMOUNT AVE,204,201.2,40,3174.399997,0.515,0.98627451,,POINT (250859.874499999 924378.8071999997)
6393,BEACON ST @ ALBION ST,204,34.1,40,3174.399997,0.515,0.167156863,,POINT (250859.874499999 924378.8071999997)
6394,BEACON ST @ METROPOLITAN AVE,204,49.2,40,3174.399997,0.515,0.241176471,,POINT (250141.43649999797 924384.2558999993)
6396,METROPOLITAN AVE @ HIGHLAND S,204,22.5,40,3174.399997,0.515,0.110294118,,POINT (250141.43649999797 924384.2558999993)
6397,SUMMIT ST @ METROPOLITAN AVE,204,6.2,46.8,580.8000001,0.495,0.030392157,,POINT (250074.4372999966 924459.8751999997)
6398,SUMMIT ST @ MILTON AVE,204,56.9,43.9,2676.700004,0.496,0.278921569,,POINT (250061.94900000095 924473.6270999983)
6399,MILTON AVE @ HIGHLAND ST,204,44.8,40,3174.399997,0.515,0.219607843,,POINT (249993.557099998 924549.3713000007)
6400,HIGHLAND ST @ ALBION ST,204,1,43.9,2676.700004,0.496,0.004901961,,POINT (249980.73420000076 924563.375)
6401,HIGHLAND ST @ FAIRMOUNT AVE,204,35.9,40.8,3728.900001,0.473,0.175980392,,POINT (249918.13009999692 924634.0372000001)
6402,17 POND ST,204,6.5,40.8,3728.900001,0.473,0.031862745,,POINT (249897.6872999966 924659.9376999997)
6403,WILLIAMS ST @ SUMMIT ST,204,77.2,40.8,3728.900001,0.473,0.378431373,,POINT (250629.87179999799 924731.5342000015)
6405,WASHINGTON ST @ DANA AVE,204,117.8,39,4077.499997,0.458,0.57745098,,POINT (249835.3403000012 924752.4868000001)
6406,WASHINGTON ST @ GARFIELD AVE,204,240.6,35.9,5381.800005,0.435,1.179411765,,POINT (249823.28090000153 924828.4373999983)
6407,WASHINGTON ST @ CHITTICK RD,204,99.9,39,4077.499997,0.458,0.489705882,,POINT (250504.79640000314 925038.2503999993)
6408,WASHINGTON ST @ WOODGLEN RD,204,239.3,35.9,5381.800005,0.435,1.173039216,,POINT (250504.79640000314 925038.2503999993)
6409,WASHINGTON ST @ FARADAY ST,204,88.8,35.9,5381.800005,0.435,0.435294118,,POINT (250496.6617999971 925170.9277999997)
6410,WASHINGTON ST @ NEEDHAM RD,204,206.8,35.9,5381.800005,0.435,1.01372549,,POINT (249973.08389999717 925303.131000001)
6411,TRUMAN HWY @ WAKEFIELD AVE,413,522,39,4077.499997,0.458,1.263922518,,POINT (250002.06149999797 925321.7478)
6413,TRUMAN HWY @ TYLER ST,209,77.7,39.6,1996.199999,0.495,0.371770335,,POINT (250523.28109999746 925364.5628000014)
6415,TRUMAN HWY @ CHITTICK RD,209,76,39,4077.499997,0.458,0.363636364,,POINT (250076.15609999746 925403.1251000017)
6417,TRUMAN HWY @ DANA AVE,209,47.1,39,4077.499997,0.458,0.225358852,,POINT (250180.78689999878 925488.5232000016)
6418,TRUMAN HWY @ WILLIAMS AVE,209,51.6,40.8,3728.900001,0.473,0.246889952,,POINT (250205.44259999692 925509.2140999995)
6419,FAIRMOUNT AVE @ TRUMAN HWY,209,203.9,40.8,3728.900001,0.473,0.975598086,,POINT (221205.66870000213 918309.4056999981)
6428,CUMMINS HWY @ WASHINGTON ST,315,650.5,38.9,5370.8,0.501,2.065079365,,POINT (224239.67149999738 918309.8751000017)
6430,CUMMINS HWY @ SYCAMORE ST,315,144.7,38.9,5370.8,0.501,0.459365079,,POINT (221212.8125 918316.6876999997)
6431,93 CUMMINS HWY OPP SHERWOOD S,315,92.4,38.9,5370.8,0.501,0.293333333,,POINT (224214.8574000001 918324.5749000013)
6432,CUMMINS HWY @ BROWN AVE,315,294.6,40.6,4025.700009,0.433,0.935238095,,POINT (248764.4218999967 918333.8751000017)
6433,CUMMINS HWY @ ROWE ST,315,363,38.9,5370.8,0.501,1.152380952,,POINT (233946.66269999743 918348.5612999983)
6459,CUMMINS HWY @ HYDE PARK AVE,218,401.1,36.7,6005.400001,0.441,1.839908257,,POINT (220503.95419999957 918353.8531000018)
6460,CUMMINS HWY @ ROWE ST,321,289.5,38.9,5370.8,0.501,0.901869159,,POINT (249925.4830000028 918389.1215000004)
6461,CUMMINS HWY @ BROWN AVE,321,215.8,44.6,5693.999994,0.469,0.672274143,,POINT (235260.29919999838 918424.7681000009)
6462,CUMMINS HWY @ SHERWOOD ST,321,72,38.9,5370.8,0.501,0.224299065,,POINT (220474.90579999983 918427.3125)
6463,CUMMINS HWY @ SYCAMORE ST,321,86.2,38.9,5370.8,0.501,0.268535826,,POINT (235374.55680000037 918435.4343999997)
6464,CUMMINS HWY @ FLORENCE ST,321,111.1,39.6,5956.700002,0.47,0.346105919,,POINT (235394.95120000094 918437.753899999)
6466,HYDE PARK AVE @ CLAY ST,1090,1219,38.7,3727.700004,0.482,1.118348624,,POINT (250182.45289999992 918454.4459000006)
6467,HYDE PARK AVE @ HARVARD AVE,1090,326.1,38.7,3727.700004,0.482,0.299174312,,POINT (235687.2923000008 918466.2476000004)
6468,HYDE PARK AVE @ WEST ST,937,1640.4,38.7,3727.700004,0.482,1.750693703,,POINT (224041.31289999932 918469.8044999987)
6470,HYDE PARK AVE @ WESTMINSTER S,937,1142.9,37.8,4445.499995,0.468,1.219743863,,POINT (235701.6472999975 918470.626699999)
6471,HYDE PARK AVE @ THATCHER ST,937,889.4,37.8,4445.499995,0.468,0.949199573,,POINT (224037.56210000068 918473.6873999983)
6472,942 HYDE PARK AVE,937,1775.6,37.8,4445.499995,0.468,1.894983991,,POINT (245597.53909999877 918478.9250000007)
6473,HYDE PARK AVE @ COLLINS STREE,937,788.6,37.2,4568.900006,0.445,0.841622199,,POINT (249911.84610000253 918479.4178999998)
6474,HYDE PARK AVE @ AMERICAN LEGI,1040,1224.1,37.2,4568.900006,0.445,1.177019231,,POINT (249910.5527999997 918488.6995999999)
6476,HYDE PARK AVE @ RAMSDELL AVE,1040,756.5,36.7,6005.400001,0.441,0.727403846,,POINT (245609.71040000021 918495.0388000011)
6478,HYDE PARK AVE @ CUMMINS HWY,937,1987,36.7,6005.400001,0.441,2.120597652,,POINT (243393.79860000312 918509.8394000009)
6479,512 HYDE PARK AVE,937,314.3,36.7,6005.400001,0.441,0.335432231,,POINT (243198.64039999992 918538.6248999983)
6480,HYDE PARK AVE @ MT HOPE ST,937,1025.4,38.3,2726.300003,0.485,1.09434365,,POINT (243198.64039999992 918538.6248999983)
6495,HYDE PARK AVE OPP WALK HILL S,945,443.7,33.3,6091.099991,0.471,0.46952381,,POINT (243364 918556.3123999983)
6496,HYDE PARK AVE @ CUMMINS HWY,1043,2171.2,36.7,6005.400001,0.441,2.08168744,,POINT (243361.32580000162 918560.7485999987)
6498,HYDE PARK AVE OPP RAMSDELL AV,1043,618.7,37.2,4568.900006,0.445,0.593192713,,POINT (227887.67700000107 918562.2426999994)
6500,HYDE PARK AVE OPP AMERICAN LE,1043,982.5,37.2,4568.900006,0.445,0.941994247,,POINT (227891.15510000288 918567.0088)
6502,HYDE PARK AVE @ WILLOW AVE,945,1850.5,37.8,4445.499995,0.468,1.958201058,,POINT (244452.07140000165 918592.1207000017)
6504,HYDE PARK AVE @ GREENWOOD AVE,945,1137.7,37.8,4445.499995,0.468,1.203915344,,POINT (245108.96909999847 918603.7736000009)
6505,HYDE PARK AVE @ WESTMINSTER S,945,1332.8,37.8,4445.499995,0.468,1.41037037,,POINT (248843.32389999926 918604.6678999998)
6507,HYDE PARK AVE @ WEST ST,1076,1580.7,38.7,3727.700004,0.482,1.469052045,,POINT (235800.1528000012 918608.0300999992)
6508,HYDE PARK AVE OPP WEBSTER ST,1076,534.4,38.7,3727.700004,0.482,0.496654275,,POINT (248846.92660000175 918621.1563000008)
6509,HYDE PARK AVE @ WINTHROP ST,1076,3345.9,38.7,3727.700004,0.482,3.109572491,,POINT (233576.31149999797 918658.499499999)
6512,RIVER ST @ ERNEST AVE,74,44,38,2044.799998,0.465,0.594594595,,POINT (223831.84350000322 918686.5626999997)
6513,RIVER ST @ VALLARO RD,74,27.1,39.5,1813.499999,0.479,0.366216216,,POINT (220724.80380000174 918710.6400000006)
6514,RIVER ST @ NORTON ST,74,35.1,37.2,1954.699999,0.485,0.474324324,,POINT (249877.02160000056 918727.0337000005)
6515,RIVER ST @ NEPONSET VALLEY PK,74,15.8,39.5,1813.499999,0.479,0.213513514,,POINT (235626.52830000222 918734.4310000017)
6516,TURTLE POND PKWY @ FAIRVIEW A,113,17.8,39.5,1813.499999,0.479,0.157522124,,POINT (235621.54670000076 918736.6875)
6517,TURTLE POND PKWY @ BAJKO RINK,113,20,39.5,1813.499999,0.479,0.17699115,,POINT (228017.65600000322 918738.2501000017)
6519,TURTLE POND PKWY @ ALWIN ST,113,33.1,23.5,2.4,0.571,0.292920354,,POINT (228017.65600000322 918738.2501000017)
6522,DEDHAM PKWY @ GEORGETOWNE DR,240,819.2,28.5,8538.200001,0.377,3.413333333,,POINT (250444.25630000234 925543.0207999982)
6523,ALWIN ST @ DEDHAM PKWY,262,71,39.5,1813.499999,0.479,0.270992366,,POINT (250436.02279999852 925561.8566000015)
6524,ALWIN ST @ LEIGHTON RD,262,323,39.5,1813.499999,0.479,1.232824427,,POINT (250268.31889999658 925571.0247000009)
6526,ALWIN ST @ TURTLE POND PKWY,262,328.2,39.5,1813.499999,0.479,1.252671756,,POINT (250275.28109999746 925580.1251000017)
6527,272 RESERVATION RD OPP BRAINA,135,19.2,23.5,2.4,0.571,0.142222222,,POINT (250358.62650000304 925700.8539999984)
6528,RESERVATION RD @ THOMPSON ST,135,73.5,38,5885.199986,0.463,0.544444444,,POINT (250361.9151000008 925705.5507999994)
6529,RESERVATION RD @ RIVER ST,135,314.2,37.2,5953.199995,0.463,2.327407407,,POINT (250521.68410000205 925958.5943999998)
6535,FEDERAL ST @ MATTHEWS ST,371,2267.8,38.6,1976.599998,0.548,6.112668464,,POINT (250524.71829999983 925966.4131999984)
6537,WASHINGTON ST @ ESSEX ST,843,3853.1,30,29303.09992,0.502,4.570699881,,POINT (250512.1846999973 926187.4774000011)
6538,ESSEX ST @ ATLANTIC AVE,1104,8282,43.4,2413.200002,0.537,7.501811594,,POINT (250511.19669999927 926193.3544999994)
6542,KNEELAND ST @ WASHINGTON ST,317,820.9,30,29303.09992,0.502,2.589589905,,POINT (250501.7976000011 926447.5615000017)
6548,DEVONSHIRE ST @ MILK ST,706,3363.9,32.7,3863.000004,0.56,4.764730878,,POINT (220328.84369999915 918739.2083999999)
6550,LINCOLN ST @ ESSEX ST,407,1667.7,43.4,2413.200002,0.537,4.097542998,,POINT (250178.8232000023 918755.5986000001)
6551,FEDERAL ST @ FRANKLIN ST,824,3663.1,38.6,1976.599998,0.548,4.445509709,,POINT (249872.5826999992 918759.7655999996)
6555,CHINATOWN GATE,966,1787.6,43.4,2413.200002,0.537,1.850517598,,POINT (250178.72670000046 918761.9891999997)
6564,SUMMER ST @ SOUTH STATION,704,3217.3,43.4,2413.200002,0.537,4.570028409,,POINT (245786.35899999738 918788.0001000017)
6565,WASHINGTON ST @ TUFTS MED CTR,1705,8694.8,30,29303.09992,0.502,5.099589443,,POINT (245791.48399999738 918792.5441000015)
6567,WASHINGTON ST @ ESSEX ST,862,4470.5,48.4,35479.70033,0.707,5.186194896,,POINT (235455.2793999985 918801.7329999991)
6569,CORPORATION WAY,875,293.5,31,5335.400003,0.508,0.335428571,,POINT (235447.8627000004 918803.6438000016)
6570,S HUNTINGTON AVE @ PERKINS ST,730,2475,39.7,13822.69995,0.471,3.390410959,,POINT (223695.69330000132 918830.2107000016)
6571,S HUNTINGTON AVE @ BYNNER ST,730,1336.5,30.4,4382.599998,0.479,1.830821918,,POINT (235320.25460000336 918835.1585000008)
6573,S HUNTINGTON AVE @ VA HOSPITA,730,917.5,33.8,11798.39998,0.419,1.256849315,,POINT (235301.07580000162 918839.6713999994)
6575,S HUNTINGTON AVE @ HUNTINGTON,730,3461.5,30.9,13027.49997,0.497,4.741780822,,POINT (233320.99809999764 918843.7419999987)
6598,COMMON ST OPP MIDDLE ST,110,107.5,38.6,4649.400013,0.51,0.977272727,,POINT (248625.2276000008 918847.5307999998)
6600,UNION ST @ EXCHANGE ST,683,1851.8,56.6,11208.29997,0.415,2.711273792,,POINT (248599.95120000094 918856.4957999997)
6603,NAHANT ST @ W BALTIMORE ST,25,16,43.1,6963.400001,0.487,0.64,,POINT (233300.86990000308 918859.6726999991)
6605,NAHANT ST @ TUDOR ST,25,13.5,37.6,11735.3,0.491,0.54,,POINT (235159.09960000217 918879.3346000016)
6606,27 BEACH RD,25,3,37.6,11735.3,0.491,0.12,,POINT (235153.29649999738 918882.5036999993)
6607,LYNNWAY ROTARY @ NAHANT RD,25,0,55.8,886.0000002,0.473,0,,POINT (248971.38090000302 918894.7270999998)
6610,NAHANT RD OPP WILSON RD,25,0,55.8,886.0000002,0.473,0,,POINT (248976.4007000029 918900.8035000004)
6611,NAHANT RD OPP LITTLE NAHANT R,25,0,55.8,886.0000002,0.473,0,,POINT (243175.6873999983 918906.0003000014)
6612,CASTLE RD @ WARD RD,25,8.5,55.8,886.0000002,0.473,0.34,,POINT (243176.9675000012 918926.8251999989)
6613,OPP 50 CASTLE RD,50,9.5,55.8,886.0000002,0.473,0.19,,POINT (235077.76529999822 918933.0001000017)
6614,CASTLE RD @ HARBORVIEW RD,25,0,57.3,1444.8,0.449,0,,POINT (249787.84130000323 918948.503800001)
6615,CASTLE RD OPP WENDELL RD,25,0,57.3,1444.8,0.449,0,,POINT (249781.27220000327 918949.6301000006)
6616,CASTLE RD @ PHILLIPS RD,25,4,57.3,1444.8,0.449,0.16,,POINT (249858.72349999845 918953.9101999998)
6623,FLASH RD OPP FOXHILL RD,25,2,57.3,1444.8,0.449,0.08,,POINT (249869.84369999915 918958.5001999997)
6624,FLASH RD @ SPRING RD,25,4.5,57.3,1444.8,0.449,0.18,,POINT (246088.71069999784 918987.0300000012)
6625,SPRING RD @ COOLIDGE RD,25,0.5,57.3,1444.8,0.449,0.02,,POINT (249680.1623999998 918998.560899999)
6626,SPRING RD @ EMERALD RD,25,4,56.1,1517.599999,0.496,0.16,,POINT (246111.29670000076 919000.75)
6627,EMERALD RD @ POND ST,25,0,57.3,1444.8,0.449,0,,POINT (232863.7497999966 919008.9378999993)
6628,EMERALD RD @ OCEAN ST,25,6.5,56.1,1517.599999,0.496,0.26,,POINT (232880.0156000033 919009.1876999997)
6629,WILLOW RD @ VALLEY RD,25,0.5,57.3,1444.8,0.449,0.02,,POINT (249081.40619999915 919015.3128000014)
6631,WILLOW RD @ SUMMER ST,25,22,57.3,1444.8,0.449,0.88,,POINT (246762.2397999987 919017.565299999)
6632,WHARF ST @ WILLOW RD,25,3,56.1,1517.599999,0.496,0.12,,POINT (246787.08420000225 919017.6180999987)
6633,WHARF ST OPP DESMOND DR,25,0,56.1,1517.599999,0.496,0,,POINT (249086.09000000358 919019.5500000007)
6634,WHARF ST @ WALTON RD,25,0,56.1,1517.599999,0.496,0,,POINT (234940.26519999653 919034.5623999983)
6635,WHARF ST @ NAHANT RD,25,4,56.1,1517.599999,0.496,0.16,,POINT (234934.37409999967 919038.7487000003)
6636,NAHANT RD @ VILLAGE STORE,25,3.5,55.8,886.0000002,0.473,0.14,,POINT (228037.90510000288 919042.4169000015)
6637,NAHANT RD @ SUMMER ST,25,6.5,55.8,886.0000002,0.473,0.26,,POINT (248314.2100000009 919054.8465999998)
6638,NAHANT RD @ WINTER ST,25,2.5,55.8,886.0000002,0.473,0.1,,POINT (248307.87929999828 919058.3482000008)
6639,NAHANT RD @ OCEAN ST,25,1.5,55.8,886.0000002,0.473,0.06,,POINT (236456.96890000254 911577.3509999998)
6640,NAHANT RD OPP TALLWOOD RD,25,2.5,56.1,1517.599999,0.496,0.1,,POINT (243117.1955000013 911594.0399000011)
6641,NAHANT RD @ POND ST,25,0.5,55.8,886.0000002,0.473,0.02,,POINT (219499.62939999998 911595.6057000011)
6642,NAHANT RD @ HIGH ST,25,1.5,55.8,886.0000002,0.473,0.06,,POINT (243121.33889999986 911598.8900000006)
6643,NAHANT RD @ ANTIGO WAY,25,1,56.1,1517.599999,0.496,0.04,,POINT (236600.13009999692 911606.3825000003)
6644,NAHANT RD @ SPRING RD,25,4,55.8,886.0000002,0.473,0.16,,POINT (236606.73550000042 911607.7168000005)
6645,NAHANT RD @ CASTLE RD,25,1.5,55.8,886.0000002,0.473,0.06,,POINT (234802.93569999933 911615.1770000011)
6646,NAHANT RD @ LITTLE NAHANT RD,25,1.5,55.8,886.0000002,0.473,0.06,,POINT (219502.65619999915 911619.1251000017)
6647,NAHANT RD @ WILSON RD,25,1.5,55.8,886.0000002,0.473,0.06,,POINT (234784.1723999977 911622.3092)
6649,LYNNWAY @ SURFSIDE RD,25,29,37.6,11735.3,0.491,1.16,,POINT (229791.7501000017 911626.1477000006)
6650,LYNNWAY @ NEWHALL ST,25,8,45.9,6744.000004,0.447,0.32,,POINT (236745.57779999822 911637.6220999993)
6674,MARKET ST @ LIBERTY ST,541,1375.8,33.5,10491.49999,0.494,2.543068392,,POINT (236752.03909999877 911638.9778999984)
6675,N COMMON ST @ FRANKLIN ST,379,871.1,33.5,10491.49999,0.494,2.298416887,,POINT (221865.4576999992 911641.5714999996)
6676,FRANKLIN ST @ HANOVER ST,138,230.6,33.5,10491.49999,0.494,1.671014493,,POINT (229787.3954000026 911646.0914999992)
6677,FRANKLIN ST @ LAIGHTON ST,138,172.4,33.5,10491.49999,0.494,1.249275362,,POINT (221861.2751000002 911647.1424999982)
6678,FRANKLIN ST @ LYMAN ST,138,116.1,31.2,7072.399995,0.483,0.841304348,,POINT (236821.89909999818 911653.6215999983)
6679,FRANKLIN ST @ WESTERN AVE,138,209.2,29.8,17302.59997,0.488,1.515942029,,POINT (236847.21880000085 911658.8940000013)
6681,N FRANKLIN ST @ BOSTON ST,138,318.7,29.8,12359.99997,0.492,2.30942029,,POINT (235737.307599999 911664.2366999984)
6683,BOSTON ST @ NEW PARK ST,138,278.5,32.5,2229.600001,0.489,2.018115942,,POINT (234655.6374000013 911672.1041000001)
6684,BOSTON ST @ GROVE ST,138,261.6,31.3,11883.10002,0.481,1.895652174,,POINT (234647.9899000004 911675.2173000015)
6685,BOSTON ST @ MOULTON ST,138,105.1,31.5,8353.800001,0.502,0.761594203,,POINT (235745.06069999933 911682.1926999986)
6686,BOSTON ST @ N FEDERAL ST,138,64.2,31.3,11883.10002,0.481,0.465217391,,POINT (241908.77070000023 911703.1589000002)
6688,BOSTON ST @ CHILDS ST,138,169.6,36,6853.900005,0.497,1.228985507,,POINT (239465.7343999967 911716.0001000017)
6689,BOSTON ST OPP COTTAGE ST,138,149.8,32.6,4183.400003,0.501,1.085507246,,POINT (239448.2375999987 911748.2994000018)
6690,BOSTON ST @ MYRTLE ST,138,84.5,34.8,3039.199998,0.49,0.612318841,,POINT (227998.36779999733 911751.2712999992)
6691,MYRTLE ST @ WILFRED ST,138,49,35.3,5930.699988,0.496,0.355072464,,POINT (227997.68429999799 911757.3903999999)
6692,MYRTLE ST @ WOODBINE ST,138,10.6,38.7,4619.800004,0.502,0.076811594,,POINT (236856.70170000196 911761.1050000004)
6694,MYRTLE ST @ HOLYOKE ST,138,34.8,38.7,4619.800004,0.502,0.252173913,,POINT (243256.7003000006 911761.3643000014)
6695,HOLYOKE ST OPP GARDINER ST,138,18.1,38.7,4619.800004,0.502,0.13115942,,POINT (236863.08299999684 911762.5122999996)
6697,HOLYOKE ST OPP THORPE RD,138,151.7,35.5,3803.999998,0.437,1.099275362,,POINT (246257.77290000021 911767.0995999984)
6698,HOLYOKE ST @ O'CALLAGHAN WAY,138,18.8,35.5,3803.999998,0.437,0.136231884,,POINT (241920.25639999658 911768.6636999995)
6699,O'CALLAGHAN WAY @ HOLYOKE ST,138,783.6,35.5,3803.999998,0.437,5.67826087,,POINT (243270.757600002 911778.0243000016)
6700,O'CALLAGHAN WAY @ KINGS HILL,138,682.3,40.9,2432.900001,0.459,4.944202899,,POINT (240415.8025000021 911783.4089000002)
6701,KINGS HILL DR @ NEWCASTLE ST,137,115.3,40.9,2432.900001,0.459,0.841605839,,POINT (240413.8478000015 911789.1433000006)
6702,KINGS HILL DR @ NOTTINGHAM CT,137,30.3,40.9,2432.900001,0.459,0.221167883,,POINT (236999.99970000237 911792.3126999997)
6704,KINGS HILL DR @ KINGSWOOD CIR,137,53.2,36.1,4207.500004,0.465,0.388321168,,POINT (236999.99970000237 911792.3126999997)
6706,GARFIELD AVE OPP HAYES ST,95,9.9,40.9,2432.900001,0.459,0.104210526,,POINT (246275.60499999672 911793.4842000008)
6707,GARFIELD AVE @ CATALINA RD,95,12.4,40.9,2432.900001,0.459,0.130526316,,POINT (221748.70910000056 911795.1605000012)
6708,GARFIELD AVE @ WASHINGTON AVE,95,4.5,45.7,1788.300001,0.49,0.047368421,,POINT (244593.66690000147 911798.6948999986)
6709,GARFIELD AVE @ NEWCOMB AVE,95,2.5,45.7,1788.300001,0.49,0.026315789,,POINT (235797.61599999666 911804.8029000014)
6710,NEWCOMB AVE @ JEFFERSON AVE,95,5,45.7,1788.300001,0.49,0.052631579,,POINT (221737.96829999983 911809.5)
6711,NEWCOMB AVE @ EDISON ST,85,2,45.7,1788.300001,0.49,0.023529412,,POINT (228500.4029000029 914368.4171000011)
6712,EDISON ST @ WALNUT ST,85,11,45.7,1788.300001,0.49,0.129411765,,POINT (245009.1468999982 914372.5995999984)
6715,OPP 323 WALNUT ST,113,4.5,47,435.4,0.496,0.039823009,,POINT (243566.24009999633 914391.637600001)
6717,WALNUT ST OPP CENTRAL ST,113,8.6,50.4,761.3000003,0.487,0.076106195,,POINT (220080.58139999956 914392.2531000003)
6719,WALNUT ST @ WALNUT PL,113,163.6,50.4,761.3000003,0.487,1.447787611,,POINT (243580.98399999738 914401.8128999993)
6727,WALNUT ST OPP KIRKLAND ST,15,17.5,50.4,761.3000003,0.487,1.166666667,,POINT (246612.68710000068 914401.8128999993)
6729,WALNUT ST @ CENTRAL ST,118,107.3,50.4,761.3000003,0.487,0.909322034,,POINT (220071.1406000033 914404.25)
6733,WALNUT ST @ EDISON ST,118,15.9,45.7,1788.300001,0.49,0.134745763,,POINT (246610.12680000067 914404.9226000011)
6734,WALNUT ST @ JEFFERSON AVE,118,4.8,47,435.4,0.496,0.040677966,,POINT (231161.19520000368 914411.7976000011)
6735,NEWCOMB AVE @ JEFFERSON AVE,94,0,45.7,1788.300001,0.49,0,,POINT (231153.8994999975 914412.0656000003)
6736,GARFIELD AVE @ NEWCOMB AVE,94,0.5,45.7,1788.300001,0.49,0.005319149,,POINT (225878.34340000153 914416.9378000014)
6737,GARFIELD AVE @ WASHINGTON AVE,94,19.4,45.7,1788.300001,0.49,0.206382979,,POINT (225878.34340000153 914416.9378000014)
6738,GARFIELD AVE @ SHERMAN ST,94,9.9,40.9,2432.900001,0.459,0.105319149,,POINT (231477.90179999918 914420.0826999992)
6739,GARFIELD AVE @ HAYES ST,94,9.1,36.1,4207.500004,0.465,0.096808511,,POINT (244907.874499999 914428.8751000017)
6741,KINGS HILL DR @ KINGSWOOD LN,94,30.3,36.1,4207.500004,0.465,0.322340426,,POINT (245457.34369999915 914428.8751000017)
6742,KINGS HILL DR @ MAGNER RD,136,47.6,36.1,4207.500004,0.465,0.35,,POINT (245457.34369999915 914428.8751000017)
6744,KINGS HILL DR @ NEWCASTLE ST,136,69.6,36.1,4207.500004,0.465,0.511764706,,POINT (231475.34660000354 914432.5678000003)
6746,O'CALLAGHAN WAY @ KINGS HILL,143,159.7,40.9,2432.900001,0.459,1.116783217,,POINT (230908.89670000225 914448.9803999998)
6747,O'CALLAGHAN WAY @ HOLYOKE ST,143,210.5,35.5,3803.999998,0.437,1.472027972,,POINT (244893.84369999915 914449.4376000017)
6749,HOLYOKE ST @ THORPE RD,138,222.2,35.5,3803.999998,0.437,1.610144928,,POINT (235836.73579999804 914449.9015000015)
6751,HOLYOKE ST @ GARDINER ST,138,78.5,38.7,4619.800004,0.502,0.56884058,,POINT (228936.34319999814 914460.5628000014)
6752,HOLYOKE ST @ MYRTLE ST,123,46.3,38.7,4619.800004,0.502,0.376422764,,POINT (235826.18609999865 914466.8502999991)
6754,MYRTLE ST @ FLORENCE ST,138,49,38.7,4619.800004,0.502,0.355072464,,POINT (223658.06159999967 914491.8731000014)
6755,28 MYRTLE ST,138,12,35.3,5930.699988,0.496,0.086956522,,POINT (247980.4531000033 914495.6251000017)
6756,MYRTLE ST @ BOSTON ST,138,109.2,35.3,5930.699988,0.496,0.791304348,,POINT (248882.0100999996 914497.5643000007)
6757,BOSTON ST @ COTTAGE ST,138,174,32.6,4183.400003,0.501,1.260869565,,POINT (247983.8122999966 914497.9378000014)
6758,BOSTON ST OPP CHILDS ST,138,263.3,32.6,4183.400003,0.501,1.907971014,,POINT (248893.2875000015 914506.5967000015)
6760,BOSTON ST @ FEDERAL ST,138,151.7,31.3,11883.10002,0.481,1.099275362,,POINT (249705.3172999993 914513.9847000018)
6761,BOSTON ST @ MALL ST,138,328.8,31.3,11883.10002,0.481,2.382608696,,POINT (240579.90450000018 914516.5100000016)
6762,BOSTON ST @ PARK ST,138,374.2,31.3,11883.10002,0.481,2.711594203,,POINT (246515.87820000201 914518.4789000005)
6764,BOSTON ST @ FRANKLIN ST,138,363.8,32.5,2229.600001,0.489,2.636231884,,POINT (229017.6601999998 914518.9967)
6767,WASHINGTON ST @ WESTERN AVE,113,447.6,31.2,7072.399995,0.483,3.961061947,,POINT (245522.07989999652 914521.5995000005)
6769,WASHINGTON ST @ HANOVER ST,113,230.3,30.1,15243.49998,0.516,2.038053097,,POINT (246510.65389999747 914524.4373999983)
6771,WASHINGTON ST @ ESSEX ST,113,189.8,33.5,10491.49999,0.494,1.679646018,,POINT (224710.3791999966 914527.487399999)
6773,MARKET ST @ TREMONT ST,626,1236.1,62.4,1695.399999,0.453,1.974600639,,POINT (240564.41610000283 914529.2445)
6780,N COMMON ST @ BAKER ST,403,685.9,62.4,1695.399999,0.453,1.701985112,,POINT (249694.17539999634 914530.9442000017)
6783,N COMMON ST @ PARK ST,403,928.4,29.8,12359.99997,0.492,2.303722084,,POINT (245533.48200000077 914538.1794999987)
6822,S COMMON ST @ CAGGIANO PLAZA,407,1026.8,31.7,8125.400017,0.474,2.522850123,,POINT (225772.67859999835 914556.3794)
6824,S COMMON ST @ BLOSSOM ST,407,753.3,31.7,8125.400017,0.474,1.850859951,,POINT (228694.55839999765 914559.4395000003)
6827,S COMMON ST @ MARKET ST,545,990.7,62.4,1695.399999,0.453,1.817798165,,POINT (244799.9121999964 914566.2631999999)
6830,UNION ST @ SILSBEE ST,329,630.8,34.1,8698.200003,0.505,1.917325228,,POINT (250163.78819999844 914577.9076999985)
6831,UNION ST @ SMITH ST,329,791.7,34.1,8698.200003,0.505,2.406382979,,POINT (238258.99889999628 905829.057500001)
6833,UNION ST @ PINKHAM ST,329,158.4,34.1,8698.200003,0.505,0.481458967,,POINT (238258.99889999628 905829.057500001)
6834,UNION ST @ CHESTNUT ST,329,596.7,32.2,10111.60001,0.512,1.813677812,,POINT (237733.19529999793 905829.3792000003)
6835,OLIVE ST @ FAYETTE ST,25,8,32.2,10111.60001,0.512,0.32,,POINT (239542.624499999 905834.8081)
6836,FAYETTE ST @ TRINITY AVE,25,4.5,32.2,10111.60001,0.512,0.18,,POINT (230722.09120000154 905843.2267999984)
6837,TRINITY AVE @ CHATHAM ST,25,23,30.7,11639.00003,0.493,0.92,,POINT (233037.5476000011 905860.8979999982)
6838,TIMSON ST @ BROOKLINE AVE,25,6,36.4,6162.300014,0.456,0.24,,POINT (229767.04129999876 905862.635400001)
6839,86 TIMSON ST,25,7,30.7,11639.00003,0.493,0.28,,POINT (228343.63000000268 905864.879999999)
6840,TIMSON ST @ EMPIRE ST,25,14,36.4,6162.300014,0.456,0.56,,POINT (229756.19099999964 905874.1556000002)
6841,TIMSON ST @ EASTERN AVE,25,7,36.4,6162.300014,0.456,0.28,,POINT (234898.0372999981 905877.3918999992)
6842,EASTERN AVE @ ESSEX ST,45,76,31.6,8766.89997,0.511,1.688888889,,POINT (238410.40690000355 905878.7685999982)
6843,301 EASTERN AVE,45,1,31.6,8766.89997,0.511,0.022222222,,POINT (240792.48409999907 905882.5)
6844,EASTERN AVE @ MELVIN AVE,45,21.5,31.6,8766.89997,0.511,0.477777778,,POINT (221547.5223999992 905885.6083999984)
6845,EASTERN AVE @ HERSCHEL ST,45,11,38,5111.200006,0.472,0.244444444,,POINT (221541.45820000023 905888.4310999997)
6846,EASTERN AVE @ CLARK ST,45,23,36.2,8019.200018,0.478,0.511111111,,POINT (230758.0124000013 905889.9041000009)
6847,EASTERN AVE @ HARVEST ST,45,19,38,5111.200006,0.472,0.422222222,,POINT (237717.99180000275 905891.6424000002)
6848,EASTERN AVE @ ALDEN ST,45,49.5,35.8,6217.000012,0.494,1.1,,POINT (241183.35559999943 905892.6970999986)
6849,EASTERN AVE @ GLENWOOD ST,45,24.5,40.8,2958.300001,0.469,0.544444444,,POINT (235601.2003000006 905897.6086000018)
6854,MAPLE ST @ EUCLID AVE,113,108.2,37.7,2484.499999,0.496,0.957522124,,POINT (235592.27359999716 905898.7877000012)
6855,EUCLID AVE @ CLAYTON ST,113,17.7,41.1,3024.200002,0.493,0.156637168,,POINT (237595.32630000263 905914.2631999999)
6857,EUCLID AVE @ VERONA ST,113,33.4,40.5,1478.5,0.501,0.295575221,,POINT (237546.3051000014 905914.6787)
6859,219 EUCLID AVE,113,25,40.5,1478.5,0.501,0.221238938,,POINT (237648.1378000006 905915.9206999987)
6860,EUCLID AVE @ ROCKDALE AVE,113,44.2,45.5,3001.399999,0.47,0.391150442,,POINT (237526.29789999872 905916.1821000017)
6861,EUCLID AVE @ CLAIRMONT ST,113,4.5,40.5,1478.5,0.501,0.039823009,,POINT (241111.4482000023 905921.9494999982)
6862,BROADWAY @ EUCLID AVE,113,133.9,38.8,3689.200006,0.486,1.184955752,,POINT (228002.73309999704 905931.2278999984)
6863,BROADWAY @ WARWICK ST,113,12.4,38.8,3689.200006,0.486,0.109734513,,POINT (230677.3500000015 905936.4862999991)
6900,CAMBRIDGE ST @ CHESTNUT AVE,256,5,43.8,1258.2,0.489,0.01953125,,POINT (238179.97049999982 905940.8394000009)
6902,CHESTNUT AVE @ CAMBRIDGE ST,509,932,43.2,1033.1,0.498,1.831041257,,POINT (230668.21040000021 905941.6242000014)
6941,MAIN ST @ MYRTLE ST,102,45.4,49.8,3282.699999,0.481,0.445098039,,POINT (237344.49300000072 905944.7489)
6942,226 MAIN ST OPP GREEN ST,102,71.8,40.5,2150.899999,0.497,0.703921569,,POINT (238180.73049999774 905946.9805999994)
6943,MAIN ST @ WARREN AVE,102,31,40.5,2150.899999,0.497,0.303921569,,POINT (237324.35599999875 905947.6801000014)
6944,MAIN ST @ RICHARDSON ST,102,36.7,40,1514.900001,0.48,0.359803922,,POINT (232336.06220000237 905966.7501000017)
6945,MAIN ST @ STODDARD ST,102,23.5,40,1514.900001,0.48,0.230392157,,POINT (221289.6098999977 905969.4868000001)
6946,MAIN ST @ LYDON CT,102,68.8,40.5,2150.899999,0.497,0.674509804,,POINT (232333.44619999826 905974.0174999982)
6947,MAIN ST @ SHERIDAN CIRCLE,102,18,40.2,2355.800001,0.475,0.176470588,,POINT (227481.32559999824 905984.6926000006)
6948,MAIN ST @ HEMINGWAY ST,102,14.5,39.8,2861.100001,0.476,0.142156863,,POINT (221217.59809999913 905985.3847000003)
6949,MAIN ST @ CANAL ST,102,76.3,40.2,2355.800001,0.475,0.748039216,,POINT (227938.1982000023 905986.7985999994)
6950,MAIN ST @ CLARK ST,102,66.9,39.8,2861.100001,0.476,0.655882353,,POINT (227931.82159999758 905989.6631999984)
6951,MAIN ST @ LAKE ST,102,107.8,44.9,1953.9,0.462,1.056862745,,POINT (221890.23409999907 905991.5375000015)
6952,MAIN ST @ VINE ST,102,85.6,44.9,1953.9,0.462,0.839215686,,POINT (230579.32769999653 906000.0003999993)
6953,MAIN ST @ WASHINGTON ST,102,29.1,43,1940.200001,0.497,0.285294118,,POINT (237578.89559999853 908017.4990000017)
6954,MAIN ST @ MYSTIC AVE,102,5,43,1940.200001,0.497,0.049019608,,POINT (236327.25400000066 908017.5956000015)
6955,MAIN ST @ LINCOLNSHIRE WAY,102,1.8,43,1940.200001,0.497,0.017647059,,POINT (228481.42419999838 908020.7599)
6956,MAIN ST @ MADISON AVE WEST,102,3.4,43,1940.200001,0.497,0.033333333,,POINT (237580.47450000048 908023.4717000015)
6957,MAIN ST @ RIDGEFIELD RD,102,13.4,42.5,1733.500001,0.484,0.131372549,,POINT (239731.09369999915 908023.8125)
6958,MAIN ST OPP HIGHLAND AVE,102,0,42.5,1733.500001,0.484,0,,POINT (239731.09369999915 908023.8125)
6959,MAIN ST @ SOUTH GATEWAY,102,5.3,42.5,1733.500001,0.484,0.051960784,,POINT (228481.71500000358 908025.9884000011)
6961,WINTHROP ST OPP WINFORD WAY,94,3.4,49.6,692.3000001,0.487,0.036170213,,POINT (240786.93879999965 908032.189199999)
7094,TERMINAL C DEPARTURES LEVEL,20,68.4,31.2,10.5,0.494,3.42,,POINT (233408.0143999979 908034.1475000009)
7096,AIRPORT STATION BUSWAY,737,10453.3,31.2,10.5,0.494,14.18358209,,POINT (234060.58139999956 908053.6517000012)
7100,DODGE ST @ ENON ST,30,1,42.6,770.3,0.479,0.033333333,,POINT (227641.2026000023 908058.1959999986)
7101,ENON ST @ SUPER STOP + SHOP,30,57.5,42.6,770.3,0.479,1.916666667,,POINT (233520.679899998 908064.0025000013)
7102,DODGE ST @ SALEM RD,15,0,42.6,770.3,0.479,0,,POINT (227622.96130000055 908070.9864000008)
7103,DODGE ST @ RAYMOND AVE,15,0,42.6,770.3,0.479,0,,POINT (234035.86860000342 908072.3381999992)
7104,DODGE ST @ KING TERR,15,0,42.6,770.3,0.479,0,,POINT (233543.67289999872 908073.4532000013)
7105,DODGE ST OPP SHOPPING CTR,15,0,42.6,770.3,0.479,0,,POINT (232584.45799999684 908078.1530999988)
7106,DODGE ST @ CONANT ST,15,0,51.8,355.5,0.421,0,,POINT (232584.45799999684 908078.1530999988)
7107,DODGE ST @ CABOT ST,15,0.5,39.6,1903.700001,0.484,0.033333333,,POINT (246494.53079999983 908090.0001999997)
7109,CABOT ST @ NEW BALCH ST,15,0,39.6,1903.700001,0.484,0,,POINT (242413.2950000018 908097.1468999982)
7110,CABOT ST OPP HILL ST,15,0.5,39.6,1903.700001,0.484,0.033333333,,POINT (236142.55479999632 908097.5626999997)
7111,CABOT ST OPP LEXINGTON DR,15,0,39.6,1903.700001,0.484,0,,POINT (226045.95109999925 908098.9204999991)
7112,OPP 545 CABOT ST,15,0,39.6,1903.700001,0.484,0,,POINT (223990.98799999803 908106.123399999)
7113,CABOT ST @ COLUMBIA RD,15,0,39.6,1903.700001,0.484,0,,POINT (226043.62470000237 908110.1248999983)
7114,CABOT ST @ BRADFORD RD,15,0,39.6,1903.700001,0.484,0,,POINT (246520.5474999994 908112.2778000012)
7115,CABOT ST @ MEMORIAL SCHOOL,15,0,39.6,1903.700001,0.484,0,,POINT (230091.3920999989 908114.1702999994)
7117,CABOT ST OPP KITTREDGE ST,15,0,36.9,896.5000003,0.493,0,,POINT (230087.42130000144 908119.5058999993)
7118,CABOT ST @ BALCH ST,15,0,31.7,2062.3,0.464,0,,POINT (236088.44659999758 908122.5441999994)
7120,CABOT ST OPP MASON ST,15,0.5,31.7,2062.3,0.464,0.033333333,,POINT (236967.38579999655 908148.6655000001)
7121,CABOT ST @ BECKFORD ST,15,0,36.4,4093.899998,0.466,0,,POINT (235612.1528000012 908150.9860999994)
7123,CABOT ST OPP COLON ST,15,0,36.4,4093.899998,0.466,0,,POINT (248019.01539999992 908152.0628000014)
7124,RANTOUL ST @ CABOT ST,30,1.5,33.9,3690.300003,0.505,0.05,,POINT (236970.98200000077 908152.0942000002)
7125,RANTOUL ST OPP LENOX ST,30,10,33.9,3690.300003,0.505,0.333333333,,POINT (235611.86069999635 908157.4648999982)
7126,ELLIOT ST @ RANTOUL ST,60,16.5,33.9,3690.300003,0.505,0.275,,POINT (248268.02690000087 908164.441300001)
7127,ELLIOT ST @ MECHANIC ST,60,0,33.9,3690.300003,0.505,0,,POINT (226675.7648999989 908166.1013999991)
7128,CABOT ST @ ROUNDY ST,30,4.5,33.9,3690.300003,0.505,0.15,,POINT (233661.50770000368 908166.752799999)
7129,CABOT ST @ JUDSON ST,30,4,32.7,6431.19999,0.469,0.133333333,,POINT (237619.54129999876 908166.8357999995)
7130,CABOT ST @ POND ST,30,0,38.4,3643.200004,0.434,0,,POINT (228532.10080000013 908167.5601000004)
7131,CABOT ST @ FEDERAL ST,30,3.5,32.7,6431.19999,0.469,0.116666667,,POINT (234524.04590000212 908167.7358000018)
7132,CABOT ST @ VESTRY ST,30,6.5,38.4,3643.200004,0.434,0.216666667,,POINT (226645.66539999843 908175.4417999983)
7133,CABOT ST @ RAILROAD AVE,30,0,34.2,7819.799983,0.489,0,,POINT (234992.98730000108 908177.3092)
7134,CABOT ST OPP MAY ST,30,9.5,43.2,4384.500004,0.458,0.316666667,,POINT (242156.74889999628 908177.7697999999)
7135,46 CABOT ST,30,4.5,37.1,9272.199979,0.464,0.15,,POINT (234297.42490000278 911810.315299999)
7136,CABOT ST @ RANTOUL ST,30,0,37.1,9272.199979,0.464,0,,POINT (244581.83669999987 911810.6543999985)
7138,BRIDGE ST @ THORNDIKE ST,30,7.5,36.8,2725.200002,0.481,0.25,,POINT (234290.059799999 911812.5412000008)
7139,BRIDGE ST @ SKERRY ST,30,2,36.8,2725.200002,0.481,0.066666667,,POINT (237114.90250000358 911816.6149000004)
7140,BRIDGE ST @ AMES ST,30,0,36.8,2725.200002,0.481,0,,POINT (237122.195600003 911818.1541000009)
7141,BRIDGE ST @ MARCH ST,30,3.5,36.8,2725.200002,0.481,0.116666667,,POINT (235823.18840000033 911829.3300999999)
7142,BRIDGE ST @ SAUNDERS ST,30,6,36.8,2725.200002,0.481,0.2,,POINT (237217.04079999775 911838.1708000004)
7150,HAWTHORNE BLVD @ DERBY ST,30,11,45.7,4866.199995,0.44,0.366666667,,POINT (237223.4728000015 911839.5282999985)
7162,BRIDGE ST @ CROMWELL ST,30,6.5,36.8,2725.200002,0.481,0.216666667,,POINT (235815.09679999948 911844.3088000007)
7163,BRIDGE ST @ OSGOOD ST,30,1.5,36.8,2725.200002,0.481,0.05,,POINT (243334.1555000022 911853.0778999999)
7164,11 BRIDGE ST,30,6.5,36.8,2725.200002,0.481,0.216666667,,POINT (241796.7927000001 911855.5269999988)
7168,CABOT ST OPP HIGHLAND AVE,30,2.5,43.2,4384.500004,0.458,0.083333333,,POINT (241790.14570000023 911857.8090999983)
7169,CABOT ST @ FRANKLIN PL,30,6,34.2,7819.799983,0.489,0.2,,POINT (243338.25140000135 911857.8795999996)
7170,CABOT ST @ THORNDIKE ST,30,0.5,34.2,7819.799983,0.489,0.016666667,,POINT (237312.62650000304 911858.3643000014)
7172,CABOT ST @ DANE ST,30,1.5,32.7,6431.19999,0.469,0.05,,POINT (229748.7348999977 911858.5969000012)
7173,CABOT ST OPP ELLIOT ST,30,3,33.9,3690.300003,0.505,0.1,,POINT (241938.79580000043 911867.6682999991)
7174,CABOT ST OPP CHESTNUT ST,30,0,33.9,3690.300003,0.505,0,,POINT (237321.0273000002 911867.7430999987)
7175,CABOT ST OPP SUMMER ST,30,0,37.7,4129.300002,0.466,0,,POINT (239372.50140000135 911873.8348000012)
7176,CABOT ST @ PICKETT ST,30,0,33.9,3690.300003,0.505,0,,POINT (240383.54309999943 911882.7265999988)
7177,CABOT ST @ RANTOUL ST,30,1.5,37.7,4129.300002,0.466,0.05,,POINT (240381.4103000015 911889.7371000014)
7178,CABOT ST OPP SIMON ST,15,1.5,36.4,4093.899998,0.466,0.1,,POINT (239368.03620000184 911893.9719999991)
7180,CABOT ST @ HERRICK ST,15,0.5,31.7,2062.3,0.464,0.033333333,,POINT (217307.4372999966 911896.1878000014)
7181,CABOT ST OPP BALCH ST,15,0,31.7,2062.3,0.464,0,,POINT (241945.52650000155 911901.0918000005)
7182,CABOT ST @ RUSSELL ST,15,0,36.9,896.5000003,0.493,0,,POINT (229740.86439999938 911902.3313000016)
7183,497 CABOT ST,15,0,39.6,1903.700001,0.484,0,,POINT (241683.42769999802 911907.1473999992)
7184,CABOT ST @ ROOSEVELT AVE,15,0,39.6,1903.700001,0.484,0,,POINT (217315.54680000246 911908.5003000014)
7185,CABOT ST OPP COLUMBIA RD,15,0,39.6,1903.700001,0.484,0,,POINT (245015.3418999985 911909.0394000001)
7186,545 CABOT ST,15,0,39.6,1903.700001,0.484,0,,POINT (241676.43360000104 911910.3590000011)
7187,CABOT ST @ LEXINGTON DR,15,0,39.6,1903.700001,0.484,0,,POINT (244999.99970000237 911920.5001000017)
7188,CABOT ST @ HILL ST,15,0,39.6,1903.700001,0.484,0,,POINT (246274.72609999776 911921.4943999983)
7189,CABOT ST @ COUNTRY DR,15,0,39.6,1903.700001,0.484,0,,POINT (239408.09340000153 911930.6878999993)
7190,DODGE ST @ LONGMEADOW RD,15,0,42.6,770.3,0.479,0,,POINT (236307.99069999903 911967.1693000011)
7191,DODGE ST OPP CONANT ST,15,1,42.6,770.3,0.479,0.066666667,,POINT (245161.27809999883 911970.7600000016)
7192,DODGE ST @ LONGWOOD AVE,15,0.5,42.6,770.3,0.479,0.033333333,,POINT (227875.820100002 911974.7551000006)
7193,DODGE ST OPP RAYMOND AVE,15,0,42.6,770.3,0.479,0,,POINT (219192.2322999984 911977.9474)
7194,DODGE ST @ TOZER RD,15,0,42.6,770.3,0.479,0,,POINT (219439.82769999653 911980.2584999986)
7199,BROADWAY @ BAY STATE RD,113,48.9,40.5,1478.5,0.501,0.432743363,,POINT (221617.71109999716 911985.5593000017)
7200,BROADWAY OPP COMMONWEALTH RD,113,11.6,40.5,1478.5,0.501,0.102654867,,POINT (241444.66170000285 911989.5324999988)
7201,BROADWAY OPP MAYFAIR ST,113,0.3,40.5,1478.5,0.501,0.002654867,,POINT (243440.8655000031 911993.0800999999)
7202,BROADWAY @ JENESS ST,113,15.9,38.8,3689.200006,0.486,0.140707965,,POINT (221612.07779999822 911994.0001999997)
7205,EUCLID AVE @ CLAIRMONT ST,113,9.2,38.8,3689.200006,0.486,0.081415929,,POINT (243453.70970000327 911994.2357000001)
7206,EUCLID AVE @ MAGNOLIA AVE,113,45.6,40.5,1478.5,0.501,0.403539823,,POINT (227857.58600000292 911996.6019000001)
7208,EUCLID AVE @ PEARY AVE,113,31.4,40.5,1478.5,0.501,0.277876106,,POINT (250163.78819999844 914577.9076999985)
7210,EUCLID AVE @ VERONA ST,113,24.2,40.5,1478.5,0.501,0.214159292,,POINT (225753.93129999936 914584.137600001)
7211,EUCLID AVE OPP CLAYTON ST,113,3,41.1,3024.200002,0.493,0.026548673,,POINT (232873.0155000016 914588.125)
7212,EUCLID AVE OPP CHASE RD,113,18.2,41.1,3024.200002,0.493,0.161061947,,POINT (230953.60369999707 914603.2426999994)
7214,WAITT AVE @ PRESIDENT ST,30,22.5,36.8,5408.599988,0.512,0.75,,POINT (229219.96589999646 914607.2983000018)
7217,EASTERN AVE @ GLENWOOD ST,55,19,40.8,2958.300001,0.469,0.345454545,,POINT (219928.45279999822 914611.6878000014)
7218,EASTERN AVE @ OAKWOOD AVE,55,35,35.8,6217.000012,0.494,0.636363636,,POINT (229244.97590000182 914611.7820999995)
7219,460 EASTERN AVE,55,19.5,38,5111.200006,0.472,0.354545455,,POINT (248081.46639999747 914616.7349999994)
7220,EASTERN AVE @ LAMBERT AVE,55,21,36.2,8019.200018,0.478,0.381818182,,POINT (228714.97510000318 914617.9547000006)
7222,294 EASTERN AVE,55,18.5,31.6,8766.89997,0.511,0.336363636,,POINT (249016.52759999782 914618.1528000012)
7223,EASTERN AVE @ SHELDON ST,55,32.5,31.6,8766.89997,0.511,0.590909091,,POINT (219924.13799999654 914618.3458000012)
7225,TIMSON ST @ EMPIRE ST,25,10.5,36.4,6162.300014,0.456,0.42,,POINT (249019.68710000068 914621.8751000017)
7226,87 TIMSON ST,25,3.5,30.7,11639.00003,0.493,0.14,,POINT (248084.1459000036 914622.0965999998)
7227,TIMSON ST OPP BROOKLINE AVE,25,0,30.7,11639.00003,0.493,0,,POINT (232873.313000001 914633.7175000012)
7228,TIMSON ST @ CHATHAM ST,25,10.5,30.7,11639.00003,0.493,0.42,,POINT (244750.757600002 914644.7344999984)
7229,TRINITY AVE @ FAYETTE ST,25,4.5,30.7,11639.00003,0.493,0.18,,POINT (225707.59340000153 914644.9376000017)
7230,11 OLIVE ST,25,4.5,32.2,10111.60001,0.512,0.18,,POINT (245609.8473000005 914648.5485999994)
7233,UNION ST @ UNION CT,329,127.7,34.1,8698.200003,0.505,0.388145897,,POINT (240455.49069999903 914655.3676000014)
7234,UNION ST @ JOYCE ST,329,821.3,39.1,9986.699988,0.507,2.496352584,,POINT (240452.05150000006 914661.3183000013)
7240,WASHINGTON ST @ ESSEX ST,113,147.8,39.1,9986.699988,0.507,1.307964602,,POINT (246366.5725999996 914662.2599)
7242,WASHINGTON ST @ BEACON HILL A,113,222.9,30.1,15243.49998,0.516,1.972566372,,POINT (246361.38620000333 914666.9087000005)
7245,WASHINGTON ST @ WESTERN AVE,113,395.8,31.2,7072.399995,0.483,3.502654867,,POINT (245622.60909999907 914667.4998999983)
7246,WESTERN AVE @ LAWTON AVE,209,208.5,31.2,7072.399995,0.483,0.997607656,,POINT (229536.12460000068 914692.3123999983)
7247,WESTERN AVE @ BELLAIR ST,209,81.8,31.2,7072.399995,0.483,0.39138756,,POINT (229536.12460000068 914692.3123999983)
7248,WESTERN AVE @ NICHOLS AVE,209,1,31.2,7072.399995,0.483,0.004784689,,POINT (250191.61400000006 914705.9532999992)
7249,WESTERN AVE @ BAYVIEW AVE,209,215.8,33.7,6607.599999,0.503,1.032535885,,POINT (244714.32670000196 914706.4426999986)
7250,WESTERN AVE @ LINDEN TERR,209,73.9,33.7,6607.599999,0.503,0.353588517,,POINT (235686.2281000018 914708.6638999991)
7251,WESTERN AVE @ ROCKINGHAM ST,209,72.2,33.7,6607.599999,0.503,0.345454545,,POINT (244711.04839999974 914712.1823000014)
7252,WESTERN AVE @ CHESTNUT ST,209,518.1,33.7,6607.599999,0.503,2.478947368,,POINT (225645.62619999796 914719.8814000003)
7253,CHESTNUT ST @ MAPLE ST,203,110,37.7,2484.499999,0.496,0.541871921,,POINT (249102.35830000043 914720.4659999982)
7254,CHESTNUT ST OPP RAND ST,203,122.4,33.7,6607.599999,0.503,0.602955665,,POINT (235668.6772999987 914737.9063999988)
7255,CHESTNUT ST OPP ALLERTON ST,203,69.4,40.5,3144.300001,0.487,0.341871921,,POINT (225628.04370000213 914740.2498000003)
7256,BROADWAY @ CARTER RD,90,33.2,40.5,3144.300001,0.487,0.368888889,,POINT (249549.35429999977 914748.4167000018)
7257,BROADWAY @ VIRGINIA TERR,90,9,40.5,3144.300001,0.487,0.1,,POINT (224950.3096999973 914759.8841999993)
7258,BROADWAY OPP HUDSON ST,90,27.9,40.5,3144.300001,0.487,0.31,,POINT (248161.99960000068 914779.1251000017)
7259,BROADWAY @ MAGNOLIA AVE,90,71.1,45.5,3001.399999,0.47,0.79,,POINT (248174.95269999653 914796.7501999997)
7260,BROADWAY OPP RICHARDSON RD,90,38.4,45.5,3001.399999,0.47,0.426666667,,POINT (249170.21169999987 914798.134300001)
7263,EUCLID AVE @ BROADWAY,113,118.7,38.8,3689.200006,0.486,1.050442478,,POINT (244656.4224999994 914802.4800999984)
7265,BROADWAY @ COMMONWEALTH RD,113,2,40.5,1478.5,0.501,0.017699115,,POINT (250222.05089999735 914802.9836999997)
7266,BROADWAY @ BROADWAY CIRCLE,113,4.5,40.5,1478.5,0.501,0.039823009,,POINT (250222.05089999735 914802.9836999997)
7267,44 BROADWAY,113,11.1,40.5,1478.5,0.501,0.098230088,,POINT (221103.60930000246 906007.3757999986)
7268,BROADWAY @ BAY STATE RD,113,54.7,40.5,1478.5,0.501,0.484070796,,POINT (241063.63930000365 906007.7551999986)
7270,LIBERTY TREE MALL @ BEST BUY,342,1012.6,44,936.2999997,0.467,2.960818713,,POINT (236128.64230000228 906008.9517999999)
7288,BOSTON ST @ STETSON ST,113,80.4,31.2,7072.399995,0.483,0.711504425,,POINT (221890.83690000325 906012.0148999989)
7289,BOSTON ST OPP STETSON ST,113,61.8,32.5,2229.600001,0.489,0.546902655,,POINT (229625.24300000072 906014.7914000005)
7292,BROADWAY @ RICHARDSON RD,85,72.8,40.5,3144.300001,0.487,0.856470588,,POINT (230563.18150000274 906015.3405000009)
7293,BROADWAY @ SPRINGVALE AVE,85,41.9,45.5,3001.399999,0.47,0.492941176,,POINT (236344.92620000243 906020.1407000013)
7294,BROADWAY @ HUDSON ST,85,4,40.5,3144.300001,0.487,0.047058824,,POINT (236348.432599999 906025.1242999993)
7295,BROADWAY OPP VIRGINIA TERR,85,6.8,40.5,3144.300001,0.487,0.08,,POINT (238201.94070000201 906039.4633000009)
7296,CHESTNUT ST @ BOSTON ST,198,39.4,40.5,3144.300001,0.487,0.198989899,,POINT (220905.08919999748 906048.4244999997)
7297,CHESTNUT ST @ ALLERTON ST,198,79.2,40.5,3144.300001,0.487,0.4,,POINT (233840.57150000334 906048.4688999988)
7298,CHESTNUT ST OPP POND ST,198,56,37.7,2484.499999,0.496,0.282828283,,POINT (220898.48480000347 906049.8027999997)
7299,CHESTNUT ST @ MAPLE STREET,198,161.7,37.7,2484.499999,0.496,0.816666667,,POINT (236113.5795999989 906050.6479000002)
7300,CHESTNUT ST @ WESTERN AVE,85,55.3,33.9,7669.700012,0.475,0.650588235,,POINT (229591.54529999942 906050.9664999992)
7302,WESTERN AVE OPP LINDEN TERR,184,94.1,33.7,6607.599999,0.503,0.511413043,,POINT (227766.88390000165 906051.9503000006)
7303,WESTERN AVE OPP BAYVIEW AVE,184,249.1,33.7,6607.599999,0.503,1.353804348,,POINT (240988.69609999657 906054.4283000007)
7304,WESTERN AVE OPP NICHOLS AVE,184,6.2,31.2,7072.399995,0.483,0.033695652,,POINT (237183.73820000142 906054.8335999995)
7305,WESTERN AVE @ GRANITE ST,184,82.6,31.2,7072.399995,0.483,0.448913043,,POINT (227761.38819999993 906055.4664000012)
7306,WESTERN AVE @ LAWTON AVE,184,70.3,31.2,7072.399995,0.483,0.382065217,,POINT (232894.97940000147 906059.248399999)
7307,WESTERN AVE @ WASHINGTON ST,184,638.4,31.2,7072.399995,0.483,3.469565217,,POINT (237195.78710000217 906059.7263999991)
7308,WESTERN AVE @ FRANKLIN ST,184,186.2,31.2,7072.399995,0.483,1.011956522,,POINT (232903.08150000125 906071.8159999996)
7309,FRANKLIN ST @ ALBANY ST,138,304.7,31.2,7072.399995,0.483,2.207971014,,POINT (220757.72190000117 906081.0918000005)
7310,FRANKLIN ST @ BAKER ST,138,33.2,29.8,17302.59997,0.488,0.24057971,,POINT (220752.90590000153 906082.4375)
7311,FRANKLIN ST @ HANOVER ST,138,235.9,33.5,10491.49999,0.494,1.70942029,,POINT (237056.38019999862 906097.7401)
7312,FRANKLIN ST @ N COMMON ST,138,220,33.5,10491.49999,0.494,1.594202899,,POINT (237049.9755000025 906100.1270999983)
7313,CHESTNUT ST @ ESSEX ST,90,113.5,31.6,11040.00004,0.507,1.261111111,,POINT (234945.76370000094 906103.7256999984)
7314,CHESTNUT ST OPP CHESTNUT AVE,90,63.1,31.6,11040.00004,0.507,0.701111111,,POINT (234945.76370000094 906103.7256999984)
7315,CHESTNUT ST @ ADAMS ST,90,110.6,30.8,8387.500022,0.485,1.228888889,,POINT (237213.02950000018 906106.5340999998)
7316,CHESTNUT ST OPP EADE ST,90,39.7,30.8,8387.500022,0.485,0.441111111,,POINT (238258.177199997 906128.184700001)
7317,CHESTNUT ST @ GOODRIDGE ST,90,166,30.8,8387.500022,0.485,1.844444444,,POINT (238233.33330000192 906128.7611000016)
7318,CHESTNUT ST @ CLOUGH ST,90,62.1,33.9,7669.700012,0.475,0.69,,POINT (232279.41629999876 906130.7413000017)
7319,CHESTNUT ST @ WESTERN AVE,90,77.4,33.9,7669.700012,0.475,0.86,,POINT (230443.90569999814 906133.0625)
7320,LYNNFIELD ST OPP FLOYD AVE,90,40.5,38.4,1756.8,0.489,0.45,,POINT (227641.60849999636 906133.3880000003)
7324,153 LYNNFIELD ST,90,3.4,38.4,1756.8,0.489,0.037777778,,POINT (227652.57029999793 906137.7892999984)
7327,LYNNFIELD ST @ KERNWOOD DR,90,39.8,45.2,2276.2,0.481,0.442222222,,POINT (220623.71360000223 906138.7917999998)
7328,LYNNFIELD ST OPP TREVETT AVE,90,16.1,44.1,1924.5,0.483,0.178888889,,POINT (220617.0719999969 906142.624499999)
7330,LYNNFIELD ST @ WOODALE RD,90,19.7,45.4,1589.9,0.481,0.218888889,,POINT (230431.15590000153 906145.6248999983)
7331,LYNNFIELD ST OPP LEBEL RD,90,2,44.1,1924.5,0.483,0.022222222,,POINT (231498.12399999797 906145.6524999999)
7332,LYNNFIELD ST @ HARRIS RD,90,33.1,44.1,1924.5,0.483,0.367777778,,POINT (232832.32789999992 906147.694600001)
7334,LYNNFIELD ST OPP UNION HOSPIT,90,61.2,44.1,1924.5,0.483,0.68,,POINT (232273.38019999862 906148.9886000007)
7335,LYNNFIELD ST OPP STOCKER AVE,90,1,45.4,1589.9,0.481,0.011111111,,POINT (227576.73390000314 906155.9376999997)
7336,LYNNFIELD ST OPP GALLO RD,90,12,45.4,1589.9,0.481,0.133333333,,POINT (235958.1555000022 908178.7672000006)
7337,LYNNFIELD ST @ TUSCAN RD,90,55.9,45.4,1589.9,0.481,0.621111111,,POINT (235619.40590000153 908181.8652999997)
7338,715 LYNNFIELD ST,90,8.5,48.8,219.3,0.485,0.094444444,,POINT (234994.87650000304 908184.0018000007)
7339,LYNNFIELD ST @ COBB LN,90,27.1,48.8,219.3,0.485,0.301111111,,POINT (224012.73700000346 908185.8183999993)
7340,LYNNFIELD ST OPP LOOKOUT TERR,90,45.4,48.8,219.3,0.485,0.504444444,,POINT (227810.74170000106 908186.6576000005)
7341,LYNNFIELD ST @ LOOKOUT TERR,85,45.5,48.8,219.3,0.485,0.535294118,,POINT (239719.0095999986 908187.3339999989)
7342,LYNNFIELD ST @ BRADFORD RD,85,2,48.8,219.3,0.485,0.023529412,,POINT (248096.10899999738 908197.2558999993)
7343,724 LYNNFIELD ST,85,11.7,48.8,219.3,0.485,0.137647059,,POINT (242158.3791999966 908200.1528999992)
7344,LYNNFIELD ST @ REGINA RD,85,57.3,45.4,1589.9,0.481,0.674117647,,POINT (237629.866899997 908204.0115999989)
7345,LYNNFIELD ST @ GALLO RD,85,23,45.4,1589.9,0.481,0.270588235,,POINT (231200.00630000234 908210.0584000014)
7346,LYNNFIELD ST @ DARTMOUTH ST,85,15.3,45.4,1589.9,0.481,0.18,,POINT (228557.817400001 908210.0615000017)
7348,LYNNFIELD ST OPP HARRIS RD,85,36.9,44.1,1924.5,0.483,0.434117647,,POINT (231195.8571999967 908214.4087999985)
7349,LYNNFIELD ST @ LEBEL RD,85,0,45.4,1589.9,0.481,0,,POINT (239706.14039999992 908217.6248999983)
7350,LYNNFIELD ST @ ALLSTON ST,85,19,44.1,1924.5,0.483,0.223529412,,POINT (227239.94399999827 908222.5612000003)
7352,LYNNFIELD ST @ TREVETT AVE,85,25.6,44.1,1924.5,0.483,0.301176471,,POINT (233732.45149999857 908229.2287999988)
7353,LYNNFIELD ST @ VERDMONT AVE,85,31.9,45.2,2276.2,0.481,0.375294118,,POINT (236521.35140000284 908229.4726000018)
7355,155 LYNNFIELD ST,85,3.5,38.4,1756.8,0.489,0.041176471,,POINT (247919.56499999762 908232.6378999986)
7356,126 LYNNFIELD ST,85,0,38.4,1756.8,0.489,0,,POINT (226384.22089999914 908234.0320999995)
7357,LYNNFIELD ST @ AVERILL ST,85,4.4,38.4,1756.8,0.489,0.051764706,,POINT (226376.87820000201 908234.3832999989)
7359,LYNNFIELD ST @ FLOYD AVE,85,44,38.4,1756.8,0.489,0.517647059,,POINT (236525.95579999685 908234.436900001)
7369,CHESTNUT ST @ GRANT ST,85,94.5,33.9,7669.700012,0.475,1.111764706,,POINT (227217.06920000166 908235.4987999983)
7370,CHESTNUT ST @ ALLEN AVE,85,135.3,33.7,6607.599999,0.503,1.591764706,,POINT (233768.43639999628 908236.7364999987)
7371,390 CHESTNUT ST,90,38.8,30.8,8387.500022,0.485,0.431111111,,POINT (246501.3526000008 908238.4048999995)
7372,CHESTNUT ST @ ADAMS ST,90,75.6,30.8,8387.500022,0.485,0.84,,POINT (226103.87610000372 908244.5439999998)
7373,CHESTNUT ST @ CHESTNUT AVE,90,47.7,31.6,11040.00004,0.507,0.53,,POINT (226074.4474999979 908248.6457999982)
7374,CHESTNUT ST @ ESSEX ST,90,120.6,31.6,11040.00004,0.507,1.34,,POINT (246514.95610000193 908261.3266000003)
7376,SUMMER ST @ LINDEN ST,159,146.4,34.8,3039.199998,0.49,0.920754717,,POINT (237190.58259999752 908265.7369000018)
7377,SUMMER ST OPP MARGIN ST,159,47.8,37,3730.200002,0.496,0.300628931,,POINT (233750.561999999 908267.6253000014)
7378,SUMMER ST OPP DEARBORN AVE,159,2.5,37,3730.200002,0.496,0.01572327,,POINT (237194.92559999973 908270.4935000017)
7379,SUMMER ST @ RADDIN GROVE AVE,159,92.2,35.4,4529.499994,0.493,0.579874214,,POINT (236826.63589999825 908270.9266000018)
7380,787 SUMMER ST,159,45,37,3730.200002,0.496,0.283018868,,POINT (235577.26129999757 908274.6706999987)
7381,817 SUMMER ST,159,0,37,3730.200002,0.496,0,,POINT (236822.20610000193 908275.6801999994)
7382,SUMMER ST @ BOSTON ST,159,409.6,35.4,4529.499994,0.493,2.576100629,,POINT (248356.4279000014 908281.4178000018)
7383,BOSTON ST @ NORTHSIDE AVE,159,57.9,37,3730.200002,0.496,0.364150943,,POINT (230068.21850000322 908282.1801000014)
7384,BOSTON ST @ WINNEPURKIT AVE,159,123.4,37,3730.200002,0.496,0.776100629,,POINT (235794.1947999969 908286.9233999997)
7386,BOSTON ST @ HAMILTON ST,159,120.6,36.1,4207.500004,0.465,0.758490566,,POINT (235832.20799999684 908296.8751999997)
7388,LINCOLN AVE @ VINCENT ST,159,75.9,39.2,423.2999999,0.496,0.477358491,,POINT (232756.59799999744 908299.3253000006)
7390,LINCOLN AVE @ CHESTNUT ST,174,85.8,39.2,423.2999999,0.496,0.493103448,,POINT (232756.59799999744 908299.3253000006)
7391,LINCOLN AVE OPP DUDLEY ST,174,31.3,45.7,1636.999999,0.476,0.179885057,,POINT (233511.5116999969 908299.3779999986)
7392,LINCOLN AVE OPP GUILD RD,174,25.3,45.7,1636.999999,0.476,0.145402299,,POINT (230066.53710000217 908301.7369000018)
7393,LINCOLN AVE @ OVERLEA AVE,174,0,45.7,1636.999999,0.476,0,,POINT (241407.26630000025 912006.8172000013)
7394,LINCOLN AVE OPP BRISTOW ST,174,78.1,45.7,1636.999999,0.476,0.448850575,,POINT (219441.14039999992 912018.4375)
7395,LINCOLN AVE @ ATLANTIC AVE,174,114.4,45.7,1636.999999,0.476,0.657471264,,POINT (243484.3796999976 912030.2721999995)
7396,LINCOLN AVE OPP NASON RD,174,13.3,42.7,2446.7,0.502,0.076436782,,POINT (237285.25699999928 912030.4327000007)
7397,LINCOLN AVE OPP SUNNYSIDE PK,174,11.4,42.7,2446.7,0.502,0.065517241,,POINT (236591.80650000274 912031.2976000011)
7398,LINCOLN AVE @ INTERVALE AVE,174,21.1,44.2,2799.899998,0.491,0.121264368,,POINT (241971.40190000087 912033.2617999986)
7399,LINCOLN AVE @ CENTRAL ST,174,95.8,42.7,2446.7,0.502,0.550574713,,POINT (241972.71769999713 912039.7463000007)
7400,LINCOLN AVE @ OAK HILL RD,274,71.1,44.2,2799.899998,0.491,0.259489051,,POINT (246410.2805000022 912041.4052999988)
7401,LINCOLN AVE @ JACKSON ST,274,306.1,39.2,3469.100003,0.479,1.117153285,,POINT (243327.46299999952 912046.5839999989)
7403,LINCOLN AVE @ LINWOOD ST,287,142,39.2,3469.100003,0.479,0.494773519,,POINT (237280.72330000252 912050.434700001)
7404,LINCOLN AVE @ LAUREL ST,287,41.8,41.8,2734.599999,0.481,0.145644599,,POINT (243359.46570000052 912050.5141000003)
7405,SALEM ST @ CLIFTON ST,287,11,41.8,2734.599999,0.481,0.038327526,,POINT (246253.71880000085 912063.4585000016)
7407,SALEM ST @ WALNUT ST,287,107.9,42.5,1619.600001,0.497,0.375958188,,POINT (236775.31560000032 912073.4754999988)
7408,SALEM ST @ WAITT CT,287,105.1,42.5,1619.600001,0.497,0.366202091,,POINT (245292.81499999762 912088.8341000006)
7409,SALEM ST @ CUTLER HWY,287,312.4,42.5,1619.600001,0.497,1.088501742,,POINT (235928.58330000192 912107.3605999984)
7410,LYNN ST @ LAWRENCE ST,543,160.7,42.5,1619.600001,0.497,0.295948435,,POINT (243088.50039999932 912108.0216999985)
7411,LYNN ST @ OLIVER ST,543,217.6,38.8,4796.699997,0.491,0.400736648,,POINT (241187.30390000343 912108.0951000005)
7412,LYNN ST @ BEACH ST,1405,5618.1,38.3,1669.900001,0.503,3.998647687,,POINT (241182.06409999728 912110.4761999995)
7413,BEACH ST @ HANCOCK RD,582,208.1,39.5,1192.5,0.464,0.357560137,,POINT (243082.49130000174 912112.2870999984)
7414,SQUIRE RD @ SUPER STOP + SHOP,505,268.7,43.3,3234.500001,0.481,0.532079208,,POINT (239534.9997999966 912115.4373999983)
7415,SQUIRE RD OPP SUPER STOP + SH,510,220.4,33.7,800.9000001,0.526,0.432156863,,POINT (236971.7145999968 912116.1457999982)
7417,WESLEY ST @ LYNN ST,965,2872.8,39.5,1192.5,0.464,2.976994819,,POINT (246453.01810000092 912121.3535999991)
7418,LYNN ST OPP REVERE ST,341,103.1,38.8,4796.699997,0.491,0.302346041,,POINT (243561.27820000052 912122.0227999985)
7419,LYNN ST @ SPRING ST,341,138,42.5,1619.600001,0.497,0.404692082,,POINT (235936.6777999997 912126.2945999987)
7420,SALEM ST @ WAITT PK,292,155.4,42.5,1619.600001,0.497,0.532191781,,POINT (239537.6247999966 912134.5001999997)
7422,SALEM ST @ MARSHALL ST N,292,29,42.5,1619.600001,0.497,0.099315068,,POINT (229604.749499999 912136.0628000014)
7423,SALEM ST OPP CLIFTON ST,292,25.4,42.5,1619.600001,0.497,0.086986301,,POINT (246100.59220000356 912142.1741999984)
7424,LINCOLN AVE OPP LAUREL ST,292,41.8,41.8,2734.599999,0.481,0.143150685,,POINT (237108.2106000036 912144.4054999985)
7426,LINCOLN AVE @ WESTERN AVE,292,107.8,39.2,3469.100003,0.479,0.369178082,,POINT (229601.37120000273 912148.4730000012)
7427,LINCOLN AVE @ LINCOLN CT,292,82.5,41.8,2734.599999,0.481,0.282534247,,POINT (241091.80269999802 912152.9334999993)
7428,LINCOLN AVE @ ESSEX ST,118,1.5,41.8,2734.599999,0.481,0.012711864,,POINT (221524.072800003 912153.9030000009)
7429,LINCOLN AVE @ CLIFTONDALE SQ,274,266.8,39.2,3469.100003,0.479,0.973722628,,POINT (237122.375500001 912155.1226999983)
7430,LINCOLN AVE OPP KENT ST,274,219.5,39.2,3469.100003,0.479,0.801094891,,POINT (243590.09319999814 912155.6541999988)
7431,LINCOLN AVE @ MORTON AVE,174,44.2,44.2,2799.899998,0.491,0.254022989,,POINT (237179.5433000028 912159.5920999981)
7432,LINCOLN AVE @ SUNNYSIDE PK,174,6,42.7,2446.7,0.502,0.034482759,,POINT (241997.78239999712 912161.3601000011)
7433,LINCOLN AVE @ NASON RD,174,7.5,42.7,2446.7,0.502,0.043103448,,POINT (243011.0223999992 912165.0425000004)
7434,LINCOLN AVE OPP ATLANTIC AVE,174,73,45.7,1636.999999,0.476,0.41954023,,POINT (241063.17099999636 912166.1469999999)
7435,LINCOLN AVE @ BRISTOW ST,174,136.8,45.7,1636.999999,0.476,0.786206897,,POINT (227659.83370000124 912168.5676000006)
7436,LINCOLN AVE OPP OVERLEA AVE,174,0,45.7,1636.999999,0.476,0,,POINT (227631.11129999906 912172.4763999991)
7437,LINCOLN AVE @ GUILD RD,174,32.9,45.7,1636.999999,0.476,0.18908046,,POINT (221516.75559999794 912172.8614999987)
7438,LINCOLN AVE @ BATES ST,174,39.5,45.7,1636.999999,0.476,0.227011494,,POINT (242998.92140000314 912174.1873999983)
7439,LINCOLN AVE @ BALLARD ST,159,88.9,39.2,423.2999999,0.496,0.559119497,,POINT (245720.46869999915 914807.4376999997)
7440,60 LINCOLN AVE,159,13.7,39.2,423.2999999,0.496,0.086163522,,POINT (231010.43129999936 914807.7190999985)
7441,LINCOLN AVE @ VINCENT ST,159,42.4,41.3,2590.199998,0.482,0.266666667,,POINT (231011.75169999897 914812.9118999988)
7442,30 LINCOLN AVE,159,20.9,41.3,2590.199998,0.482,0.131446541,,POINT (222884.96869999915 914814.9998999983)
7443,BOSTON ST OPP HAMILTON ST,159,127.7,36.1,4207.500004,0.465,0.803144654,,POINT (246193.96069999784 914818.2729000002)
7445,BOSTON ST @ BROWNS AVE,159,88.9,36.1,4207.500004,0.465,0.559119497,,POINT (244642.85869999975 914818.7965000011)
7446,BOSTON ST @ SOUTHSIDE AVE,179,80.7,37,3730.200002,0.496,0.450837989,,POINT (222904.4275000021 914824.7298999988)
7447,SUMMER ST @ BOSTON ST,179,153,35.4,4529.499994,0.493,0.854748603,,POINT (246185.97789999843 914825.5197999999)
7448,SUMMER ST @ DEER PK,179,75.4,37,3730.200002,0.496,0.42122905,,POINT (249493.4530000016 914835.1876000017)
7449,SUMMER ST @ AMES ST,179,53.4,37,3730.200002,0.496,0.298324022,,POINT (249486.54670000076 914848.5626000017)
7450,SUMMER ST @ DEARBORN AVE,179,57.3,37,3730.200002,0.496,0.320111732,,POINT (248322.57890000194 914864.1695000008)
7451,SUMMER ST @ MARGIN ST,179,33.8,37,3730.200002,0.496,0.188826816,,POINT (219757.00879999995 914874.2481999993)
7452,SUMMER ST @ RIVER ST,179,199.8,34.8,3039.199998,0.49,1.116201117,,POINT (219757.00879999995 914874.2481999993)
7464,WINTER ST @ CHESTNUT ST,15,6,41.3,2590.199998,0.482,0.4,,POINT (245767.48650000244 914875.3469000012)
7465,WINTER ST @ STOCKER ST,15,7.5,41.3,2590.199998,0.482,0.5,,POINT (248395.07029999793 914885.6627999991)
7467,WINTER ST OPP WESTLAND AVE,15,7.5,41.3,2590.199998,0.482,0.5,,POINT (248401.22410000116 914887.4609000012)
7469,WINTER ST OPP KENWOOD AVE,15,4.5,43.1,1498.2,0.48,0.3,,POINT (245567.9531000033 914889.9378000014)
7471,WINTER ST OPP E DENVER ST,15,3,45.2,2337.299998,0.498,0.2,,POINT (250263.8122999966 914895.2503000014)
7472,WINTER ST @ CENTRAL ST,15,0,43.1,1498.2,0.48,0,,POINT (225093.62129999697 914895.7179999985)
7474,CENTRAL ST @ HAMILTON ST,215,316.5,52.2,2027.900001,0.464,1.472093023,,POINT (225087.92979999632 914900.5980999991)
7475,MAIN ST @ SUMMER ST,15,12,48.2,1099.1,0.463,0.8,,POINT (246095.07020000368 914908.1394999996)
7476,59 MAIN ST,15,0,48.2,1099.1,0.463,0,,POINT (246065.03920000046 914929.7417000011)
7477,MAIN ST @ NEWHALL AVE,15,0,52.2,2027.900001,0.464,0,,POINT (230881.59920000285 914933.9160000011)
7478,MAIN ST @ VINE ST,15,0,52.2,2027.900001,0.464,0,,POINT (240175.2400000021 914935.9853000008)
7481,OPP 190 MAIN ST,15,6,42.8,1498.599999,0.47,0.4,,POINT (244523.0903000012 914938.5093999989)
7482,555 PLEASANT ST,30,9,36.6,2208.9,0.479,0.3,,POINT (240171.60930000246 914938.6878999993)
7484,MAIN ST @ FOREST ST,15,6,43.4,811.7999999,0.49,0.4,,POINT (235538.97649999708 914940.0986000001)
7485,291 MAIN ST,15,0,43.4,811.7999999,0.49,0,,POINT (230859.6372999996 914940.4334000014)
7486,MAIN ST @ LYNN FELLS PKWY,15,12,42.8,1498.599999,0.47,0.8,,POINT (250301.25289999694 914943.7193999998)
7497,BEAVER ST OPP FOREST ST,30,3.5,20.5,1055.9,0.573,0.116666667,,POINT (246051.67440000176 914947.6356000006)
7498,BEAVER ST @ FIELD RD,30,2.5,20.5,1055.9,0.573,0.083333333,,POINT (232872.7173999995 914949.3916999996)
7502,SUMMER ST @ APPLETON ST,99,5,48.2,1099.1,0.463,0.050505051,,POINT (235534.91049999744 914950.0672000013)
7503,SUMMER ST @ FISKE RD,99,8.9,48.2,1099.1,0.463,0.08989899,,POINT (244527.36309999973 914951.3728)
7504,32 SUMMER ST OPP PROSPECT ST,99,1,48.2,1099.1,0.463,0.01010101,,POINT (230771.25710000098 914967.9373000003)
7505,SUMMER ST OPP PARKER ST,99,4.5,48.2,1099.1,0.463,0.045454545,,POINT (223252.875 914970.8753000014)
7506,MAIN ST OPP SUMMER ST,15,0,48.2,1099.1,0.463,0,,POINT (230752.47640000284 914974.5042999983)
7507,CENTRAL ST @ VERMONT AVE,100,12.5,45.2,2337.299998,0.498,0.125,,POINT (245839.18289999664 914977.2241999991)
7508,CENTRAL ST @ DENVER ST,100,37,52.2,2027.900001,0.464,0.37,,POINT (249426.17490000278 914977.7776000015)
7510,CENTRAL ST OPP ASSEMBLY AVE,100,7.5,45.2,2337.299998,0.498,0.075,,POINT (248697.9526000023 914982.6490000002)
7511,CENTRAL ST @ KNOWLES AVE,100,3,45.2,2337.299998,0.498,0.03,,POINT (245473.32779999822 914983.8748999983)
7513,CENTRAL ST @ STILL DR,100,24,42.7,2446.7,0.502,0.24,,POINT (248701.8125 914983.9373999983)
7515,CENTRAL ST @ LINCOLN AVE,100,32,39.2,3469.100003,0.479,0.32,,POINT (236099.25680000335 906156.2681000009)
7516,ESSEX ST @ STAAF RD,218,94.4,39.2,3469.100003,0.479,0.433027523,,POINT (238436.94579999894 906157.2027000003)
7517,ESSEX ST @ GROVE ST,218,44,39.2,3469.100003,0.479,0.201834862,,POINT (238443.44960000366 906158.2666000016)
7518,ESSEX ST OPP ANAWAN AVE,218,30.8,42.3,1420.6,0.487,0.141284404,,POINT (232836.71100000292 906165.7322000004)
7519,ESSEX ST @ PUTNAM ST,118,0,42.3,1420.6,0.487,0,,POINT (239823.8574000001 906168.7947999984)
7520,177 ESSEX ST OPP FELTON ST,218,49.2,42.3,1420.6,0.487,0.225688073,,POINT (239823.8574000001 906168.7947999984)
7521,209 ESSEX ST OPP PLEASANT AVE,218,21.3,42.3,1420.6,0.487,0.097706422,,POINT (236094.49700000137 906175.7093999982)
7522,VINE ST @ CRESCENT AVE,218,58,42.3,1420.6,0.487,0.266055046,,POINT (236887.9824000001 906175.9092999995)
7523,VINE ST @ BEECH ST,218,47.4,52.2,2027.900001,0.464,0.217431193,,POINT (236882.9151000008 906178.9228000008)
7525,VINE ST @ TALBOT ST,218,222.5,52.2,2027.900001,0.464,1.020642202,,POINT (231493.26449999958 906185.0784999989)
7529,SQUARE ONE MALL @ SEARS,371,1814.2,43.4,811.7999999,0.49,4.890026954,,POINT (238643.10080000013 906190.9233999997)
7532,1715 BROADWAY,100,75.5,43.4,811.7999999,0.49,0.755,,POINT (238690.0305000022 906198.5835000016)
7534,BROADWAY @ BLUE HILL AVE,100,24.5,32.5,4270.400001,0.493,0.245,,POINT (240709.99930000305 906203.1030000001)
7536,BROADWAY @ ELWELL ST,204,310,32.5,4270.400001,0.493,1.519607843,,POINT (236472.42639999837 906205.6356999986)
7537,522 BROADWAY @ CLIFFSIDE COMM,204,222,34.7,4042.4,0.465,1.088235294,,POINT (229441.7854000032 906208.1253000014)
7539,380 BROADWAY,204,3.5,37.2,5280.099988,0.504,0.017156863,,POINT (240711.20409999788 906213.0676000006)
7540,BROADWAY @ MINGO ST,204,126,37.2,5280.099988,0.504,0.617647059,,POINT (230334.6991999969 906219.9017000012)
7541,BROADWAY OPP MINGO ST,203,243.1,37.2,5280.099988,0.504,1.197536946,,POINT (234384.35960000008 906227.6453000009)
7542,BROADWAY @ RIDGE HILL AVE,203,179.2,39.7,5475.499996,0.477,0.882758621,,POINT (229421.74099999666 906229.6184)
7543,BROADWAY OPP CLIFFSIDE COMMON,203,61.9,32.4,8273.099991,0.512,0.304926108,,POINT (227677.6024999991 906237.1473999992)
7545,BROADWAY @ CENTRAL AVE,203,334.4,32.4,8273.099991,0.512,1.64729064,,POINT (230266.5122999996 906241.3387000002)
7547,665 BROADWAY,105,26.5,32.5,4270.400001,0.493,0.252380952,,POINT (237258.90160000324 906243.7283000015)
7548,BROADWAY @ A ST,105,18,32.5,4270.400001,0.493,0.171428571,,POINT (234425.8259000033 906245.6002999991)
7550,1450 BROADWAY,105,79,42.3,1420.6,0.487,0.752380952,,POINT (236755.66589999944 906260.7961000018)
7555,VINE ST @ TALBOT ST,70,29,52.2,2027.900001,0.464,0.414285714,,POINT (237267.29839999974 906268.7994999997)
7557,VINE ST OPP BEECH ST,93,39.9,52.2,2027.900001,0.464,0.429032258,,POINT (227758.9029000029 906276.8579999991)
7559,ESSEX ST OPP VINE ST,213,114.4,42.3,1420.6,0.487,0.537089202,,POINT (230245.7273999974 906277.6581999995)
7560,ESSEX ST @ PLEASANT AVE,213,21.7,42.3,1420.6,0.487,0.101877934,,POINT (232230.66740000248 906281.6268999986)
7561,ESSEX ST @ FELTON ST,213,63.9,42.3,1420.6,0.487,0.3,,POINT (240554.25100000203 906281.9417999983)
7562,ESSEX ST @ HOOD ST,213,8.9,42.3,1420.6,0.487,0.041784038,,POINT (231528.94340000302 906292.1944999993)
7564,ESSEX ST OPP GROVE ST,213,27.9,39.2,3469.100003,0.479,0.130985915,,POINT (227770.94590000063 906292.2679999992)
7565,78 ESSEX ST,113,10.7,39.2,3469.100003,0.479,0.094690265,,POINT (240531.5522999987 906292.3399999999)
7566,ESSEX ST OPP STAAF RD,213,79.6,39.2,3469.100003,0.479,0.37370892,,POINT (236055.93659999967 906293.1149999984)
7567,480 CENTRAL ST OPP STILL DR,100,21,42.7,2446.7,0.502,0.21,,POINT (238730.19179999828 906298.7910999991)
7569,CENTRAL ST @ CRIMSON CT,100,10.5,45.2,2337.299998,0.498,0.105,,POINT (220032.40619999915 906298.9376999997)
7570,CENTRAL ST @ ASSEMBLY DR,100,17.5,45.2,2337.299998,0.498,0.175,,POINT (232737.91600000113 906299.2793999985)
7572,CENTRAL ST OPP DENVER ST,100,26.5,52.2,2027.900001,0.464,0.265,,POINT (220034.1576000005 906303.3936999999)
7573,CENTRAL ST OPP PARKER ST,99,0.5,45.1,1681.5,0.482,0.005050505,,POINT (238731.91170000285 906305.0557999983)
7575,CENTRAL ST OPP PLEASANT ST,99,6,45.1,1681.5,0.482,0.060606061,,POINT (240027.6943999976 906305.8663999997)
7576,APPLETON ST @ HULL DR,99,37,48.2,1099.1,0.463,0.373737374,,POINT (231539.01539999992 906309.5621999986)
7578,BEAVER ST @ WAVERLEY OAKS RD,30,1,20.5,1055.9,0.573,0.033333333,,POINT (246674.2044999972 908302.6209999993)
7579,BEAVER ST @ WARREN ST,30,2,42.2,2511.200002,0.486,0.066666667,,POINT (233604.34350000322 908305.8128999993)
7580,570 PLEASANT ST,35,1.5,36.6,2208.9,0.479,0.042857143,,POINT (234849.04670000076 908305.8128999993)
7582,MAIN ST @ LYNN FELLS PKWY,15,12.5,42.8,1498.599999,0.47,0.833333333,,POINT (225927.7648999989 908306.877799999)
7583,288 MAIN ST,15,5.5,43.4,811.7999999,0.49,0.366666667,,POINT (242393.03970000148 908313.0837999992)
7585,MAIN ST OPP FOREST ST,15,6.5,43.4,811.7999999,0.49,0.433333333,,POINT (235822.76900000125 908314.0865999982)
7587,190 MAIN ST,15,3,42.8,1498.599999,0.47,0.2,,POINT (225713.98420000076 908317.0001000017)
7591,78 MAIN ST,15,0,52.2,2027.900001,0.464,0,,POINT (233387.05399999768 908321.1686000004)
7595,WINTER ST @ CENTRAL ST,15,0,45.2,2337.299998,0.498,0,,POINT (237302.51539999992 908329.3751000017)
7596,WINTER ST @ E DENVER ST,15,7.5,45.2,2337.299998,0.498,0.5,,POINT (225663.09350000322 908330.5)
7598,WINTER ST @ KENWOOD AVE,15,3,43.1,1498.2,0.48,0.2,,POINT (232287.48409999907 908333.5003000014)
7600,SOUTH ST @ ANGLESIDE RD,220,332,34.5,1515.3,0.486,1.509090909,,POINT (232270.2923000008 908334.9847999997)
7602,SOUTH ST OPP BRANDEIS UNIV EN,110,43.5,19.9,3950.900003,0.381,0.395454545,,POINT (247490.42499999702 908338.5020999983)
7603,SOUTH ST @ SHAPIRO ATHLETIC C,110,55,25.7,1229.4,0.47,0.5,,POINT (239594.05160000175 908341.6682999991)
7605,SOUTH ST @ DARTMOUTH ST,110,20,30.4,4276.399998,0.518,0.181818182,,POINT (237666.73160000145 908342.1981000006)
7606,WINTER ST @ WESTLAND AVE,15,14.5,41.3,2590.199998,0.482,0.966666667,,POINT (233358.1378000006 908344.7118999995)
7608,WINTER ST OPP STOCKER ST,15,7,41.3,2590.199998,0.482,0.466666667,,POINT (234495.87420000136 908347.1711999997)
7609,WINTER ST @ CHESTNUT ST,15,0,41.3,2590.199998,0.482,0,,POINT (227236.23160000145 908351.2525000013)
7617,RIVER ST @ JAMES ST,140,32,41.9,3003.8,0.473,0.228571429,,POINT (247620.20600000024 908353.6477000006)
7618,RIVER ST @ PINE ST,140,13,41.3,1863,0.481,0.092857143,,POINT (246471.40579999983 908355.9376999997)
7619,RIVER ST OPP MAGUE ST,140,9,41.9,3003.8,0.473,0.064285714,,POINT (247764.72680000216 908358.1645999998)
7620,37 ELM ST,140,28.5,40,2403.300001,0.469,0.203571429,,POINT (237672.4192999974 908362.2580999993)
7621,ELM ST @ WEBSTER ST,140,106.5,40,2403.300001,0.469,0.760714286,,POINT (225562.40529999882 908364.3244000003)
7623,WASHINGTON ST @ SHAW ST,140,54.5,40,2159.600001,0.487,0.389285714,,POINT (237262.24549999833 908364.8515000008)
7625,WASHINGTON ST @ CHESTNUT ST,140,102,40,2159.600001,0.487,0.728571429,,POINT (235910.7146999985 908366.1823999994)
7626,WASHINGTON ST OPP CROSS ST,140,0,45.9,2647,0.485,0,,POINT (235910.7146999985 908366.1823999994)
7627,WASHINGTON ST OPP EDDY ST,140,21.5,45.9,2647,0.485,0.153571429,,POINT (236732.73420000076 908366.5001999997)
7629,WASHINGTON ST OPP WALKER ST,140,12,43.6,2610.899999,0.476,0.085714286,,POINT (225553.3748999983 908367.1253999993)
7630,WASHINGTON ST @ LOWELL AVE,140,57,43.6,2610.899999,0.476,0.407142857,,POINT (225315.44060000032 908372.8224)
7631,WASHINGTON ST @ WALNUT ST,185,343.5,35.8,2365.800001,0.48,1.856756757,,POINT (225308.75509999692 908373.2355000004)
7632,WASHINGTON ST @ HARVARD ST,185,47.5,35.8,2365.800001,0.48,0.256756757,,POINT (235572.37870000303 908376.2311000004)
7633,WASHINGTON ST @ LEWIS TERR,185,60.5,35.8,2365.800001,0.48,0.327027027,,POINT (233956.95539999753 908376.9510000013)
7634,WASHINGTON ST @ JEWETT ST,220,29.5,40.8,2329.999997,0.488,0.134090909,,POINT (234492.22789999843 908377.7190999985)
7635,WASHINGTON ST @ CHURCH ST,220,57,34.4,4288.299995,0.479,0.259090909,,POINT (233961.61169999838 908378.3616000004)
7640,WASHINGTON ST @ HOVEY ST,205,59,34.4,4288.299995,0.479,0.287804878,,POINT (233145.27160000056 908381.7102000006)
7641,WASHINGTON ST @ JEWETT ST,205,10.5,40.8,2329.999997,0.488,0.051219512,,POINT (235783.38960000128 908385.8795999996)
7642,WASHINGTON ST @ ADAMS ST,175,65,35.8,2365.800001,0.48,0.371428571,,POINT (231025.9624999985 908390.0108000003)
7643,WASHINGTON ST @ CRAFT ST,175,106,35.8,2365.800001,0.48,0.605714286,,POINT (248119.742399998 908392.0714000016)
7644,WASHINGTON ST @ COURT ST,175,42.5,35.8,2365.800001,0.48,0.242857143,,POINT (233011.15850000083 908392.1669000015)
7645,WASHINGTON ST @ WALNUT ST,140,270,35.8,2365.800001,0.48,1.928571429,,POINT (233141.72519999743 908393.8803999983)
7646,WASHINGTON ST @ WALKER ST,140,19,43.6,2610.899999,0.476,0.135714286,,POINT (240696.51529999822 912198.4378000014)
7647,WASHINGTON ST @ EDDY ST,140,18,45.9,2647,0.485,0.128571429,,POINT (244459.71090000123 912199.7089000009)
7648,WASHINGTON ST @ CROSS ST,140,25,45.9,2647,0.485,0.178571429,,POINT (240688.67149999738 912200.3751999997)
7649,WASHINGTON ST @ ARMORY ST,140,37.5,45.9,2647,0.485,0.267857143,,POINT (240302.4980000034 912211.7226000018)
7650,WASHINGTON ST @ WATERTOWN ST,140,61,45.9,2647,0.485,0.435714286,,POINT (240881.74970000237 912214.1248999983)
7651,WASHINGTON ST @ CHERRY ST,140,91,40,2159.600001,0.487,0.65,,POINT (240875.125500001 912215.1788000017)
7653,ELM ST @ WEBSTER ST,140,39,40,2403.300001,0.469,0.278571429,,POINT (240302.96850000322 912224.7498999983)
7654,ELM ST @ RIVER ST,140,22,40,2403.300001,0.469,0.157142857,,POINT (237098.39699999988 912226.0562000014)
7655,RIVER ST @ MAGUE AVE,140,15,40,2403.300001,0.469,0.107142857,,POINT (245411.75439999998 912226.0588999987)
7656,RIVER ST @ SHERIDAN ST,140,17.5,41.3,1863,0.481,0.125,,POINT (246466.51309999824 912233.8737999983)
7657,RIVER ST @ JAMES ST,140,6,41.9,3003.8,0.473,0.042857143,,POINT (242904.67570000142 912245.4974999987)
7658,RIVER ST @ LEXINGTON ST,140,31.5,41.3,1863,0.481,0.225,,POINT (242898.90779999644 912249.8597999997)
7659,LEXINGTON ST @ WHITLOWE RD,230,27,41.9,3003.8,0.473,0.117391304,,POINT (227523.64720000327 912261.5454000011)
7660,MOODY ST @ ROBBINS ST,230,70,33.6,9044.700011,0.546,0.304347826,,POINT (238999.67149999738 912262.0625)
7670,HOPE AVE @ BOSTON CHILDREN'S,110,37,25.7,1229.4,0.47,0.336363636,,POINT (240506.09329999983 912302.4378000014)
7696,BEAVER ST @ HOLLACE ST,30,6.5,42.2,2511.200002,0.486,0.216666667,,POINT (240506.09329999983 912302.4378000014)
7697,BEAVER ST @ WAVERLEY OAK RD,30,3,45.2,1318.1,0.493,0.1,,POINT (227484.44799999893 912312.5656999983)
7698,BEAVER ST @ FOREST ST,30,2.5,20.5,1055.9,0.573,0.083333333,,POINT (236000.85970000178 912315.5614)
7699,BEAVER ST OPP FIELD RD,30,8.5,20.5,1055.9,0.573,0.283333333,,POINT (221455.35159999877 912317.6268999986)
7700,BEAVER ST @ VALLEY VIEW RD,30,4.5,52.9,484.2000001,0.446,0.15,,POINT (221455.35159999877 912317.6268999986)
7705,WARREN ST @ BROOKLINE ST,30,0.5,42.2,2511.200002,0.486,0.016666667,,POINT (242808.45130000263 912318.2747999988)
7709,LEXINGTON ST @ SYCAMORE ST,30,1,39.5,5311.999998,0.457,0.033333333,,POINT (229531.93580000103 912319.7021000013)
7710,LEXINGTON ST @ BURNHAM ST,30,5,39.5,5311.999998,0.457,0.166666667,,POINT (242802.16920000315 912323.0287000015)
7711,LEXINGTON ST @ BELMONT ST,30,2.5,39.5,5311.999998,0.457,0.083333333,,POINT (236002.67589999735 912324.7787999995)
7713,WARREN ST @ WAVERLEY ST,30,9.5,42.2,2511.200002,0.486,0.316666667,,POINT (240327.51650000364 912337.6490999982)
7718,BACON ST @ ATHLETIC FIELD RD,103,22.3,36.2,2917.099997,0.524,0.216504854,,POINT (242051.820600003 912339.2859000005)
7721,DALE ST OPP CAUGHEY ST,35,3,45.3,1023.4,0.505,0.085714286,,POINT (236032.79839999974 912342.6589000002)
7722,DALE ST @ CLAREMONT ST,35,1,45.3,1023.4,0.505,0.028571429,,POINT (242053.58900000155 912345.1911000013)
7723,TOMLIN ST @ DALE ST,35,2.5,45.3,1023.4,0.505,0.071428571,,POINT (243749.43720000237 912353.5625)
7724,TOMLIN ST @ SUMMIT ST,80,73,45.3,1023.4,0.505,0.9125,,POINT (227280.11649999768 912357.1928000003)
7738,WALTHAM ST @ BONITA ST,45,1,40,3845.200004,0.479,0.022222222,,POINT (227246.8078000024 912357.4519000016)
7739,WALTHM ST @ LODGE RD,45,7,40,3845.200004,0.479,0.155555556,,POINT (227041.29410000145 912360.8060999997)
7740,CRAFTS ST @ WALTHAM ST,45,17,43.4,2874.299997,0.479,0.377777778,,POINT (226992.11649999768 912380.3520999998)
7741,CRAFTS ST @ ALBEMARLE RD,45,8.5,42.5,2060.500002,0.498,0.188888889,,POINT (243769.34650000185 912380.5766999982)
7743,CRAFTS ST @ CALIFORNIA ST,45,3,42.9,2322.500002,0.499,0.066666667,,POINT (244897.1344999969 912383.4441)
7744,WALNUT ST @ LINWOOD AVE,45,10,43.6,2610.899999,0.476,0.222222222,,POINT (244881.39980000257 912391.7551000006)
7752,HIGH ST @ HAMBLIN RD,35,8.5,34.1,2498.300001,0.516,0.242857143,,POINT (237044.0930000022 912397.0518000014)
7753,HIGH ST @ PAMENTER RD,35,9,37,5410.799992,0.47,0.257142857,,POINT (236328.90060000122 912401.1873000003)
7754,HIGH ST @ NEWTON ST,35,2,31.4,6788.500012,0.531,0.057142857,,POINT (242693.7669999972 912405.2813000008)
7755,HIGH ST @ HALL ST,35,6,34.1,7061.999984,0.561,0.171428571,,POINT (242093.77319999784 912413.6400999986)
7761,MASSACHUSETTS AVE OPP FOREST,50,28.5,47.7,1242.7,0.494,0.57,,POINT (240369.50500000268 912414.5698000006)
7762,WORTHEN RD @ HAYDEN REC CTR,112,24.4,46.2,952.1000002,0.486,0.217857143,,POINT (249423.25779999793 914984.1557999998)
7763,WORTHEN RD @ WALTHAM ST,112,36.9,46.2,952.1000002,0.486,0.329464286,,POINT (249296.19139999896 914984.4624999985)
7774,LEXINGTON ST @ BROOKWAY RD,103,396.8,31.1,4014.599999,0.51,3.852427184,,POINT (245851.070600003 914992.9327999987)
7775,TRAPELO RD @ LEITHA DR,103,19.9,46.6,1420.000001,0.457,0.193203883,,POINT (245457.31210000068 914993.4926999994)
7776,TRAPELO RD @ SHEFFIELD RD,103,16.3,44.9,1680.500001,0.494,0.158252427,,POINT (245855.21609999985 914998.4090000018)
7778,TRAPELO RD OPP OUTLOOK RD,103,20.8,46.6,1420.000001,0.457,0.201941748,,POINT (232873.22129999846 915005.1741000004)
7779,TRAPELO RD @ BERKLEY ST,103,14.6,44.9,1680.500001,0.494,0.141747573,,POINT (225505.40619999915 915017.6218000017)
7780,SMITH ST @ TRAPELO RD,103,73.4,44.9,1680.500001,0.494,0.712621359,,POINT (229529.02650000155 915035.8253999986)
7782,LINCOLN ST @ SMITH ST,103,63.6,45.5,412.3,0.493,0.617475728,,POINT (229529.02650000155 915035.8253999986)
7784,LINCOLN ST OPP GRAYMORE RD,206,149.9,45.5,412.3,0.493,0.727669903,,POINT (244414.73330000043 915041.9257000014)
7785,LAKE ST @ LINCOLN ST,103,39.6,40.7,2197.7,0.492,0.384466019,,POINT (225476.53090000153 915051.25)
7787,LAKE ST @ SEMINOLE AVE,103,54.2,40.7,2197.7,0.492,0.526213592,,POINT (228603.86519999802 915052.4937999994)
7789,LAKE ST @ BOWDOIN AVE,103,115.6,41.5,4303.799997,0.47,1.122330097,,POINT (244418.95480000228 915055.6695000008)
7790,LAKE ST @ INDIAN RD,103,21.6,40.7,2197.7,0.492,0.209708738,,POINT (249309.43659999967 915061.7501000017)
7791,LAKE ST OPP HARDY RESIDENCES,103,18.5,40.7,2197.7,0.492,0.17961165,,POINT (223650.3900000006 915062.249499999)
7792,LAKE ST @ LEXINGTON ST,103,102.1,31.1,4014.599999,0.51,0.991262136,,POINT (240027.059799999 915063.2454999983)
7795,130 LEXINGTON ST @ SHOPPING P,30,13,35.9,2050.900001,0.51,0.433333333,,POINT (223541.61590000242 915064.2555)
7797,LEXINGTON ST @ SCHOOL ST,140,63.5,38.6,4649.400013,0.51,0.453571429,,POINT (219632.31870000064 915067.7190000005)
7800,ADAMS ST @ WASHINGTON ST,30,5,36.4,3582.000006,0.479,0.166666667,,POINT (219632.31870000064 915067.7190000005)
7801,ADAMS ST @ MIDDLE ST,30,6.5,36.4,3582.000006,0.479,0.216666667,,POINT (245923.4123999998 915067.7725000009)
7802,ADAMS ST @ WATERTOWN ST,30,12,37.1,4506.600002,0.473,0.4,,POINT (250402.05690000206 915067.9464999996)
7804,CHAPEL ST @ WATERTOWN ST,30,11.5,37.1,4506.600002,0.473,0.383333333,,POINT (240022.58380000293 915068.5491000004)
7805,78 CHAPEL ST,30,1,37.1,4506.600002,0.473,0.033333333,,POINT (250405.83039999753 915072.4387999997)
7806,CALIFORNIA ST @ BRIDGE ST,30,10,37.1,4506.600002,0.473,0.333333333,,POINT (223701.31689999998 915078.0632999986)
7807,PLEASANT ST @ BRIDGE ST,30,6,36.6,2208.9,0.479,0.2,,POINT (245918.1401000023 915081.2501999997)
7808,RIVER ST @ SEYON ST,30,27,34.5,2841.100001,0.495,0.9,,POINT (245921.38970000297 915085.507199999)
7809,RIVER ST @ SCHOOL AVE,30,7.5,34.5,2841.100001,0.495,0.25,,POINT (230585.45279999822 915089.0628000014)
7810,RIVER ST @ BRIGHT ST,30,2.5,34.5,2841.100001,0.495,0.083333333,,POINT (230581.6128000021 915094.5108000003)
7811,RIVER ST @ RIPLEY ST,30,5,41.1,3814.999999,0.463,0.166666667,,POINT (228610.17490000278 915100.4032000005)
7812,RIVER ST @ NEWTON ST,30,0.5,34.5,2841.100001,0.495,0.016666667,,POINT (218267.8029000014 915106.5817000009)
7813,CRESCENT ST OPP SPRUCE ST,305,35,32,6955.200011,0.527,0.114754098,,POINT (218332.84600000083 915115.2448000014)
7814,113 CRESCENT ST,305,28.5,32,6955.200011,0.527,0.093442623,,POINT (245368.40619999915 915120.2501999997)
7815,CRESCENT ST OPP BROWN ST,30,8.5,32.8,2818.700001,0.526,0.283333333,,POINT (249024.0020999983 915122.5225000009)
7816,CRESCENT ST @ WOERD AVE,30,7,32.8,2818.700001,0.526,0.233333333,,POINT (249029.0022 915123.5788999982)
7817,OPP 48 WOERD AVE,30,1.5,32.8,2818.700001,0.526,0.05,,POINT (218255.40579999983 915124.6253000014)
7818,RUMFORD AVE @ WOERD AVE,30,3,32.8,2818.700001,0.526,0.1,,POINT (231212.08669999987 915126.8337000012)
7820,RUMFORD AVE @ BUTTRICK ST,30,15,32.8,2818.700001,0.526,0.5,,POINT (218350.2269999981 915126.9706999995)
7825,COMMONWEALTH AVE @ LEXINGTON,30,16.5,41.2,1623.8,0.474,0.55,,POINT (245361.4998999983 915127.9373999983)
7826,COMMONWEALTH AVE OPP ASH ST,30,4,41.2,1623.8,0.474,0.133333333,,POINT (245141.5155000016 915129.5625)
7827,COMMONWEALTH AVE @ ISLINGTON,30,0,41.2,1623.8,0.474,0,,POINT (245148.68710000068 915131.9376999997)
7828,COMMONWEALTH AVE @ MARRIOTT,30,30.5,41.2,1623.8,0.474,1.016666667,,POINT (244976.18710000068 915132.6876999997)
7830,COMMONWEALTH AVE @ ISLINGTON,35,0.5,41.2,1623.8,0.474,0.014285714,,POINT (236686.18649999797 906310.6097999997)
7831,COMMONWEALTH AVE @ ASH ST,35,0.5,41.2,1623.8,0.474,0.014285714,,POINT (239954.34220000356 906324.3207999989)
7832,COMMONWEALTH AVE @ MELROSE ST,35,18,41.2,1623.8,0.474,0.514285714,,POINT (236570.13690000027 906349.3473999985)
7833,COMMONWEALTH AVE @ AUBURN ST,90,28,30.2,2850.499998,0.467,0.311111111,,POINT (232210.12129999697 906352.1068000011)
7834,LEXINGTON ST @ AUBURNDALE AVE,125,30.5,41.3,1863,0.481,0.244,,POINT (233529.4526000023 906365.5819999985)
7835,LEXINGTON ST @ ORRIS ST,125,31.5,41.3,1863,0.481,0.252,,POINT (236581.08320000023 906366.4770999998)
7836,180 LEXINGTON ST,125,23,41.3,1863,0.481,0.184,,POINT (236047.53909999877 906376.7507999986)
7837,LEXINGTON ST @ ROBERTA RD,125,10.5,41.3,1863,0.481,0.084,,POINT (230086.18860000372 906377.1677000001)
7838,LEXINGTON ST @ RIVER ST,125,57,41.3,1863,0.481,0.456,,POINT (240364.9077000022 906378.5053000003)
7839,RUMFORD AVE @ BUTTRICK ST,35,7.5,32.8,2818.700001,0.526,0.214285714,,POINT (230079.57329999655 906381.242800001)
7841,RUMFORD AVE @ WOERD AVE,35,4.5,32.8,2818.700001,0.526,0.128571429,,POINT (220402.22709999979 906383.0159999989)
7842,48 WOERD AVE,35,2,32.8,2818.700001,0.526,0.057142857,,POINT (232672.09440000355 906388.2289000005)
7843,CRESCENT ST @ WOERD AVE,35,3.5,32.8,2818.700001,0.526,0.1,,POINT (220392.28549999744 906399.6284000017)
7844,CRESCENT ST @ BROWN ST,35,6,32.8,2818.700001,0.526,0.171428571,,POINT (232193.21819999814 906409.4329000004)
7845,CRESCENT ST @ MAPLE ST,300,218.5,32,6955.200011,0.527,0.728333333,,POINT (240314.02839999646 906410.7833999991)
7846,CRESCENT ST @ WALNUT ST,300,64,32,6955.200011,0.527,0.213333333,,POINT (229243.49769999832 906416.1735000014)
7848,RIVER ST @ NEWTON ST,35,5,34.5,2841.100001,0.495,0.142857143,,POINT (238731.78379999846 906423.0029999986)
7849,RIVER ST @ RIPLEY ST,35,2,41.1,3814.999999,0.463,0.057142857,,POINT (227060.1872999966 906435.4998999983)
7850,RIVER ST @ BRIGHT ST,35,2.5,34.5,2841.100001,0.495,0.071428571,,POINT (236044.0025999993 906436.9646000005)
7851,RIVER ST @ SCHOOL AVE,35,11.5,34.5,2841.100001,0.495,0.328571429,,POINT (236043.7146999985 906443.2292000018)
7852,RIVER ST @ SEYON ST,35,16.5,34.5,2841.100001,0.495,0.471428571,,POINT (229215.81859999895 906445.1807000004)
7854,CALIFORNIA ST @ BRIDGE ST,35,6.5,37.1,4506.600002,0.473,0.185714286,,POINT (234329.3752000034 906449.3858999982)
7855,75 CHAPEL ST,35,14,37.1,4506.600002,0.473,0.4,,POINT (229971.3069999963 906449.4265000001)
7856,CHAPEL ST @ WATERTOWN ST,35,13.5,37.1,4506.600002,0.473,0.385714286,,POINT (229963.41809999943 906454.3616999984)
7858,ADAMS ST @ LINCOLN RD,35,6,36.4,3582.000006,0.479,0.171428571,,POINT (227181.49960000068 906457.8753000014)
7859,SCHOOL ST @ LEXINGTON ST,65,16.5,38.6,4649.400013,0.51,0.253846154,,POINT (236646.0724999979 906460.5681000017)
7861,LEXINGTON ST OPP SHOPPING PLA,65,25.5,36.2,2917.099997,0.524,0.392307692,,POINT (236656.4852000028 906476.8242999986)
7862,DALE ST @ LEXINGTON ST,35,2.5,36.2,2917.099997,0.524,0.071428571,,POINT (221866.05330000073 906488.0273000002)
7864,DALE ST @ BACON ST,35,6,36.2,2917.099997,0.524,0.171428571,,POINT (238724.4104000032 906491.7327000014)
7865,BEAVER ST @ VALLEY VIEW RD,30,2,52.9,484.2000001,0.446,0.066666667,,POINT (221864.98430000246 906505.3751000017)
7874,WORTHEN RD @ WALTHAM ST,112,65.1,46.2,952.1000002,0.486,0.58125,,POINT (232588.66390000284 906505.5691)
7878,MASSACHUSETTS AVE @ DEPOT SQ,167,297.2,50.9,1013.6,0.47,1.779640719,,POINT (232584.41340000182 906511.8746000007)
7881,SPRINGS RD OPP HILLSIDE AVE,117,21.2,42.6,948.8999999,0.474,0.181196581,,POINT (237352.41619999707 906520.7265000008)
7882,SPRINGS RD @ HANCOCK ST,117,9.5,42.6,948.8999999,0.474,0.081196581,,POINT (229858.7202000022 906521.433600001)
7883,SOUTH RD @ GREAT RD,117,65,42.6,948.8999999,0.474,0.555555556,,POINT (240046.48420000076 906527.1253999993)
7884,SOUTH RD OPP CRESCENT AVE,117,3,42.6,948.8999999,0.474,0.025641026,,POINT (232151.9571999982 906533.1777000017)
7885,SOUTH RD OPP HARTFORD ST,117,1.5,42.6,948.8999999,0.474,0.012820513,,POINT (226861.13930000365 906535.6565999985)
7886,SOUTH RD @ RAILROAD AVE,117,13.5,42.6,948.8999999,0.474,0.115384615,,POINT (237357.9871999994 906538.9367000014)
7887,LOOMIS ST OPP HARTFORD ST,117,54.7,42.6,948.8999999,0.474,0.467521368,,POINT (229830.82680000365 906539.0991999991)
7888,LOOMIS ST @ WINTHROP AVE,117,0,45.5,995.6,0.476,0,,POINT (228041.9076000005 906542.9992000014)
7889,LOOMIS ST @ GREAT RD,117,71.4,45.5,995.6,0.476,0.61025641,,POINT (225131.41340000182 908394.0467000008)
7890,GREAT RD OPP BROOKSBIE RD,117,8.5,45.5,995.6,0.476,0.072649573,,POINT (231020.26519999653 908395.6253000014)
7891,GREAT RD @ ROBERTS DR,117,5.2,45.5,995.6,0.476,0.044444444,,POINT (235356.6877000034 908398.5075999983)
7892,GREAT RD @ SHOPPING CENTER,117,122.7,45.6,422,0.504,1.048717949,,POINT (225112.40720000118 908399.3828999996)
7894,GREAT ROAD @ PINE ST,117,31.1,45.6,422,0.504,0.265811966,,POINT (235359.06430000067 908412.075100001)
7896,GREAT RD @ PERHAM ST,117,5.7,45.6,422,0.504,0.048717949,,POINT (234087.0454000011 908416.6647999994)
7898,BEDFORD ST @ HARTWELL AVE,55,34,44.2,707.1999999,0.484,0.618181818,,POINT (234087.0454000011 908416.6647999994)
7900,BEDFORD ST @ ELDRED ST,55,73,44.2,707.1999999,0.484,1.327272727,,POINT (242297.32680000365 908422.7305000015)
7902,BEDFORD ST OPP SIMONDS RD,55,12,47.4,1691.399999,0.469,0.218181818,,POINT (230044.96350000054 908423.3601000011)
7903,BEDFORD ST @ VALLEY RD,55,8,42.3,1473.999999,0.465,0.145454545,,POINT (248053.28100000322 908424.2738000005)
7904,BEDFORD ST OPP LEDGELAWN AVE,55,7.5,42.3,1473.999999,0.465,0.136363636,,POINT (225015.67149999738 908428.0001000017)
7905,BEDFORD ST @ SUNNY KNOLL AVE,55,18,42.3,1473.999999,0.465,0.327272727,,POINT (242289.005400002 908429.3451999985)
7906,BEDFORD ST @ VAILLE AVE,55,1,42.3,1473.999999,0.465,0.018181818,,POINT (230045.40999999642 908430.3863999993)
7907,BEDFORD ST @ REED ST,55,8.5,47.9,1207.000001,0.461,0.154545455,,POINT (232821.90579999983 908430.752799999)
7908,BEDFORD ST @ HILL ST,55,2.5,47.7,1242.7,0.494,0.045454545,,POINT (224999.99970000237 908434.3126000017)
7909,BEDFORD ST @ TEWKSBURY ST,55,4,47.7,1242.7,0.494,0.072727273,,POINT (234179.09849999845 908447.1519000009)
7910,OPP 57 BEDFORD ST,55,24,47.9,1207.000001,0.461,0.436363636,,POINT (232831.04360000044 908447.382199999)
7911,BEDFORD ST @ WORTHEN RD,117,127.5,47.7,1242.7,0.494,1.08974359,,POINT (236645.33600000292 908450.7072999999)
7912,BEDFORD ST @ HARRINGTON RD,117,0,47.7,1242.7,0.494,0,,POINT (240282.28100000322 908458.3209000006)
7913,MASSACHUSETTS AVE @ OAK ST,117,12.7,42.3,2215.1,0.471,0.108547009,,POINT (247320.81549999863 908459.4056000002)
7914,430 MASSACHUSETTS AVE,117,7.5,42.3,2215.1,0.471,0.064102564,,POINT (239482.42350000143 908463.9292000011)
7915,MASSACHUSETTS AVE @ FOTTLER A,117,12.5,42.3,2215.1,0.471,0.106837607,,POINT (239482.42350000143 908463.9292000011)
7916,MASSACHUSETTS AVE @ CHARLES S,117,23.9,42.3,2215.1,0.471,0.204273504,,POINT (246899.9802000001 908482.7736000009)
7917,MASSACHUSETTS AVE @ BOW ST,117,20.6,42.3,2215.1,0.471,0.176068376,,POINT (228630.79950000346 908490.2507000007)
7918,MASSACHUSETTS AVE @ HIBBERT S,117,20.7,42.3,2215.1,0.471,0.176923077,,POINT (247002.24130000174 908494.1220999993)
7919,MASSACHUSETTS AVE OPP DRAKE R,117,27.1,44.7,3230.4,0.453,0.231623932,,POINT (232033.89400000125 908494.9470999986)
7921,MASSACHUSETTS AVE @ PAUL REVE,117,29.9,44.7,3230.4,0.453,0.255555556,,POINT (235597.96890000254 908497.3194999993)
7922,ARLINGTON HEIGHTS BUSWAY,1440,3432.9,44.7,3230.4,0.453,2.383958333,,POINT (247858.46450000256 908499.9807000011)
7953,SUMMER ST OPP WASHINGTON ST,120,27.5,39.5,4699.200002,0.49,0.229166667,,POINT (246409.46920000017 908505.3159999996)
7954,WASHINGTON ST @ CANDIA ST,120,19,43.1,3446.900004,0.477,0.158333333,,POINT (228628.73129999638 908510.5667000003)
7955,WASHINGTON ST @ RONALD RD,120,73.5,43.1,3446.900004,0.477,0.6125,,POINT (234477.39039999992 908514.7886000015)
7956,WASHINGTON ST @ MOUNTAIN AVE,120,75,44.1,2420.699998,0.488,0.625,,POINT (234385.61670000106 908518.2419000007)
7959,CLYDE TERR @ LAWRENCE LN,120,85,44.1,2420.699998,0.488,0.708333333,,POINT (247220.86190000176 908519.6229000017)
7960,FOREST ST @ THOMAS ST,120,29,44.1,2420.699998,0.488,0.241666667,,POINT (234476.67090000212 908521.1834000014)
7961,FOREST ST @ HEARD RD,240,187.5,45.6,2252.700002,0.471,0.78125,,POINT (235069.82190000266 908527.7377000004)
7962,FOREST ST @ HANCOCK ST,120,32,45.6,2252.700002,0.471,0.266666667,,POINT (235056.43649999797 908529.7987999991)
7963,FOREST ST @ SUNSET RD,120,42.5,40.3,4549.800006,0.481,0.354166667,,POINT (234465.27059999853 908532.5080000013)
7965,SUMMER ST @ WASHINGTON ST,120,39,36,3371.8,0.47,0.325,,POINT (224792.93720000237 908539.0001999997)
7966,SUMMER ST OPP SYMMES RD,120,106,43.2,3472.599998,0.462,0.883333333,,POINT (237081.33600000292 908540.9494000003)
7967,SUMMER ST OPP OAK HILL DR,120,25.5,38.3,2758.900003,0.458,0.2125,,POINT (224786.56180000305 908542.6327)
7968,SUMMER ST OPP RICHFIELD RD,120,20,43.1,2691.000001,0.477,0.166666667,,POINT (242677.60629999638 912417.5711999983)
7969,MILL ST @ MILL BROOK DR,120,110,56.2,3739.899996,0.443,0.916666667,,POINT (246326.8051000014 912417.7903999984)
7976,MILL ST @ BACON ST,120,84,56.2,3739.899996,0.443,0.7,,POINT (242098.87529999763 912418.7489)
7977,SUMMER ST @ WINTHROP RD,120,28,43.1,2691.000001,0.477,0.233333333,,POINT (240365.30610000342 912427.5141999982)
7978,SUMMER ST @ OAK HILL DR,120,16,38.3,2758.900003,0.458,0.133333333,,POINT (239537.9544999972 912430.2353999987)
7979,SUMMER ST @ SYMMES RD,120,66,43.2,3472.599998,0.462,0.55,,POINT (219267.82789999992 912433.3126000017)
7981,SYMMES CIRCLE @ SYMMES RD,120,58.5,43.2,3472.599998,0.462,0.4875,,POINT (229415.02409999818 912439.443500001)
8144,WEBSTER ST @ ELDER ST,122,5.9,40.8,1271.1,0.491,0.048360656,,POINT (239549.21840000153 912446.6152999997)
8145,CHESTNUT ST @ ELLIOT ST,122,76.2,39.8,2187.200002,0.49,0.624590164,,POINT (236583.67880000174 912452.7423)
8146,CHESTNUT ST @ OAK ST,10,10,39.8,2187.200002,0.49,1,,POINT (219263.56620000303 912456.3947999999)
8147,OAK ST @ ELLIOT ST,10,3,39.8,2187.200002,0.49,0.3,,POINT (226880.23480000347 912462.0951000005)
8148,ELLIOT ST @ LINDEN ST,10,1,42.2,2994.400002,0.461,0.1,,POINT (221376.72370000184 912481.0339000002)
8149,ELLIOT ST @ WETHERELL ST,10,0,42.2,2994.400002,0.461,0,,POINT (242578.81889999658 912493.1074000001)
8150,ELLIOT ST @ COLUMBIA AVE,10,7,42.2,2994.400002,0.461,0.7,,POINT (246278.47569999844 912496.6992000006)
8151,ELLIOT ST OPP CHARLES ST,10,1,39.8,2187.200002,0.49,0.1,,POINT (217174.99599999934 912498.4505000003)
8152,WOODWARD ST @ BOYLSTON ST,10,4,42.2,2994.400002,0.461,0.4,,POINT (242218.10909999907 912499.1251000017)
8153,LINCOLN ST @ WOODWARD ST,10,3,46.1,1797.7,0.482,0.3,,POINT (242225.4327000007 912502.4387000017)
8154,LINCOLN ST @ BOWDOIN ST,10,0,46.1,1797.7,0.482,0,,POINT (221361.5544999987 912511.9094999991)
8155,WALNUT ST @ LINCOLN ST,122,1085.9,41.9,2824.699997,0.483,8.900819672,,POINT (242374.96090000123 912515.8374000005)
8156,WALNUT ST @ DUNCKLEE ST,122,6.7,46.1,1797.7,0.482,0.054918033,,POINT (242382.36169999838 912516.2947000004)
8158,WALNUT ST @ BRENTWOOD AVE,122,6.5,47.3,1864.9,0.478,0.053278689,,POINT (242542.23860000074 912523.2707000002)
8159,796 WALNUT ST,122,7.5,47.3,1864.9,0.478,0.06147541,,POINT (245121.79599999636 912523.321800001)
8160,WALNUT ST @ HOMER ST,122,117.9,47.3,1864.9,0.478,0.966393443,,POINT (245564.5148999989 912523.5560000017)
8161,WALNUT ST @ COMMONWEALTH AVE,122,17.8,48.8,1888.299999,0.511,0.145901639,,POINT (236911.47839999944 912527.5333000012)
8162,WALNUT ST @ PROSPECT AVE,122,14,48.8,1888.299999,0.511,0.114754098,,POINT (245458.5842999965 912535.9569000006)
8163,WALNUT ST @ MILL ST,122,8.3,48.8,1888.299999,0.511,0.068032787,,POINT (236973.59849999845 912541.0533000007)
8164,WALNUT ST @ CLYDE ST,122,69.3,43.9,2826.400001,0.458,0.568032787,,POINT (243898.195100002 912544.7179999985)
8165,WALNUT ST OPP OTIS ST,122,42.7,42,2650.5,0.467,0.35,,POINT (229295.7851999998 912546.8473000005)
8166,WALNUT ST @ NEWTONVILLE AVE,122,160.1,42,2650.5,0.467,1.312295082,,POINT (229280.9721999988 912560.9695999995)
8167,WALNUT ST @ WASHINGTON ST,157,249.5,35.8,2365.800001,0.48,1.589171975,,POINT (243920.40789999813 912562.7353000008)
8168,WALNUT ST @ PAGE RD,157,36.6,35.8,2365.800001,0.48,0.233121019,,POINT (245420.57159999758 912565.3986999989)
8169,WATERTOWN ST @ CRAFTS ST,122,20.7,43.6,2610.899999,0.476,0.169672131,,POINT (239579.90250000358 912566.1501999982)
8170,WATERTOWN ST @ ADAMS ST,122,134.9,37.1,4506.600002,0.473,1.105737705,,POINT (243976.54179999977 912586.2855000012)
8171,WATERTOWN ST @ CHAPEL ST,152,126.7,37.1,4506.600002,0.473,0.833552632,,POINT (244054.4491999969 912592.0839000009)
8172,WATERTOWN ST @ PEARL ST,122,61,42.3,3229.1,0.484,0.5,,POINT (245395.39559999853 912592.8330999985)
8173,WATERTOWN ST @ WASHBURN ST,122,17.2,36.4,3699.700005,0.491,0.140983607,,POINT (240336.47940000147 912593.6075999998)
8174,WATERTOWN ST @ POND ST,122,26.7,36.4,3699.700005,0.491,0.218852459,,POINT (226810.28580000252 912597.7151999995)
8175,WATERTOWN ST @ MORSE ST,122,45.7,36.4,3699.700005,0.491,0.374590164,,POINT (239581.07410000265 912598.9600000009)
8176,WATERTOWN ST @ FIFTH AVE,122,9.5,36.4,3699.700005,0.491,0.077868852,,POINT (244243.44259999692 912599.3511999995)
8177,WATERTOWN ST @ ALDRICH RD,122,68.3,36.4,3699.700005,0.491,0.559836066,,POINT (243963.4781000018 912600.3213)
8178,WATERTOWN SQ TERMINAL,1301,5540.8,37.7,3321.900004,0.491,4.258877786,,POINT (244395.73260000348 912612.2666000016)
8180,WATERTOWN ST OPP ALDRICH RD,117,18.7,37.9,4869.999998,0.481,0.15982906,,POINT (230235.03769999743 915456.7793999985)
8181,WATERTOWN ST @ FIFTH ST,117,17.2,36.4,3699.700005,0.491,0.147008547,,POINT (230269.98170000315 915460.0943000019)
8182,WATERTOWN ST OPP MORSE ST,117,43,36.4,3699.700005,0.491,0.367521368,,POINT (244462.5107000023 915484.2329999991)
8183,WATERTOWN ST OPP POND ST,117,23.7,36.4,3699.700005,0.491,0.202564103,,POINT (249446.4817999974 915488.3691999987)
8185,WATERTOWN ST OPP PEARL ST,117,86.2,42.3,3229.1,0.484,0.736752137,,POINT (249481.98470000178 915529.1037000008)
8186,WATERTOWN ST @ CHAPEL ST,117,111.1,37.1,4506.600002,0.473,0.94957265,,POINT (246270.91359999776 915532.5390999988)
8187,WATERTOWN ST @ ADAMS ST,152,182,37.1,4506.600002,0.473,1.197368421,,POINT (235415.92589999735 915537.0595999993)
8188,503 WATERTOWN ST,117,22.2,36.4,3582.000006,0.479,0.18974359,,POINT (243748.76950000226 915548.6403999999)
8189,WALNUT ST @ WATERTOWN ST,162,165,35.8,2365.800001,0.48,1.018518519,,POINT (243743.4748999998 915552.0012000017)
8192,WALNUT ST @ OTIS ST,117,45.6,42,2650.5,0.467,0.38974359,,POINT (228511.39940000325 915553.9715000018)
8193,WALNUT ST @ CLYDE ST,117,130.7,43.9,2826.400001,0.458,1.117094017,,POINT (228511.39940000325 915553.9715000018)
8194,WALNUT ST @ MILL ST,117,4.3,48.8,1888.299999,0.511,0.036752137,,POINT (235418.5725999996 915557.0753999986)
8195,WALNUT ST @ PROSPECT AVE,117,12.4,48.8,1888.299999,0.511,0.105982906,,POINT (249511.04389999807 915561.5533000007)
8196,WALNUT ST @ COMMONWEALTH AVE,117,19.5,48.8,1888.299999,0.511,0.166666667,,POINT (246303.37099999934 915574.123300001)
8197,WALNUT ST @ HOMER ST,117,98.7,45.2,925.5999994,0.466,0.843589744,,POINT (250943.58600000292 915578.6944000013)
8198,791 WALNUT ST,117,9,45.2,925.5999994,0.466,0.076923077,,POINT (250959.78059999645 915595.2919999994)
8199,WALNUT ST @ BRENTWOOD AVE,117,6.4,47.3,1864.9,0.478,0.054700855,,POINT (244506.59070000052 915597.8493000008)
8200,WALNUT ST @ BEACON ST,117,114,47.3,1864.9,0.478,0.974358974,,POINT (243657.19179999828 915606.8084999993)
8202,WALNUT ST @ DUNCKLEE ST,117,4,46.1,1797.7,0.482,0.034188034,,POINT (243657.19179999828 915606.8084999993)
8203,WALNUT ST @ LINCOLN ST,117,1134.6,46.1,1797.7,0.482,9.697435897,,POINT (224915.46549999714 915614.8539999984)
8204,69 LINCOLN ST,10,3,46.1,1797.7,0.482,0.3,,POINT (244508.46360000223 915630.2069000006)
8205,LINCOLN ST @ BOWDOIN ST,10,0,46.1,1797.7,0.482,0,,POINT (222604.9544999972 915666.560899999)
8206,LINCOLN ST @ WOODWARD ST,10,1,46.1,1797.7,0.482,0.1,,POINT (222604.9544999972 915666.560899999)
8207,WOODWARD ST @ BOYLSTON ST,10,4,45.5,2185.9,0.493,0.4,,POINT (225258.2128000036 915666.9945)
8208,ELLIOT ST @ CHARLES ST,10,3,42.2,2994.400002,0.461,0.3,,POINT (249609.04680000246 915672.1878000014)
8209,ELLIOT ST @ COLUMBIA AVE,10,6,42.2,2994.400002,0.461,0.6,,POINT (249614.92210000008 915678.4268999994)
8210,ELLIOT ST @ COTTAGE ST,10,2,42.2,2994.400002,0.461,0.2,,POINT (218163.3747999966 915707.7503000014)
8211,ELLIOT ST @ LINDEN ST,10,6,42.2,2994.400002,0.461,0.6,,POINT (218163.3747999966 915707.7503000014)
8212,OAK ST @ ELLIOT ST,10,5,39.8,2187.200002,0.49,0.5,,POINT (225212.95069999993 915718.7815000005)
8213,OAK ST @ CHESTNUT ST,10,13,39.8,2187.200002,0.49,1.3,,POINT (251196.7928000018 915725.6169999987)
8229,CAMBRIDGE ST OPP WILMINGTON R,253,70.1,43.8,1258.2,0.489,0.277075099,,POINT (251201.5772999972 915729.1928000003)
8230,CAMBRIDGE ST OPP CHESTNUT AVE,253,6.7,43.8,1258.2,0.489,0.026482213,,POINT (232858.936999999 915734.2503999993)
8231,CAMBRIDGE ST @ GREAT PINES AV,253,29,44.3,1014.7,0.481,0.114624506,,POINT (244500.28029999882 915735.0188000016)
8232,CAMBRIDGE ST OPP SKILTON LN,253,38.9,44.3,1014.7,0.481,0.153754941,,POINT (244498.3571999967 915754.2366999984)
8233,CAMBRIDGE ST @ TERRY AVE,253,80.4,44.3,1014.7,0.481,0.317786561,,POINT (235456.3024000004 915765.2417000011)
8234,CAMBRIDGE ST @ CHURCH LN,253,26.5,43.8,1258.2,0.489,0.104743083,,POINT (232842.999499999 915765.5003000014)
8235,CAMBRIDGE ST @ BEDFORD ST,253,118,43.8,1258.2,0.489,0.466403162,,POINT (243427.7030000016 915768.0003999993)
8236,127 CAMBRIDGE ST OPP CEDARWOO,253,23.9,49.5,626.3,0.471,0.094466403,,POINT (235455.0020999983 915771.7210000008)
8237,CAMBRIDGE ST OPP BIRCHCREST S,253,15.6,46.4,722.9000001,0.463,0.061660079,,POINT (243412.48430000246 915780.8126999997)
8239,99 CAMBRIDGE ST,253,19.6,46.4,722.9000001,0.463,0.077470356,,POINT (225177.59350000322 915803.8126999997)
8240,CAMBRIDGE ST @ BURLINGTON MAL,253,29.2,49.5,626.3,0.471,0.11541502,,POINT (228421.00930000097 915806.3462999985)
8241,CAMBRIDGE ST @ WAYSIDE RD,253,107.3,44.4,384.6,0.45,0.424110672,,POINT (236701.98170000315 906545.0793999992)
8242,CAMBRIDGE ST @ LINCOLN KNOLL,253,71.2,43.2,1018.7,0.493,0.281422925,,POINT (231440.04320000112 906545.2842000015)
8243,CAMBRIDGE ST OPP RAY AVE,253,55.7,43.2,1018.7,0.493,0.220158103,,POINT (231440.04320000112 906545.2842000015)
8244,CAMBRIDGE RD @ S BEDFORD RD,253,46.9,50.4,900.7,0.487,0.185375494,,POINT (240058.15680000186 906551.8436999992)
8245,81 CAMBRIDGE RD OPP LOCUST ST,253,44.1,37.2,3243.900003,0.48,0.1743083,,POINT (220292.86129999906 906556.0625)
8247,CAMBRIDGE RD @ REVERE RD,253,26.5,37.2,3243.900003,0.48,0.104743083,,POINT (228054.76120000333 906558.9629000016)
8248,CAMBRIDGE RD @ RUSSELL ST,168,220,49.4,978.0000001,0.474,1.30952381,,POINT (234040.16870000213 906560.8420999981)
8249,205 CAMBRIDGE RD OPP DAY CIRC,168,0,48.4,824.2999997,0.468,0,,POINT (234551.58829999715 906564.2782000005)
8250,223 CAMBRIDGE RD OPP CRAWFORD,168,14.7,48.4,824.2999997,0.468,0.0875,,POINT (234544.77130000293 906566.0329999998)
8251,CAMBRIDGE RD @ PARKER ST,168,2.5,49.4,978.0000001,0.474,0.014880952,,POINT (241699.90119999647 906574.7818000019)
8252,259 CAMBRIDGE RD,168,10.6,48.4,824.2999997,0.468,0.063095238,,POINT (226765.54670000076 906575.6875)
8253,CAMBRIDGE RD @ CRESCENT PARK,168,29.2,49.4,978.0000001,0.474,0.173809524,,POINT (241680.28700000048 906576.553199999)
8254,CAMBRIDGE RD @ WAINWRIGHT RD,168,91.2,48.4,824.2999997,0.468,0.542857143,,POINT (241830.02369999886 906576.9235000014)
8257,CAMBRIDGE ST OPP POND ST,168,88.4,44.8,1164.1,0.481,0.526190476,,POINT (236724.97249999642 906578.2646999992)
8259,CAMBRIDGE ST @ WILDWOOD ST,168,24.7,44.8,1164.1,0.481,0.14702381,,POINT (220274.09820000082 906583.6347000003)
8260,CAMBRIDGE ST @ BLOSSOM HILL R,168,12.1,44.8,1164.1,0.481,0.07202381,,POINT (229078.02839999646 906588.0326999985)
8261,CAMBRIDGE ST @ ONEIDA RD,168,2,44.8,1164.1,0.481,0.011904762,,POINT (236029.633100003 906594.4384000003)
8262,CAMBRIDGE ST @ HIGH ST,168,28.4,44.8,1164.1,0.481,0.169047619,,POINT (241529.64410000294 906597.6700000018)
8264,CAMBRIDGE ST @ MYOPIA RD,168,16.8,45.7,777.7000001,0.506,0.1,,POINT (232129.97649999708 906600.1534999982)
8267,26 CAMBRIDGE ST,168,7.5,45.7,777.7000001,0.506,0.044642857,,POINT (234409.04299999774 906601.2806999981)
8269,MYSTIC ST @ OLD MYSTIC ST,168,39.4,46.7,965.9,0.465,0.23452381,,POINT (240428.6451999992 906607.7021000013)
8270,MYSTIC ST @ FALMOUTH RD,168,68.2,46.7,965.9,0.465,0.405952381,,POINT (226822.379900001 906613.8390999995)
8271,294 MYSTIC ST OPP BEVERLY RD,168,23.6,43.1,2691.000001,0.477,0.14047619,,POINT (236027.59809999913 906615.0051999986)
8272,MYSTIC ST @ COLUMBIA RD,168,57.4,46.7,965.9,0.465,0.341666667,,POINT (234345.6649999991 906618.2102000006)
8273,MYSTIC ST @ VICTORIA RD,168,23.8,46.7,2328.299998,0.432,0.141666667,,POINT (240862.3642999977 906623.0436999984)
8274,144 MYSTIC ST OPP RANGELY RD,168,42.5,46.7,2328.299998,0.432,0.25297619,,POINT (240862.3642999977 906623.0436999984)
8275,MYSTIC ST @ RUSSELL ST,168,48.9,56.2,3739.899996,0.443,0.291071429,,POINT (229046.09380000085 906624.1141000018)
8279,TREMONT ST @ BOYLSTON STATION,1064,2222.4,24.5,12.20000002,0.25,2.088721805,,POINT (234227.58659999818 906625.3698000014)
8281,285 TREMONT ST,202,49.9,20.9,27565.9001,0.422,0.247029703,,POINT (229696.14890000224 906626.0876999982)
8285,WATERTOWN ST @ CRAFTS ST,117,15.3,43.6,2610.899999,0.476,0.130769231,,POINT (229690.23089999706 906630.0898999982)
8291,MAIN ST @ EVANS ST,465,22.6,38.7,5606.099997,0.478,0.048602151,,POINT (238690.61509999633 906638.370099999)
8292,590 MAIN ST OPP HERSON ST,465,254.4,38.7,5606.099997,0.478,0.547096774,,POINT (241426.4522999972 906645.9367999993)
8293,MAIN ST @ PILGRIM RD,465,287.7,38.7,5606.099997,0.478,0.618709677,,POINT (232490.2730000019 906646.4734000005)
8294,MAIN ST @ OAKLAND ST,465,108.4,38.7,5606.099997,0.478,0.23311828,,POINT (240597.17360000312 906647.5029999986)
8295,MAIN ST @ FRENCH ST,465,418.3,36.8,3541.199999,0.482,0.899569892,,POINT (240597.17360000312 906647.5029999986)
8296,MAIN ST @ GREEN ST,465,404,39.1,7296.09999,0.496,0.868817204,,POINT (234199.96119999886 906648.8856999986)
8297,MAIN ST @ CROSS ST,465,1807.2,36.7,5152.500007,0.499,3.886451613,,POINT (234225.61710000038 906650.0428999998)
8298,MAIN ST @ HOWARD ST,465,541.9,36.8,3541.199999,0.482,1.165376344,,POINT (234583.68140000105 906652.6193999983)
8301,FELLSWAY W @ ELM ST,261,172.4,41,4049.999992,0.463,0.660536398,,POINT (236777.10849999636 906656.3803999983)
8302,FELLSWAY W OPP ELM ST,263,199.2,42.2,121,0.502,0.757414449,,POINT (240120.74650000036 906656.5637000017)
8303,FELLSWAY W @ S BORDER RD,263,53.6,42.2,121,0.502,0.203802281,,POINT (237077.42230000347 908544.9523000009)
8304,FELLSWAY W @ FULTON ST,263,165.5,40.7,3721.400001,0.479,0.629277567,,POINT (226851.96029999852 908547.4688000008)
8305,FELLSWAY W @ PARIS ST,263,81.3,40.7,3721.400001,0.479,0.309125475,,POINT (234564.20489999652 908548.4404999986)
8306,FELLSWAY W @ CHERRY ST,263,35.3,32.8,9159.999977,0.49,0.134220532,,POINT (230857.12849999964 908551.4926000014)
8307,FELLSWAY W @ GRANT AVE,263,74.1,32.8,9159.999977,0.49,0.281749049,,POINT (234600.12259999663 908554.5034000017)
8308,SALEM ST @ FELLSWAY W,294,661.8,35.3,5028.499996,0.478,2.251020408,,POINT (234859.302199997 908555.5007000007)
8311,FELLSWAY W @ SALEM ST,261,252.4,38.7,3749.400001,0.502,0.967049808,,POINT (234997.70289999992 908556.8126999997)
8313,FELLSWAY W @ FERN RD,261,99.4,38.7,3749.400001,0.502,0.380842912,,POINT (236215.8769999966 908570.4503999986)
8314,FELLSWAY W @ FULTON ST,261,166.6,38.7,3749.400001,0.502,0.638314176,,POINT (247661.25569999963 908577.5381000005)
8315,FELLSWAY W @ RIDGEWAY RD,261,55.1,44.2,3195.699998,0.485,0.211111111,,POINT (224101.3105000034 908578.6217)
8317,FELLSWAY W @ FOSS ST,261,70.3,42.2,121,0.502,0.269348659,,POINT (224103.03029999882 908586.5359999985)
8318,7 SOHIER RD,15,1.5,36.4,4093.899998,0.466,0.1,,POINT (236244.00339999795 908588.7895000018)
8319,SOHIER RD @ STORY AVE,15,2,36.9,896.5000003,0.493,0.133333333,,POINT (239330.39069999754 908597.316399999)
8320,SOHIER RD @ BEVERLY HIGH SCHO,15,4,36.9,896.5000003,0.493,0.266666667,,POINT (224386.91939999908 908597.7107000016)
8323,SOHIER RD @ BEVERLY HIGH SCHO,15,1.5,36.9,896.5000003,0.493,0.1,,POINT (224386.91939999908 908597.7107000016)
8324,SOHIER RD OPP STORY AVE,15,5.5,36.9,896.5000003,0.493,0.366666667,,POINT (234878.85230000317 908601.3031000011)
8325,22 SOHIER RD,15,0,36.4,4093.899998,0.466,0,,POINT (247521.59350000322 908608.6928999983)
8326,ADAMS ST @ PARKMAN ST,70,57.5,34.4,12180.89998,0.485,0.821428571,,POINT (230788.83579999954 908612.2272000015)
8327,NEPONSET AVE @ VICTORY RD,160,61.5,35.2,6195.700013,0.471,0.384375,,POINT (235632.80409999937 908616.5170000009)
8328,1 W MILTON ST OPP ERNEST AVE,50,7.5,38,2044.799998,0.465,0.15,,POINT (239307.53239999712 908617.9439000003)
8329,49 W MILTON ST OPP W MILTON P,50,10,38,2044.799998,0.465,0.2,,POINT (236562.37929999828 908620.7408000007)
8330,113 W MILTON ST OPP PINE AVE,50,1.5,38,2044.799998,0.465,0.03,,POINT (236562.37929999828 908620.7408000007)
8331,READVILLE ST @ W MILTON ST,50,39,37.2,1954.699999,0.485,0.78,,POINT (247435.9294999987 908622.5280999988)
8332,READVILLE ST OPP COMO RD,50,12.5,38,2044.799998,0.465,0.25,,POINT (230100.48309999704 908623.3861000016)
8333,READVILLE ST @ ALBERMARLE ST,50,38,37.2,1954.699999,0.485,0.76,,POINT (235732.96899999678 908625.9664999992)
8335,NEPONSET VALLEY PARKWAY @ REA,110,309.5,37.2,1954.699999,0.485,2.813636364,,POINT (224551.27390000224 908627.817400001)
8336,KENNEDY DR @ MAIN STOP,257,482.7,32.4,8273.099991,0.512,1.878210117,,POINT (236799.04850000143 908628.8000000007)
8337,RIVER ST OPP TURTLE POND PKWY,11,4.1,23.5,2.4,0.571,0.372727273,,POINT (230087.92610000074 908628.9241999984)
8338,KENNEDY DR @ BLDG 184,202,262.3,32.4,8273.099991,0.512,1.298514851,,POINT (224531.79670000076 908631.9373999983)
8339,MAIN ST @ GILBERT ST,465,311.9,38.7,5606.099997,0.478,0.670752688,,POINT (236644.46419999748 908650.9543999992)
8340,VICTORY RD @ PURITAN MALL DRI,73,42.9,36.6,1798.900001,0.508,0.587671233,,POINT (235631.14159999788 908651.3273999989)
8341,PURITAN MALL SERVICE RD,73,31.3,36.6,1798.900001,0.508,0.428767123,,POINT (227169.6673000008 908652.887600001)
8342,FREEPORT ST @ MORRISEY BLVD,73,259.7,35.1,3311.6,0.476,3.557534247,,POINT (230735.0151000023 908653.3123999983)
8343,OPP 1557 RIVER ST,11,5,37.2,1954.699999,0.485,0.454545455,,POINT (236652.49660000205 908653.3249000013)
8344,RIVER ST @ RESERVATION RD,11,19.4,37.2,5953.199995,0.463,1.763636364,,POINT (236961.5047999993 908663.6829000004)
8390,BAKER ST OPP WYCLIFF AVE,65,72,46.3,1998.699999,0.5,1.107692308,,POINT (237756.21829999983 908666.9899000004)
8391,BAKER ST OPP DUNWELL ST,65,93.5,46.3,1998.699999,0.5,1.438461538,,POINT (236837.23920000345 908667.6114999987)
8392,BAKER ST @ CUTTER RD,65,3.5,45,2772.300003,0.477,0.053846154,,POINT (235047.76519999653 908667.8751999997)
8393,BAKER ST @ RUMFORD RD,65,8,45,2772.300003,0.477,0.123076923,,POINT (235816.882600002 908668.5648999996)
8394,BAKER ST @ VARICK RD,65,35,45,2772.300003,0.477,0.538461538,,POINT (246496.78410000354 908683.7784000002)
8428,MASSACHUSETTS AVE OPP PAUL RE,117,56.3,44.7,3230.4,0.453,0.481196581,,POINT (240182.3947999999 908686.0703000017)
8429,MASSACHUSETTS AVE @ DRAKE RD,117,16.4,44.7,3230.4,0.453,0.14017094,,POINT (240333.0898000002 912614.4061000012)
8430,MASSACHUSETTS AVE OPP SYLVIA,117,23.9,42.3,2215.1,0.471,0.204273504,,POINT (236030.4151000008 912618.2034999989)
8431,MASSACHUSETTS AVE @ BOW ST,117,16.7,42.3,2215.1,0.471,0.142735043,,POINT (236030.4151000008 912618.2034999989)
8432,MASSACHUSETTS AVE OPP CHARLES,117,15.9,42.3,2215.1,0.471,0.135897436,,POINT (245217.66820000112 912630.5324000008)
8433,MASSACHUSETTS AVE @ FOTTLER A,117,14.7,42.3,2215.1,0.471,0.125641026,,POINT (245324.35899999738 912635.7670999989)
8434,OPP 430 MASSACHUSETTS AVE,117,6.7,42.3,2215.1,0.471,0.057264957,,POINT (221314.27380000055 912637.0452999994)
8435,MASSACHUSETTS AVE OPP OAK ST,117,12.5,42.3,2215.1,0.471,0.106837607,,POINT (221314.27380000055 912637.0452999994)
8436,MASSACHUSETTS AVE OPP PLEASAN,167,75.9,47.3,678.3999999,0.496,0.454491018,,POINT (244531.1868999973 912638.3409000002)
8437,BEDFORD ST @ HARRINGTON RD,117,11.9,50.9,1013.6,0.47,0.101709402,,POINT (245933.4605000019 912659.2765000015)
8438,BEDFORD ST OPP WORTHEN RD,117,110.5,47.7,1242.7,0.494,0.944444444,,POINT (244021.3920999989 912664.1235000007)
8439,57 BEDFORD ST,55,58,47.9,1207.000001,0.461,1.054545455,,POINT (244274.17880000174 912673.2107000016)
8440,BEDFORD ST @ TEWKSBURY ST,55,1.5,47.7,1242.7,0.494,0.027272727,,POINT (246033.6758000031 912677.0150000006)
8441,BEDFORD ST @ REVERE ST,55,11.5,47.7,1242.7,0.494,0.209090909,,POINT (244741.9808000028 912678.1572999991)
8442,BEDFORD ST @ LARCHMONT LN,55,4.5,47.9,1207.000001,0.461,0.081818182,,POINT (226764.9373999983 912685.6876999997)
8443,BEDFORD ST OPP VAILLE AVE,55,3,42.3,1473.999999,0.465,0.054545455,,POINT (246053.1629000008 912686.3302999996)
8444,BEDFORD ST OPP SUNNY KNOLL AV,55,15.5,42.3,1473.999999,0.465,0.281818182,,POINT (244826.13599999994 912693.7478)
8445,BEDFORD ST @ LEDGELAWN AVE,55,7,47.9,1207.000001,0.461,0.127272727,,POINT (244396.97800000012 912701.0788999982)
8446,BEDFORD ST @ N HANCOCK ST,55,5,42.3,1473.999999,0.465,0.090909091,,POINT (246157.29339999706 912705.4188000001)
8447,BEDFORD ST @ SIMONDS RD,55,25.5,47.4,1691.399999,0.469,0.463636364,,POINT (246157.29339999706 912705.4188000001)
8448,343 BEDFORD ST,55,0,42.3,1473.999999,0.465,0,,POINT (244502.2879000008 912705.7716000006)
8449,BEDFORD ST @ ELDRED ST,55,25,41.7,231.9,0.475,0.454545455,,POINT (243110.0379000008 912707.2410000004)
8450,BEDFORD ST @ NATIONAL GUARD A,55,60,41.7,231.9,0.475,1.090909091,,POINT (244599.09369999915 912710.1647000015)
8451,BEDFORD ST OPP HARTWELL AVE,55,34.5,41.7,231.9,0.475,0.627272727,,POINT (243099.96869999915 912711.9901)
8453,GREAT RD @ PERHAM ST,117,13,45.6,422,0.504,0.111111111,,POINT (245812.92350000143 912717.0747999996)
8455,GREAT RD @ SHAWSHEEN RD,117,53.3,45.6,422,0.504,0.455555556,,POINT (245740.89919999987 912723.6050999984)
8457,GREAT RD @ SHOPPING CENTER,117,98,45.6,422,0.504,0.837606838,,POINT (229180.11079999804 912727.1856999993)
8458,GREAT RD OPP ROBERTS DR,117,6.7,45.5,995.6,0.476,0.057264957,,POINT (244804.01529999822 912729.8753000014)
8459,GREAT RD @ BROOKSBIE RD,117,11.2,45.5,995.6,0.476,0.095726496,,POINT (240309.92149999738 912738.0001999997)
8460,LOOMIS ST @ GREAT RD,117,85.8,45.5,995.6,0.476,0.733333333,,POINT (245512.93379999697 912740.8044999987)
8462,LOOMIS ST @ HARTFORD ST,117,60.1,42.6,948.8999999,0.474,0.513675214,,POINT (229170.86630000174 912744.1787)
8464,SOUTH RD @ HARTFORD ST,117,2,42.6,948.8999999,0.474,0.017094017,,POINT (246331.97640000284 912746.2098000012)
8465,SOUTH RD @ CRESCENT AVE,117,3,42.6,948.8999999,0.474,0.025641026,,POINT (243265.62950000167 912746.5986000001)
8466,SOUTH RD @ GREAT RD,117,89.4,42.6,948.8999999,0.474,0.764102564,,POINT (243272.10419999808 912748.5727000013)
8467,SPRINGS RD @ HANCOCK ST,117,27.7,42.6,948.8999999,0.474,0.236752137,,POINT (239581.2920999974 912749.7840999998)
8468,SPRINGS RD @ HILLSIDE AVE,117,8.2,42.6,948.8999999,0.474,0.07008547,,POINT (246352.22929999977 912750.8374000005)
8471,BEDFORD VA HOSPITAL @ MIDDLES,234,507.5,59.5,373.6999999,0.716,2.168803419,,POINT (239591.37460000068 912762.6248999983)
8473,BAKER ST @ VFW PKWY,65,6.5,47.9,923.9999998,0.463,0.1,,POINT (245157.28149999678 912762.8696000017)
8474,SPIERS RD @ JUNE LN,65,1,52.9,498.7,0.449,0.015384615,,POINT (239569.5577000007 912763.2602999993)
8476,SAWMILL BROOK PKWY @ MCCARTHY,65,3.5,45,2284.299999,0.486,0.053846154,,POINT (239721.15590000153 912765.1680999994)
8477,SAWMILL BROOK PKWY @ KELLER P,65,9,45,2284.299999,0.486,0.138461538,,POINT (239744.1900999993 912765.8372000009)
8478,SAWMILL BROOK PKWY @ SPIERS R,65,6.5,45,2284.299999,0.486,0.1,,POINT (236045.12730000168 912767.5403999984)
8480,WISWALL RD @ WALSH RD,65,2.5,45,2284.299999,0.486,0.038461538,,POINT (245086.8500000015 912771.4039000012)
8481,WISWALL RD @ CHINIAN PATH,65,10,52.9,498.7,0.449,0.153846154,,POINT (235416.37319999933 916221.0976000018)
8482,WISWALL RD @ SHUMAKER PATH,65,10,52.9,498.7,0.449,0.153846154,,POINT (222009.7066999972 916222.6000999995)
8483,WISWALL RD @ MCCARTHY RD,65,7,45,2284.299999,0.486,0.107692308,,POINT (252236.86320000142 916270.3035999984)
8484,WISWALL RD @ INDIAN RIDGE RD,65,14,45,2284.299999,0.486,0.215384615,,POINT (252242.07100000232 916272.5478999987)
8485,WISWALL RD @ DEDHAM ST,65,0,52.9,498.7,0.449,0,,POINT (218530.17629999667 916273.7230000012)
8486,DEDHAM ST OPP WISWALL RD,65,5,52.9,498.7,0.449,0.076923077,,POINT (218532.92289999872 916279.9787000008)
8489,DEDHAM ST @ ROSALIE RD,65,3,52.9,498.7,0.449,0.046153846,,POINT (225121.06059999764 916280.3137000017)
8490,DEDHAM ST @ ARNOLD ST,65,0,52.9,498.7,0.449,0,,POINT (235404.78109999746 916293.1196000017)
8491,DEDHAM ST @ GREENWOOD ST,65,2.5,46.8,1596.9,0.489,0.038461538,,POINT (249726.2031000033 916300.4373999983)
8492,DEDHAM ST @ MEADOWBROOK RD,65,11.5,48,1152.7,0.499,0.176923077,,POINT (228283.92069999874 916324.0808999985)
8495,PARKER ST @ WHEELER RD,65,16.5,44.6,2500.699998,0.48,0.253846154,,POINT (246648.8281000033 916328.5001000017)
8496,PARKER ST @ ROOSEVELT RD,65,26,48,1152.7,0.499,0.4,,POINT (246666.30370000005 916328.9076000005)
8497,PARKER ST @ HAGEN RD,65,8.5,48,1152.7,0.499,0.130769231,,POINT (244615.59669999778 916330.3731000014)
8498,288 PARKER ST OPP PARKER AVE,65,3,44.6,2500.699998,0.48,0.046153846,,POINT (249722.7655000016 916336.1253000014)
8499,PARKER ST @ BOYLSTON ST,65,36.5,44.5,2446.100001,0.485,0.561538462,,POINT (244617.4373999983 916340.5003000014)
8500,200 PARKER ST OPP STEARNS ST,65,2,44.5,2446.100001,0.485,0.030769231,,POINT (252383.0781000033 916371.4998999983)
8501,PARKER ST @ GLENWOOD AVE,65,46,44.5,2446.100001,0.485,0.707692308,,POINT (228276 916374.9998999983)
8502,PARKER ST @ CYPRESS ST,65,16,45.1,2916.599999,0.482,0.246153846,,POINT (252393.49059999734 916386.3982000016)
8503,CYPRESS ST @ BRAELAND AVE,65,136.5,45.1,2916.599999,0.482,2.1,,POINT (218583.9600000009 916395.2679000013)
8504,CENTRE ST @ BEACON ST,65,95.5,42,1990.8,0.495,1.469230769,,POINT (218583.9600000009 916395.2679000013)
8505,CENTRE ST @ LANGLEY RD,65,43,42,1990.8,0.495,0.661538462,,POINT (225141.59860000014 916408.6688000001)
8506,CENTRE ST @ GIBBS ST,65,16,47.3,1864.9,0.478,0.246153846,,POINT (235405.01609999686 916434.5177000016)
8507,CENTRE ST @ COMMONWEALTH AVE,65,19,42,1990.8,0.495,0.292307692,,POINT (246760.79580000043 916442.5577999987)
8508,CENTRE ST @ WARD ST,65,27.5,43.9,2391.000002,0.503,0.423076923,,POINT (246748.0454000011 916449.2507999986)
8509,CENTRE ST @ ALDERWOOD RD,65,5,48.5,2287.800001,0.485,0.076923077,,POINT (235406.6405000016 916457.1460999995)
8510,CENTRE ST @ COTTON ST,65,40.5,22.4,1995.3,0.473,0.623076923,,POINT (249733.81949999928 916490.2496999986)
8511,790 CENTRE ST,65,31,22.4,1995.3,0.473,0.476923077,,POINT (249733.81949999928 916490.2496999986)
8512,CENTRE ST @ SARGENT ST,65,15.5,22.4,1995.3,0.473,0.238461538,,POINT (243483.35890000314 916497.625)
8513,CENTRE ST @ GEORGE ST,65,13.5,22.4,1995.3,0.473,0.207692308,,POINT (243466.52560000122 916506.818599999)
8514,CENTRE ST @ HYDE AVE,65,0,22.4,1995.3,0.473,0,,POINT (225150.31549999863 916511.6275000013)
8515,CENTRE ST @ NEWTONVILLE AVE,65,9,22.4,1995.3,0.473,0.138461538,,POINT (246826.4372999966 916529.0003000014)
8516,CENTRE ST @ CHURCH ST,65,35,43.4,3329.999998,0.448,0.538461538,,POINT (246817.04930000007 916534.5964000002)
8517,CENTRE ST @ CHURCH ST,65,45,43.4,3329.999998,0.448,0.692307692,,POINT (252536.78440000117 916537.4002999999)
8518,CENTRE ST @ NEWTONVILLE AVE,65,8,22.4,1995.3,0.473,0.123076923,,POINT (252543.04640000314 916542.2503999993)
8519,CENTRE ST @ BELLEVUE ST,65,7.5,22.4,1995.3,0.473,0.115384615,,POINT (225145.51519999653 916566.4378000014)
8520,CENTRE ST @ LOMBARD ST,65,6,22.4,1995.3,0.473,0.092307692,,POINT (249732.35890000314 916582.0625)
8521,CENTRE ST @ CABOT ST,65,29,22.4,1995.3,0.473,0.446153846,,POINT (227753.71920000017 916582.7523999996)
8522,785 CENTRE ST,65,25.5,22.4,1995.3,0.473,0.392307692,,POINT (243320.1718999967 916585.1528000012)
8523,CENTRE ST @ COTTON ST,65,40,22.4,1995.3,0.473,0.615384615,,POINT (244859.85859999806 916592.7705000006)
8524,CENTRE ST @ MILL ST,65,6.5,43.9,2391.000002,0.503,0.1,,POINT (244859.85859999806 916592.7705000006)
8525,CENTRE ST @ WARD ST,65,16.5,43.9,2391.000002,0.503,0.253846154,,POINT (243302.92369999737 916594.2177000009)
8526,CENTRE ST @ COMMONWEALTH AVE,65,9,42,1990.8,0.495,0.138461538,,POINT (232107.2023999989 906662.2789000012)
8527,CENTRE ST @ BOWEN ST,65,26.5,47.3,1864.9,0.478,0.407692308,,POINT (226675.52619999647 906673.0458999984)
8528,CENTRE ST @ BEACON ST,65,177,44.5,2446.100001,0.485,2.723076923,,POINT (234155.10909999907 906675.8126999997)
8529,CYPRESS ST @ BRAELAND AVE,65,73,45.1,2916.599999,0.482,1.123076923,,POINT (234155.10909999907 906675.8126999997)
8530,PARKER ST @ CYPRESS ST,65,9,45.1,2916.599999,0.482,0.138461538,,POINT (226430.0929000005 906677.6512000002)
8531,PARKER ST @ ATHELSTANE RD,65,64,44.5,2446.100001,0.485,0.984615385,,POINT (238677.05820000172 906685.1757999994)
8532,PARKER ST @ STEARNS ST,65,2,45.1,2916.599999,0.482,0.030769231,,POINT (240299.69829999655 906686.5793999992)
8533,PARKER ST @ BOYLSTON ST,65,24.5,44.5,2446.100001,0.485,0.376923077,,POINT (237394.27220000327 906688.7408999987)
8534,PARKER ST @ PARKER AVE,65,3.5,48,1152.7,0.499,0.053846154,,POINT (241129.40590000153 906689.1708000004)
8535,PARKER ST @ HAGEN RD,65,14,48,1152.7,0.499,0.215384615,,POINT (232456.21069999784 906694.4208999984)
8536,PARKER ST @ PARKER RD,65,12.5,48,1152.7,0.499,0.192307692,,POINT (233565.0204000026 906695.4941000007)
8537,PARKER ST OPP WHEELER RD,65,7,44.6,2500.699998,0.48,0.107692308,,POINT (237396.54680000246 906700.6253000014)
8540,DEDHAM ST OPP MEADOWBROOK RD,65,7,52.9,498.7,0.449,0.107692308,,POINT (241715.79670000076 906702.5001999997)
8541,DEDHAM ST OPP GREENWOOD ST,65,1,46.8,1596.9,0.489,0.015384615,,POINT (220175.98700000346 906702.9439999983)
8542,DEDHAM ST OPP ARNOLD RD,65,0,46.8,1596.9,0.489,0,,POINT (220173.39169999957 906705.4228000008)
8544,DEDHAM ST @ CARLSON AVE,65,16.5,46.8,1596.9,0.489,0.253846154,,POINT (226229.55210000277 906706.4937000014)
8545,DEDHAM ST @ WISWALL RD,65,10,52.9,498.7,0.449,0.153846154,,POINT (240994.17570000142 906710.5846999995)
8546,WISWALL RD @ INDIAN RIDGE RD,65,5.5,45,2284.299999,0.486,0.084615385,,POINT (226561.0925000012 906712.0555999987)
8547,WISWALL RD OPP MCCARTHY RD,65,6,52.9,498.7,0.449,0.092307692,,POINT (234599.96329999715 906716.3304999992)
8548,WISWALL RD @ O ROADWAY,65,10.5,52.9,498.7,0.449,0.161538462,,POINT (241196.18990000337 906717.5095000006)
8549,WISWALL RD @ M ROADWAY,65,6.5,52.9,498.7,0.449,0.1,,POINT (241853.1350999996 906723.2437000014)
8550,WISWALL RD @ WALSH RD,65,1.5,52.9,498.7,0.449,0.023076923,,POINT (241003.43980000168 906723.8491000012)
8552,SAWMILL BROOK PKWY @ WALSH RD,65,37.5,52.9,498.7,0.449,0.576923077,,POINT (241248.1393999979 906725.4215999991)
8553,SAWMILL BROOK PKWY @ KELLER P,65,6,45,2284.299999,0.486,0.092307692,,POINT (236014.15559999645 906727.6350999996)
8554,SAWMILL BROOK PKWY @ MCCARTHY,65,7.5,45,2284.299999,0.486,0.115384615,,POINT (231273.6758000031 906731.7208999991)
8556,SPIERS RD @ DEDHAM ST,65,2.5,45,2284.299999,0.486,0.038461538,,POINT (231268.72779999673 906735.9552999996)
8575,BROADWAY @ TRUEMAN DR,203,122,32.5,4270.400001,0.493,0.600985222,,POINT (229522.11230000108 906737.9923)
8576,TRUEMAN DR @ CENTRAL AVE,129,8,32.5,4270.400001,0.493,0.062015504,,POINT (229516.48170000315 906741.6367000006)
8577,TRUEMAN DR @ BROADWAY,129,73.2,32.5,4270.400001,0.493,0.56744186,,POINT (240187.10830000043 906753.3370999992)
8591,MASSACHUSETTS AVE OPP INDEPEN,167,32.4,42.3,2215.1,0.471,0.194011976,,POINT (221907.72349999845 906754.1171000004)
8593,MASSACHUSETTS AVE @ MAPLE ST,167,50.2,51.6,919.0999998,0.445,0.300598802,,POINT (240038.12810000032 906754.9956)
8595,MASSACHUSETTS AVE OPP MARRETT,167,14.4,51.6,919.0999998,0.445,0.086227545,,POINT (232084.06960000098 906755.251699999)
8596,MASSACHUSETTS AVE OPP PELHAM,167,12,51.6,919.0999998,0.445,0.071856287,,POINT (226368.8822999969 906756.4554999992)
8597,MASSACHUSETTS AVE @ PERCY RD,167,6,51.6,919.0999998,0.445,0.035928144,,POINT (236854.77279999852 906767.7840000018)
8598,MASSACHUSETTS AVE OPP BLOOMFI,167,10,51.6,919.0999998,0.445,0.05988024,,POINT (239957.38970000297 906784.0724)
8599,MASSACHUSETTS AVE OPP SLOCUM,167,49.2,51.6,919.0999998,0.445,0.294610778,,POINT (240151.64639999717 906787.6508999988)
8600,MASSACHUSETTS AVE @ WOBURN ST,167,46.1,50.9,1013.6,0.47,0.276047904,,POINT (226210.9946999997 906793.0705000013)
8601,MASSACHUSETTS AVE @ LEXINGTON,167,161.6,50.9,1013.6,0.47,0.967664671,,POINT (228136.59359999746 906793.5)
8602,MARRETT RD @ WALTHAM ST,112,60.3,46.2,952.1000002,0.486,0.538392857,,POINT (236878.2955000028 906802.6361999996)
8603,MARRETT RD @ PROSPECT HILL RD,112,6.5,44.7,668.3,0.484,0.058035714,,POINT (236867.43140000105 906803.0797999986)
8604,MARRETT RD @ DOWNING RD,112,6,46.2,952.1000002,0.486,0.053571429,,POINT (237761.57039999962 908687.1130999997)
8605,MARRETT RD OPP SPRING ST,112,11.2,44.7,668.3,0.484,0.1,,POINT (236407.94799999893 908691.1719000004)
8606,MARRETT RD @ TUFTS RD,112,2,46.2,952.1000002,0.486,0.017857143,,POINT (247230.61320000142 908696.7785999998)
8607,MARRETT RD @ MIDDLE ST,112,3.5,46.2,952.1000002,0.486,0.03125,,POINT (236421.07639999688 908698.9948999994)
8608,MARRETT RD @ LINCOLN ST,112,18.2,46.2,952.1000002,0.486,0.1625,,POINT (236903.31889999658 908719.0364999995)
8609,655 MARRETT RD,112,4.5,46.2,952.1000002,0.486,0.040178571,,POINT (235932.3751000017 908740.568)
8610,MARRETT RD @ LEROY RD,112,4.2,43.1,377.5000001,0.498,0.0375,,POINT (224136.7771999985 908743.1724000014)
8611,MARRETT RD OPP FORBES RD,112,95.1,43.1,377.5000001,0.498,0.849107143,,POINT (246899.28490000218 908755.7908999994)
8612,WOOD ST OPP WOODPARK CIRCLE,112,12.4,41.7,231.9,0.475,0.110714286,,POINT (228553.52960000187 908764.258200001)
8623,WOOD ST @ SCHILLING CIR,112,39.2,41.7,231.9,0.475,0.35,,POINT (235289.81970000267 908765.8416000009)
8624,WOOD ST @ WOODPARK CIRCLE,112,4.7,41.7,231.9,0.475,0.041964286,,POINT (232704.64620000124 908765.8563000001)
8627,MARRETT RD @ ELENA RD,112,6.7,43.1,377.5000001,0.498,0.059821429,,POINT (233011.3898999989 908766.2745000012)
8628,656 MARRETT RD,112,1.5,46.2,952.1000002,0.486,0.013392857,,POINT (233011.3898999989 908766.2745000012)
8629,MARRETT RD @ LINCOLN ST,112,17.9,46.2,952.1000002,0.486,0.159821429,,POINT (247036.63560000062 908767.5152999982)
8630,MARRETT RD @ MIDDLE ST,112,7.5,46.2,952.1000002,0.486,0.066964286,,POINT (235551.6371999979 908770.4287)
8631,MARRETT RD @ TUFTS RD,112,1,46.2,952.1000002,0.486,0.008928571,,POINT (247115.20210000128 908772.3471999988)
8632,MARRETT RD @ SPRING ST,112,0.5,44.7,668.3,0.484,0.004464286,,POINT (224101.38480000198 908798.6774999984)
8633,MARRETT RD OPP DOWNING RD,112,12,44.7,668.3,0.484,0.107142857,,POINT (233897.4306000024 908800.3368999995)
8634,MARRETT RD OPP PROSPECT HILL,112,9.7,44.7,668.3,0.484,0.086607143,,POINT (228533.7722999975 908814.5603)
8635,MARRETT RD @ WALTHAM ST,112,68.5,46.2,952.1000002,0.486,0.611607143,,POINT (230520.81220000237 908816.6875)
8636,MASSACHUSETTS AVE OPP MERIAM,167,208,50.9,1013.6,0.47,1.245508982,,POINT (237801.3126000017 908832.7184999995)
8637,MASSACHUSETTS AVE @ WINTHROP,167,52.3,51.6,919.0999998,0.445,0.313173653,,POINT (226765.67909999937 908840.6849999987)
8638,MASSACHUSETTS AVE @ SLOCUM RD,167,55.2,51.6,919.0999998,0.445,0.330538922,,POINT (236086.88130000234 908845.5502000004)
8639,MASSACHUSETTS AVE @ BLOOMFIEL,167,7,51.6,919.0999998,0.445,0.041916168,,POINT (246484.76539999992 908852.5003000014)
8640,MASSACHUSETTS AVE @ PERCY RD,167,9.5,51.6,919.0999998,0.445,0.056886228,,POINT (230473.2223000005 908873.6609999985)
8641,MASSACHUSETTS AVE @ PELHAM RD,167,21.9,51.6,919.0999998,0.445,0.131137725,,POINT (236128.39029999822 908874.6314000003)
8643,MASSACHUSETTS AVE @ PLAINFIEL,167,45.4,46.4,926.4,0.487,0.271856287,,POINT (230247.03419999778 908877.7408999987)
8645,MASSACHUSETTS AVE @ INDEPENDE,167,26.4,46.4,926.4,0.487,0.158083832,,POINT (232604.26889999956 908881.9941999987)
8647,MASSACHUSETTS AVE @ PLEASANT,167,100.1,42.3,2215.1,0.471,0.599401198,,POINT (230231.58470000327 908882.1418999992)
8648,PLEASANT ST @ FERN ST,50,13,47.3,678.3999999,0.496,0.26,,POINT (227097.7344999984 908899.3284999989)
8649,PLEASANT ST @ LUONGO'S FARM L,50,0,47.3,678.3999999,0.496,0,,POINT (235029.58330000192 908922.2476999983)
8651,WATERTOWN ST @ CRESCENT RD,50,15,47.3,678.3999999,0.496,0.3,,POINT (235028.25140000135 908928.7071000002)
8670,MAIN ST @ NEWTON ST,465,591,41.1,3814.999999,0.463,1.270967742,,POINT (239284.26850000024 908935.748300001)
8671,MAIN ST @ CHAMBERLAIN TERR,465,476.8,31.5,4149.900003,0.493,1.025376344,,POINT (224052.84369999915 908936.9378000014)
8672,MAIN ST OPP ROSE HILL WAY,465,99,42.6,2408.099999,0.478,0.212903226,,POINT (236230.33900000155 908942.7120999992)
8674,MAIN ST @ WILLOW ST,465,204.6,41.3,2396.799999,0.51,0.44,,POINT (237830.69879999757 908945.7177000009)
8676,MAIN ST @ RANGELEY RD,465,89.8,42.6,2408.099999,0.478,0.19311828,,POINT (234326.20350000262 908948.4582000002)
8678,MAIN ST OPP WARREN ST,465,375.1,41.3,2396.799999,0.51,0.806666667,,POINT (234326.20350000262 908948.4582000002)
8679,MAIN ST OPP LONGFELLOW RD,465,118.9,38.7,5606.099997,0.478,0.255698925,,POINT (234047.45289999992 908952.7498999983)
8680,ADAMS ST @ CENTRE ST,70,84.5,34.4,12180.89998,0.485,1.207142857,,POINT (234047.45289999992 908952.7498999983)
8681,ADAMS ST @ KING ST,70,60.5,34.4,12180.89998,0.485,0.864285714,,POINT (236045.68509999663 912774.3471999988)
8682,ADAMS ST @ LONSDALE ST,70,82,34.8,12159.69997,0.471,1.171428571,,POINT (239382.3905000016 912775.6251000017)
8683,ADAMS ST @ MSGR LYDON WAY,70,36,35.5,6345.499985,0.487,0.514285714,,POINT (239363.40450000018 912778.3814999983)
8684,ADAMS ST @ ASHMONT ST,70,74,37.8,7180.299992,0.478,1.057142857,,POINT (245008.92019999772 912780.4800999984)
8685,ADAMS ST @ HELENA RD,70,55.5,37.8,7180.299992,0.478,0.792857143,,POINT (239914.4274000004 912782.7769000009)
8686,ADAMS ST @ WESTMORELAND ST,70,46.5,35.5,6754.899989,0.489,0.664285714,,POINT (239921.4851000011 912783.5581)
8687,ADAMS ST @ MINOT ST,70,85,35.5,6754.899989,0.489,1.214285714,,POINT (226687.90600000322 912787.1876000017)
8691,WASHINGTON ST @ CLIFTON ST,137,39.2,35.8,6222.899989,0.517,0.286131387,,POINT (246490.65659999847 912789.8465999998)
8692,WINTHROP ST @ PLAYSTEAD RD,151,39.3,42.2,121,0.502,0.260264901,,POINT (239284.98960000277 912793.4503999986)
8717,DORCHESTER AVE @ TALBOT AVE,60,39.7,37.6,5890.499998,0.496,0.661666667,,POINT (246509.64429999888 912797.2353000008)
8803,398 NEPONSET AVE @ NEPONSET H,160,248.5,35.1,3311.6,0.476,1.553125,,POINT (239241.46859999746 912799.3128000014)
8805,NEPONSET AVE @ TOLMAN ST,160,102,35.1,3311.6,0.476,0.6375,,POINT (240316.57900000364 912802.446800001)
8806,248 NEPONSET AVE,160,138,34.7,6585.000014,0.5,0.8625,,POINT (240101.37960000336 912802.7756000012)
8807,NEPONSET AVE @ POPES HILL ST,160,303,34.7,6585.000014,0.5,1.89375,,POINT (240107.92220000178 912803.4360000007)
8808,NEPONSET AVE OPP KING ST,160,100,34.7,6585.000014,0.5,0.625,,POINT (244990.9628000036 912809.1345999986)
8809,ADAMS ST @ PARKMAN ST,233,89,34.4,12180.89998,0.485,0.381974249,,POINT (244151.74960000068 912811.9633000009)
8811,HILLTOP ST @ GRANITE AVE,60,0,51.2,1612.7,0.468,0,,POINT (244979.31849999726 912816.8324000016)
8812,HILLTOP ST OPP CROCKETT AVE,60,1,51.2,1612.7,0.468,0.016666667,,POINT (243089.67360000312 912823.3332000002)
8813,HILLTOP ST OPP WHITRIDGE ST,60,1,51.2,1612.7,0.468,0.016666667,,POINT (243462.95329999924 912824.0223000012)
8814,HILLTOP ST @ HALLET ST,60,8,51.2,1612.7,0.468,0.133333333,,POINT (243480.07710000128 912831.7664999999)
8815,MAIN ST @ MERCHANTS ROW,465,1891.7,36.7,5152.500007,0.499,4.068172043,,POINT (226635.9197999984 912847.4274000004)
8816,MAIN ST @ THAXTER ST,465,295.3,36.7,5152.500007,0.499,0.635053763,,POINT (245869.5102000013 912871.8493000008)
8818,MAIN ST @ WAVERLEY AVE,465,419.5,36.8,3541.199999,0.482,0.902150538,,POINT (244213.42180000246 912883.1471000016)
8819,MAIN ST @ EDENFIELD AVE,465,548.9,36.8,3541.199999,0.482,1.180430108,,POINT (232828.46419999748 912890.4747000001)
8820,MAIN ST @ OLNEY ST,465,35.6,38.7,5606.099997,0.478,0.07655914,,POINT (226601.41539999843 912892.9530999996)
8821,MAIN ST @ COPELAND ST,465,261,38.7,5606.099997,0.478,0.561290323,,POINT (243081.99440000206 912894.9250000007)
8822,MAIN ST @ WILMOT ST,465,3,36.6,2208.9,0.479,0.006451613,,POINT (232829.53369999677 912896.3387999982)
8823,MAIN ST @ EMERSON RD,465,101.2,36.6,2208.9,0.479,0.217634409,,POINT (243621.04649999738 912901.3123999983)
8824,MAIN ST @ LONGFELLOW RD,465,73,38.7,5606.099997,0.478,0.156989247,,POINT (246614.62860000134 912903.3225999996)
8825,MAIN ST @ WARREN ST,465,337.1,41.3,2396.799999,0.51,0.724946237,,POINT (242481.84340000153 912918.8205000013)
8826,MAIN ST @ BRIGHAM RD,465,114.5,42.6,2408.099999,0.478,0.246236559,,POINT (221198.09000000358 912919.0313999988)
8828,MAIN ST OPP WILLOW ST,465,214,41.3,2396.799999,0.51,0.460215054,,POINT (246647.17549999803 912920.2692999989)
8830,MAIN ST @ ROSE HILL WAY,465,108.2,42.6,2408.099999,0.478,0.232688172,,POINT (245454.50670000166 912920.3535000011)
8831,MAIN ST OPP CHAMBERLAIN TERR,465,502.6,41.1,3814.999999,0.463,1.080860215,,POINT (243638.72249999642 912922.1763000004)
8832,MAIN ST @ HARRIS ST,465,554.5,41.1,3814.999999,0.463,1.192473118,,POINT (242473.30839999765 912925.1730999984)
8841,MAIN ST @ PALMER ST,297,218.3,34.3,5104.500004,0.522,0.735016835,,POINT (242519.84350000322 912929.1876999997)
8842,MAIN ST @ PROSPECT HILL RD,297,162.9,34.3,5104.500004,0.522,0.548484848,,POINT (244267.26519999653 912944.8748999983)
8843,MAIN ST @ LUNDA ST,297,97.2,39.1,1686.1,0.489,0.327272727,,POINT (245252.4606000036 912945.4816000015)
8845,MAIN ST @ EDGEHILL RD,297,72.4,39.1,1686.1,0.489,0.243771044,,POINT (229077.71829999983 912949.5577000007)
8846,MAIN ST @ HILL RD,297,34.7,39.1,1686.1,0.489,0.116835017,,POINT (244816.7148000002 912950.5826999992)
8848,MAIN ST @ STOW ST,297,222.6,40.7,161.3,0.474,0.749494949,,POINT (221182.40579999983 912952.5001000017)
8849,STOW ST @ TAVERN RD,45,12,39.1,1686.1,0.489,0.266666667,,POINT (244812.61140000075 912954.5311999992)
8850,TAVERN RD @ WESTON ST,45,7,39.1,1686.1,0.489,0.155555556,,POINT (218195.0305000022 915297.2109000012)
8852,MAIN ST @ OLD MAIN ST,188,267.6,40.5,372.3,0.5,1.423404255,,POINT (218195.0305000022 915297.2109000012)
8853,1076 MAIN ST,94,0,40.5,1954.2,0.467,0,,POINT (239914.4149999991 915298.1534999982)
8854,1032 MAIN ST OPP WHEELING ST,94,14.4,39.6,1080.5,0.506,0.153191489,,POINT (229937.5973000005 915303.4677000009)
8855,MAIN ST @ MOUNTAIN ST,94,22.4,39.6,1080.5,0.506,0.238297872,,POINT (218633.05330000073 915310.3858999982)
8856,MAIN ST @ ALTAVESTA CIRCLE,94,26.9,39.6,1080.5,0.506,0.286170213,,POINT (244384.95899999887 915313.3355999999)
8857,MAIN ST OPP O'NEIL RD,94,1,39.6,1080.5,0.506,0.010638298,,POINT (244817.17610000074 915313.9400000013)
8858,MAIN ST @ NICHOLS ST,94,47.8,39.6,1080.5,0.506,0.508510638,,POINT (228594.03559999913 915316.5148000009)
8860,ELM ST @ TRAVERSE ST,94,34.9,40.5,1954.2,0.467,0.371276596,,POINT (229973.72460000217 915321.0370999984)
8861,ELM ST @ WARD ST,94,7.9,40.5,1954.2,0.467,0.084042553,,POINT (244012.5156000033 915322.0003000014)
8862,ELM ST @ WEST ST,94,21.3,40.5,1954.2,0.467,0.226595745,,POINT (218652.03119999915 915322.8128000014)
8863,ELM ST @ MONUMENT,94,135.7,33.6,3315.200001,0.508,1.443617021,,POINT (219058.04670000076 915323.25)
8864,MAIN ST @ MIDDLESEX CANAL PK,94,49.1,43.2,1577.9,0.481,0.522340426,,POINT (219047.7072999999 915326.4913000017)
8865,MAIN ST OPP CAPOZZI CIR,94,6.9,41.3,1159.4,0.488,0.073404255,,POINT (250656.83460000157 915326.9362000003)
8866,MAIN ST @ EATON AVE,94,38.3,43.2,1577.9,0.481,0.407446809,,POINT (239888.29670000076 915331.0626999997)
8867,MAIN ST @ CHARLES GARDNER LN,94,16.9,40.4,2584.899999,0.485,0.179787234,,POINT (244391.7696999982 915331.2259999998)
8868,MAIN ST OPP CHARLES ST,94,25.3,40.4,2584.899999,0.485,0.269148936,,POINT (230408.67069999874 915334.2511)
8869,MAIN ST @ KILBY ST,94,26.8,40.4,2584.899999,0.485,0.285106383,,POINT (244758.61349999905 915336.184799999)
8870,466 MAIN ST OPP UNION ST,94,146.4,41.3,2185.799999,0.506,1.557446809,,POINT (249316.48099999875 915336.8090999983)
8901,BACON ST @ SCHOOL ST,103,61.1,36.2,2917.099997,0.524,0.593203883,,POINT (230404.87189999968 915339.251699999)
8904,BACON ST @ VARNUM PK,103,60.2,36.2,2917.099997,0.524,0.584466019,,POINT (237261.65160000324 915347.1253999993)
8905,BACON ST OPP GREENWOOD LN,103,4,36.2,2917.099997,0.524,0.038834951,,POINT (237257.5829000026 915352.0661000013)
8906,BACON ST OPP CLARK LN,103,26.3,36.2,2917.099997,0.524,0.255339806,,POINT (249332.0623999983 915359.4376999997)
8959,READVILLE ST @ NORTON ST,69,158,37.2,1954.699999,0.485,2.289855072,,POINT (244621.7674999982 915360.6317000017)
8960,READVILLE ST @ COMO RD,74,8.8,37.2,1954.699999,0.485,0.118918919,,POINT (222562.01940000057 915362.8925999999)
8961,READVILLE ST @ W MILTON ST,74,67.3,37.2,1954.699999,0.485,0.909459459,,POINT (244601.22439999878 915364.2036000006)
8962,W MILTON ST @ PINE AVE,74,2,38,2044.799998,0.465,0.027027027,,POINT (250702.16070000082 915366.9523999989)
8963,W MILTON ST @ W MILTON PL,74,4,38,2044.799998,0.465,0.054054054,,POINT (246147.00159999728 915373.7296000011)
8964,W MILTON ST @ ERNEST AVE,74,1.3,38,2044.799998,0.465,0.017567568,,POINT (246153.98420000076 915382.6251000017)
8970,RIVER ST OPP NEPONSET VALLEY,55,2,37.2,1954.699999,0.485,0.036363636,,POINT (244417.50450000167 915390.5718999989)
8971,1799 RIVER ST OPP NORTON ST,55,28.5,37.2,1954.699999,0.485,0.518181818,,POINT (224585.98420000076 915393.2501999997)
8973,RIVER ST OPP VALLARO RD,55,17,37.2,1954.699999,0.485,0.309090909,,POINT (244431.0468999967 915396.8751000017)
8975,RIVER ST @ SOLARIS RD,55,30,38,2044.799998,0.465,0.545454545,,POINT (218773.76389999688 915402.4970999993)
8993,BROOKLINE AVE OPP NEWBURY ST,746,119.5,26.7,11224.80005,0.404,0.160187668,,POINT (218780.79299999774 915406.8876999989)
9000,SYLVAN ST @ KIMBALL ST,170,507.6,50.5,3650.599995,0.467,2.985882353,,POINT (244426.03019999713 915408.8224)
9001,SYLVAN ST @ BLANTYRE RD,170,35.1,50.5,3650.599995,0.467,0.206470588,,POINT (250755.0398999974 915412.680300001)
9002,SYLVAN ST @ GILBERT ST,170,53,50.5,3650.599995,0.467,0.311764706,,POINT (218169.2725000009 915420.0927000009)
9003,SYLVAN ST @ LEBANON ST,170,155.5,50.5,3650.599995,0.467,0.914705882,,POINT (243935.9877000004 915429.1050000004)
9006,LEBANON ST @ BRATLEY ST,170,11.7,39.8,1512.500001,0.464,0.068823529,,POINT (250786.01810000092 915439.3834000006)
9008,LEBANON ST @ FOREST ST,170,49.5,39.8,1512.500001,0.464,0.291176471,,POINT (218165.4878000021 915440.0018999986)
9018,SALEM ST OPP WESCOTT ST,223,113.2,39.7,5475.499996,0.477,0.507623318,,POINT (239509.16820000112 915451.0357999988)
9019,68 HUNTING ST OPP HUNTING PLA,223,392.5,39.7,5475.499996,0.477,1.760089686,,POINT (233598.8249000013 906803.5518999994)
9020,HUNTING ST @ SALEM ST,223,16,39.7,5475.499996,0.477,0.071748879,,POINT (221774.58110000193 906803.8194000013)
9021,SALEM ST @ HOME ST,427,1072.8,35.8,6792.900013,0.498,2.512412178,,POINT (235997.72800000012 906803.8407999985)
9023,SALEM ST @ STANTON ST,427,350.4,37.2,5280.099988,0.504,0.820608899,,POINT (233675.41420000046 906804.7256000005)
9024,SALEM ST OPP SPRUCE ST,427,141.3,35.8,6792.900013,0.498,0.330913349,,POINT (236863.52830000222 906807.0075000003)
9025,SALEM ST @ LEBANON ST,427,801.7,35.8,6792.900013,0.498,1.877517564,,POINT (233922.7655000016 906807.0623999983)
9026,SALEM ST @ ROCKWELL ST,626,1348.1,35.9,6421.099995,0.504,2.153514377,,POINT (233911.44829999655 906807.6207000017)
9028,PLEASANT ST OPP RUSSELL ST,502,260.3,38.3,6648.299998,0.507,0.518525896,,POINT (233763.68159999698 906807.7373000011)
9029,HIGHLAND AVE @ PLEASANT ST,208,120.5,38.3,6648.299998,0.507,0.579326923,,POINT (233783.89159999788 906808.3213)
9030,HIGHLAND AVE @ WENTWORTH ST,208,74.7,38.9,6338.899993,0.495,0.359134615,,POINT (240177.65609999746 906808.4558999985)
9031,400 CENTRE ST EAST,879,1142.2,43.4,3329.999998,0.448,1.299431172,,POINT (233505.9883000031 906822.6099999994)
9032,HIGHLAND AVE @ EMERALD ST,208,156.4,38.9,6338.899993,0.495,0.751923077,,POINT (228946.7370999977 906832.500500001)
9033,HIGHLAND AVE @ THACHER ST,208,38.2,38.9,6338.899993,0.495,0.183653846,,POINT (229355.21930000186 906834.5375000015)
9034,HIGHLAND AVE @ OAKLAND ST,208,158.3,36.6,6564.300016,0.513,0.761057692,,POINT (228138.7195999995 906835.739599999)
9035,HIGHLAND AVE @ MEDFORD ST,208,109.3,37.3,4916.600008,0.507,0.525480769,,POINT (229349.13910000026 906837.9079999998)
9036,HIGHLAND AVE @ DEVIR ST,208,246.9,37.3,4916.600008,0.507,1.187019231,,POINT (231145.92559999973 906838.0687999986)
9037,HIGHLAND AVE @ MIDDLESEX AVE,208,255.4,36.4,3495.399998,0.519,1.227884615,,POINT (228944.23129999638 906838.1334999986)
9038,MIDDLESEX AVE @ FIRST ST,223,98.8,34.5,4413.800004,0.488,0.443049327,,POINT (233463.51720000058 906839.9426999986)
9039,MIDDLESEX AVE @ THIRD ST,223,58.4,36.4,3495.399998,0.519,0.261883408,,POINT (240193.34109999985 906842.4149999991)
9040,RIVERSIDE AVE @ MIDDLESEX AVE,223,121,34.1,6444.200024,0.501,0.542600897,,POINT (231140.85760000348 906842.5625)
9041,RIVERSIDE AVE @ FELLSWAY,223,67.8,34.1,6444.200024,0.501,0.304035874,,POINT (220232.97259999812 906844.3495000005)
9042,FELLSWAY @ RIVERSIDE AVE,615,963.2,39,1601.600001,0.492,1.566178862,,POINT (234634.87910000235 906850.1988999993)
9043,FELLSWAY @ WELLINGTON CIRCLE,615,642,39,1601.600001,0.492,1.043902439,,POINT (238577.23430000246 906851.3927999996)
9045,FELLSWAY @ BRADBURY AVE,610,313.8,39,1601.600001,0.492,0.51442623,,POINT (238577.23430000246 906851.3927999996)
9047,RIVERSIDE AVE @ MIDDLESEX AVE,213,76.2,34.1,6444.200024,0.501,0.357746479,,POINT (239776.0747999996 906851.435800001)
9048,MIDDLESEX AVE @ THIRD ST,213,39.6,34.5,4413.800004,0.488,0.185915493,,POINT (226032.91009999812 906853.1834999993)
9049,MIDDLESEX AVE @ FIRST ST,213,117.4,34.5,4413.800004,0.488,0.551173709,,POINT (235983.22330000252 906853.3429999985)
9050,MIDDLESEX AVE @ HIGHLAND AVE,198,302.1,36.4,3495.399998,0.519,1.525757576,,POINT (234636.4668999985 906856.1356999986)
9051,41 HIGHLAND AVE OPP DEVIR ST,198,202.3,37.3,4916.600008,0.507,1.021717172,,POINT (221478.57389999926 906860.1108999997)
9052,HIGHLAND AVE @ MEDFORD ST,198,140.2,37.3,4916.600008,0.507,0.708080808,,POINT (220240.71850000322 906862.9998999983)
9053,HIGHLAND AVE @ OAKLAND ST,198,165.5,36.6,6564.300016,0.513,0.835858586,,POINT (221459.29320000112 906864.7842000015)
9054,HIGHLAND AVE @ THACHER ST,198,67.5,38.3,6648.299998,0.507,0.340909091,,POINT (231801.04670000076 906875.5628999993)
9055,HIGHLAND AVE @ ADAMS ST,198,193.3,38.9,6338.899993,0.495,0.976262626,,POINT (233398.1379000023 906876.7204999998)
9056,HIGHLAND AVE @ CHARLES ST,198,179.9,38.3,6648.299998,0.507,0.908585859,,POINT (231796.26299999654 906878.1612000018)
9057,HIGHLAND AVE @ WENTWORTH ST,198,101.4,36.8,7404.199991,0.529,0.512121212,,POINT (232054.23640000075 906892.0998999998)
9058,HIGHLAND AVE @ PLEASANT ST,198,76.5,38.3,6648.299998,0.507,0.386363636,,POINT (232053.2168999985 906897.5289000012)
9060,SALEM ST @ MAPLEWOOD ST,416,718.8,35.8,6792.900013,0.498,1.727884615,,POINT (237398.4353 906899.6867000014)
9061,SALEM ST @ SPRUCE ST,416,236.6,37.2,5280.099988,0.504,0.56875,,POINT (241451.49970000237 906901.7501000017)
9063,SALEM ST @ BROADWAY,416,783.8,37.2,5280.099988,0.504,1.884134615,,POINT (239636.84120000154 906902.6129000001)
9067,SALEM ST @ BELLVALE ST,213,222.5,39.8,6352.399988,0.506,1.044600939,,POINT (221294.5956000015 906905.7533)
9068,SALEM ST @ BRENTWOOD ST,213,46.4,32.5,4270.400001,0.493,0.217840376,,POINT (224049.32720000297 908953.5760000013)
9069,SALEM ST @ REVERE ST,213,143.9,32.5,4270.400001,0.493,0.675586854,,POINT (237852.15609999746 908963.375)
9070,SALEM ST @ LYNN ST,286,304.9,38.8,4796.699997,0.491,1.066083916,,POINT (239272.54649999738 908964.1875)
9071,WARREN ST @ MELROSE ST,100,54.5,47.3,2639,0.48,0.545,,POINT (246572.42890000343 908972.9574000016)
9074,FRANKLIN ST OPP GREENWOOD ST,50,22.5,47.3,2639,0.48,0.45,,POINT (232740.0006000027 908985.1002999991)
9075,FRANKLIN ST @ ASHLAND ST,50,9,42,3870.799994,0.483,0.18,,POINT (246610.9177000001 908993.8181000017)
9076,FRANKLIN ST @ ALBION ST,50,9,48.3,2172.3,0.443,0.18,,POINT (238047.74769999832 908998.6642999984)
9077,PORTER ST @ ROWE ST,50,20.5,42.3,3313.300007,0.475,0.41,,POINT (238047.74769999832 908998.6642999984)
9078,PORTER ST @ BELLEVUE AVE,50,1,43.2,2939.700001,0.497,0.02,,POINT (235582.26309999824 908999.6730000004)
9079,PORTER ST @ GARFIELD RD,50,12.5,42.3,3313.300007,0.475,0.25,,POINT (239427.95149999857 909008.0795000009)
9080,PORTER ST @ MORELAND RD,50,2.5,40.7,2994.899998,0.489,0.05,,POINT (236343.53760000318 909011.6081000008)
9081,PORTER ST @ EAST ST,50,4,43,1572.5,0.485,0.08,,POINT (235578.1801000014 909018.5582000017)
9082,EAST ST OPP SHEFFIELD RD,50,1,40.7,2994.899998,0.489,0.02,,POINT (239426.1875 909021.8751000017)
9083,EAST ST @ ENMORE RD,50,3,40.7,2994.899998,0.489,0.06,,POINT (236377.6656000018 909029.9479999989)
9084,EAST ST @ UPHAM ST,50,5.5,40.7,2994.899998,0.489,0.11,,POINT (241351.127700001 909031.9211999997)
9085,UPHAM ST @ HIGHVIEW AVE,50,3.5,40.5,3703.299997,0.475,0.07,,POINT (224033.50509999692 909037.8090999983)
9086,WAVERLY AVE @ FIRST ST,50,12.5,40.5,3703.299997,0.475,0.25,,POINT (238459.09049999714 909047.1101000011)
9087,WAVERLY AVE @ LAUREL ST,50,9,44.4,752.6999999,0.472,0.18,,POINT (238465.5645999983 909047.6022000015)
9088,LAUREL ST @ HIGHVIEW AVE,50,3.5,44.4,752.6999999,0.472,0.07,,POINT (230326.28090000153 909048.5001000017)
9089,184 LAUREL ST,50,7.5,44.4,752.6999999,0.472,0.15,,POINT (236627.18439999968 909050.3577000014)
9090,166 LAUREL ST,50,6.5,44.4,752.6999999,0.472,0.13,,POINT (234424.60440000147 909052.7666000016)
9091,LAUREL ST @ SIXTH ST,50,11.5,44.4,752.6999999,0.472,0.23,,POINT (236655.67400000244 909052.9037000015)
9092,GROVE ST OPP GOSS AVE,50,16.5,40.5,3541.4,0.488,0.33,,POINT (238593.48640000075 909059.8227000013)
9093,GROVE ST OPP FLORENCE AVE,50,5.5,40.5,3541.4,0.488,0.11,,POINT (238600.02480000257 909060.504999999)
9095,GROVE ST OPP ARGYLE ST,50,31,40.5,3541.4,0.488,0.62,,POINT (230373.15370000154 909065.2049999982)
9096,GROVE ST @ GOOCH ST,50,39.5,39,3229.900001,0.482,0.79,,POINT (230345.40619999915 909065.8753000014)
9097,GROVE ST @ LEBANON ST,50,29,40.5,3541.4,0.488,0.58,,POINT (234589.3492999971 909069.0430000015)
9098,GROVE ST OPP LINWOOD AVE,50,8.5,41.1,4975.600008,0.442,0.17,,POINT (234610.3920999989 909071.0302000009)
9099,GROVE ST @ WALNUT ST,50,7.5,41.1,4975.600008,0.442,0.15,,POINT (236792.78360000253 909076.0516999997)
9100,GROVE ST @ MAIN ST,50,19,36.4,5525.499992,0.478,0.38,,POINT (238759.59619999677 909076.1711000018)
9101,WINTHROP ST @ WINFORD WAY,102,4.5,49.6,692.3000001,0.487,0.044117647,,POINT (230367.31210000068 909077.5626999997)
9103,MAIN ST @ TOWN WAY,102,2,42.5,1733.500001,0.484,0.019607843,,POINT (238776.70880000293 909077.9890000001)
9104,MAIN ST @ HIGHLAND AVE,102,3,42.5,1733.500001,0.484,0.029411765,,POINT (236826.15150000155 909081.7087000012)
9105,MAIN ST @ EVERELL RD,102,12.8,42.5,1733.500001,0.484,0.125490196,,POINT (224023.3355000019 909084.1605000012)
9106,MAIN ST @ MARSHALL RD,102,3.4,43,1940.200001,0.497,0.033333333,,POINT (226653.00639999658 909086.0344000012)
9107,MAIN ST @ CHESTNUT ST,102,2.3,43,1940.200001,0.497,0.02254902,,POINT (234781.33619999886 909090.7357000001)
9108,MAIN ST @ PROSPECT ST,102,9.5,43,1940.200001,0.497,0.093137255,,POINT (234813.80340000242 909097.3801999986)
9109,MAIN ST @ FAIRVIEW TERR,102,26,43,1940.200001,0.497,0.254901961,,POINT (238964.37470000237 909115.0001999997)
9111,MAIN ST @ VINE ST,102,106.2,44.9,1953.9,0.462,1.041176471,,POINT (238964.37470000237 909115.0001999997)
9113,MAIN ST @ LAKE ST,102,103.4,47.7,2246.6,0.461,1.01372549,,POINT (234989.26259999722 909116.8471000008)
9114,757 MAIN ST,102,25.3,39.8,2861.100001,0.476,0.248039216,,POINT (245236.6651000008 912957.1568999998)
9115,MAIN ST OPP RICHARDSON ST,102,120.5,39.8,2861.100001,0.476,1.181372549,,POINT (244279.5997999981 912958.8145999983)
9116,MAIN ST OPP HEMMINGWAY ST,102,13.9,39.8,2861.100001,0.476,0.13627451,,POINT (240354.18299999833 912959.9946000017)
9117,MAIN ST OPP SHERIDAN CIRCLE,102,26.5,40.2,2355.800001,0.475,0.259803922,,POINT (243076.4503000006 912961.7204000019)
9118,MAIN ST @ CRANES CT,102,55.9,40,1514.900001,0.48,0.548039216,,POINT (240072.43900000304 912967.7496999986)
9119,MAIN ST @ VINING CT,102,28,40.5,2150.899999,0.497,0.274509804,,POINT (246815.5949999988 912968.6039999984)
9120,MAIN ST @ RICHARDSON ST,102,17.3,40,1514.900001,0.48,0.169607843,,POINT (238893.88379999995 912969.627799999)
9121,MAIN ST @ FOWLE ST,102,45.9,40,1514.900001,0.48,0.45,,POINT (246845.1928000003 912977.943500001)
9122,MAIN ST @ GREEN ST,102,48.8,40.5,2150.899999,0.497,0.478431373,,POINT (243772.8351000026 912996.7657999992)
9123,MAIN ST OPP MYRTLE ST,102,25.1,49.8,3282.699999,0.481,0.246078431,,POINT (243754.45269999653 912997.1873999983)
9124,MAIN ST @ MONTVALE AVE,94,95.7,36.6,3931.800001,0.513,1.018085106,,POINT (243073.91459999979 912999.4431000017)
9125,COMMON ST @ WOBURN CITY HALL,195,310.9,49.8,3282.699999,0.481,1.594358974,,POINT (246922.29569999874 913001.7941999994)
9127,MAIN ST @ EVERETT ST,94,168,36.6,3931.800001,0.513,1.787234043,,POINT (236066.61439999938 913003.1583000012)
9128,MAIN ST @ MANNING ST,94,27.4,43.2,1577.9,0.481,0.291489362,,POINT (229039.5569999963 913005.6297999993)
9129,MAIN ST @ MISHAWUM RD,94,26.7,40.4,2584.899999,0.485,0.284042553,,POINT (243936.70470000058 913009.0120999999)
9130,MAIN ST @ PAGE PL,94,8.9,40.4,2584.899999,0.485,0.094680851,,POINT (236067.26309999824 913009.6832000017)
9131,MAIN ST @ EATON AVE,94,45.8,43.2,1577.9,0.481,0.487234043,,POINT (244009.17920000106 913017.8421999998)
9133,MAIN ST @ FISHER TERR,94,62.9,41.3,1159.4,0.488,0.669148936,,POINT (245874.41200000048 913021.9274000004)
9134,ELM ST @ MONUMENT,94,136.7,33.6,3315.200001,0.508,1.454255319,,POINT (244071.06220000237 913028.5003000014)
9135,ELM ST OPP WEST ST,94,11.4,40.5,1954.2,0.467,0.121276596,,POINT (242712.41430000216 913039.1576000005)
9136,ELM ST OPP WARD ST,94,12.4,40.5,1954.2,0.467,0.131914894,,POINT (240385.46079999954 913045.816300001)
9137,73 ELM ST OPP TRAVERSE ST,94,34.8,40.5,1954.2,0.467,0.370212766,,POINT (247084.5174999982 913047.0628000014)
9139,MAIN ST @ EAST NICHOLS ST,94,57.2,39.6,1080.5,0.506,0.608510638,,POINT (242730.85670000315 913047.8136)
9140,MAIN ST @ W DEXTER AVE,94,14.4,39.6,1080.5,0.506,0.153191489,,POINT (240062.4822999984 913050.3849)
9142,MAIN ST OPP MOUNTAIN ST,94,24.4,39.6,1080.5,0.506,0.259574468,,POINT (247121.35589999706 913058.0009000003)
9143,MAIN ST @ WHEELING ST,94,11.4,39.6,1080.5,0.506,0.121276596,,POINT (244717.11069999635 913061.9587000012)
9144,1075 MAIN ST,94,8.9,40.5,1954.2,0.467,0.094680851,,POINT (238878.95269999653 913064.0628000014)
9145,WINTHROP ST @ PLAYSTEAD RD,144,36.1,42.2,121,0.502,0.250694444,,POINT (238877.2049999982 913071.628899999)
9146,578 WINTHROP ST,144,3.8,41.2,3874.600002,0.473,0.026388889,,POINT (241930.85920000076 913073.4376000017)
9147,WINTHROP ST @ BROOKS ST,194,1557.3,42.2,121,0.502,8.027319588,,POINT (244707.48390000314 913074.375)
9149,WINTHROP ST @ EXETER ST,194,25.2,51.2,2578.6,0.456,0.129896907,,POINT (247182.59799999744 913075.5760999992)
9150,WINTHROP ST @ SUFFOLK ST,194,29.3,51.2,2578.6,0.456,0.151030928,,POINT (245919.23579999804 913077.7531000003)
9151,RIVERSIDE AVE @ SALTONSTALL B,159,119.9,64.7,5047.500002,0.427,0.75408805,,POINT (226453.46840000153 913081.1876999997)
9152,163 RIVERSIDE AVE,159,25.4,33.9,5041.00001,0.499,0.159748428,,POINT (226447.41189999878 913088.6396999992)
9153,RIVERSIDE AVE @ MARINE ST,159,81.3,33.9,3385.200001,0.444,0.511320755,,POINT (245930.46490000188 913090.9125000015)
9154,RIVERSIDE AVE @ MAVERICK ST,159,128.3,33.9,3385.200001,0.444,0.806918239,,POINT (226432.73390000314 913092.3748999983)
9155,RIVERSIDE AVE @ FOSTER CT,159,88.2,36.3,6026.299993,0.519,0.554716981,,POINT (247256.70269999653 913096.1878000014)
9156,RIVERSIDE AVE @ LIGHT GUARD D,159,348.9,33.9,3385.200001,0.444,2.194339623,,POINT (235868.69359999895 913097.5507000014)
9157,RIVERSIDE AVE @ ROCKWELL AVE,159,103.5,33.9,3385.200001,0.444,0.650943396,,POINT (244406.48129999638 913102.3346999995)
9158,RIVERSIDE AVE @ LOCUST ST,159,46.8,39,1601.600001,0.492,0.294339623,,POINT (244406.48129999638 913102.3346999995)
9159,RIVERSIDE AVE @ HALL ST,159,28.7,39,1601.600001,0.492,0.180503145,,POINT (226445.1872999966 913102.6876000017)
9160,RIVERSIDE AVE @ COMMERCIAL ST,159,42.9,39,1601.600001,0.492,0.269811321,,POINT (241937.90590000153 913104.1253000014)
9161,RIVERSIDE AVE @ FELLSWAY,159,204.5,39,1601.600001,0.492,1.286163522,,POINT (249732.03119999915 915807.1878000014)
9162,RIVERSIDE AVE @ FELLSWAY,166,203.7,39,1601.600001,0.492,1.227108434,,POINT (249732.03119999915 915807.1878000014)
9163,RIVERSIDE AVE OPP COMMERCIAL,166,60,39,1601.600001,0.492,0.361445783,,POINT (251321.3328000009 915820.256000001)
9164,RIVERSIDE AVE OPP HALL ST,166,51.2,39,1601.600001,0.492,0.308433735,,POINT (251321.3328000009 915820.256000001)
9165,350 RIVERSIDE AVE,166,194,39,1601.600001,0.492,1.168674699,,POINT (228417.9648000002 915823.2963999994)
9167,RIVERSIDE AVE @ HUNEWILL AVE,166,281.6,36.3,6026.299993,0.519,1.696385542,,POINT (246457.0033000037 915877.9455999993)
9168,RIVERSIDE AVE @ CAROLINA ST,166,100.1,36.3,6026.299993,0.519,0.603012048,,POINT (218216.0053000003 915890.5469999984)
9169,RIVERSIDE AVE @ PEMBROKE ST,166,77.8,33.9,3385.200001,0.444,0.468674699,,POINT (218221.64039999992 915896.1878000014)
9170,RIVERSIDE AVE @ PARK ST,166,91.3,33.9,3385.200001,0.444,0.55,,POINT (249869.66920000315 915907.8687000014)
9172,116 RIVERSIDE AVE,166,121.5,64.7,5047.500002,0.427,0.731927711,,POINT (249876.92159999907 915912.0628000014)
9174,WINTHROP ST @ LAWRENCE RD,196,20.2,51.2,2578.6,0.456,0.103061224,,POINT (243415.9544999972 915926.3060999997)
9175,WINTHROP ST @ WOODSIDE RD,196,12.1,51.2,2578.6,0.456,0.061734694,,POINT (251473.41749999672 915927.9221000001)
9176,475 WINTHROP ST @ TEMPLE SHAL,196,1450.3,47.2,2949.000004,0.498,7.399489796,,POINT (244521.48399999738 915946.0003000014)
9177,WINTHROP ST @ MEDFORD HS,156,180.3,42.2,121,0.502,1.155769231,,POINT (251502.9605000019 915946.5557000004)
9178,WINTHROP ST OPP SMITH LN,151,4.5,41.2,3874.600002,0.473,0.029801325,,POINT (243420.60279999673 915948.558600001)
9179,MAIN ST @ WATER ST,180,504.8,47.3,2570.599999,0.507,2.804444444,,POINT (225131.54890000075 915955.4153999984)
9181,MAIN ST @ GALVIN MIDDLE SCHOO,180,100,47.3,2570.599999,0.507,0.555555556,,POINT (244528.44659999758 915960.864599999)
9183,MAIN ST OPP CHARLES ST,180,80.1,43.7,1036.8,0.468,0.445,,POINT (225126.67880000174 915972.8986999989)
9184,MAIN ST OPP GREEN ST,180,11.3,43.7,1036.8,0.468,0.062777778,,POINT (218383.5 915990.3753000014)
9185,OPP 818 MAIN ST,180,0,43.7,1036.8,0.468,0,,POINT (218401.7105000019 916001.6642000005)
9187,MAIN ST @ FOREST ST,180,25,43.7,1036.8,0.468,0.138888889,,POINT (228342.89019999653 916020.6253000014)
9188,MAIN ST @ GREENWOOD PLAZA,180,86.8,42.9,2695.200002,0.48,0.482222222,,POINT (244565.0623999983 916041.1638999991)
9189,MAIN ST OPP GREENWOOD SCHOOL,180,22.8,42.9,2695.200002,0.48,0.126666667,,POINT (246517.52210000157 916057.3062999994)
9190,MAIN ST OPP PITMAN AVE,180,40.9,42.9,2695.200002,0.48,0.227222222,,POINT (235442.18400000036 916097.0617000014)
9191,MAIN ST @ HANSON ST,180,21.3,42.9,2695.200002,0.48,0.118333333,,POINT (249902.2656000033 916099.1876000017)
9192,MAIN ST @ HUMPHREY ST,180,17.8,42.9,2695.200002,0.48,0.098888889,,POINT (230878.54659999907 916105.5625)
9193,MAIN ST OPP BAY STATE RD,180,51.5,42.9,2695.200002,0.48,0.286111111,,POINT (251766.1977000013 916111.9670999981)
9194,MAIN ST @ BRIGGS ST,180,33.8,41.4,3417.100005,0.479,0.187777778,,POINT (244585.7026000023 916113.2501999997)
9195,MAIN ST @ W HIGHLAND AVE,180,70.6,42,3870.799994,0.483,0.392222222,,POINT (249885.42210000008 916114.2677999996)
9196,910 MAIN ST,230,308.1,48.3,2172.3,0.443,1.339565217,,POINT (235438.6841999963 916116.3836999983)
9197,MAIN ST OPP LINDEN RD,230,273.2,48.3,2172.3,0.443,1.187826087,,POINT (251772.43630000204 916116.5326000005)
9198,MAIN ST @ MELROSE ST,230,181.6,48.3,2172.3,0.443,0.789565217,,POINT (232721.5549999997 916128.2195999995)
9199,MAIN ST @ LEBANON ST,180,111.9,43.2,2939.700001,0.497,0.621666667,,POINT (230723.95289999992 916129.1876999997)
9200,MAIN ST @ EMERSON ST,180,140.8,48.3,2172.3,0.443,0.782222222,,POINT (246557.17140000314 916132.6876999997)
9201,MAIN ST @ ESSEX ST,180,262.1,41.1,4073.699992,0.473,1.456111111,,POINT (243489.67849999666 916137.7848000005)
9202,MAIN ST @ W FOSTER ST,180,268.5,41.1,4073.699992,0.473,1.491666667,,POINT (232587.06660000235 916138.8035999984)
9203,MAIN ST @ GROVE ST,180,137.3,41.1,4073.699992,0.473,0.762777778,,POINT (243493.61339999735 916154.5987000018)
9204,MAIN ST @ W WYOMING AVE,230,442.7,36.4,5525.499992,0.478,1.924782609,,POINT (251966.5599000007 916185.6761000007)
9205,238 MAIN ST,230,51.2,39.8,1512.500001,0.464,0.222608696,,POINT (251987.15619999915 916193.5)
9206,MAIN ST @ LODGE AVE,230,8,39.8,1512.500001,0.464,0.034782609,,POINT (236802.2194999978 916207.3478000015)
9207,MAIN ST @ SYLVAN ST,230,14,39.8,1512.500001,0.464,0.060869565,,POINT (225917.80160000175 906907.2945000008)
9209,MAIN ST @ FAIRLAWN ST,170,27.9,32.5,5742.900016,0.492,0.164117647,,POINT (232040.82069999725 906909.0254000016)
9210,MAIN ST @ ROSEMONT ST,170,236.4,32.5,5742.900016,0.492,1.390588235,,POINT (232040.82069999725 906909.0254000016)
9211,MAIN ST @ WINTER ST,170,28,38.6,7547.099982,0.491,0.164705882,,POINT (239617.32119999826 906909.7377999984)
9212,MAIN ST @ CLIFTON ST,170,82.5,35.8,2640.099999,0.503,0.485294118,,POINT (221273.65330000222 906910.9483999982)
9213,MAIN ST @ MOUNTAIN AVE,170,120.1,38.6,7547.099982,0.491,0.706470588,,POINT (234156.73200000077 906913.4045000002)
9214,MAIN ST @ SALEM ST,170,301.5,32.8,20521.90002,0.504,1.773529412,,POINT (236959.25980000198 906922.5626000017)
9215,MAIN ST @ SALEM ST,764,697.9,32.8,20521.90002,0.504,0.913481675,,POINT (241530.15879999846 906925.1281000003)
9216,MAIN ST @ MOUNTAIN AVE,159,184.7,33,7980.199984,0.499,1.16163522,,POINT (232295.09160000086 906926.2177000009)
9217,MAIN ST @ PARK AVE,159,56.1,35.8,2640.099999,0.503,0.352830189,,POINT (235962.2128000036 906928.4888000004)
9218,MAIN ST @ LEONARD ST,159,29.1,38.6,7547.099982,0.491,0.183018868,,POINT (229178.24689999968 906932.2098000012)
9219,MAIN ST OPP ROSEMONT ST,159,8.5,32.5,5742.900016,0.492,0.053459119,,POINT (233300.2709000036 906934.8216000013)
9220,MAIN ST OPP FAIRLAWN ST,159,48,32.5,5742.900016,0.492,0.301886792,,POINT (229172.13009999692 906935.5395999998)
9221,MAIN ST @ BANKS PL,159,60.9,33.5,7919.40001,0.485,0.383018868,,POINT (226180.5724999979 906942.3990000002)
9222,MAIN ST @ SYLVAN ST,214,54.1,39.8,1512.500001,0.464,0.252803738,,POINT (226180.5724999979 906942.3990000002)
9223,MAIN ST OPP LODGE AVE,214,6,39.8,1512.500001,0.464,0.028037383,,POINT (232283.69879999757 906942.4012000002)
9224,MAIN ST @ POTOMAC ST,214,47.2,39.8,1512.500001,0.464,0.220560748,,POINT (234171.36729999632 906942.4721000008)
9225,MAIN ST @ E WYOMING AVE,214,375.5,36.4,5525.499992,0.478,1.754672897,,POINT (239495.53859999776 906953.9783000015)
9226,MAIN ST @ GROVE ST,214,147.4,36.4,5525.499992,0.478,0.688785047,,POINT (239476.82580000162 906960.8859999999)
9227,MAIN ST @ E FOSTER ST,164,193.9,41.1,4073.699992,0.473,1.182317073,,POINT (238572.32880000025 906963.4844999984)
9228,MAIN ST @ UPHAM ST,164,219.3,41.1,4975.600008,0.442,1.337195122,,POINT (228252.3949000016 906969.0036000013)
9229,MAIN ST @ E EMERSON ST,214,104.8,41.1,4073.699992,0.473,0.489719626,,POINT (238564.3872999996 906980.0130999982)
9230,MAIN ST @ LEBANON ST,214,148.5,43.2,2939.700001,0.497,0.693925234,,POINT (237402.53100000322 906983.0623999983)
9231,MAIN ST @ SHORT ST,214,241.9,48.3,2172.3,0.443,1.130373832,,POINT (233212.17440000176 906985.6796000004)
9232,MAIN ST @ LINDEN RD,214,220.4,48.3,2172.3,0.443,1.029906542,,POINT (233212.17440000176 906985.6796000004)
9233,MAIN ST @ GREEN ST,214,195.6,48.3,2172.3,0.443,0.914018692,,POINT (230974.6330000013 906987.8946000002)
9235,MAIN ST @ E HIGHLAND AVE,164,43,42,3870.799994,0.483,0.262195122,,POINT (228282.30330000073 906994.5078000017)
9236,MAIN ST @ BOARDMAN AVE,164,35.1,41.4,3417.100005,0.479,0.21402439,,POINT (230958.932099998 907001.4604000002)
9237,MAIN ST @ BAY STATE RD,164,42.9,42.9,2695.200002,0.48,0.261585366,,POINT (231568.81830000132 907002.6823999994)
9238,MAIN ST @ FLINT ST,164,11,42.1,1102.6,0.487,0.067073171,,POINT (220821.84369999915 907002.8753000014)
9239,MAIN ST @ GRAFTON ST,164,28.2,42.9,2695.200002,0.48,0.17195122,,POINT (220813.81589999795 907004.1332999989)
9240,MAIN ST @ PITMAN AVE,164,32.6,42.9,2695.200002,0.48,0.198780488,,POINT (231562.43620000035 907006.2346000001)
9241,MAIN ST @ GREENWOOD SCHOOL,164,17.2,42.9,2695.200002,0.48,0.104878049,,POINT (239344.18100000173 907009.4893999994)
9242,MAIN ST @ OAK ST,164,77,42.9,2695.200002,0.48,0.469512195,,POINT (240253.47039999813 907009.9063999988)
9243,MAIN ST @ WALTON PL,164,24.2,43.7,1036.8,0.468,0.147560976,,POINT (239337.40619999915 907011.8944999985)
9245,814 MAIN ST,164,0,43.7,1036.8,0.468,0,,POINT (231211.83200000226 907016.1950000003)
9246,MAIN ST @ GREEN ST,164,22.5,43.7,1036.8,0.468,0.137195122,,POINT (237461.27880000323 907019.8823000006)
9247,MAIN ST @ CHARLES ST,164,48.5,43.7,1036.8,0.468,0.295731707,,POINT (240915.70610000193 907019.9732000008)
9249,MAIN ST @ NAHANT ST,164,112.7,43.7,1036.8,0.468,0.687195122,,POINT (228842.24650000036 907020.3059)
9250,MAIN ST @ RICHARDSON ST,164,118.6,47.3,2570.599999,0.507,0.723170732,,POINT (228850.1024999991 907028.3590000011)
9251,MAIN ST @ WATER ST,164,487.7,47.3,2570.599999,0.507,2.973780488,,POINT (236624.05870000273 907034.0978999995)
9276,SALEM ST @ MAIN ST,164,30.6,42,4819.300006,0.475,0.186585366,,POINT (234988.03190000355 909123.2758000009)
9277,SALEM ST @ PLEASANT ST,164,16.1,46.9,1942.800002,0.49,0.098170732,,POINT (235553.9525000006 909130.8209000006)
9279,PLEASANT ST @ WAVE AVE,164,4,46.9,1942.800002,0.49,0.024390244,,POINT (234405.8748999983 909134)
9281,PLEASANT ST @ SWEETSER ST,164,2,43.4,2254.000002,0.479,0.012195122,,POINT (239121.78170000017 909136.7795000002)
9283,CORDIS ST @ COURT ST,164,2.5,43.4,2254.000002,0.479,0.015243902,,POINT (237042.14980000257 909142.635400001)
9284,CORDIS ST @ VERNON ST,164,3.5,43.4,2254.000002,0.479,0.021341463,,POINT (235192.79420000315 909156.6402999982)
9285,VERNON ST @ LOWELL ST,164,42.1,43.4,2254.000002,0.479,0.256707317,,POINT (227014.14190000296 909156.6675000004)
9287,LOWELL ST @ MAGNOLIA TERR,164,0,43.4,2254.000002,0.479,0,,POINT (235192.7650000006 909161.8575999998)
9289,LOWELL ST OPP PLEASANT ST,164,2.5,45.5,1130.199999,0.494,0.015243902,,POINT (235553.78599999845 909174.5980999991)
9292,LOWELL ST @ MAIN ST,164,34.6,40.5,275.2,0.467,0.21097561,,POINT (239064.09629999846 909179.0159000009)
9293,SALEM ST @ GOVERNOR DR,164,57.8,45.9,331.9,0.467,0.352439024,,POINT (226685.04200000316 909205.2309999987)
9294,SALEM ST @ LIBBY AVE,164,0,45.9,331.9,0.467,0,,POINT (237174.77960000187 909233.3568000011)
9295,SALEM ST @ WINTER ST,164,5,42.1,1476.1,0.491,0.030487805,,POINT (239154.86110000312 909256.9899000004)
9296,SALEM ST OPP MANNING ST,164,18.1,45.9,331.9,0.467,0.110365854,,POINT (234369.3729000017 909261.1537000015)
9297,WOBURN ST @ LOWELL ST,164,143.9,41.2,2646,0.465,0.877439024,,POINT (234369.3729000017 909261.1537000015)
9300,WASHINGTON ST @ ELIOT ST,175,28.3,42.1,1476.1,0.491,0.161714286,,POINT (232819.2322999984 909266.9530000016)
9301,WALKERS BROOK DR @ NEW CROSSI,175,312.4,42.1,1476.1,0.491,1.785142857,,POINT (237249.51210000366 909275.1272)
9304,NORTH AVE OPP LAKEVIEW OFFICE,175,94.7,40.5,275.2,0.467,0.541142857,,POINT (238862.91879999638 909285.7758000009)
9305,NORTH AVE @ WOLCOTT ST,175,6.2,40.5,275.2,0.467,0.035428571,,POINT (223933.8748999983 909290.5)
9306,NORTH AVE @ CHURCH ST,175,26.4,47.3,2570.599999,0.507,0.150857143,,POINT (230293.22450000048 909302.7591000013)
9307,NORTH AVE @ CHESTNUT ST,175,127.5,47.3,2570.599999,0.507,0.728571429,,POINT (223923.95080000162 909308.8304999992)
9318,CORPORATION WAY AFTER BRIDGE,610,104.6,31,5335.400003,0.508,0.17147541,,POINT (230290.92700000107 909314.4490999989)
9319,FELLSWAY @ MIDDLESEX AVE,610,470.1,34.1,6444.200024,0.501,0.770655738,,POINT (237355.33190000057 909327.3610999994)
9326,WASHINGTON ST @ OAK GROVE STA,126,562.6,34.8,5521.700001,0.496,4.465079365,,POINT (237347.90579999983 909330.1251999997)
9327,SALEM ST @ SPRING ST,164,12.2,45.9,331.9,0.467,0.074390244,,POINT (237367.40579999983 909332.8751000017)
9328,OAK GROVE BUSWAY,444,4278.9,32.5,5742.900016,0.492,9.637162162,,POINT (234305.96310000122 909337.9930000007)
9339,HUNTING ST @ SALEM ST,213,147.5,39.7,5475.499996,0.477,0.692488263,,POINT (237349.91629999876 909338.8535000011)
9340,HUNTING ST @ COLEMAN ST,213,400.7,39.7,5475.499996,0.477,1.881220657,,POINT (221287.88629999757 909343.7043999992)
9406,MORTON ST @ HARVARD ST,997,1819.7,28.8,3133.599995,0.453,1.825175527,,POINT (239212.49220000207 909345.7289000005)
9421,E NEWTON ST @ WASHINGTON ST,257,538.8,39.7,17400.30012,0.471,2.096498054,,POINT (235221.6322999969 909347.8469999991)
9434,PARK DR @ FENWAY STA,428,1006.2,26.1,19675.79991,0.447,2.350934579,,POINT (221214.0047999993 909351.2294999994)
9441,BROOKLINE AVE @ BOYLSTON ST,786,671,25.7,6635.599994,0.48,0.853689567,,POINT (235221.492399998 909353.942400001)
9448,SEAVER ST @ BLUE HILL AVE,754,1884,30.1,15157.60004,0.432,2.49867374,,POINT (226706.24080000073 909358.1644000001)
9492,498 WATERTOWN ST,122,23.2,36.4,3582.000006,0.479,0.190163934,,POINT (237561.3232000023 909361.7402000017)
9518,BEAVER ST @ LINDEN ST,30,4,45.2,1318.1,0.493,0.133333333,,POINT (237577.93710000068 909362.8753000014)
9522,WESTON ST @ CEDARWOOD AVE,90,113,39.1,1686.1,0.489,1.255555556,,POINT (239226.62470000237 909362.9376999997)
9525,MAIN SHOPPING CENTER @ MARSHA,252,1558.2,40.7,161.3,0.474,6.183333333,,POINT (237672.59359999746 909367.1253999993)
9526,MAIN SHOPPING CENTER @ MARKET,252,1418.2,40.7,161.3,0.474,5.627777778,,POINT (237683.2976000011 909367.4847000018)
9780,WASHINGTON ST @ OAK SQ,781,1838.2,30.2,5462.800005,0.496,2.353649168,,POINT (228352.61609999835 909379.9657000005)
9955,240 SOUTHAMPTON ST,148,13.7,36,2270,0.609,0.092567568,,POINT (237899.10360000283 909388.0249000005)
9960,MASSACHUSETTS AVE @ THEO GLYN,496,323,36,2270,0.609,0.651209677,,POINT (238168.79640000314 909390.1248999983)
9980,CHARLES ST @ BEACON ST,202,158.3,24.5,12.20000002,0.25,0.783663366,,POINT (245031.16160000116 913107.1939000003)
9981,BEACON ST OPP WALNUT ST,202,63.5,45.3,17599.2,0.476,0.314356436,,POINT (235842.35849999636 913107.3189999983)
9982,BEACON ST @ PARK ST,202,179.7,31.5,16840.19996,0.494,0.88960396,,POINT (248214.48420000076 913121.8128999993)
9983,STUART ST @ CHARLES ST S,327,394.5,20.9,27565.9001,0.422,1.206422018,,POINT (244170.02820000052 913121.9943999983)
10000,TREMONT ST OPP TEMPLE PL,404,614.1,40.8,9357.100048,0.583,1.520049505,,POINT (221089.99960000068 913124.5003000014)
10003,ALBANY ST OPP RANDALL ST,988,605.1,36,2270,0.609,0.612449393,,POINT (244999.99970000237 913129.3751000017)
10005,ALBANY ST OPP E CONCORD ST,814,1808.2,34.3,8027.499998,0.487,2.221375921,,POINT (248266.05099999905 913132.5372000001)
10006,ALBANY ST OPP E NEWTON ST,318,405.4,33.9,9442.299993,0.521,1.274842767,,POINT (244654.33789999783 913133.0456000008)
10007,540 ALBANY ST OPP WAREHAM ST,318,228.9,37.2,2900.49998,0.583,0.719811321,,POINT (245989.75599999726 913136.3588000014)
10008,ALBANY ST OPP RANDOLPH ST,318,284.3,39.8,5375.900004,0.548,0.894025157,,POINT (234865.03350000083 913136.7465000004)
10009,HIGH ST @ DUCK LANE,107,1,42.9,532.6,0.489,0.009345794,,POINT (248108.48430000246 913136.8123999983)
10010,SOUTHAMPTON ST @ NEWMARKET ST,177,70.9,36,2270,0.609,0.400564972,,POINT (244190.5992999971 913147.3869000003)
10011,ALBANY ST @ RANDOLPH ST,314,259,39.8,5375.900004,0.548,0.824840764,,POINT (247516.02470000088 913148.4844999984)
10012,ALBANY ST @ WAREHAM ST,314,130,39.8,5375.900004,0.548,0.414012739,,POINT (247416.75919999927 913151.2335000001)
10013,ALBANY ST @ E DEDHAM ST,314,203.6,39.8,5375.900004,0.548,0.648407643,,POINT (240389.39869999886 913156.1107000001)
10014,ALBANY ST OPP BOSTON MEDICAL,954,2649,33.9,9442.299993,0.521,2.77672956,,POINT (244626.37950000167 913163.4871999994)
10015,HARRISON AVE @ E NEWTON ST,944,1504.4,34.3,8027.499998,0.487,1.593644068,,POINT (242142.29680000246 913168.0003999993)
10016,TRADECENTER 128,115,170.5,33.6,3315.200001,0.508,1.482608696,,POINT (235678.76470000297 913168.2362000011)
10032,E 1ST ST OPP O ST,1231,214.4,30.9,12180.49995,0.471,0.174167344,,POINT (242149.37470000237 913172.0626000017)
10033,E 1ST ST @ O ST,1372,615.1,28.5,7626.299971,0.477,0.448323615,,POINT (244940.88180000335 913172.6127000004)
10100,ALBANY ST @ RANDALL ST,644,431.5,36,2270,0.609,0.670031056,,POINT (244935.7242999971 913176.4184999987)
10101,MELNEA CASS BLVD @ HARRISON A,644,202.5,35.3,6483.90001,0.398,0.314440994,,POINT (242273.82180000097 913188.5962000005)
10413,COLUMBUS AVE @ WELD AVE,1062,3174.4,39.3,15135.89996,0.459,2.989077213,,POINT (248478.11649999768 913189.6717999987)
10417,AMERICAN LEGION HWY @ BLUE HI,103,191.6,20.4,1337.3,0.412,1.860194175,,POINT (248484.34669999778 913190.5898999982)
10418,AMERICAN LEGION HWY OPP FRANK,103,157.3,20.4,1337.3,0.412,1.527184466,,POINT (242880.4125000015 913192.943599999)
10419,AMERICAN LEGION HWY @ CANTERB,103,244.3,38.3,2726.300003,0.485,2.37184466,,POINT (247642.49170000106 913193.6561000012)
10421,AMERICAN LEGION HWY @ WALK HI,103,73.7,38.3,2726.300003,0.485,0.715533981,,POINT (248723.67539999634 913194.7078999989)
10422,OPP 684 AMERICAN LEGION HWY,103,166.7,38.3,2726.300003,0.485,1.618446602,,POINT (248878.36919999868 913194.7710999995)
10423,AMERICAN LEGION HWY @ STELLA,103,71.1,36.7,6005.400001,0.441,0.690291262,,POINT (246120.27009999752 913194.8607000001)
10424,AMERICAN LEGION HWY @ CUMMINS,103,130.5,36.7,6005.400001,0.441,1.266990291,,POINT (248693.68439999968 913194.8870999999)
10425,OPP 950 AMERICAN LEGION HWY,103,119.9,46.4,2367.699998,0.446,1.16407767,,POINT (248884.9679000005 913194.9635000005)
10427,AMERICAN LEGION HWY OPP KINGB,103,180.1,20.4,1337.3,0.412,1.748543689,,POINT (242885.82779999822 913196.125)
10522,CIRCUIT DR @ GLEN LN,558,84.3,20.4,1337.3,0.412,0.151075269,,POINT (247648.60639999807 913196.3524999991)
10540,MORTON ST @ EVANS ST,402,608.7,36.2,7024.100023,0.454,1.514179104,,POINT (247351.43180000037 913196.5258999988)
10569,2165 DORCHESTER AVE,472,52.5,47.7,2261.300002,0.524,0.111228814,,POINT (246125.92379999906 913198.2080000006)
10582,RIVER ST OPP FREMONT ST,209,64.8,39.6,4733.099996,0.415,0.310047847,,POINT (242269.63440000266 913199.0610000007)
10590,MASSACHUSETTS AVE @ WASHINGTO,670,2113.6,34.7,19876.90011,0.521,3.154626866,,POINT (249039.7722999975 913211.8942000009)
10603,WASHINGTON ST @ DURNELL AVE,827,290.1,38.5,6191.799992,0.467,0.350785973,,POINT (249047.38149999827 913212.5274999999)
10612,WASHINGTON ST OPP W BOUNDARY,547,373,45.2,1660.4,0.452,0.68190128,,POINT (247951.9368999973 913217.7895999998)
10618,WASHINGTON ST @ SUMNER ST,722,282.6,44.8,1025.6,0.477,0.391412742,,POINT (247376.21930000186 913222.0238999985)
10625,WASHINGTON ST OPP HERON ST,675,218.8,45.2,1660.4,0.452,0.324148148,,POINT (238811.125500001 913222.3480999991)
10633,WASHINGTON ST @ ROSECLIFF ST,828,456.9,35.4,5093.099984,0.513,0.551811594,,POINT (219502.44129999727 915141.7917000018)
10642,FOREST HILLS STATION UPPER BU,5495,78534.9,34.4,4843.000006,0.435,14.29206551,,POINT (244960.0626000017 915145.5177999996)
10768,CENTRE ST @ GROVE ST,217,48,42.3,3968.699993,0.476,0.221198157,,POINT (231212.71130000055 915149.1809)
10769,CENTRE ST @ GROVE ST,217,37.9,42.3,3968.699993,0.476,0.174654378,,POINT (222636.37470000237 915149.1875)
10777,SPRING ST @ CASS ST,331,263.4,46.3,1998.699999,0.5,0.795770393,,POINT (249128.5776000023 915150.3929999992)
10820,VETERANS HOSPITAL WEST ROXBUR,546,734.5,46.3,1998.699999,0.5,1.345238095,,POINT (222632.74099999666 915156.4805999994)
10821,CHARLES PARK RD @ VFW PKWY,90,111.5,46.3,1998.699999,0.5,1.238888889,,POINT (244240.5524000004 915157.6779999994)
10830,17 CHARLES PARK RD,90,38.5,46.3,1998.699999,0.5,0.427777778,,POINT (244234.77600000054 915161.1042000018)
10833,DEDHAM MALL @ STOP & SHOP,908,3040.6,44.8,1025.6,0.477,3.348678414,,POINT (244357.59579999745 915163.6365999989)
10923,CUMMINS HWY @ WOOD AVE,217,422.3,40.8,5629.700001,0.47,1.946082949,,POINT (219450.95870000124 915165.6343999989)
11070,GUEST ST @ NEW BALANCE WAY,178,223.4,30.5,3005.899999,0.483,1.25505618,,POINT (224234.7501000017 915172.8737000003)
11071,GUEST ST @ ARTHUR ST,178,216.1,30.5,3005.899999,0.483,1.214044944,,POINT (230521.3574000001 915179.746100001)
11131,CENTRE ST @ ROSEWAY ST,878,1975.5,34.2,9235.399976,0.447,2.25,,POINT (244358.5454000011 915183.1706999987)
11148,MALCOLM X BLVD @ MADISON PARK,3392,1038,31.6,735.5000015,0.361,0.306014151,,POINT (230517.31220000237 915185.5)
11149,MALCOLM X BLVD @ O'BRYANT HS,3392,3901.5,31.6,735.5000015,0.361,1.150206368,,POINT (235453.30730000138 915186.4184999987)
11158,HARRISON AVE @ E BROOKLINE ST,485,365.3,35.3,20698.29997,0.397,0.753195876,,POINT (235453.30730000138 915186.4184999987)
11164,CENTRE ST @ BURROUGHS ST,855,1661.8,36.6,4817.200006,0.454,1.943625731,,POINT (228621.82840000093 915189.6383999996)
11187,WASHINGTON ST @ SCHOOL ST,320,481.5,39.3,15135.89996,0.459,1.5046875,,POINT (224261.01720000058 915195.6389000006)
11219,A ST @ NECCO ST,288,278.4,39.3,2273.100001,0.521,0.966666667,,POINT (249189.07769999653 915198.5626999997)
11228,TREMONT ST @ LENOX ST,202,68.1,34,14934.69999,0.446,0.337128713,,POINT (244891.4103000015 915201.7221999988)
11241,SOUTH BAY MALL @ TARGET,847,1388.6,28.4,1706.9,0.528,1.639433294,,POINT (232878.33680000156 915205.3024999984)
11242,SOUTH BAY MALL OPP BED BATH &,847,2121.3,28.4,1706.9,0.528,2.504486423,,POINT (250524.92109999806 915209.688000001)
11257,MALCOLM X BLVD @ KING ST,3274,11184.5,29.4,6409.000012,0.512,3.416157605,,POINT (244870.78890000284 915224.2580999993)
11259,MALCOLM X BLVD @ SHAWMUT AVE,3179,3368.8,41.8,4854.400016,0.52,1.05970431,,POINT (250539.63539999723 915226.4589999989)
11302,HARVARD ST @ VERNDALE ST,703,1766.8,33.5,6839.800012,0.451,2.513229018,,POINT (244112.80390000343 915229.0022)
11319,W SECOND ST OPP W THIRD ST,288,35.5,39.3,2273.100001,0.521,0.123263889,,POINT (232878.6018999964 915236.4356999993)
11323,MALCOLM X BLVD OPP O'BRYANT H,3289,3375.7,29.4,6409.000012,0.512,1.026360596,,POINT (224699.804399997 915236.7690000013)
11384,DARTMOUTH ST @ BACK BAY STA,257,1636.1,36.5,14100.69997,0.479,6.36614786,,POINT (224699.804399997 915236.7690000013)
11388,HUNTINGTON AVE @ BELVIDERE ST,672,2286.8,68.3,22450.59998,0.47,3.40297619,,POINT (244096.65670000017 915239.7366999984)
11390,DALTON ST @ BELVIDERE ST,63,9,64.5,5623.299988,0.482,0.142857143,,POINT (246049.0671999976 915248.5318000019)
11391,BOYLSTON ST @ MASSACHUSETTS A,63,12.8,62,9690.500002,0.482,0.203174603,,POINT (229518.85010000318 915250.9056999981)
11410,CAMBRIDGE ST @ MAX AVE,319,755.8,34.8,13729.7,0.516,2.369278997,,POINT (222619.811999999 915255.0623999983)
11413,COLUMBUS AVE @ WALNUT AVE,1062,2717.8,37,13267.09993,0.447,2.55913371,,POINT (246058.17499999702 915260.2181000002)
11419,A ST @ MT WASHINGTON AVE,288,94.6,39.3,2273.100001,0.521,0.328472222,,POINT (229672.60069999844 915265.0588000007)
11481,HERALD ST @ HARRISON AVE,521,986.8,30.8,16845.00005,0.484,1.894049904,,POINT (224439.1853 915266.8634000011)
11482,DUDLEY ST @ UPHAMS CORNER STA,791,1520.8,34.4,7651.800013,0.473,1.922629583,,POINT (219205.07230000198 915267.7107999995)
11501,DUDLEY ST @ VIRGINIA ST,769,3137.6,37.2,9916.09998,0.477,4.080104031,,POINT (229706.63930000365 915268.1079999991)
11512,BOWDOIN OPP MT IDA,520,461.8,32.1,10157.39998,0.488,0.888076923,,POINT (250589.77489999682 915268.9208999984)
11521,MORTON ST @ ARBORWAY,978,268.6,33.3,6091.099991,0.471,0.274642127,,POINT (244841.14859999716 915269.6479999982)
11531,JACKSON SQUARE BUSWAY,2611,20341.7,33.2,8796.100011,0.468,7.79076982,,POINT (219198.48740000278 915270.3465000018)
11545,LEE ST @ BOYLSTON ST,140,19.5,41.6,805.3999999,0.493,0.139285714,,POINT (250605.60300000012 915281.2591999993)
11587,CIRCUIT DR @ GLEN LN,573,112.1,20.4,1337.3,0.412,0.195636998,,POINT (236619.5174999982 907038.4569999985)
11592,RUGGLES ST @ CABOT ST,692,259.8,31.6,735.5000015,0.361,0.375433526,,POINT (220605.07159999758 907047.7019999996)
11593,RUGGLES ST OPP KERR WAY,611,155,36.1,10164.60001,0.415,0.253682488,,POINT (239229.67890000343 907051.0251000002)
11613,W BOUNDARY RD @ WASHINGTON ST,149,94.9,36.8,4575.700002,0.446,0.636912752,,POINT (220584.8205000013 907052.2796999998)
11618,GEORGETOWNE DR @ GEORGETOWNE,149,225,28.5,8538.200001,0.377,1.510067114,,POINT (226167.28079999983 907055.8125)
11689,BURLINGTON MALL RD OPP NE EXE,153,172.1,49.5,626.3,0.471,1.124836601,,POINT (239211.74329999834 907057.6559000015)
11694,S BEDFORD ST @ WAYSIDE RD,159,122,44.4,384.6,0.45,0.767295597,,POINT (231233.50159999728 907060.0221999995)
11712,BLUE HILL AVE @ MORTON ST,1305,6372.1,31.7,10124.69995,0.457,4.882835249,,POINT (220288.17170000076 907060.9376000017)
11719,BLUE HILL AVE OPP BABSON ST,1305,3222.6,40.4,4968.000011,0.462,2.469425287,,POINT (237057.2167999968 907070.6387000009)
11735,AMES ST @ FRANKLIN FIELD,80,124,33.6,4336.000007,0.414,1.55,,POINT (232192.91120000184 907071.5080999993)
11736,AMES ST @ WESTVIEW ST,80,73.5,26.1,3072.999996,0.418,0.91875,,POINT (220288.932599999 907073.2727000006)
11771,VASSAR ST @ MASSACHUSETTS AVE,110,424.5,20.3,3155.699998,0.45,3.859090909,,POINT (238440.22179999948 907076.0507000014)
11780,AVE LOUIS PASTEUR @ LONGWOOD,772,4964.1,20.4,9841.8,0.222,6.430181347,,POINT (233063.1345999986 907076.6129000001)
11781,AVE LOUIS PASTEUR @ THE FENWA,682,954.7,20.4,9841.8,0.222,1.399853372,,POINT (233063.1345999986 907076.6129000001)
11792,HARRISON AVE @ MELNEA CASS BL,553,92.9,35.3,6483.90001,0.398,0.167992767,,POINT (237683.874499999 907077.3123999983)
11799,AVE LOUIS PASTEUR @ THE FENWA,563,936.2,20.4,9841.8,0.222,1.662877442,,POINT (237665.88700000197 907082.6108999997)
11802,AVE LOUIS PASTEUR @ LONGWOOD,863,2887.2,20.4,9841.8,0.222,3.345538818,,POINT (226177.20289999992 907088.2501999997)
11803,LONGWOOD AVE @ BINNEY ST,903,4674.9,20.4,9841.8,0.222,5.177076412,,POINT (235924.9769999981 907088.4210000001)
11809,MOUNTFORT ST @ CARLTON ST,434,313.3,28.3,4040.200002,0.485,0.721889401,,POINT (235924.9769999981 907088.4210000001)
11835,CHESTNUT HILL AVE OPP BUCKMIN,140,8,41.2,2256.099999,0.482,0.057142857,,POINT (241943.75980000198 907089.8643000014)
11836,145 GROVE ST OPP BELLINGHAM R,140,19.5,42.8,1697.5,0.473,0.139285714,,POINT (237070.15900000185 907090.6169000007)
11837,GROVE ST @ SOUTH ST,140,144,42.8,1697.5,0.473,1.028571429,,POINT (232041.41130000353 907092.6633000001)
11839,COREY ST @ LAGRANGE ST,10,2.5,37.4,2045,0.445,0.25,,POINT (232177.18500000238 907092.9785999991)
11845,CHESTNUT HILL AVE @ ACKERS AV,140,19.5,41.2,2256.099999,0.482,0.139285714,,POINT (237871.89859999716 907098.6053999998)
11853,CHESTNUT ST OPP OAK ST,122,89.4,45.6,1677.600001,0.48,0.732786885,,POINT (237891.59089999646 907102.4717000015)
11860,ROBERT ST @ BELGRADE AVE,140,45,39,4362.400005,0.472,0.321428571,,POINT (232042.21299999952 907105.0927000009)
11868,5 WALTER ST OPP HEWLETT ST,140,170.5,39.4,6567.999979,0.446,1.217857143,,POINT (241806.9448999986 907108.179299999)
11891,PEARL ST @ CONGRESS ST,391,526.1,32.7,3863.000004,0.56,1.345524297,,POINT (240319.26539999992 907112.0449000001)
11917,CHESTNUT HILL AVE @ BUCKMINST,140,10.5,41.2,2256.099999,0.482,0.075,,POINT (239057.53980000317 907113.8872999996)
11939,CENTRE ST @ ELIOT ST,324,330.2,42.1,4827.099996,0.467,1.019135802,,POINT (240325.03109999746 907123.7503000014)
11971,GUEST ST @ ARTHUR ST,174,183.6,30.5,3005.899999,0.483,1.055172414,,POINT (239937.21040000021 907126.0373999998)
11972,GUEST ST OPP NEW BALANCE WAY,174,221.3,30.5,3005.899999,0.483,1.27183908,,POINT (237096.09669999778 907132.7928999998)
12144,HURON AVE OPP FOUNTAIN TERR,225,112.8,45.2,868.5000001,0.438,0.501333333,,POINT (230808.4122999981 907134.4899000004)
12145,FRESH POND GOLF COURSE,225,492.3,36.3,9752.200008,0.446,2.188,,POINT (231296.46700000018 907146.4935999997)
12147,700 HURON AVE,235,559.6,36.3,9752.200008,0.446,2.381276596,,POINT (228783.81409999728 907147.2723999992)
12301,MASSACHUSETTS AVE @ UPLAND RD,786,3052.5,31.6,8558.099983,0.457,3.883587786,,POINT (230792.94849999994 907147.7804000005)
12323,PARK AVE @ OAKLAND AVE,117,50,43.1,3182.599998,0.485,0.427350427,,POINT (231290.95589999855 907149.1854000017)
12352,LAKE ST @ PLEASANT ST,208,48.5,37,4284.9,0.488,0.233173077,,POINT (228728.44460000098 907150.0549000017)
12360,PARK AVE @ PARK CIRCLE,117,49.6,43.1,3182.599998,0.485,0.423931624,,POINT (238956.42759999633 907151.1275999993)
12376,WINTHROP ST @ ORCHARD ST,173,75.5,31.4,6970.099978,0.494,0.436416185,,POINT (238107.61069999635 907153.7056000009)
12465,WADSWORTH RD @ APPLETON ST,258,14.5,43.3,1863.3,0.49,0.05620155,,POINT (226238.61450000107 907159.7927000001)
12468,APPLETON ST @ VIRGINIA RD,212,28.3,42.6,3740.499995,0.482,0.133490566,,POINT (226373.62929999828 907160.3346999995)
12610,SOMERVILLE AVE @ MERRIAM ST,301,365.4,32.8,5616.099997,0.53,1.213953488,,POINT (221408.0956000015 909390.3715999983)
12614,WATERHOUSE ST @ MASSACHUSETTS,683,825.5,30.4,10674.7,0.454,1.20863836,,POINT (223855.69399999827 909391.2250999995)
12615,SOMERVILLE AVE @ CHURCH ST,301,534.1,32.5,7261.800001,0.509,1.774418605,,POINT (238182.38180000335 909391.4098999985)
12616,SOMERVILLE AVE @ SCHOOL ST,301,553.8,32.5,7261.800001,0.509,1.83986711,,POINT (228349.03130000085 909393.9362000003)
12618,WASHINGTON ST OPP HARRIS ST,256,293.1,45.6,1082.6,0.481,1.144921875,,POINT (237942.6731000021 909399.0265000015)
12636,BROADWAY OPP CLARENDON HILL B,207,566.9,32.9,4366.199989,0.458,2.738647343,,POINT (221432.92660000175 909400.2063999996)
12637,BROADWAY @ SUNNYSIDE AVE,207,94.6,35.9,4800.4,0.499,0.457004831,,POINT (223844.56319999695 909402.3203000017)
12638,BROADWAY @ SILK ST,207,64.4,37.1,4979.200004,0.475,0.311111111,,POINT (237962.87460000068 909404.4378999993)
12639,BROADWAY OPP CLEVELAND ST,207,192.8,38.2,6279.399988,0.448,0.931400966,,POINT (237986.23409999907 909406.0625)
12640,BROADWAY @ N UNION ST,207,176,38.2,6279.399988,0.448,0.850241546,,POINT (234244.15129999816 909408.1381999999)
12641,BROADWAY OPP HARLOW ST,207,205.6,38.2,6279.399988,0.448,0.993236715,,POINT (238629.5571999997 909419.743999999)
12642,BROADWAY @ TUFTS ST,207,98.1,37.9,6321.099999,0.47,0.473913043,,POINT (238361.39029999822 909440.0003999993)
12643,BROADWAY @ ALLEN ST,207,65.4,40.4,5089.099995,0.501,0.315942029,,POINT (246413.07119999826 909443.3273000009)
12645,BROADWAY @ MASSACHUSETTS AVE,211,587.8,36.6,4636.799987,0.511,2.785781991,,POINT (237964.0917999968 909445.995099999)
12648,BROADWAY @ ALLEN ST,211,134.9,40.4,5089.099995,0.501,0.639336493,,POINT (235563.76889999956 909446.0260000005)
12649,BROADWAY @ TUFTS ST,211,128.9,37.9,6321.099999,0.47,0.610900474,,POINT (237965.56210000068 909451.5628999993)
12650,BROADWAY @ HARLOW ST,211,217.7,38.2,6279.399988,0.448,1.031753555,,POINT (226886.6999000013 909452.4697000012)
12651,BROADWAY @ OXFORD ST,211,211.8,38.2,6279.399988,0.448,1.003791469,,POINT (238531.4372999966 909456.0628000014)
12652,BROADWAY @ CLEVELAND ST,211,206,35.9,4800.4,0.499,0.976303318,,POINT (230262.22709999979 909457.1644000001)
12653,BROADWAY OPP SILK ST,211,81.7,37.1,4979.200004,0.475,0.387203791,,POINT (238543.81130000204 909458.1768000014)
12654,BROADWAY OPP SUNNYSIDE AVE,211,61.2,35.9,4800.4,0.499,0.290047393,,POINT (221586.68720000237 909461.3123999983)
12759,WASHINGTON ST @ MYRTLE ST,667,886.9,34,9090.599984,0.506,1.329685157,,POINT (234188.7955000028 909461.5077)
12789,WEST ST @ LODGE HILL RD,153,69.9,23.5,2.4,0.571,0.456862745,,POINT (246402.72200000286 909462.5896000005)
12812,WEST ST OPP LODGE HILL RD,131,66.7,23.5,2.4,0.571,0.509160305,,POINT (220889.67140000314 909464.7498999983)
12821,MAIN ST OPP SCHRAFFTS BLDG,450,75.5,51,1477,0.506,0.167777778,,POINT (220877.0647 909467.6816000007)
12826,MAIN ST @ UNION ST,179,120.9,35,2944.100004,0.492,0.675418994,,POINT (221609.37539999932 909470.3880999982)
12828,CHELSEA ST OPP CONSTITUTION R,100,40.5,49.7,6595.000003,0.503,0.405,,POINT (235565.13329999894 909473.6286999993)
12829,CHELSEA ST @ WARREN ST,276,278.7,50.6,9637.500009,0.486,1.009782609,,POINT (237399.8401999995 909489.8979999982)
12836,CHELSEA ST @ WARREN ST,273,263.2,49.7,6595.000003,0.503,0.964102564,,POINT (237399.8401999995 909489.8979999982)
12838,CHELSEA ST @ FIFTH ST,273,325.1,43,5067.599994,0.448,1.190842491,,POINT (223724.1969999969 909493.2270999998)
12852,VINE ST @ BUNKER HILL ST,100,517,50.1,11803.49998,0.486,5.17,,POINT (230254.4578000009 909498.2327000014)
12853,THIRTEENTH ST @ SECOND AVE,100,354,43,5067.599994,0.448,3.54,,POINT (220750.8747999966 909498.4375)
12855,FIRST AVE @ NINTH ST,100,113,43,5067.599994,0.448,1.13,,POINT (239330.00900000334 909500.0837999992)
12856,FIRST AVE @ FIFTH ST,100,177,43,5067.599994,0.448,1.77,,POINT (239332.43999999762 909504.6218999997)
12858,CHELSEA ST @ CONSTITUTION RD,273,141.9,49.7,6595.000003,0.503,0.51978022,,POINT (220735.5623999983 909511.3751999997)
12859,FIRST AVE @ TERRY RING,95,127,43,5067.599994,0.448,1.336842105,,POINT (221780.7220999971 909512.1048999988)
12860,FIRST AVE @ NINTH ST,95,117,43,5067.599994,0.448,1.231578947,,POINT (221791.09350000322 909513.8753000014)
12862,THIRTEENTH ST @ FIFTH AVE,95,360,43,5067.599994,0.448,3.789473684,,POINT (234131.96670000255 909520.9897999987)
12866,BUNKER HILL ST @ BALDWIN ST,273,56.2,49.8,10000.1,0.475,0.205860806,,POINT (235220.50659999996 909522.2652999982)
12888,MYSTIC AVE @ MAIN ST,235,105.4,35.4,3508.399998,0.473,0.448510638,,POINT (223684.32289999723 909524.2105999999)
12891,PEARL ST @ HIGH ST,40,28,38.6,1976.599998,0.548,0.7,,POINT (244871.62749999762 913223.9648000002)
12932,COLUMBIA RD @ BIRD ST,548,665.7,33.7,11714.89999,0.49,1.214781022,,POINT (235385.135300003 913223.9871000014)
12940,BOSTON ST @ FR SONGIN WAY,420,148.2,28.4,1706.9,0.528,0.352857143,,POINT (235392.37889999896 913224.6020999998)
13093,ADAMS ST @ GRENWOLD RD,30,13.5,41.5,2169.600001,0.487,0.45,,POINT (235224.9245999977 913225.3049000017)
13121,DEWAR ST @ DORCHESTER AVE,106,10.6,36.5,2289.200003,0.499,0.1,,POINT (235007.9353 913230.2228000015)
13142,NEWLAND ST @ HUCKINS AVE,264,135.3,51.1,1380.100001,0.498,0.5125,,POINT (235209.7343999967 913231.5001999997)
13245,SEA ST @ MOFFAT RD,377,426.8,37,1164,0.496,1.132095491,,POINT (246180.50029999763 913235.2096000016)
13321,TOWNSEND ST @ WARREN ST,10,273.5,36.6,8409.000023,0.424,27.35,,POINT (242966.07850000262 913236.9019000009)
13400,BRYANT AVE @ UPTON ST,45,165.5,42.5,522.8,0.479,3.677777778,,POINT (228889.91170000285 913239.061999999)
13402,QUARRY ST @ COMMON ST,30,8,34,4466.700006,0.504,0.266666667,,POINT (242971.69829999655 913239.7256000005)
13403,OPP 254 QUARRY ST,30,51.5,34,4466.700006,0.504,1.716666667,,POINT (241889.7656000033 913244.1875)
13404,OPP 150 QUARRY ST,30,23.5,32.8,2584.5,0.496,0.783333333,,POINT (241889.7656000033 913244.1875)
13406,GRANITE ST @ PACKARDS LANE,30,6,36.9,4077.800002,0.497,0.2,,POINT (244549.63369999826 913245.8830999993)
13407,125 GRANITE ST,30,19,48.2,4550.200003,0.45,0.633333333,,POINT (244534.23799999803 913245.9298)
13590,TREMONT ST @ TOBIN COMMUNITY,739,1066.6,23,16368.89998,0.541,1.443301759,,POINT (244275.99379999936 913249.0284999982)
13618,WASHINGTON ST @ SCHOOL ST,256,299.2,45.6,1082.6,0.481,1.16875,,POINT (247825.95160000026 913254.4622999988)
13685,PLEASANT ST OPP SHAWMUT ST,213,59.6,44.6,2196.899999,0.492,0.279812207,,POINT (244280.93590000272 913255.1125000007)
13817,WASHINGTON ST OPP AVALON DR,129,36.8,48.2,888.6000005,0.49,0.285271318,,POINT (240038.0645999983 913256.2833000012)
13818,563 WASHINGTON ST,129,47.1,40,1621.100001,0.496,0.365116279,,POINT (244547.36680000275 913260.7595999986)
13819,WASHINGTON ST OPP WEST LAKE D,129,32.7,40,1621.100001,0.496,0.253488372,,POINT (249278.12640000135 913261.995099999)
13820,WASHINGTON ST @ WINTER CT,129,151,48.2,888.6000005,0.49,1.170542636,,POINT (236089.7798999995 913262.7371000014)
13821,MIDDLE ST @ WINTER ST,129,210.1,42.3,533.1,0.478,1.628682171,,POINT (249284.5151000023 913263.190200001)
13822,MIDDLE ST @ CIRCUIT AVE,129,6,42.3,533.1,0.478,0.046511628,,POINT (234864.42329999804 913263.2241000012)
13823,MIDDLE ST @ TARA DR,129,107,42.3,533.1,0.478,0.829457364,,POINT (243052.24400000274 913267.305300001)
13824,MIDDLE ST OPP MEDITERRANEAN D,129,108.2,44.7,776.0999998,0.492,0.83875969,,POINT (226555.70409999788 913267.8720000014)
13825,561 MAIN ST,129,44.8,46.1,881.9000002,0.5,0.347286822,,POINT (236089.92419999838 913269.3161999993)
13826,OPP 650 MAIN ST,129,19,44.7,776.0999998,0.492,0.147286822,,POINT (244808.97829999775 913273.4695000015)
13827,MAIN ST @ ADAMS PLACE,129,7.5,40.3,1314.1,0.482,0.058139535,,POINT (243040.36089999974 913275.3469999991)
13828,OPP 85 COLUMBIAN ST,129,74.6,41,1813.5,0.485,0.578294574,,POINT (246439.87330000103 913284.9776999988)
13829,OPP 41 COLUMBIAN ST,258,514.2,41,1813.5,0.485,1.993023256,,POINT (246443.9747999981 913286.8997999988)
13830,PLEASANT ST @ MAIN ST,129,339.4,41,1813.5,0.485,2.631007752,,POINT (249407.44099999964 913291.0863000005)
13831,OPP 861 MAIN ST,129,34.4,40.3,1314.1,0.482,0.266666667,,POINT (235069.1278000027 913307.6523999982)
13832,780 MAIN ST,129,15.4,41,1813.5,0.485,0.119379845,,POINT (246310.1427000016 913307.9151999988)
13833,650 MAIN ST,129,15.9,44.7,776.0999998,0.492,0.123255814,,POINT (228857.186999999 913309.2498999983)
13834,OPP 561 MAIN ST,129,45.2,46.1,881.9000002,0.5,0.350387597,,POINT (244759.9553000033 913312.2714000009)
13835,MIDDLE ST @ MEDITERRANEAN DR,129,116.5,44.7,776.0999998,0.492,0.903100775,,POINT (249465.6303000003 913312.8497000001)
13836,MIDDLE ST @ DIXON ST,129,93.9,42.3,533.1,0.478,0.727906977,,POINT (246295.624499999 913313.8935000002)
13837,MIDDLE ST OPP CIRCUIT AVE,129,5.5,42.3,533.1,0.478,0.042635659,,POINT (249472.19910000265 913315.5251000002)
13838,MIDDLE ST OPP WINTER ST,129,220.2,42.3,533.1,0.478,1.706976744,,POINT (235042.13759999722 913323.0797000006)
13839,WASHINGTON ST OPP WINTER CT,129,118.5,40,1621.100001,0.496,0.918604651,,POINT (246427.87380000204 913325.3682999983)
13840,WASHINGTON ST @ WEST LAKE DR,129,36.8,40,1621.100001,0.496,0.285271318,,POINT (246302.5199000016 913327.1149999984)
13841,564 WASHINGTON ST,129,53.1,48.2,888.6000005,0.49,0.411627907,,POINT (227679.45380000025 904712.9481000006)
13842,WASHINGTON ST @ AVALON DR,129,22.9,48.2,888.6000005,0.49,0.17751938,,POINT (233530.9170999974 904713.1217)
13843,WASHINGTON ST @ MAIN ST,129,7,48.2,888.6000005,0.49,0.054263566,,POINT (231901.31350000203 904714.2892000005)
13844,PLEASANT ST @ COLONELS DR,212,193.6,36.6,1924.999999,0.474,0.913207547,,POINT (230837.1547999978 904741.5489000008)
13845,PLEASANT ST @ SANDERSON AVE,106,10,36.6,1924.999999,0.474,0.094339623,,POINT (230844.91309999675 904742.1733999997)
13846,PLEASANT ST OPP GRANITE POST,106,0,36.6,1924.999999,0.474,0,,POINT (233512.07549999654 904743.1631999984)
13848,PLEASANT ST @ LORRAINE ST,106,6,36.6,1924.999999,0.474,0.056603774,,POINT (240535.80820000172 904743.5106000006)
13849,PLEASANT ST OPP LAMBERT AVE,106,1,36.6,1924.999999,0.474,0.009433962,,POINT (240776.49620000273 904743.5700999983)
13850,PLEASANT ST @ RAYMOND ST,106,7.5,44.6,2196.899999,0.492,0.070754717,,POINT (240689.99960000068 904743.9373999983)
13851,PLEASANT ST @ RILEY AVE,106,19.6,44.6,2196.899999,0.492,0.18490566,,POINT (235488.30740000308 904745.4023999982)
13852,PLEASANT ST @ LAMBERT AVE,106,11.3,36.6,1924.999999,0.474,0.106603774,,POINT (235488.30740000308 904745.4023999982)
13853,PLEASANT ST @ VILLAGE RD,106,14.9,36.6,1924.999999,0.474,0.140566038,,POINT (230657.18379999697 904746.5942000002)
13854,PLEASANT ST @ GRANITE POST LA,106,0,36.6,1924.999999,0.474,0,,POINT (232883.2677000016 904747.6737000011)
13855,PLEASANT ST OPP SANDERSON AVE,106,19.8,36.6,1924.999999,0.474,0.186792453,,POINT (237496.55330000073 904748.9495999999)
13856,MUTTON LANE @ OLD STONE WAY,106,68.3,36.6,1924.999999,0.474,0.644339623,,POINT (232880.26910000294 904752.9255000018)
13857,100 MUTTON LANE,106,88.2,36.6,1924.999999,0.474,0.832075472,,POINT (227554.79169999808 904753.2164000012)
13858,1197 WASHINGTON ST,106,35.4,42.3,533.1,0.478,0.333962264,,POINT (233470.3524999991 904756.2316000015)
13859,851 PLEASANT ST,106,52,36.6,1924.999999,0.474,0.490566038,,POINT (230868.5776000023 904758.0808000006)
13959,FRANKLIN ST @ GUILD ST,89,24.2,35.5,5508.599998,0.49,0.271910112,,POINT (234245.68050000072 904758.3445000015)
14030,FRANKLIN ST OPP SUMMER ST,89,0,46.6,672.0000001,0.459,0,,POINT (223019.55839999765 904761.6691000015)
14031,CAMBRIDGE ST @ FAYETTE ST,319,208.7,32.6,10274.30002,0.497,0.654231975,,POINT (227551.69349999726 904762.2567000017)
14056,88 NORTH ST,155,8.8,41.8,1982.799999,0.485,0.056774194,,POINT (237513.35610000044 904763.504900001)
14211,CENTRAL AVE @ CENTRAL AVE STA,247,848.2,49.6,2240.299998,0.414,3.434008097,,POINT (221597.2600999996 904764.5810000002)
14225,S MAIN ST OPP WOODLAWN RD,145,31.3,44.2,1423.6,0.484,0.215862069,,POINT (230877.0896999985 904766.6581000015)
14233,MAIN ST @ DEMARCO PARK,143,173.4,43.8,871,0.48,1.212587413,,POINT (234544.247299999 904769.6600000001)
14301,PEARL ST @ HANCOCK ST,89,54.4,41.4,1110.2,0.503,0.611235955,,POINT (221599.94740000367 904771.2296000011)
14302,PEARL ST @ IVORY PLAZA,89,48,41.4,1110.2,0.503,0.539325843,,POINT (238351.0201999992 904773.9151999988)
14320,ADAMS ST @ WHITWELL ST,25,5,41.5,2169.600001,0.487,0.2,,POINT (228169.23950000107 904776.2620999999)
14331,EDGE HILL RD @ HOLLIS ST,25,0,40.4,1979.6,0.487,0,,POINT (228169.23950000107 904776.2620999999)
14383,COMMON ST @ HILLTOP ST,25,1,32.8,2584.5,0.496,0.04,,POINT (230560.78220000118 904778.6251000017)
14460,HIGHLAND AVE @ SALEM HOSPITAL,189,366.7,39.8,1969.3,0.489,1.94021164,,POINT (234540.45820000023 904787.5386999995)
14465,HIGHLAND AVE @ HAWTHORNE SQ,189,449.1,39.8,1969.3,0.489,2.376190476,,POINT (231771.3103 904787.6821000017)
14470,HIGHLAND AVE @ WALMART,189,254.3,48.6,455.2,0.486,1.345502646,,POINT (231766.5583000034 904790.4800999984)
14544,HIGHLAND AVE OPP OLDE VILLAGE,204,49.3,36.6,708.4000001,0.423,0.241666667,,POINT (223041.6325000003 904794.4516999982)
14548,HIGHLAND AVE @ HAWTHORNE SQ,204,665.5,36.6,708.4000001,0.423,3.262254902,,POINT (238362.4171999991 904806.805399999)
14551,HIGHLAND AVE @ WILLSON ST,204,74.5,52.3,800.7000001,0.458,0.365196078,,POINT (227414.72039999813 904807.2344999984)
14553,HIGHLAND AVE OPP PROCTOR ST,204,179.6,38,2399.3,0.452,0.880392157,,POINT (233411.89379999787 904811.2366000004)
14586,10 CENTENNIAL DRIVE,108,18.3,48,438.9,0.467,0.169444444,,POINT (227416.37179999799 904815.2012000009)
14609,MARGIN ST @ N SHORE AVE,107,11.3,40.7,2367.1,0.467,0.105607477,,POINT (230360.19160000235 904830.6213000007)
14612,WATER ST OPP APPLETON ST,107,17.1,51,1783.000002,0.478,0.159813084,,POINT (230346.89150000364 904831.4750000015)
14618,OPP 450 WASHINGTON ST,256,28.9,45.6,1082.6,0.481,0.112890625,,POINT (238126.1802000031 907163.8245999999)
14717,AMERICAN LEGION HWY @ BEACH S,210,415.9,37.3,4771.50001,0.483,1.98047619,,POINT (225390.04410000145 907167.4426000006)
14731,BOWDOIN ST @ ADAMS ST,513,319.3,31.7,9811.7,0.466,0.622417154,,POINT (232117.1872999966 907176.9378000014)
14748,LYNN COMMUTER RAIL BUSWAY,1775,11921.8,45.9,6744.000004,0.447,6.716507042,,POINT (236468.63660000265 907182.7384000011)
14822,HUMPHREY ST @ ALDEN RD,158,2,47.7,1201.3,0.486,0.012658228,,POINT (236463.98260000348 907187.2063000016)
14831,DUDLEY ST OPP HOWARD AVE,791,1215,33,8314.200026,0.498,1.536030341,,POINT (226100.96069999784 907192.0764999986)
14836,ELM ST @ MUGFORD ST,247,79.9,53.3,2955.100001,0.452,0.323481781,,POINT (232105.0807000026 907196.8126999997)
14860,HUMPHREY ST @ WINTHROP AVE,247,13.8,46.4,1655.099999,0.464,0.055870445,,POINT (226097.69409999996 907197.1400000006)
14868,SALEM ST @ TEDESCO GOLF COURS,94,0,41.6,1909.700001,0.466,0,,POINT (228693.17859999835 907201.0874000005)
14875,OPP 331 PARADISE RD,94,30.6,51.7,753.3000003,0.453,0.325531915,,POINT (239719.97640000284 907204.6823999994)
14925,WASHINGTON ST @ BLANEY AVE,113,49.7,40.9,1471.3,0.463,0.439823009,,POINT (238802.11869999766 907207.4010000005)
14936,WASHINGTON ST @ LINCOLN PL,113,43.5,38.5,4113.299997,0.509,0.384955752,,POINT (232853.78419999778 907209.6970000006)
14937,WASHINGTON ST OPP DUSTIN ST,113,31.1,40.9,1471.3,0.463,0.275221239,,POINT (234612.48099999875 907210.6110000014)
15002,HIGH ST @ BRADLEE RD,604,430.9,41.5,3868.499999,0.456,0.713410596,,POINT (234612.48099999875 907210.6110000014)
15038,GEORGE ST @ BURGET AVE,203,120.4,35.8,5231.500009,0.478,0.593103448,,POINT (232849.13359999657 907212.7142999992)
15045,SPRUCE ST @ SECOND ST,252,146.5,31.9,1166.2,0.501,0.581349206,,POINT (238778.0680000037 907216.0808000006)
15046,SPRUCE ST @ WILLIAMS ST,252,31.6,31.9,1166.2,0.501,0.125396825,,POINT (235872.37910000235 907226.0637000017)
15047,CAPTAINS ROW @ COMMANDANTS WA,252,167.8,51.3,5234.500004,0.466,0.665873016,,POINT (228734.12680000067 907227.4840000011)
15048,150 CAPTAINS ROW,252,72.2,51.3,5234.500004,0.466,0.286507937,,POINT (235869.13430000097 907232.6350000016)
15049,CAPTAINS ROW @ BOATSWAINS WAY,252,7.2,51.3,5234.500004,0.466,0.028571429,,POINT (225081.02269999683 907237.6831)
15050,5 ADMIRAL'S WAY,252,323.3,51.3,5234.500004,0.466,1.282936508,,POINT (240180.39079999924 907241.5650000013)
15052,COMMANDANTS WAY @ WILLIAMS ST,252,0,51.3,5234.500004,0.466,0,,POINT (226309.5155000016 907242.3126000017)
15053,45 SPRUCE ST,252,87.2,31.9,1166.2,0.501,0.346031746,,POINT (238219.31899999827 907243.9567000009)
15054,100 EVERETT AVE,169,51.1,31.9,1166.2,0.501,0.302366864,,POINT (237171.41920000315 907253.9233999997)
15058,3 WOODLAND RD,276,300.3,59.5,206,0.434,1.088043478,,POINT (226301.6875 907256.8753999993)
15060,HIGHLAND AVE @ STURGES ST,141,85.3,42.2,121,0.502,0.604964539,,POINT (240387.6876000017 907258.0524999984)
15061,HIGHLAND AVE @ WADDELL ST,141,58.7,48.8,3001.200005,0.499,0.416312057,,POINT (240391.02660000324 907265.3370999992)
15088,HARRISON AVE OPP EAST SPRINGF,145,272,33.9,9442.299993,0.521,1.875862069,,POINT (238639.06930000335 907266.8942999989)
15095,WASHINGTON ST @ HERALD ST,1705,3203,54.8,12044.39996,0.468,1.878592375,,POINT (238633.26160000265 907269.0289999992)
15100,ST PETERS SQ @ CHURCH,725,3561.5,32,12899.49998,0.499,4.912413793,,POINT (239835.95289999992 907271.2503000014)
15176,WASHINGTON ST @ WORCESTER ST,1411,3122.8,33.9,9442.299993,0.521,2.21318214,,POINT (237174.57789999992 907274.2501000017)
15201,PREBLE ST @ ROGERS ST,174,20.4,30.6,3582.000003,0.539,0.117241379,,POINT (237190.65460000187 907285.8000000007)
15216,CENTRE @ COLBERT ST,171,86.6,41.2,5077.399997,0.456,0.506432749,,POINT (230636.67819999903 907286.9873000011)
15235,WASHINGTON ST @ ROCKVALE CIRC,320,288.5,33.8,5764.800003,0.467,0.9015625,,POINT (238287.70269999653 907288.6875)
15236,WASHINGTON ST @ SYLVIA ST,320,172.5,33.7,7651.599993,0.441,0.5390625,,POINT (225163.7648999989 907289.761500001)
15241,CENTRE ST @ LOUDERS LN,176,32.1,53,1932.800001,0.448,0.182386364,,POINT (235858.8303000033 907292.2729999982)
15291,HIGH ST @ CYPRESS ST,211,268.5,37.4,3209.800004,0.462,1.272511848,,POINT (230629.95269999653 907292.5003000014)
15351,BOYLSTON ST @ TIMON AVE,211,139,42.3,1194.3,0.505,0.658767773,,POINT (235867.79980000108 907294.5681000017)
15431,CENTRE ST @ JACKSON ST,982,1146.9,26.3,2089.900001,0.551,1.167922607,,POINT (228524.30259999633 907295.1675000004)
15618,525 WASHINGTON ST OPP MARION,256,0,45.6,1082.6,0.481,0,,POINT (232051.30910000205 907304.9501999989)
15625,EVERETT AVE @ REVERE BEACH PK,128,56.9,34.8,8142.900025,0.483,0.44453125,,POINT (238743.02660000324 909525.6532999985)
15645,EVERETT AVE @ REVERE BEACH PK,124,57.5,34.8,8142.900025,0.483,0.463709677,,POINT (232768.34329999983 909526.5626999997)
15649,SUMMIT AVE @ LAFAYETTE AVE,252,118.1,72.2,3245.799992,0.581,0.468650794,,POINT (234108.99700000137 909546.4796000011)
15650,SUMMIT AVE @ CHELSEA SOLDIERS,252,1.5,72.2,3245.799992,0.581,0.005952381,,POINT (223664.21400000155 909548.7052999996)
15651,HILLSIDE AVE @ CREST AVE,252,791.3,72.2,3245.799992,0.581,3.140079365,,POINT (243437.27889999747 909577.5850999989)
15660,BLUE HILL AVE @ DEVON ST,315,321.4,31.1,10319.59998,0.439,1.02031746,,POINT (232739.62409999967 909582.9527000003)
15661,BLUE HILL AVE @ LAWRENCE AVE,315,477,29.5,13016.59992,0.434,1.514285714,,POINT (228368.13849999756 909584.5634999983)
15782,OPP 1456 NORTH SHORE RD,675,415.7,34.5,6628.300009,0.506,0.615851852,,POINT (233261.14859999716 909588.7142999992)
15787,BEACH ST @ CARY AVE,675,316.2,37.3,4771.50001,0.483,0.468444444,,POINT (233261.14859999716 909588.7142999992)
15795,WONDERLAND BUSWAY,3421,44979.3,34.5,6628.300009,0.506,13.14799766,,POINT (235572.84860000014 909622.6928999983)
15820,BLUE HILL AVE @ MAYWOOD ST,292,214.5,30.8,9130.100019,0.464,0.734589041,,POINT (239358.23539999872 909623.3071000017)
15832,267 COOLEDGE ST,126,30.2,38.9,4566.999996,0.466,0.23968254,,POINT (238518.95139999688 909638.5042999983)
15857,SUMNER ST @ ORLEANS ST,237,98.9,33.1,18957.09995,0.508,0.417299578,,POINT (235574.01690000296 909642.4659999982)
15880,ORIENT HEIGHTS SOUTH BUSWAY,1065,13081.4,35.2,4044.000003,0.515,12.28300469,,POINT (238023.07909999788 909644.4054000005)
15940,GROVE ST @ WALNUT ST,50,10,41.1,4975.600008,0.442,0.2,,POINT (238910.60559999943 909650.2424999997)
15969,WASHINGTON ST OPP BRAZIL ST,126,2,35.4,858.4999999,0.506,0.015873016,,POINT (238413.76529999822 909652.6253000014)
15970,PLEASANT ST OPP CONVERSE LN,126,130.7,33.5,7919.40001,0.485,1.037301587,,POINT (246302.940200001 909659.0795000009)
15971,PLEASANT ST OPP GOULD ST,126,17.7,35.4,858.4999999,0.506,0.14047619,,POINT (233993.7471999973 909665.0925000012)
15974,PLEASANT ST OPP EVERETT ST,126,18.7,41,3931.999999,0.47,0.148412698,,POINT (235273.97360000014 909665.3770000003)
15975,WYOMING AVE @ COTTAGE ST,126,66.9,41,3931.999999,0.47,0.530952381,,POINT (233987.5134000033 909671.6875)
15976,WYOMING AVE @ CLEVELAND ST,126,75,41.5,4639.300007,0.449,0.595238095,,POINT (235362.12120000273 909676.6473000012)
15977,WYOMING AVE @ WHITTIER ST,126,42.2,41.5,4639.300007,0.449,0.334920635,,POINT (246305.89829999954 909683.1655000001)
15978,WYOMING AVE @ RAVINE TERR,126,9.5,41.5,4639.300007,0.449,0.075396825,,POINT (235280.5820999965 909687.8445000015)
15979,WYOMING AVE @ FELLSWAY E,126,62.2,59.5,206,0.434,0.493650794,,POINT (238100.40739999712 909700.0689000003)
15982,MAIN ST @ SOUTH ST,126,27.1,44.4,1068.6,0.483,0.215079365,,POINT (230216.94060000032 909715.4127000012)
15983,550 MAIN ST,126,25.7,40.8,898.8,0.476,0.203968254,,POINT (230216.94060000032 909715.4127000012)
15984,MAIN ST @ SUMMER ST,126,115.5,40.8,898.8,0.476,0.916666667,,POINT (221816.98430000246 909731.1876000017)
15985,MAIN ST @ HANCOCK ST,126,74.2,37.8,3826.400006,0.489,0.588888889,,POINT (237270.4530000016 909745.5)
15986,MAIN ST OPP MAPLE ST,126,155.5,40.8,1920.200001,0.48,1.234126984,,POINT (239442.32569999993 909747.6411999986)
15987,MAIN ST @ WILLIAM ST,126,157.6,39.1,2332.899998,0.486,1.250793651,,POINT (221824.36890000105 909748.7971000001)
15988,MAIN ST @ ELM ST,126,57.6,45.6,1943.099999,0.462,0.457142857,,POINT (239040.97919999808 909750.9715999998)
15989,REDSTONE SHOPPING CENTER,126,441.7,45.6,1943.099999,0.462,3.505555556,,POINT (238627.4843999967 909762.1876000017)
15990,159 MAIN ST OPP COLLINCOTE ST,137,68.8,45.6,1943.099999,0.462,0.502189781,,POINT (237263.6248999983 909771.6253000014)
15992,MAIN ST OPP COMMON ST,137,154.8,39.1,2332.899998,0.486,1.129927007,,POINT (228563.3247999996 909776.9197000004)
15994,MAIN ST @ SUMMER ST,137,130.4,40.8,1920.200001,0.48,0.951824818,,POINT (239509.98879999667 909777.6737999991)
15995,MAIN ST @ GRAYSTONE RD,137,18.5,40.8,898.8,0.476,0.135036496,,POINT (243570.71369999647 909784.6105000004)
15999,WYOMING AVE @ FELLSWAY E,137,85.6,59.5,206,0.434,0.624817518,,POINT (239069.3281000033 909794.3126000017)
16000,WYOMING AVE @ RAVINE RD,137,21.2,41.5,4639.300007,0.449,0.154744526,,POINT (239064.4443999976 909799.3016000018)
16001,WYOMING AVE @ MELBOURNE AVE,137,45.2,41.5,4639.300007,0.449,0.329927007,,POINT (233849.99960000068 909817.9378000014)
16118,LORING AVE @ STATION RD,209,0,23.4,2508.600001,0.42,0,,POINT (238704.38539999723 909833.0007000007)
16126,1000 LORING AVE,209,165,50.4,1683,0.427,0.789473684,,POINT (238649.83869999647 913328.6799999997)
16131,ESSEX ST @ JACKSON PK,209,6,43.1,2880.099998,0.492,0.028708134,,POINT (247470.1350999996 913329.9759999998)
16132,ESSEX ST OPP BURRILL ST,209,112.6,38.6,996.0000003,0.47,0.538755981,,POINT (226595.40079999715 913330.6394000016)
16156,OPP 1000 LORING AVE,214,117.9,63.5,3478.799995,0.393,0.550934579,,POINT (238643.6303000003 913331.9125999995)
16170,LORING AVE @ SALEM STATE UNIV,214,280.4,23.7,4115.400003,0.419,1.310280374,,POINT (246430.99679999799 913342.300999999)
16177,LAFAYETTE @ LEAVITT ST,214,231.9,38,6455.500008,0.458,1.08364486,,POINT (247472.8122999966 913348.1875)
16305,HIGH ST @ JOHNSON AVE,323,147.4,39.6,2987.800003,0.467,0.456346749,,POINT (241862.3650000021 913360.4948999994)
16316,HIGH ST @ HARVARD AVE,307,223,39.6,2987.800003,0.467,0.726384365,,POINT (244651.40569999814 913378.1482000016)
16358,RIVER ST @ WALTER ST,322,254,38.1,4824.800009,0.479,0.788819876,,POINT (234877.61590000242 913379.5760999992)
16360,RIVER ST @ MAIDA TERR,322,279,36.6,5124.000006,0.473,0.866459627,,POINT (244655.1467999965 913382.3691999987)
16364,RIVER ST @ HOLMFIELD AVE,322,108.1,43.4,4016.100003,0.465,0.335714286,,POINT (244671.97619999945 913384.6275000013)
16365,RIVER ST @ TESLA ST,322,110.1,42.2,5914.699989,0.457,0.341925466,,POINT (244671.97619999945 913384.6275000013)
16369,RIVER ST @ VIOLANTE ST,322,104,42.2,5914.699989,0.457,0.322981366,,POINT (226300.1872999966 913386.9376999997)
16391,FAIRMOUNT AVE OPP PIERCE ST,204,115.3,48.7,3530.499998,0.447,0.565196078,,POINT (244397.06859999895 913402.3548000008)
16403,SUMMIT ST @ NEPONSET AVE,204,74.8,40.8,3728.900001,0.473,0.366666667,,POINT (232826.79680000246 913402.7503000014)
16434,CUMMINS HWY @ AMERICAN LEGION,217,421.6,36.7,6005.400001,0.441,1.942857143,,POINT (232826.79680000246 913402.7503000014)
16458,CUMMINS HWY @ FAIRWAY ST,218,1009.7,40.4,4968.000011,0.462,4.631651376,,POINT (226298.4576999992 913403.6081999987)
16459,CUMMINS HWY @ REGIS RD,218,235.2,40.4,4968.000011,0.462,1.078899083,,POINT (238521.09329999983 913405.0001000017)
16466,HYDE PARK AVE @ MILTON ST,736,981.3,39.6,1996.199999,0.495,1.333288043,,POINT (244413.0020999983 913405.0837000012)
16479,HYDE PARK AVE @ FLORIAN ST,937,646.8,38.3,2726.300003,0.485,0.690288154,,POINT (249655.80390000343 913408.5141999982)
16498,HYDE PARK AVE @ METROPOLITAN,945,872.6,37.2,4568.900006,0.445,0.923386243,,POINT (242200.85029999912 913409.3812000006)
16500,950 AMERICAN LEGION HWY,98,98.8,46.4,2367.699998,0.446,1.008163265,,POINT (249661.16130000353 913412.9101000018)
16535,OTIS ST @ SUMMER ST,1164,5634.8,38.6,1976.599998,0.548,4.840893471,,POINT (242201.186999999 913415.9373999983)
16538,CHAUNCY ST @ SUMMER ST,576,2402.7,38.6,1976.599998,0.548,4.171354167,,POINT (244397.55629999936 913417.5309999995)
16551,CONGRESS ST @ FRANKLIN ST,45,45,38.6,1976.599998,0.548,1,,POINT (228783.57779999822 913432.625)
16606,BEACH RD @ SURFSIDE RD,25,3,37.6,11735.3,0.491,0.12,,POINT (240016.84350000322 913437.0625)
16616,FLASH RD @ CASTLE RD,25,40.5,57.3,1444.8,0.449,1.62,,POINT (228777.9450000003 913442.1330000013)
16618,WASHINGTON ST @ RICHARDS ST,256,14.5,45.6,1082.6,0.481,0.056640625,,POINT (219925.77170000225 913464.5476000011)
16642,NAHANT RD OPP GREENLAWN CEMET,25,1,55.8,886.0000002,0.473,0.04,,POINT (219925.77170000225 913464.5476000011)
16653,MARKET ST @ COMMUTER RAIL,441,2099.4,45.9,6744.000004,0.447,4.760544218,,POINT (246595.16910000145 913465.1207999997)
16683,BROADWAY @ MAYFAIR ST,113,2,40.5,1478.5,0.501,0.017699115,,POINT (241806.58659999818 913465.5417000018)
16730,323 WALNUT ST,118,9.5,47,435.4,0.496,0.080508475,,POINT (238441.31430000067 913470.0643999986)
16734,WALNUT ST @ STERLING ST,24,2.3,40.3,2874.500004,0.492,0.095833333,,POINT (240387.8328000009 913474.3462000005)
16739,GARFIELD AVE @ CASTLE RISING,94,16.7,40.9,2432.900001,0.459,0.177659574,,POINT (246219.98920000345 913475.9866000004)
16881,26 CAMBRIDGE ST @ CAFE ESCADR,261,49,43.2,1018.7,0.493,0.187739464,,POINT (241789.11110000312 913476.2985000014)
16971,CAMBRIDGE ST OPP TERRY AVE,256,57.1,44.3,1014.7,0.481,0.223046875,,POINT (246611.34430000186 913476.7463000007)
17000,325 BOYLSTON ST,211,88.5,49.3,2074.400001,0.44,0.41943128,,POINT (246216.49319999665 913480.8535000011)
17001,280 BOYLSTON ST,211,671,43.9,6085.39998,0.422,3.180094787,,POINT (244558.66809999943 913480.9140000008)
17011,WYMAN ST @ WINTER ST,103,289.7,45.5,412.3,0.493,2.812621359,,POINT (249756.42909999937 913492.7291000001)
17091,TERMINAL A,1598,7687,31.2,10.5,0.494,4.810387985,,POINT (246311.70549999923 913494.3724000007)
17093,TERMINAL B STOP 2,808,5457.8,31.2,10.5,0.494,6.75470297,,POINT (246311.70549999923 913494.3724000007)
17094,TERMINAL C ARRIVALS LEVEL,814,6209.5,31.2,10.5,0.494,7.628378378,,POINT (240587.02700000256 904846.2173999995)
17095,TERMINAL E ARRIVALS LEVEL,817,7554.3,31.2,10.5,0.494,9.246389229,,POINT (230131.76349999756 904847.0047999993)
17096,CONGRESS ST @ WORLD TRADE CEN,1535,5761.8,31.5,3771.999999,0.509,3.753615635,,POINT (230131.76349999756 904847.0047999993)
17100,DODGE ST @ ENON ST,30,0.5,42.6,770.3,0.479,0.016666667,,POINT (231223.33330000192 904860.7690000013)
17101,OPP 22 ENON ST,30,5,42.6,770.3,0.479,0.166666667,,POINT (231223.33330000192 904860.7690000013)
17102,ENON ST @ LAKEVIEW AVE,60,60,42.6,770.3,0.479,1,,POINT (229968.90789999813 904861.5973999985)
17142,WINTER ST @ BRIDGE ST,30,0,44.8,5079.100014,0.466,0,,POINT (229938.88639999926 904864.9519999996)
17144,HAWTHORNE BLVD @ ESSEX ST,30,3,44.2,4683.399998,0.456,0.1,,POINT (237952.71509999782 904867.1429999992)
17153,HAWTHORNE BLVD @ DERBY ST,30,0,45.7,4866.199995,0.44,0,,POINT (224342.5979000032 904870.0883999988)
17154,HAWTHORNE BLVD @ WASHINGTON S,30,6,44.2,4683.399998,0.456,0.2,,POINT (238451.47179999948 904870.3396999985)
17156,WINTER ST @ BRIDGE ST,30,2,44.8,5079.100014,0.466,0.066666667,,POINT (240499.5223999992 904871.7534000017)
17166,CABOT ST @ STONE ST,30,6.5,37.1,9272.199979,0.464,0.216666667,,POINT (227219.98279999942 904883.4244999997)
17170,CABOT ST @ ESSEX ST,30,8,32.7,6431.19999,0.469,0.266666667,,POINT (224322.93710000068 904886.1218000017)
17255,BOSTON ST OPP FORD ST,113,76.5,40.5,3144.300001,0.487,0.67699115,,POINT (240242.38960000128 904889.8059)
17288,BOSTON ST @ FORD ST,113,94,40.5,3144.300001,0.487,0.831858407,,POINT (233273.88139999658 904893.1805000007)
17316,CHESTNUT ST OPP PEACH ST,90,16.8,30.8,8387.500022,0.485,0.186666667,,POINT (229794.1598000005 904893.2928999998)
17325,LYNNFIELD ST @ ST MARY CEMETE,90,4.5,38.4,1756.8,0.489,0.05,,POINT (227216.06660000235 904894.0157999992)
17347,LYNNFIELD ST @ UNION HOSPITAL,85,70.4,44.1,1924.5,0.483,0.828235294,,POINT (242635.00299999863 904896.5579999983)
17354,LYNNFIELD ST @ ST MARY CEMETE,85,1,38.4,1756.8,0.489,0.011764706,,POINT (237685.2968999967 904896.8753999993)
17370,GOODRIDGE ST @ MEMORIAL PK AV,5,165,30.8,8387.500022,0.485,33,,POINT (237690.20759999752 904900.6480999999)
17391,SEAVER ST OPP MAPLE ST,769,1144.4,30.1,15157.60004,0.432,1.48816645,,POINT (232792.0697999969 904903.5073999986)
17401,SEAVER ST OPP ELM HILL AVE,769,1036.1,20.4,1337.3,0.412,1.3473342,,POINT (231565.53190000355 904906.4266999997)
17411,SEAVER ST OPP HUMBOLDT AVE,769,1291.4,20.4,1337.3,0.412,1.679323797,,POINT (240221.19799999893 904907.7503000014)
17419,SALEM ST @ CUTLER HWY,292,398.1,30.6,6855.499989,0.524,1.363356164,,POINT (233272.5446999967 904908.8713999987)
17421,SEAVER ST OPP HAROLD ST,1062,766.6,32.6,11078.10004,0.412,0.721845574,,POINT (238502.60300000012 904910.8225000016)
17422,SALEM ST OPP FRANKLIN,292,73.2,42.5,1619.600001,0.497,0.250684932,,POINT (242405.75360000134 904916.2864000015)
17429,LINCOLN AVE @ CHARLOTTE RD,274,74.2,41.8,2734.599999,0.481,0.27080292,,POINT (231536.87690000236 904922.8964999989)
17449,SUMMER ST OPP RADDIN GROVE AV,179,65.1,35.4,4529.499994,0.493,0.363687151,,POINT (221663.69730000198 904927.8465999998)
17456,CENTRAL AVE @ KENNEDY DR,123,56.8,32.5,4270.400001,0.493,0.461788618,,POINT (227129.03509999812 904929.9274999984)
17463,CENTRAL AVE @ KENNEDY DR,129,24,32.5,4270.400001,0.493,0.186046512,,POINT (227106.93659999967 904930.0456000008)
17562,ESSEX ST OPP SCHOOL ST,213,14.5,42.3,1420.6,0.487,0.068075117,,POINT (233988.61829999834 904930.1180999987)
17591,56 MAIN ST,15,0.5,48.2,1099.1,0.463,0.033333333,,POINT (238460.8540999964 904931.2564999983)
17645,WASHINGTON ST @ LOWELL AVE,140,26.5,35.8,2365.800001,0.48,0.189285714,,POINT (232775.33940000087 904932.8288000003)
17711,LEXINGTON ST @ LAUREL ST,30,2.5,40.5,4222.6,0.469,0.083333333,,POINT (234507.79839999974 904940.8088000007)
17774,1045 TRAPELO RD,103,254.9,44.9,1680.500001,0.494,2.474757282,,POINT (230716.39869999886 904943.3850999996)
17861,RUGGLES UPPER BUSWAY,4224,37127.9,20.7,16656.49999,0.463,8.789749053,,POINT (221671.16619999707 904947.4871000014)
17862,RUGGLES LOWER BUSWAY,2985,26122.9,20.7,17354.5,0.459,8.751390285,,POINT (219388.90619999915 904948.3748999983)
17863,RUGGLES LOWER BUSWAY,2413,15222.2,20.7,17354.5,0.459,6.308412764,,POINT (230721.622299999 904952.0086000003)
17879,SPRINGS RD OPP BLDG 23,117,8,59.5,373.6999999,0.716,0.068376068,,POINT (235624.8642999977 904960.2060000002)
17922,MASSACHUSETTS AVE @ PARK AVE,720,933.7,44.7,3230.4,0.453,1.296805556,,POINT (238404.6142999977 904965.9499999993)
18144,WEBSTER ST OPP ELDER RD,117,8,40.8,1271.1,0.491,0.068376068,,POINT (238483.68320000172 907312.5212999992)
18239,CAMBRIDGE ST @ ARLINGTON RD,253,69.9,49.5,626.3,0.471,0.276284585,,POINT (232713.95109999925 907313.2551999986)
18244,CAMBRIDGE RD @ SYLVANUS WOOD,253,30.8,50.4,900.7,0.487,0.12173913,,POINT (238341.96859999746 907315.9376999997)
18245,BURLINGTON MALL RD @ NE EXECU,307,444.3,49.5,626.3,0.471,1.44723127,,POINT (232709.16600000113 907316.6268000007)
18246,BURLINGTON MALL RD @ LAHEY HO,307,203.1,49.5,626.3,0.471,0.661563518,,POINT (228439.6652000025 907319.0989000015)
18247,31 BURLINGTON MALL RD,307,12.6,26.3,9.300000002,0.462,0.041042345,,POINT (236073.51129999757 907325.1572999991)
18248,BURLINGTON MALL RD @ S BEDFOR,148,0.5,49.5,626.3,0.471,0.003378378,,POINT (236092.67400000244 907330.0018999986)
18249,BURLINGTON MALL RD @ MARRIOTT,148,11.9,49.5,626.3,0.471,0.080405405,,POINT (238424.62539999932 907341.8121000007)
18251,S BEDFORD ST @ KIMBALL AVE,159,50.8,26.3,9.300000002,0.462,0.319496855,,POINT (238431.6248999983 907341.938000001)
18272,MYSTIC ST @ RIDGE ST,168,10.9,46.7,965.9,0.465,0.064880952,,POINT (234598.81210000068 907344.068599999)
18338,KENNEDY DR @ BLDG 142,202,272.4,32.4,8273.099991,0.512,1.348514851,,POINT (226002.61919999868 907347.5141999982)
18351,SOHIER RD OPP TOZER RD,15,5.5,36.9,896.5000003,0.493,0.366666667,,POINT (226002.61919999868 907347.5141999982)
18511,MATTAPAN SOUTH BUSWAY,2668,10500.7,43,4861.999998,0.443,3.935794603,,POINT (234597.4272999987 907356.9976999983)
18542,DEDHAM ST OPP ROSALIE RD,65,0,52.9,498.7,0.449,0,,POINT (224767.09350000322 907357.125)
18581,WALTER ST OPP ASHFIELD ST,140,53.5,39,4362.400005,0.472,0.382142857,,POINT (224954.1875 907359.75)
18618,WASHINGTON ST @ SYLVIA LN,256,81.3,45.6,1082.6,0.481,0.317578125,,POINT (239734.9372999966 907361.8753000014)
18636,MASSACHUSETTS AVE OPP GRANT S,167,158.1,50.9,1013.6,0.47,0.946706587,,POINT (228258.84329999983 907362.1251999997)
18691,WALTER ST @ ASHFIELD ST,140,54,39,4362.400005,0.472,0.385714286,,POINT (228241.93710000068 907364.6876999997)
18924,404 WYMAN ST,103,26,45.5,412.3,0.493,0.252427184,,POINT (239929.71639999747 907375.7311000004)
18925,OPP 175 WYMAN ST,103,25.5,45.5,412.3,0.493,0.247572816,,POINT (234174.42090000212 907382.2520999983)
18928,TOTTEN POND RD @ THIRD AVE,103,487.9,40.7,161.3,0.474,4.736893204,,POINT (239721.30319999903 907382.4873000011)
18931,TOTTEN POND RD OPP WINTER ST,103,37.8,45.5,412.3,0.493,0.366990291,,POINT (237250.04940000176 907383.7851999998)
18974,RIVER ST @ MILTON ST,148,122,37.1,2085.300001,0.451,0.824324324,,POINT (232388.85909999907 907386.1876000017)
18975,RIVER ST @ MILTON ST,105,107.5,37.1,2085.300001,0.451,1.023809524,,POINT (228942.0191999972 907388.0643999986)
19073,FRANKLIN ST @ VINTON ST,50,4.5,47.3,2639,0.48,0.09,,POINT (234182.8356000036 907394.1515000015)
19182,MAIN ST @ NORTH ST,180,63.3,39.8,1759.300001,0.476,0.351666667,,POINT (230514.26250000298 907394.6116999984)
19201,CAMBRIDGE ST OPP ELKO ST,762,752,28.9,6834.10001,0.496,0.98687664,,POINT (237121.74059999734 907398.1911000013)
19208,MAIN ST @ OAK GROVE AVE,170,24.5,33.5,7919.40001,0.485,0.144117647,,POINT (230509.1032000035 907399.193599999)
19215,FLORENCE ST @ RAMSDELL RD,605,429.5,32.8,20521.90002,0.504,0.709917355,,POINT (236238.09870000184 907400.1323999986)
19253,MAIN ST @ LOWELL ST,175,85.9,41.2,2646,0.465,0.490857143,,POINT (237260.0477000028 907400.3225999996)
19402,WASHINGTON ST @ W NEWTON ST,1411,4429,39.7,17400.30012,0.471,3.138908575,,POINT (237120.67499999702 907403.7606999986)
19573,PLEASANT ST OPP FRANCES ST,126,21.1,41,3931.999999,0.47,0.167460317,,POINT (236232.68789999932 907404.929299999)
19618,WASHINGTON ST @ HARMONY HILL,256,974.6,45.6,1082.6,0.481,3.80703125,,POINT (232062.70279999822 907406.6688000001)
19661,MALL AT CHESTNUT HILL @ BLOOM,362,658.3,46.4,569.8,0.502,1.818508287,,POINT (227994.71490000188 907410.4210000001)
19821,BOYLSTON ST @ TULLY ST,271,249,47.9,432,0.487,0.918819188,,POINT (227946.65600000322 907419.8126999997)
20618,WASHINGTON ST OPP HOLIDAY INN,256,96.8,45.6,1082.6,0.481,0.378125,,POINT (232524.22320000082 907421.3099000007)
20619,WASHINGTON ST @ GAY ST,256,13,50.8,426.7,0.487,0.05078125,,POINT (224761.42339999974 907429.0953000002)
20620,WASHINGTON ST OPP WALDO WAY,256,1.8,42.3,1152.5,0.484,0.00703125,,POINT (232498.88490000367 907433.2210000008)
21148,MALCOLM X BLVD @ TREMONT ST,3392,6877.7,29.4,6409.000012,0.512,2.027623821,,POINT (239584.8122999966 907436.0626000017)
21151,WARREN ST @ KEARSARGE AVE,2003,2248.6,34.2,4465.399987,0.431,1.122616076,,POINT (238692.40600000322 909833.3126000017)
21158,HARRISON AVE OPP PLYMPTON ST,485,517.9,35.3,20698.29997,0.397,1.067835052,,POINT (238351.03360000253 909836.9576000012)
21187,WASHINGTON ST @ IFFLEY RD,320,213,32,12475.20001,0.495,0.665625,,POINT (238709.54410000145 909837.3887999989)
21317,HUNTINGTON AVE @ WIGGLESWORTH,685,2114,23.6,11848.4,0.502,3.086131387,,POINT (238687.02859999985 909839.4759000018)
21365,S HUNTINGTON AVE @ HUNTINGTON,702,3134.3,30.9,13027.49997,0.497,4.464814815,,POINT (238346.98879999667 909843.1204999983)
21411,WINTHROP ST OPP ORCHARD ST,203,90.3,20.9,5499.100004,0.494,0.444827586,,POINT (235618.26950000226 909844.6409000009)
21587,CIRCUIT DR OPP SHATTUCK HOSPI,573,295.8,20.4,1337.3,0.412,0.516230366,,POINT (243580.6868999973 909846.0593000017)
21618,WASHINGTON ST @ CHICKERING RD,256,30.3,45.6,1082.6,0.481,0.118359375,,POINT (243590.24379999936 909849.1737999991)
21772,AMESBURY ST @ VASSAR ST,110,198.5,21.7,4987.200001,0.597,1.804545455,,POINT (235618.36930000037 909851.5373999998)
21773,VASSAR ST @ MASSACHUSETTS AVE,110,383,20.3,3155.699998,0.45,3.481818182,,POINT (233808.51370000094 909861.9844000004)
21835,CHESTNUT HILL AVE @ ELIOT ST,140,90.5,41.2,2256.099999,0.482,0.646428571,,POINT (233779.85379999876 909892.7782999985)
21839,COREY ST @ MARLIN RD,5,0.5,37.4,2045,0.445,0.1,,POINT (235266.63710000366 909894.7294999994)
21916,GROVE ST @ BELLINGHAM ST,140,23.5,42.8,1697.5,0.473,0.167857143,,POINT (230181.0945999995 909909.760400001)
21917,RESERVOIR BUSWAY,990,6738.9,34.8,8608.899976,0.445,6.806969697,,POINT (230181.0945999995 909909.760400001)
22173,AMESBURY ST @ VASSAR ST,110,229.5,21.7,4987.200001,0.597,2.086363636,,POINT (228583.2092999965 909921.9342)
22358,116 PARK AVE,117,36,45.3,3282.399999,0.476,0.307692308,,POINT (228584.84350000322 909936.1253000014)
22365,105 S HUNTINGTON AVE,702,879.7,33.8,11798.39998,0.419,1.253133903,,POINT (238605.71850000322 909944.6651999988)
22549,HARVARD SQ @ GARDEN ST,1028,6172.1,30.4,10674.7,0.454,6.003988327,,POINT (238611.27589999884 909948.9708000012)
22618,WASHINGTON ST @ FULTON ST,256,72.4,52.2,3138.999997,0.464,0.2828125,,POINT (220501.76680000126 909955.4576000012)
22628,WASHINGTON ST OPP DEDHAM PLAZ,256,372.2,45.6,1082.6,0.481,1.45390625,,POINT (239703.08600000292 909968.7681999989)
22661,MASSACHUSETTS AVE @ THORNDIKE,781,424.8,35.9,4800.4,0.499,0.543918054,,POINT (239705.66640000045 909973.3674000017)
22671,MASSACHUSETTS AVE @ LAFAYETTE,781,474.5,37.3,5598.600008,0.48,0.607554417,,POINT (236981.9354000017 909973.5430000015)
22751,MASSACHUSETTS AVE @ ROUTE 16,784,576.5,35.9,4800.4,0.499,0.735331633,,POINT (235253.79659999907 909974)
22818,HYDE PARK AVE @ RESERVATION R,873,228.9,39.6,1996.199999,0.495,0.262199313,,POINT (220493.0622999966 909975.75)
22819,HYDE PARK AVE @ GLENWOOD AVE,873,811.3,48.7,3530.499998,0.447,0.92932417,,POINT (237153.3125 909979.375)
22821,1587 HYDE PARK AVE,873,131.5,39.6,1996.199999,0.495,0.150630011,,POINT (237163.94860000163 909979.4067000002)
23151,MASSACHUSETTS AVE @ PORTER RE,796,2067.9,31.6,8558.099983,0.457,2.597864322,,POINT (236873.97380000353 909979.8242999986)
23391,BACK BAY STATION,1352,5860.7,36.5,14100.69997,0.479,4.334837278,,POINT (223541.3122999966 909986.2175000012)
23402,QUARRY ST @ COMMON ST,25,5.5,34,4466.700006,0.504,0.22,,POINT (237170.3123999983 909986.6248999983)
23403,270 QUARRY ST,25,18.5,34,4466.700006,0.504,0.74,,POINT (223539.32850000262 909992.2307000011)
23404,150 QUARRY ST,25,14,32.8,2584.5,0.496,0.56,,POINT (236819.5420999974 910008.0643000007)
23406,GRANITE ST @ PACKARDS LANE,25,2,36.9,4077.800002,0.497,0.08,,POINT (235245.53710000217 910027.5066)
23407,OPP 125 GRANITE ST,25,7,48.2,4550.200003,0.45,0.28,,POINT (236695.49130000174 910032.9010999985)
23530,244 PLEASANT ST OPP BRUNSWICK,120,35.5,44.7,2748.200001,0.504,0.295833333,,POINT (236624.93659999967 910036.1816999987)
23531,PLEASANT ST @ GOULD RD,120,19.5,44.7,2748.200001,0.504,0.1625,,POINT (237136.81490000337 910037.7688999996)
23532,PLEASANT ST @ SPRING VALLEY S,120,22,44.7,2748.200001,0.504,0.183333333,,POINT (238494.60909999907 910043.8126999997)
23533,PLEASANT ST @ WELLINGTON ST,120,20.5,56.2,3739.899996,0.443,0.170833333,,POINT (238502.1582000032 910059.933699999)
23535,PLEASANT ST @ PELHAM TERR,120,40,56.2,3739.899996,0.443,0.333333333,,POINT (221995.35890000314 910075.1876000017)
23536,PLEASANT ST @ IRVING ST,120,31.5,56.2,3739.899996,0.443,0.2625,,POINT (221995.35890000314 910075.1876000017)
23537,PLEASANT ST @ KENSINGTON ST,120,23.5,43.8,1060.3,0.472,0.195833333,,POINT (220399.52440000325 910080.8581999987)
23538,PLEASANT ST @ BRUNSWICK RD,120,13.5,44.7,2748.200001,0.504,0.1125,,POINT (233602.96350000054 910084.5142999999)
23618,361 WASHINGTON ST @ ALDAEN PK,256,8,41.9,1246.7,0.467,0.03125,,POINT (247572.7595999986 913496.2903999984)
23823,MIDDLE ST OPP ROCKAWAY AVE,129,130.6,44.7,776.0999998,0.492,1.012403101,,POINT (249769.78279999644 913506.307500001)
23826,MAIN ST @ BAYLEY TERRACE,129,46.1,44.7,776.0999998,0.492,0.357364341,,POINT (236083.4275000021 913535.5280000009)
23832,MAIN ST @ PARK AVE,129,36.1,44.7,776.0999998,0.492,0.279844961,,POINT (247587.22649999708 913538.2928999998)
23835,MIDDLE ST @ ROCKAWAY AVE,129,144,44.7,776.0999998,0.492,1.11627907,,POINT (244793.14890000224 913538.3366999999)
23921,CROSS ST @ FOUNTAIN AVE,298,129.5,32.3,8256.900021,0.521,0.434563758,,POINT (236083.0741999969 913541.3203999996)
23951,PEARL ST @ WESLEY ST,181,41.6,35.7,11764.20005,0.517,0.229834254,,POINT (246685.39100000262 913542.947900001)
24281,RINDGE AVE @ HASKELL ST,230,166.8,33.6,8182.5,0.506,0.725217391,,POINT (246690.39169999957 913547.2289000005)
24481,BROADWAY @ PROSPECT ST,235,274,31.1,13831.70004,0.513,1.165957447,,POINT (241674.69160000235 913548.4028000012)
24482,BROADWAY @ NORFOLK ST,235,3,30.9,7800.700008,0.502,0.012765957,,POINT (241670.03109999746 913551.6875)
24483,BROADWAY @ COLUMBIA ST,235,202,31.1,13831.70004,0.513,0.859574468,,POINT (244806.6345999986 913553.6413000003)
24484,BROADWAY @ WINDSOR ST,235,258,31.1,13831.70004,0.513,1.09787234,,POINT (243871.76519999653 913562.2501000017)
24485,BROADWAY OPP HAMPSHIRE ST,235,555,30.1,8348.700007,0.452,2.361702128,,POINT (226744.40619999915 913564.4378999993)
24486,BROADWAY @ HAMPSHIRE ST,230,499.5,30.1,8348.700007,0.452,2.17173913,,POINT (226282.48390000314 913565.0625)
24487,BROADWAY @ WINDSOR ST,230,365,31.1,13831.70004,0.513,1.586956522,,POINT (243864.53220000118 913566.7023999989)
24488,BROADWAY @ COLUMBIA ST,230,175.5,31.1,13831.70004,0.513,0.763043478,,POINT (244269.98399999738 913568.5626000017)
24489,BROADWAY @ NORFOLK ST,230,94,30.9,7800.700008,0.502,0.408695652,,POINT (246900.3898999989 913572.0538000017)
24490,BROADWAY @ PROSPECT ST,85,60,31.1,13831.70004,0.513,0.705882353,,POINT (244265.53499999642 913573.4210000001)
24581,SOMERVILLE AVE @ ELM ST,231,54.8,30.3,9983.600009,0.475,0.237229437,,POINT (242256.4353 913575.6092999987)
24586,10 CENTENNIAL DRIVE,156,18.5,48,438.9,0.467,0.118589744,,POINT (243944.32789999992 913586.7503000014)
24610,RINDGE AVE @ HOLLIS ST,241,217.1,33.6,8182.5,0.506,0.900829876,,POINT (243952.18710000068 913589.2498999983)
24619,WASHINGTON ST @ INCINERATOR R,318,462.3,40.5,1344.5,0.474,1.453773585,,POINT (242263.3620999977 913593.8786000013)
24621,RINDGE AVE @ CLAY ST,241,118.3,35.3,8978.300007,0.453,0.490871369,,POINT (228775.21130000055 913607.4552000016)
24628,WASHINGTON ST @ GEORGE ST,256,49.1,41.9,1246.7,0.467,0.191796875,,POINT (244858.10119999945 913612.0223000012)
24716,VFW PKWY OPP WONDERLAND MARKE,86,3.2,32.3,7552.400003,0.513,0.037209302,,POINT (238242.6406000033 913612.1875)
24717,VFW PKWY @ WONDERLAND MARKET,90,24.2,32.3,7552.400003,0.513,0.268888889,,POINT (246486.4408000037 913614.0731999986)
24791,OPP 10 ACORN PARK DR,287,54.2,31.2,1800.199998,0.506,0.188850174,,POINT (238236.45109999925 913616.0166999996)
25051,CAPTAINS ROW @ COMMANDANTS WA,252,18.4,51.3,5234.500004,0.466,0.073015873,,POINT (246502.2650000006 913625.0289999992)
25059,HIGHLAND AVE @ MOLYNEAUX CIRC,135,46.8,48.8,3001.200005,0.499,0.346666667,,POINT (228783.85069999844 913625.9554999992)
25202,PREBLE ST @ VINTON ST,191,131.5,30.6,3582.000003,0.539,0.688481675,,POINT (244871.27409999818 913626.8640000001)
25236,WASHINGTON ST @ FOREST HILLS,320,210.5,33.7,5811.399992,0.485,0.6578125,,POINT (246792.53610000014 913634.8968999982)
25618,WASHINGTON ST @ RAILROAD AVE,256,281.2,41.9,1246.7,0.467,1.0984375,,POINT (226272.71850000322 913641.4376000017)
25712,WASHINGTON ST @ PARKER ST,355,201.1,32.5,7261.800001,0.509,0.566478873,,POINT (246803.80929999799 913643.9816999994)
25713,WASHINGTON ST @ KINGMAN RD,355,595.5,32.5,7261.800001,0.509,1.677464789,,POINT (246067.1758000031 913651.3121999986)
25800,E 8TH ST @ MERCER ST,288,176.9,30.4,10508.99998,0.439,0.614236111,,POINT (246062.18349999934 913655.6856999993)
25969,PLEASANT ST @ STONE PL,126,73.4,35.4,858.4999999,0.506,0.582539683,,POINT (247733.30059999973 913663.8966000006)
25974,PLEASANT ST @ WYOMING AVE,126,161.9,41,3931.999999,0.47,1.284920635,,POINT (247733.30059999973 913663.8966000006)
25986,MAIN ST @ PLEASANT ST,126,166.7,40.4,2419.599998,0.477,1.323015873,,POINT (226912.29950000346 913667.6581999995)
25988,MAIN ST @ COLLINCOTE ST,126,54.8,45.6,1943.099999,0.462,0.434920635,,POINT (226930.28649999946 913677.8222000003)
25989,REDSTONE SHOPPING CENTER ACCE,137,440.5,45.6,1943.099999,0.462,3.215328467,,POINT (244920.07310000062 913681.8636000007)
25990,MAIN ST @ ELM ST,137,80.4,45.6,1943.099999,0.462,0.586861314,,POINT (220734.06360000372 913684.9701000005)
25991,MAIN ST @ LINDENWOOD RD,137,124.4,40.4,2419.599998,0.477,0.908029197,,POINT (237932.91950000077 904967.3566000015)
25992,MAIN ST @ MAPLE ST,137,190.8,40.8,1920.200001,0.48,1.39270073,,POINT (242266.27130000293 904972.5896000005)
25996,MAIN ST @ SOUTH ST,137,30.6,44.4,1068.6,0.483,0.223357664,,POINT (238600.94269999862 904986.8898999989)
26131,BOW ST @ WARREN AVE,366,558.8,39.1,9847.899981,0.493,1.526775956,,POINT (238404.39150000364 904988.5025999993)
26137,BROOKLINE ST @ MARSHALL SCHOO,5,188,36.4,6162.300014,0.456,37.6,,POINT (233949.67830000073 904990.3154000007)
26434,CUMMINS HWY OPP CALVARY CEMET,217,386.5,46.4,2367.699998,0.446,1.781105991,,POINT (233149.58320000023 904992.4737999998)
26459,CUMMINS HWY @ BROCKTON ST,218,542,42.8,3668.400002,0.438,2.486238532,,POINT (233120.3158000037 904996.1671000011)
26466,1344 HYDE PARK AVE @ BLAKE ES,882,1589.8,48.7,3530.499998,0.447,1.802494331,,POINT (234496.20480000228 904996.1752000004)
26467,1664 HYDE PARK AVE,736,62,37.2,1954.699999,0.485,0.08423913,,POINT (238617.39130000025 904999.7014000006)
26495,HYDE PARK AVE OPP ELDRIDGE RD,945,407.6,37.4,6287.899973,0.447,0.431322751,,POINT (226910.91139999777 905009.9387999997)
26500,AMERICAN LEGION HWY @ CUMMINS,98,115.2,46.4,2367.699998,0.446,1.175510204,,POINT (220749.32670000196 905010.0080999993)
26618,WASHINGTON ST @ COTTAGE ST,256,642.5,49.3,1496.799999,0.509,2.509765625,,POINT (219400.5724999979 905012.3603000008)
26734,WALNUT ST @ O'CALLAGHAN WAY,24,0,40.3,2874.500004,0.492,0,,POINT (224145.91059999913 905018.8687000014)
27092,TERMINAL B STOP 1,817,5058.9,31.2,10.5,0.494,6.192044064,,POINT (226906.08330000192 905019.8638000004)
27618,WASHINGTON ST @ GUILD ST,256,170.1,49.3,1496.799999,0.509,0.664453125,,POINT (238173.8396999985 905023.3273000009)
28281,MAIN ST @ CITY SQ,179,163.7,50.6,9637.500009,0.486,0.91452514,,POINT (237921.3131000027 905025.1977000013)
28618,785 WASHINGTON ST @ NORWOOD H,256,26.4,49.3,1496.799999,0.509,0.103125,,POINT (231146.41309999675 905025.2862000018)
28742,GRAND UNION BLVD @ FOLEY ST,117,187,30.9,2470.3,0.488,1.598290598,,POINT (233128.81220000237 905027.6253000014)
28743,GRAND UNION BLVD @ FOLEY ST,122,90,30.9,2470.3,0.488,0.737704918,,POINT (220730.03639999777 905027.8850000016)
28745,GRAND UNION BLVD @ CANAL ST,117,348.5,30.9,2470.3,0.488,2.978632479,,POINT (242609.60559999943 905028.0639999993)
28746,GRAND UNION BLVD OPP ARTISAN,122,424.4,30.9,2470.3,0.488,3.478688525,,POINT (224129.64549999684 905030.4211999997)
29051,SOUTH BAY MALL @ MARSHALLS,829,1618.3,28.4,1706.9,0.528,1.952110977,,POINT (231346.382600002 905032.4512999989)
29052,SOUTH BAY MALL @ TARGET,830,993.5,28.4,1706.9,0.528,1.196987952,,POINT (235673.1542999968 905033.7071999982)
29253,LINCOLN ST @ READING DEPOT,339,384.9,44.1,2136.299998,0.487,1.13539823,,POINT (237877.63880000263 905047.6799000017)
29618,WASHINGTON ST @ DOUGLAS AVE,256,180.8,49.3,1496.799999,0.509,0.70625,,POINT (242126.13009999692 905048.4338000007)
30009,MASSACHUSETTS AVE @ MAGAZINE,555,974.6,36,2270,0.609,1.756036036,,POINT (228103.65609999746 905050.3126000017)
30233,ATLANTIC AVE @ MILK ST,45,0,38.6,1976.599998,0.548,0,,POINT (238351.9028000012 905052.0472999997)
30235,ATLANTIC AVE @ COMMERCIAL WHA,40,16,39.8,25911.39981,0.492,0.4,,POINT (228101.7229000032 905058.7701999992)
30249,NORTHERN AVE @ TIDE ST,692,1809.2,20.5,4.9,0.333,2.614450867,,POINT (223214.69120000303 905059.3581000008)
30250,23 DRYDOCK AVE,1282,1526.2,20.5,4.9,0.333,1.190483619,,POINT (237902.0324999988 905067.0989000015)
30256,DRYDOCK AVE @ HARBOR ST,45,49.5,31.5,3771.999999,0.509,1.1,,POINT (226751.52130000293 905067.4340999983)
30270,FARRAGUT RD OPP E SIXTH ST,288,25.3,31.8,10609.99998,0.483,0.087847222,,POINT (238717.00439999998 905076.1616000012)
30272,FARRAGUT RD @ BROADWAY,288,50.4,30.4,13311.49998,0.464,0.175,,POINT (233842.29649999738 905078.8125)
30287,W 6TH S @ DORCHESTER ST,288,200,29.9,11222.7,0.45,0.694444444,,POINT (233842.29649999738 905078.8125)
30294,250 DORCHESTER AVENUE,293,10.5,34.7,7615.800004,0.494,0.035836177,,POINT (226734.120099999 905080.7842000015)
30336,DORCHESTER AVE @ DRACUT ST,73,26.8,37.6,5890.499998,0.496,0.367123288,,POINT (232683.78170000017 905087.6229999997)
30618,WASHINGTON ST @ WALNUT ST,256,187.7,49.3,1496.799999,0.509,0.733203125,,POINT (238732.51929999888 905088.1356999986)
30619,WASHINGTON ST @ CROFT REGIS R,256,5.4,42.3,1152.5,0.484,0.02109375,,POINT (232978.4905000031 905088.5251000002)
30620,WASHINGTON ST @ DEAN ST,256,2.5,42.3,1152.5,0.484,0.009765625,,POINT (238460.15619999915 905110.118999999)
30631,NEWPORT AVE @ HANCOCK ST,105,117,30.7,1236.3,0.516,1.114285714,,POINT (230574.76190000027 905111.8929000013)
30751,NEWPORT AVE @ HANCOCK ST,112,129.5,30.7,1236.3,0.516,1.15625,,POINT (228999.6080000028 907436.6999999993)
30752,NEWPORT AVE @ HERITAGE DR,112,64,30.7,1236.3,0.516,0.571428571,,POINT (240883.1142999977 907444.1110000014)
31111,MT VERNON ST OPP PAUL A. DEVE,349,173.7,25.8,2264.900001,0.477,0.497707736,,POINT (228161.58060000092 907448.1568000019)
31187,WASHINGTON ST @ OPHIR ST,320,266,33.7,5811.399992,0.485,0.83125,,POINT (241009.2525999993 907452.2842000015)
31255,DRYDOCK AVE @ DESIGN CENTER P,715,1683.4,20.5,4.9,0.333,2.354405594,,POINT (240986.3423999995 907452.9527999982)
31256,NORTHERN AVE OPP HARBOR ST,675,340.8,20.5,4.9,0.333,0.504888889,,POINT (239755.2497999966 907459.5251000002)
31257,NORTHERN AVE @ TIDE ST,675,1580.3,20.5,4.9,0.333,2.341185185,,POINT (235776.2308000028 907459.8563000001)
31259,DRYDOCK AVE @ BLACK FALCON AV,626,915.2,20.5,4.9,0.333,1.461980831,,POINT (240877.90670000017 907465.2474000007)
31317,HUNTINGTON AVE @ LONGWOOD AVE,795,3230,20.3,12146.59999,0.46,4.062893082,,POINT (240682.41340000182 907466.0786999986)
31365,S HUNTINGTON AVE OPP VA HOSPI,702,948.5,33.8,11798.39998,0.419,1.351139601,,POINT (235775.09009999782 907466.8511000015)
31391,HUNTINGTON AVE @ GAINSBOROUGH,672,1889.6,20.7,16656.49999,0.463,2.811904762,,POINT (228164.8449999988 907468.2855999991)
31618,WASHINGTON ST OPP LENOX ST,256,114.6,49.3,1496.799999,0.509,0.44765625,,POINT (237301.64940000325 907468.9054999985)
31619,OPP 20 WASHINGTON ST,256,87.9,42.3,1152.5,0.484,0.343359375,,POINT (240579.9723000005 907469.200100001)
31628,WASHINGTON ST OPP DEAN ST,256,193.7,41.2,1949.000001,0.481,0.756640625,,POINT (227690.67180000246 907477.7501000017)
31835,LEE ST OPP DUDLEY WAY,140,16.5,41.6,805.3999999,0.493,0.117857143,,POINT (239789.03109999746 907493.0001000017)
31836,INDEPENDENCE DR @ BEVERLY RD,140,92.5,35.3,3137.000001,0.467,0.660714286,,POINT (237087.17909999937 907501.871199999)
31839,COREY ST OPP MOUNT BENEDICT C,5,0,47.9,923.9999998,0.463,0,,POINT (237084.00770000368 907507.7412)
31852,HIGHLAND AVE @ DANA PL,117,8.3,43.9,1327.5,0.467,0.070940171,,POINT (224825.14649999887 907513.4059000015)
31861,N CENTRAL @ BEALE ST,159,135,38.1,4277.799992,0.502,0.849056604,,POINT (241886.2656000033 907515.1070000008)
31916,GROVE ST @ ALLENDALE RD,140,27.5,42.8,1697.5,0.473,0.196428571,,POINT (229067.0522999987 907517.7703000009)
31918,IPSWICH ST @ BOYLSTON ST,63,16,60.2,16462.29996,0.474,0.253968254,,POINT (241896.7651000023 907520.5001000017)
32000,BURGIN PKWY @ QUINCY CENTER S,16,51.2,38.3,4876.600011,0.488,3.2,,POINT (226277.7427000031 907522.1446999982)
32001,QUINCY CENTER BUSWAY,822,8462.9,33.7,3269.600001,0.507,10.29549878,,POINT (226277.7427000031 907522.1446999982)
32002,QUINCY CENTER BUSWAY,724,5340.8,33.7,3269.600001,0.507,7.37679558,,POINT (229070.89019999653 907522.8315000013)
32003,QUINCY CENTER BUSWAY,1076,7900.3,33.7,3269.600001,0.507,7.342286245,,POINT (237334.4455000013 907522.9847999997)
32004,QUINCY CENTER BUSWAY,864,9201.5,33.7,3269.600001,0.507,10.64988426,,POINT (224837.56210000068 907529.0628000014)
32005,QUINCY CENTER BUSWAY,534,3249.1,33.7,3269.600001,0.507,6.084456929,,POINT (227592.69539999962 907529.2186999992)
32358,PARK AVE @ FLORENCE AVE,117,13.2,45.3,3282.399999,0.476,0.112820513,,POINT (239804.27430000156 907531.8900000006)
32549,ELIOT ST @ BENNETT ST,3351,10114.8,38.9,4239.9,0.486,3.018442256,,POINT (232424.50819999725 907533.3322999999)
32619,83 WASHINGTON ST OPP ELLIS AV,256,45.2,54.1,1772.100001,0.435,0.1765625,,POINT (234579.12269999832 907533.5769000016)
32628,WASHINGTON ST @ OOLAH AVE,256,224.1,37,771.7,0.515,0.875390625,,POINT (239795.86169999838 907539.9167000018)
32638,WASHINGTON ST @ WELD AVE,256,113.9,37.1,1316.4,0.487,0.444921875,,POINT (225882.54320000112 907543.8933999985)
32681,SEA ST @ PARKHURST ST,362,102.3,43.5,1780.200001,0.488,0.282596685,,POINT (230345.96609999985 907544.6748000011)
32760,748 SEA ST,362,2,44.1,2774.199998,0.491,0.005524862,,POINT (239647.11450000107 907545.8680000007)
32818,1661 HYDE PARK AVE,873,70.8,37.2,1954.699999,0.485,0.081099656,,POINT (234577.5222999975 907557.0562999994)
32831,SEA ST @ NORTON RD,362,276,44.1,2774.199998,0.491,0.762430939,,POINT (232094.4695999995 907557.5756999999)
32840,MAIN ST @ BUNKER HILL ST,180,32.1,51,1477,0.506,0.178333333,,POINT (230330.7154000029 907558.0557999983)
32910,MCGRATH HWY OPP SOUTHERN ARTE,43,81.4,33.7,3269.600001,0.507,1.893023256,,POINT (232222.69609999657 907558.7809999995)
32911,MCGRATH HWY OPP BRACKETT ST,43,28.4,33.7,3269.600001,0.507,0.660465116,,POINT (241097.70849999785 907559.6383000016)
32912,MCGRATH HWY @ WASHINGTON ST,43,8.4,70.3,3212.999999,0.389,0.195348837,,POINT (241097.70849999785 907559.6383000016)
33076,GALLIVAN BLVD @ HALLET ST,123,70.6,40.6,3890.799991,0.511,0.57398374,,POINT (225872.72360000014 907561.6992999986)
33077,GALLIVAN BLVD @ WOODFIELD ST,221,17.3,40.6,3890.799991,0.511,0.078280543,,POINT (237100.39880000055 910093.5368000008)
33241,GRANITE ST @ HANCOCK ST,923,444.6,33.7,3269.600001,0.507,0.481690141,,POINT (220381.53079999983 910102.3128000014)
33618,WASHINGTON ST @ AUSTIN ST,256,84.9,37.1,1316.4,0.487,0.331640625,,POINT (233580.50609999895 910109.8429000005)
33619,169 WASHINGTON ST OPP NEPONSE,256,31.7,54.1,1772.100001,0.435,0.123828125,,POINT (239862.5725999996 910110.1986000016)
33632,SQUANTUM ST @ ANTWERP ST,6,0,40.1,1129.7,0.461,0,,POINT (243779.95289999992 910120.1878000014)
33634,SQUANTUM ST @ AMSTERDAM AVE,6,4.5,40.1,1129.7,0.461,0.75,,POINT (235555.4333000034 910124.6979999989)
33635,W SQUANTUM ST @ LONDON AVE,6,0,42.2,3404.899998,0.454,0,,POINT (239873.35920000076 910130.8209000006)
33691,GRANITE AVE @ GALLIVAN BLVD,198,2,37.8,5631.10001,0.488,0.01010101,,POINT (235551.29670000076 910137.7498999983)
33761,GALLIVAN BLVD OPP CARRUTH ST,199,4.7,37.4,6419.000006,0.47,0.02361809,,POINT (238555.90410000086 910178.9552999996)
34021,WILLARD ST @ BATES AVE,210,60.3,37,2903.300001,0.486,0.287142857,,POINT (223304.760300003 910185.8931000009)
34618,WASHINGTON ST @ CONCORD AVE,256,95.6,37,771.7,0.515,0.3734375,,POINT (223299.30359999835 910190.6108999997)
34619,WASHINGTON ST OPP HILL ST,256,74.2,46.1,1781.199999,0.445,0.28984375,,POINT (220246.65619999915 910197.9375)
34879,SPRINGS RD @ BLDG 70,117,14.9,59.5,373.6999999,0.716,0.127350427,,POINT (238577.58990000188 910199.5351000018)
35202,PREBLE ST @ DORCHESTER AVE,191,32.2,30.6,3582.000003,0.539,0.168586387,,POINT (220239.9054000005 910206.8302999996)
35236,WASHINGTON ST @ SCHOOL ST,320,726.5,32,12475.20001,0.495,2.2703125,,POINT (229983.19179999828 910207.4571999982)
35571,DOWNER AVE OPP CONDITO RD,219,61.1,43.4,1356.6,0.498,0.278995434,,POINT (237091.98149999976 910211.373399999)
35618,WASHINGTON ST @ ALANDALE PKWY,256,227.4,37,771.7,0.515,0.88828125,,POINT (237090.3329000026 910219.2613000013)
35704,REVERE ST @ STOWERS ST,623,1033.3,41.5,2832.399999,0.474,1.65858748,,POINT (239922.74599999934 910226.5678999983)
35711,MAIN ST @ ALEXANDRA WAY,15,1.5,46.4,898.1999996,0.478,0.1,,POINT (239922.74599999934 910226.5678999983)
35751,BROADWAY @ CARY AVE,769,681,31,19695.59996,0.497,0.88556567,,POINT (228620.85849999636 910228.1251999997)
35765,BROADWAY @ TRUE ST,431,1622.8,38.9,4566.999996,0.466,3.765197216,,POINT (233466.80380000174 910235.1295999996)
35772,REVERE ST @ HAWES ST,633,848.4,41.5,2832.399999,0.474,1.34028436,,POINT (235215.40160000324 910235.9087000005)
35773,REVERE ST @ MICHAEL DELLA RUS,633,313.2,41.5,2832.399999,0.474,0.49478673,,POINT (235215.40160000324 910235.9087000005)
35830,104 CONSTITUTION AVE,252,79.2,38.2,7126.500001,0.458,0.314285714,,POINT (228620.56210000068 910240.8123999983)
36434,CUMMINS HWY @ PLEASANTVIEW ST,217,112.7,46.4,2367.699998,0.446,0.519354839,,POINT (229972.10289999843 910241.0012999997)
36459,CUMMINS HWY @ HALLOWELL ST,218,309.4,42.8,3668.400002,0.438,1.419266055,,POINT (237105.52210000157 910268.195700001)
36466,HYDE PARK AVE @ OAK ST,1225,5710.7,48.7,3530.499998,0.447,4.661795918,,POINT (228626.68919999897 910306.8557000011)
36479,HYDE PARK AVE @ SOUTHBOURNE R,937,484.2,38.5,3400.399999,0.452,0.516755603,,POINT (233387.57890000194 910311.8704999983)
36495,HYDE PARK AVE @ DELLMORE RD,945,478.8,37.4,6287.899973,0.447,0.506666667,,POINT (236891.5122999996 910343.867800001)
36500,AMERICAN LEGION HWY @ STELLA,98,60,36.7,6005.400001,0.441,0.612244898,,POINT (236875.3558000028 910353.6015000008)
36538,E BERKELEY ST @ HARRISON AVE,829,1241.4,39.8,5375.900004,0.548,1.497466828,,POINT (223118.7853000015 910355.4393000007)
36539,E BERKELEY ST @ TREMONT ST,541,445.9,54.8,12044.39996,0.468,0.824214418,,POINT (230031.53809999675 910368.3060000017)
36540,BERKELEY ST @ CHANDLER ST,541,229.9,36.9,15372.30009,0.512,0.424953789,,POINT (236728.8906000033 910376.8748999983)
36541,E BERKELEY ST @ WASHINGTON ST,829,1356.5,30.8,16845.00005,0.484,1.636308806,,POINT (223094.19139999896 910378.3946000002)
36618,1297 WASHINGTON ST OPP MORSE,256,90.3,37.1,1316.4,0.487,0.352734375,,POINT (238660.47370000184 910379.8189999983)
36701,COMMERCIAL ST @ KING OAK TERR,213,32.1,45.3,1839.300001,0.485,0.150704225,,POINT (238663.2621999979 910384.2551000006)
36821,BROAD ST @ PLEASANT ST,213,35.1,40.6,2544.600002,0.487,0.164788732,,POINT (235531.53410000354 910397.4021999985)
36831,WATER ST @ MYRTLE ST,107,13.2,44.6,2196.899999,0.492,0.123364486,,POINT (236643.81210000068 910403.9376999997)
36841,HIGH ST @ CEDAR ST,107,2.5,44.6,2196.899999,0.492,0.023364486,,POINT (236634.1652000025 910408.4882000014)
36842,HIGH ST OPP NICHOLS RD,107,0,50.5,228.5,0.493,0,,POINT (235531.71140000224 910417.5216999985)
36844,HIGH ST @ COMMERCIAL ST,107,21,44.4,1460.200001,0.468,0.196261682,,POINT (244924.91550000012 913687.3247000016)
36845,WATER ST OPP MYRTLE ST,107,21.6,44.6,2196.899999,0.492,0.201869159,,POINT (220721.5319999978 913698.9598000012)
36961,COMMERCIAL ST @ JAMES RD,213,27.3,45.3,1839.300001,0.485,0.128169014,,POINT (246611.65590000153 913699.6878000014)
37150,SALEM COMMUTER RAIL STATION,1090,4108.3,44.2,4683.399998,0.456,3.769082569,,POINT (241572.72789999843 913703.8407000005)
37618,WASHINGTON ST @ ROCKHILL ST,256,51.3,37.1,1316.4,0.487,0.200390625,,POINT (246619.98409999907 913704.0003999993)
38155,RIVERSIDE STA,65,181,23.8,1407.6,0.436,2.784615385,,POINT (244041.6406000033 913714.4591000006)
38331,SOUTHERN ARTERY OPP PRESIDENT,143,154.1,35.5,5508.599998,0.49,1.077622378,,POINT (246893.87539999932 913715.2353000008)
38391,SOUTHERN ARTERY @ PRESIDENTIA,143,210.1,58.1,8375.500006,0.408,1.469230769,,POINT (249778.72860000283 913716.3284000009)
38411,SOUTH ST @ ARNOLD ST,143,13.3,35.5,5508.599998,0.49,0.093006993,,POINT (244054.8973999992 913716.6270000003)
38481,FRANKLIN ST OPP TRESCOTT ST,101,28.7,35.8,5055.500004,0.483,0.284158416,,POINT (246899.05349999666 913719.303199999)
38482,FRANKLIN ST @ HIGH ST,101,4,35.1,2017.000001,0.487,0.03960396,,POINT (238066.80740000308 913720.9574000016)
38483,FRANKLIN ST @ NORMAN RD,101,4.5,35.1,2017.000001,0.487,0.044554455,,POINT (238061.2628000006 913724.3781999983)
38484,FRANKLIN ST @ HOOVERAVE,101,0,35.1,2017.000001,0.487,0,,POINT (241559.69409999996 913725.0692999996)
38485,FRANKLIN ST OPP PENNS HILL RD,101,3.5,35.1,2017.000001,0.487,0.034653465,,POINT (242316.10899999738 913726.6090999991)
38486,COMMERCIAL ST OPP JOHN PAUL C,101,1.5,40.8,1683.2,0.479,0.014851485,,POINT (246683.7003000006 913734.3306999989)
38487,COMMERCIAL ST @ BOWER RD,101,8.9,40.8,1683.2,0.479,0.088118812,,POINT (247810.0218999982 913735.1325000003)
38488,COMMERCIAL ST OPP ERICKSON ST,101,5,40.8,1683.2,0.479,0.04950495,,POINT (247810.0218999982 913735.1325000003)
38489,COMMERCIAL ST @ ELM ST,101,107.7,40.8,1683.2,0.479,1.066336634,,POINT (242309.5 913742.6220000014)
38490,ELM ST OPP JAY ST,101,16.9,43.7,1563.2,0.473,0.167326733,,POINT (249779.76640000194 913748.5416000001)
38492,ELM ST OPP DRINKWATER AVE,101,38,43.7,1563.2,0.473,0.376237624,,POINT (243940.70859999955 913758.814100001)
38493,MIDDLE ST @ ELM ST,101,12.5,38.4,1726.899999,0.483,0.123762376,,POINT (243680.51529999822 913760.8748999983)
38494,MIDDLE ST @ MYRTLE ST,101,8.1,43.5,2772.199999,0.481,0.08019802,,POINT (236074.20660000294 913769.8903999999)
38495,MIDDLE ST @ RIVER ST,101,28,43.5,2772.199999,0.481,0.277227723,,POINT (227086.69370000064 913775.8372000009)
38496,MIDDLE ST @ HUNT AVE,101,3,43.5,2772.199999,0.481,0.02970297,,POINT (236073.97890000045 913776.2670000009)
38497,233 MIDDLE ST,101,32.7,43.5,2772.199999,0.481,0.323762376,,POINT (243680.49570000172 913778.7974000014)
38498,MIDDLE ST @ TOWNSEND AVE,101,9.5,43.7,1563.2,0.473,0.094059406,,POINT (232825.6203000024 913782.8724000007)
38499,MIDDLE ST @ TOTNES AVE,101,0,43.5,2772.199999,0.481,0,,POINT (232827.61729999632 913808.5256000012)
38501,UNION ST @ MIDDLE ST,230,76.1,43.5,2772.199999,0.481,0.330869565,,POINT (243890.7207000032 913811.1290000007)
38502,UNION ST @ CLEVELAND AVE,230,19,45,773.7000001,0.479,0.082608696,,POINT (246829.24490000308 913816.0940000005)
38671,BRAINTREE BUSWAY,807,4728.7,41.4,1110.2,0.503,5.85960347,,POINT (241501.23390000314 913819.5628999993)
38771,355 HANCOCK ST,165,0,46.3,927.0999999,0.464,0,,POINT (241501.23390000314 913819.5628999993)
38812,HALLET ST @ FLORIAN HALL,98,92.6,51.2,1612.7,0.468,0.944897959,,POINT (246835.53100000322 913820.6876999997)
38813,KEYSTONE APARTMENTS,311,466.4,51.2,1612.7,0.468,1.499678457,,POINT (227163.05210000277 913825.2916000001)
38814,55 HALLET ST OPP FLORIAN HALL,153,63.7,51.2,1612.7,0.468,0.416339869,,POINT (242023.23730000108 913825.9805000015)
39081,WASHINGTON ST @ WATER ST,175,56.5,42.4,1247.3,0.494,0.322857143,,POINT (245039.5425999984 913829.121199999)
39321,SOUTHERN ARTERY @ SOUTH ST,143,271.2,35.5,5508.599998,0.49,1.896503497,,POINT (242001.4373999983 913830)
39401,SOUTHERN ARTERY @ SOUTH ST,143,362.4,55,6866.899992,0.445,2.534265734,,POINT (245921.39019999653 913831.8566000015)
39671,FRANKLIN ST @ RICHIE RD,101,3.4,35.8,5055.500004,0.483,0.033663366,,POINT (245916.9998999983 913834.1251999997)
39672,FRANKLIN ST OPP HIGH ST,101,1.4,35.1,2017.000001,0.487,0.013861386,,POINT (247918.73189999908 913835.7329000011)
39673,FRANKLIN ST OPP NORMAN RD,101,2.4,35.1,2017.000001,0.487,0.023762376,,POINT (244537.71850000322 913843.0632000007)
39674,FRANKLIN ST @ VIDEN RD,101,1,35.1,2017.000001,0.487,0.00990099,,POINT (245051.52740000188 913846.1152000017)
39675,FRANKLIN ST @ PENNS HILL RD,101,0,35.1,2017.000001,0.487,0,,POINT (229492.16669999808 905112.3999000005)
39676,COMMERCIAL ST @ JOHN PAUL CIR,101,0,40.8,1683.2,0.479,0,,POINT (232929.79680000246 905116.7501999997)
39677,COMMERCIAL ST @ JOHN PAUL CIR,101,12.7,40.8,1683.2,0.479,0.125742574,,POINT (231263.79590000212 905127.5654000007)
39678,COMMERCIAL ST @ ERICKSON ST,101,0,40.8,1683.2,0.479,0,,POINT (238473.70319999754 905137.306400001)
39679,COMMERCIAL ST @ ELM ST,101,94.5,40.8,1683.2,0.479,0.935643564,,POINT (221751.96589999646 905146.376600001)
39681,ELM ST @ JAY ST,101,12,43.7,1563.2,0.473,0.118811881,,POINT (221755.24620000273 905151.3082000017)
39682,ELM ST @ DRINKWATER AVE,101,30.4,43.7,1563.2,0.473,0.300990099,,POINT (242058.49599999934 905157.8453000002)
39683,ELM ST @ ADAMS ST,101,10.4,43.7,1563.2,0.473,0.102970297,,POINT (232848.47349999845 905160.8376999982)
39684,MIDDLE ST OPP MYRTLE ST,101,16.6,43.5,2772.199999,0.481,0.164356436,,POINT (238826.37650000304 905160.8465999998)
39685,MIDDLE ST @ RIVER ST,101,20.5,43.5,2772.199999,0.481,0.202970297,,POINT (238826.37650000304 905160.8465999998)
39686,MIDDLE ST OPP HUNT AVE,101,3.5,43.5,2772.199999,0.481,0.034653465,,POINT (240389.8844999969 905166.305300001)
39687,MIDDLE ST @ WHITTER RD,101,38.1,43.5,2772.199999,0.481,0.377227723,,POINT (238811.2678000033 905166.5326000005)
39688,MIDDLE ST @ MARSHALL ST,101,19,43.5,2772.199999,0.481,0.188118812,,POINT (233040.38750000298 905166.9312000014)
39689,MIDDLE ST @ KEW RD,101,2,43.5,2772.199999,0.481,0.01980198,,POINT (228074.95470000058 905169.6418999992)
39691,MIDDLE ST @ UNION ST,101,51,43.5,2772.199999,0.481,0.504950495,,POINT (233035.57500000298 905172.8997000009)
39692,UNION ST @ CLEVELAND AVE,230,36.3,45,773.7000001,0.479,0.157826087,,POINT (237760.88289999962 905177.0130999982)
39870,MONTELLO COMMUTER RAIL STATIO,340,1587.5,32.7,971.1999997,0.48,4.669117647,,POINT (223286.45289999992 905178.7503000014)
39941,HOLBROOK COURT APARTMENTS,20,4.5,41,481.7,0.49,0.225,,POINT (219813.1872999966 905186.5623999983)
40001,WARREN ST @ DABNEY PL,1936,2838,31.7,7904.600029,0.406,1.465909091,,POINT (231130.5244999975 905191.3988000005)
40618,67 WASHINGTON ST,256,22.8,41.5,875.1000001,0.504,0.0890625,,POINT (219993.186999999 905194.5)
40619,WASHINGTON ST @ HOOPER ST,256,0,42.3,1152.5,0.484,0,,POINT (230538.8430000022 905199.9384999983)
41031,QUINCY ADAMS BUSWAY,324,1083.1,36.4,3724.200001,0.497,3.342901235,,POINT (232748.78360000253 905204.7193000019)
41032,CENTRE ST @ LIBERTY ST,162,217,33.6,3584.600001,0.496,1.339506173,,POINT (220513.10649999976 905207.9371000007)
41033,CENTRE ST @ CROWN COLONY DR,162,518.3,33.6,3584.600001,0.496,3.199382716,,POINT (231112.2597000003 905209.2822999991)
41035,CENTRE ST @ LIBERTY ST,155,85.1,33.6,3584.600001,0.496,0.549032258,,POINT (226701.3905000016 905209.8128000014)
41111,250 MT VERNON ST @ GEIGER GIB,349,469.1,26,5146.899991,0.478,1.344126074,,POINT (242473.75379999727 905215.497299999)
41187,WASHINGTON ST @ GREEN ST,320,276.5,33.7,7651.599993,0.441,0.8640625,,POINT (232721.49570000172 905216.1840000004)
41391,HUNTINGTON AVE @ OPERA PL,672,2081.6,20.2,49957.29997,0.472,3.097619048,,POINT (220139.35159999877 905222.4505999982)
41618,WASHINGTON ST @ MANSION DR,256,1,41.5,875.1000001,0.504,0.00390625,,POINT (231048.7242999971 905230.2485999987)
41686,CAMBRIDGE RD @ PHEASANT RIDGE,261,48,50.4,900.7,0.487,0.183908046,,POINT (219737.86129999906 905230.9252000004)
41692,82 CAMBRIDGE ST,256,85,46.4,722.9000001,0.463,0.33203125,,POINT (235812.19430000335 905238.2859999985)
41693,CAMBRIDGE ST @ RITA AVE,256,50,49.5,626.3,0.471,0.1953125,,POINT (235818.90890000015 905248.2023999989)
41835,LEE ST @ WARREN ST,140,31.5,41.6,805.3999999,0.493,0.225,,POINT (238940.0399999991 905249.8643999994)
41836,INDEPENDENCE DR @ GERRY RD,140,255,35.3,3137.000001,0.467,1.821428571,,POINT (232587.79609999806 905250.1372999996)
41839,LAGRANGE ST @ BROOKFARM RD,5,0.5,47.9,923.9999998,0.463,0.1,,POINT (220325.49960000068 905252.0626000017)
41852,HIGHLAND AVE @ ROSEMARY ST,117,86.2,43.9,1327.5,0.467,0.736752137,,POINT (238550.49300000072 905253.1972999983)
41883,326 MYSTIC AVE,242,77.3,33.5,965.9999993,0.502,0.319421488,,POINT (228042.55650000274 905258.5775000006)
41916,NEWTON ST @ GROVE ST,140,14.5,47.9,432,0.487,0.103571429,,POINT (233662.80680000037 905260.3660999984)
42430,S MAIN ST @ RICHARD RD,143,5,42.3,1416.6,0.477,0.034965035,,POINT (238956.18639999628 905262.2699000016)
42618,WASHINGTON ST @ RHOADES AVE,256,93.3,40.8,1016.7,0.496,0.364453125,,POINT (233657.45170000196 905265.7212000005)
42818,HYDE PARK AVE @ MILTON ST,873,1387.1,39.6,1996.199999,0.495,1.588888889,,POINT (234075.51829999685 907567.8817999996)
42819,HYDE PARK AVE @ WOLCOTT SQUAR,1480,4093.4,37.6,1350.699999,0.484,2.765810811,,POINT (232494.4579000026 907584.245099999)
42820,NEPONSET VALLEY PKWY @ WESTIN,15,108,37.2,1954.699999,0.485,7.2,,POINT (228714.23200000077 907585.1110000014)
42876,MYSTIC AVE @ PLAZA ENTRANCE -,242,56.9,30.9,2470.3,0.488,0.235123967,,POINT (228714.23200000077 907585.1110000014)
42883,MYSTIC AVE OPP BONNER AVE,242,250.7,33.5,965.9999993,0.502,1.035950413,,POINT (232388.42710000277 907591.0152000003)
42885,MYSTIC AVE @ HANCOCK ST,242,79.6,33.5,965.9999993,0.502,0.32892562,,POINT (240301.27700000256 907591.6807999983)
42951,OPP 1048 N MAIN ST,263,404.4,44.2,923.7000002,0.49,1.537642586,,POINT (234080.807599999 907594.8042000011)
43011,N MAIN ST @ RUSS ST,263,216.5,42.5,597.2,0.487,0.823193916,,POINT (240296.21419999748 907595.4838999994)
43551,BLUE HILLS PKWY @ AUSTIN ST,25,4.5,39.7,4530.700007,0.458,0.18,,POINT (235332.2942999974 907600.872299999)
43618,WASHINGTON ST @ CHESTNUT ST,256,141.6,41.5,875.1000001,0.504,0.553125,,POINT (235332.2942999974 907600.872299999)
44330,MEDFORD ST @ BRACKENBURY ST,98,47.4,35.8,8732.700011,0.495,0.483673469,,POINT (235752.8796999976 907608.0172000006)
44413,MEDFORD ST @ BRACKENBURY ST,98,65.1,35.8,8732.700011,0.495,0.664285714,,POINT (235746.7153000012 907608.6024000011)
44618,WASHINGTON ST OPP MANSION DR,256,2.9,40.8,1016.7,0.496,0.011328125,,POINT (224293.08919999748 907609.8548999988)
44762,350 REVERE BEACH BLVD,49,30.2,42.6,4702.499994,0.488,0.616326531,,POINT (236974.76250000298 907610.3720999993)
45002,MEDFORD SQ @ CITY HALL PARKIN,723,972.5,41.5,3868.499999,0.456,1.345089903,,POINT (229133.23610000312 907611.6273999996)
45003,CITY HALL MALL @ SALEM ST,459,969.8,41.5,3868.499999,0.456,2.112854031,,POINT (235516.05610000342 907614.2795000002)
45059,HIGHLAND AVE @ PAMELA CIRCLE,141,11.1,41.2,3852.299992,0.481,0.078723404,,POINT (235535.49069999903 907615.5989999995)
45079,SAVIN ST @ FELLSMERE RD,266,29.9,36.4,5297.600004,0.488,0.112406015,,POINT (229136.79919999838 907617.4428999983)
45080,SAVIN ST @ FELLSMERE RD,263,5,36.4,5297.600004,0.488,0.019011407,,POINT (236957.87210000306 907620.4230999984)
45211,WESTERN AVE OPP IDA ST,437,163.2,34.8,3039.199998,0.49,0.373455378,,POINT (237396.41889999807 907622.3720000014)
45261,133,206,38.7,37.4,4664.099995,0.478,0.187864078,,POINT (232276.71920000017 907630.2875000015)
45327,COMMERCIAL ST @ CHARLES ST,98,27.4,26.3,2089.900001,0.551,0.279591837,,POINT (224145.23409999907 907634.9376999997)
45330,MEDFORD ST @ GREEN ST,98,176.7,33.7,2166.8,0.45,1.803061224,,POINT (225358.77750000358 907639.6458999999)
45331,MEDFORD ST @ MAIN ST,98,51.1,35.8,8732.700011,0.495,0.521428571,,POINT (225358.77750000358 907639.6458999999)
45332,PLEASANT ST @ VISTA ST,294,310.5,36.4,5297.600004,0.488,1.056122449,,POINT (231975.5722000003 907648.1596000008)
45378,LYME ST @ BRYANT ST,101,85,34.1,6721.600006,0.502,0.841584158,,POINT (227400.64039999992 907653.750500001)
45406,MAIN ST @ WINTHROP ST,422,397.7,37,10201.00002,0.501,0.942417062,,POINT (230216.7471999973 907653.9523999989)
45413,MEDFORD ST @ MAIN ST,98,26.2,35.8,8732.700011,0.495,0.267346939,,POINT (239621.24140000343 907654.5324000008)
45414,MEDFORD ST @ GREEN ST,98,164.4,33.7,2166.8,0.45,1.67755102,,POINT (231946.6202000007 907656.0943999998)
45417,COMMERCIAL ST @ CHARLES ST,98,47.6,26.3,2089.900001,0.551,0.485714286,,POINT (227393.9653000012 907657.8379999995)
45428,LYME ST @ BRYANT ST,101,51.5,34.1,6721.600006,0.502,0.50990099,,POINT (237420.96909999847 907659.7177999988)
45534,CHARGER ST @ SQUIRE RD,165,175.8,33.7,800.9000001,0.526,1.065454545,,POINT (234577.46559999883 907662.6257000007)
45581,PARK AVE @ S GENESEE ST,300,179.7,36.6,7326.900001,0.479,0.599,,POINT (234577.46559999883 907662.6257000007)
45618,OPP 67 WASHINGTON ST,256,12.9,41.5,875.1000001,0.504,0.050390625,,POINT (235772.06660000235 907665.5960999988)
45811,CRESCENT AVE @ ORCHARD ST,126,28.6,35.5,9752.799964,0.509,0.226984127,,POINT (235772.06660000235 907665.5960999988)
45816,ENDICOTT AVE @ WATERVIEW AVE,126,4.5,35.6,10365.59999,0.526,0.035714286,,POINT (230201.25310000032 907666.0036000013)
45830,COOLEDGE ST @ RAYMOND RD,126,45.9,38.9,4566.999996,0.466,0.364285714,,POINT (224086.80929999799 907668.8740999997)
45833,219 CUSHMAN AVE,126,6.5,38.9,4566.999996,0.466,0.051587302,,POINT (241252.51519999653 907670.1818000004)
45838,COOLEDGE ST @ CONSTITUTION AV,126,27.7,38.9,4566.999996,0.466,0.21984127,,POINT (241344.66099999845 907674.3665999994)
46170,BROADWAY @ CITY HALL AVE,798,1349.7,33,10884.20007,0.506,1.691353383,,POINT (235753.92660000175 907674.4615999982)
46267,KENNEDY DR @ SALEM ST,79,14.4,32.5,4270.400001,0.493,0.182278481,,POINT (230056.92069999874 910427.5304999985)
46268,KENNEDY DR @ CENTRAL AVE,79,32.9,32.5,4270.400001,0.493,0.416455696,,POINT (228628.92689999938 910435.4829999991)
46275,CUSHMAN AVE @ GORDON RD,126,112.1,38.9,4566.999996,0.466,0.88968254,,POINT (235203.91839999706 910442.4059999995)
46276,CUSHMAN AVE @ ADAMS ST,126,52,38.9,4566.999996,0.466,0.412698413,,POINT (235203.91839999706 910442.4059999995)
46434,CUMMINS HWY @ HEBRON ST,217,275.8,40.8,5629.700001,0.47,1.270967742,,POINT (240039.9531000033 910456.4868000001)
46435,CUMMINS HWY @ GREENFIELD RD,217,293.3,40.8,5629.700001,0.47,1.351612903,,POINT (219641.3378000036 910466.2866000012)
46459,CUMMINS HWY @ SAVANNAH AVE,218,372,44.4,3716.299993,0.448,1.706422018,,POINT (219641.3378000036 910466.2866000012)
46467,1600 HYDE PARK AVE,736,75.6,39.6,1996.199999,0.495,0.102717391,,POINT (240049.46490000188 910475.0705000013)
46495,HYDE PARK AVE OPP FLORIAN STR,945,716.8,38.5,3400.399999,0.452,0.758518519,,POINT (236540.0623999983 910485.7501000017)
46619,WASHINGTON ST @ HILL ST,256,75.8,46.1,1781.199999,0.445,0.29609375,,POINT (236528.947800003 910499.8982999995)
46734,O'CALLAGHAN WAY @ OSBORNE ST,24,0,40.9,2432.900001,0.459,0,,POINT (222956.46819999814 910517.8513000011)
47170,CUMMINGS CENTER @ 101U SOUTH,60,60.5,31.7,2062.3,0.464,1.008333333,,POINT (222952.67559999973 910522.3682999983)
47526,MAIN ST OPP KENNEDY DR,233,11.4,52.2,2027.900001,0.464,0.048927039,,POINT (228605.77080000192 910523.9048999995)
47527,MAIN ST OPP PIERCE MEMORIAL D,233,253.8,48.2,1099.1,0.463,1.089270386,,POINT (238756.15609999746 910532.9442000017)
47618,WASHINGTON ST OPP ROCKHILL ST,256,11.5,37.1,1316.4,0.487,0.044921875,,POINT (230060.5802000016 910536.3321000002)
47619,WASHINGTON ST @ NEPONSET ST,256,29.6,54.1,1772.100001,0.435,0.115625,,POINT (230062.427199997 910555.3718000017)
47620,WASHINGTON ST @ ELLIS AVE,256,24.2,54.1,1772.100001,0.435,0.09453125,,POINT (240113.0759000033 910593.0287999995)
47879,SPRINGS RD OPP BLDG 23,117,10.5,59.5,373.6999999,0.716,0.08974359,,POINT (235532.3496999964 910594.3150000013)
48304,FELLSWAY W @ PARK ST,263,39.8,40.7,3721.400001,0.479,0.151330798,,POINT (240116.28660000116 910598.9089000002)
48336,KENNEDY DR @ CENTRAL AVE,73,13.3,32.5,4270.400001,0.493,0.182191781,,POINT (235532.36240000278 910600.1816000007)
48337,KENNEDY DR @ SALEM ST,73,9.1,32.5,4270.400001,0.493,0.124657534,,POINT (222851.71169999987 910631.3291000016)
48541,N SHORE RD @ JACKSON ST,368,48.3,42.6,4702.499994,0.488,0.13125,,POINT (222805.3104000017 910653.4298)
48575,TRUEMAN DR @ CENTRAL AVE,123,15.3,32.5,4270.400001,0.493,0.124390244,,POINT (236439.6854000017 910659.2534000017)
48618,WASHINGTON ST OPP MYLOD ST,256,68.3,37.1,1316.4,0.487,0.266796875,,POINT (236433.747299999 910677.0617000014)
48619,20 WASHINGTON ST,256,38.2,42.3,1152.5,0.484,0.14921875,,POINT (235532.39379999787 910681.5760000013)
49001,TEMPLE PL @ WASHINGTON ST,1724,15548.6,40.8,9357.100048,0.583,9.018909513,,POINT (222648.5191999972 910702.5256000012)
49002,WASHINGTON ST @ TUFTS MED CTR,1411,10887.5,30,29303.09992,0.502,7.716158753,,POINT (235223.75519999862 910705.6237999983)
49003,WASHINGTON ST @ HERALD ST,1411,3473.4,54.8,12044.39996,0.468,2.461658398,,POINT (222623.9205000028 910709.1435000002)
49040,RIVERSIDE AVE @ BRADBURY AVE,223,129.8,34.1,6444.200024,0.501,0.58206278,,POINT (228527.13549999893 910721.4543999992)
49061,SALEM ST @ CHURCH ST,416,314.3,37.2,5280.099988,0.504,0.755528846,,POINT (228522.21760000288 910727.6699000001)
49067,SALEM ST @ CLAPP ST,213,83.8,32.4,8273.099991,0.512,0.39342723,,POINT (240195.29649999738 910743.8748999983)
49096,RIVERSIDE AVE @ BRADBURY AVE,213,98.5,34.1,6444.200024,0.501,0.462441315,,POINT (235227.1127000004 910749.7534000017)
49157,61 LOCUST ST,295,429.4,39,1601.600001,0.492,1.45559322,,POINT (219343.21379999816 910777.1303999983)
49158,MEADOW GLEN MALL @ MAIN ENTRA,295,820.1,39,1601.600001,0.492,2.78,,POINT (219361.73879999667 910782.9166000001)
49164,400 RIVERSIDE AVE OPP LINDEN,166,36.1,39,1601.600001,0.492,0.21746988,,POINT (238862.77690000087 910783.877700001)
49220,MAIN ST OPP OAK GROVE AVE,159,14.7,33.5,7919.40001,0.485,0.09245283,,POINT (230100.63920000196 910802.9919999987)
49221,MAIN ST @ BANKS PL,230,53.1,33.5,7919.40001,0.485,0.230869565,,POINT (240229.92140000314 910807.1655000001)
49305,NORTH AVE @ WINN ST,175,3,40.5,275.2,0.467,0.017142857,,POINT (230100.49639999866 910808.8823999986)
49618,WASHINGTON ST @ SHORT ST,256,177.3,37,771.7,0.515,0.692578125,,POINT (238871.37590000033 910815.1867000014)
49619,WASHINGTON ST OPP MARSHALL ST,256,308,42.3,1152.5,0.484,1.203125,,POINT (228447.7677000016 910822.0366999991)
49738,S BEDFORD ST @ WAYSIDE RD,153,121.6,44.4,384.6,0.45,0.794771242,,POINT (247057.9183000028 913846.2961000018)
49739,S BEDFORD ST OPP KIMBALL AVE,153,62.7,26.3,9.300000002,0.462,0.409803922,,POINT (247934.33850000054 913850.1752999984)
49795,BEDFORD WOODS DR @ BLDG 174,75,41,33.9,153.4,0.486,0.546666667,,POINT (228804.81419999897 913852.4756000005)
49796,3 OAK PARK DR,40,1.5,33.9,153.4,0.486,0.0375,,POINT (241442.5129000023 913856.2784000002)
49797,7 OAK PARK DR,40,20,33.9,153.4,0.486,0.5,,POINT (241442.5129000023 913856.2784000002)
49798,10 OAK PARK DR,40,1.5,33.9,153.4,0.486,0.0375,,POINT (228803.70960000157 913858.9780000001)
49800,CROSBY DR @ MIDDLESEX TRNPK,20,5.5,33.9,153.4,0.486,0.275,,POINT (243840.48409999907 913861.5003000014)
49801,28-30 CROSBY DR,20,5,33.9,153.4,0.486,0.25,,POINT (237951.3444999978 913865.6195)
49803,4 CROSBY DR,20,11.5,33.9,153.4,0.486,0.575,,POINT (244540.35890000314 913867.9376999997)
49806,BLUE SKY DRIVE,40,13,41,291.9,0.453,0.325,,POINT (243827.6405000016 913869.4378000014)
49807,2-4 FOURTH AVE,321,318,41,291.9,0.453,0.990654206,,POINT (249810.63350000232 913890.5509000011)
49808,BURLINGTON MALL RD OPP MEADOW,307,341.4,26.3,9.300000002,0.462,1.112052117,,POINT (220273.1746999994 913892.9052999988)
49810,MITRE CORP INNER RD,20,3,33.9,153.4,0.486,0.15,,POINT (249813.73409999907 913897.8753000014)
49816,LEXINGTON ST @ MAYFLOWER ST,85,7,48.4,824.2999997,0.468,0.082352941,,POINT (237939.94650000334 913902.9605999999)
49817,LEXINGTON ST @ TOTMAN DR,85,34,42.1,767.4,0.504,0.4,,POINT (220283.02210000157 913905.2027999982)
49818,LEXINGTON ST OPP TOTMAN DR,80,30.5,42.1,767.4,0.504,0.38125,,POINT (227356.9774999991 913919.2105999999)
49823,126 PLEASANT ST OPP VALLEY RD,85,37.5,39.9,2281.199999,0.473,0.441176471,,POINT (220519.6270999983 913919.7487000003)
49824,PLEASANT ST @ ARLINGTON RD,85,41.5,39.9,2281.199999,0.473,0.488235294,,POINT (245746.96329999715 913920.0430000015)
49825,WASHINGTON ST @ MILL ST,30,0,37.4,1072.9,0.484,0,,POINT (241291.52849999815 913921.8082000017)
49826,MONTVALE AVE @ PROSPECT ST,85,98.5,36.6,3931.800001,0.513,1.158823529,,POINT (220514.95139999688 913924.2512999997)
49827,MONTVALE AVE @ FAIRMOUNT ST,85,24.5,36.6,3931.800001,0.513,0.288235294,,POINT (226134.3580000028 913926.6906000003)
49828,MONTVALE AVE @ EASTERN AVE,85,38.5,41.3,2185.799999,0.506,0.452941176,,POINT (226130.67539999634 913931.6842)
49829,45 BOW ST,85,15.5,41.3,2185.799999,0.506,0.182352941,,POINT (241478.34700000286 913938.7203000002)
49831,SALEM ST @ HILLTOP TERR,85,39.5,41.3,2185.799999,0.506,0.464705882,,POINT (246978.5753000006 913939.6955999993)
49832,SALEM ST @ WOOD ST,85,44.5,40.2,1777.9,0.478,0.523529412,,POINT (241459.10080000013 913947.2697999999)
49834,PINE ST OPP MONTVALE RD,55,23.5,44.2,794.4999999,0.511,0.427272727,,POINT (246993.97730000317 913952.6981999986)
49836,PINE ST OPP FELTON ST,55,17,46.1,1955.2,0.474,0.309090909,,POINT (246978.30879999697 913958.2837999985)
49837,PINE ST @ ORANGE ST,55,15.5,46.1,1955.2,0.474,0.281818182,,POINT (236042.0877000019 913966.3231000006)
49838,CENTRAL ST @ PINE ST,55,23,46.1,1955.2,0.474,0.418181818,,POINT (245641.4130000025 913973.5179000013)
49839,CENTRAL ST @ MONTVALE AVE,55,32.5,46.1,1955.2,0.474,0.590909091,,POINT (248067.18299999833 913974.2188999988)
49841,MONTVALE AVE @ WASHINGTON ST,85,57,37.4,1072.9,0.484,0.670588235,,POINT (227514.56019999832 913975.6316)
49842,MONTVALE AVE @ I93 RAMP,85,111.5,37.4,1072.9,0.484,1.311764706,,POINT (245636.33940000087 913976.0863000005)
49846,MITRE CORP INNER RD,20,9,33.9,153.4,0.486,0.45,,POINT (245144.06629999727 913977.3924999982)
49847,209 BURLINGTON RD,20,0,33.9,153.4,0.486,0,,POINT (249850.56340000033 913978.1147000007)
49848,53 THIRD AVE,327,375.9,41,291.9,0.453,1.149541284,,POINT (249853.06139999628 913984.0601999983)
49849,OPP 32 SECOND AVE,327,180.4,41,291.9,0.453,0.551681957,,POINT (245149.49960000068 913985.2501999997)
49850,SECOND AVE @ SOUTH AVE,327,212.8,41,291.9,0.453,0.650764526,,POINT (236035.6821999997 913985.3508000001)
49901,MONTVALE AVE @ I93,80,135,37.4,1072.9,0.484,1.6875,,POINT (243604.39859999716 913986.6856999993)
49902,WASHINGTON ST @ CARLENA TER,30,37,37.4,1072.9,0.484,1.233333333,,POINT (241319.65619999915 914000.0003999993)
49903,42 CENTRAL ST,50,46.5,46.1,1955.2,0.474,0.93,,POINT (243600.78100000322 914000.0003999993)
49904,CENTRAL ST @ PINE ST,50,20.5,46.1,1955.2,0.474,0.41,,POINT (241332.42019999772 914003.2956999987)
49906,PINE ST OPP ORANGE ST,50,12.5,46.1,1955.2,0.474,0.25,,POINT (232598.19099999964 905269.4811000004)
49907,PINE ST @ FELTON ST,50,30,46.1,1955.2,0.474,0.6,,POINT (232591.56379999965 905272.2263999991)
49910,SALEM ST @ WILDWOOD AVE,80,53.5,44.2,794.4999999,0.511,0.66875,,POINT (230451.46180000156 905272.2399000004)
49911,SALEM ST @ SEDGEWICK PK,80,38.5,41.3,2185.799999,0.506,0.48125,,POINT (219781.17140000314 905275.4998999983)
49913,60 BOW ST,80,19.5,41.3,2185.799999,0.506,0.24375,,POINT (242389.43720000237 905276.7575000003)
49914,BOW ST @ MONTVALE AVE,80,35.5,41.3,2185.799999,0.506,0.44375,,POINT (232935.28289999813 905290.8962000012)
49915,MONTVALE AVE OPP EASTERN AVE,80,42.5,41.3,2185.799999,0.506,0.53125,,POINT (237860.90720000118 905294.7961000018)
49916,60 MONTVALE AVE,80,39,36.6,3931.800001,0.513,0.4875,,POINT (237859.70069999993 905300.1592999995)
49917,MONTVALE AVE @ MAIN ST,80,66,36.6,3931.800001,0.513,0.825,,POINT (232921.76659999788 905306.2670000009)
49918,PLEASANT ST @ ABBOTT ST,80,55,39.9,2281.199999,0.473,0.6875,,POINT (232508.22179999948 905307.1334000006)
49919,PLEASANT ST @ N WARREN ST,80,38,39.9,2281.199999,0.473,0.475,,POINT (240473.7076999992 905308.9039000012)
49920,PLEASANT ST @ VALLEY RD,80,35.5,42.1,767.4,0.504,0.44375,,POINT (238588.1256000027 905313.8878999986)
49924,LEXINGTON ST @ WILLOW ST,80,8.5,42.1,767.4,0.504,0.10625,,POINT (232442.927199997 905333.9274000004)
49926,177 LEXINGTON ST,80,10,48.4,824.2999997,0.468,0.125,,POINT (240474.0666999966 905335.310899999)
49927,LEXINGTON ST @ RUSSELL ST,80,54,37.2,3243.900003,0.48,0.675,,POINT (230377.39779999852 905343.197900001)
49939,40 BURLINGTON MALL RD,153,163.9,49.5,626.3,0.471,1.07124183,,POINT (230975.13629999757 905348.5170000009)
49943,32 THIRD AVE,40,15,41,291.9,0.453,0.375,,POINT (239071.7173999995 905350.7032000013)
49946,OPP 28-30 CROSBY DR,20,7.5,33.9,153.4,0.486,0.375,,POINT (227900.79900000244 905357.6488999985)
49948,9 CROSBY DR,20,4.5,33.9,153.4,0.486,0.225,,POINT (221859.5402000025 905360.2736999989)
49950,DAWES DRIVE,35,3.5,41.3,586.8,0.48,0.1,,POINT (239087.14239999652 905362.7443000004)
49999,400 W CUMMINGS PK,60,400,33.4,242.8,0.492,6.666666667,,POINT (241803.3884000033 905366.1165999994)
50021,CLIPPERSHIP DR @ RIVERSIDE TO,905,647,64.7,5047.500002,0.427,0.714917127,,POINT (226804.0623999983 905372.8126999997)
50618,WASHINGTON ST @ SAINT JOHN AV,256,97.7,37,771.7,0.515,0.381640625,,POINT (238618.21130000055 905383.7558000013)
50619,WASHINGTON ST @ EAST ST,256,268.2,42.3,1152.5,0.484,1.04765625,,POINT (227852.33320000023 905388.1420999989)
50620,WASHINGTON ST @ ALCOTT LN,256,0,42.3,1152.5,0.484,0,,POINT (229104.98380000144 905388.3128999993)
50881,HIGHLAND AVE @ E BORDER RD,135,68,42.2,121,0.502,0.503703704,,POINT (238620.8901000023 905390.751699999)
50902,MONTVALE AVE @ WASHINGTON ST,80,63,37.4,1072.9,0.484,0.7875,,POINT (232306.6278000027 905392.4171000011)
50916,MONTVALE AVE OPP PROSPECT ST,80,111,36.6,3931.800001,0.513,1.3875,,POINT (235918.52650000155 905396.8106999993)
50939,BURLINGTON MALL RD @ LEXINGTO,153,382.2,49.5,626.3,0.471,2.498039216,,POINT (232291.23730000108 905398.3509999998)
50944,23 FOURTH AVE,40,7.5,41,291.9,0.453,0.1875,,POINT (241755.61670000106 905399.1484000012)
51111,MT VERNON ST @ BAYSIDE EXPO C,349,37.2,26,5146.899991,0.478,0.106590258,,POINT (231211.2498999983 905404.5003000014)
51187,WASHINGTON ST @ UNION AVE,320,114,33.8,5764.800003,0.467,0.35625,,POINT (231211.2498999983 905404.5003000014)
51317,HUNTINGTON AVE @ RUGGLES ST,685,1070.5,20.7,16656.49999,0.463,1.562773723,,POINT (223719.29039999843 905408.2122999988)
51365,S HUNTINGTON AVE @ BYNNER ST,702,1397,33.8,11798.39998,0.419,1.99002849,,POINT (223714.4043999985 905412.6761999987)
51618,1182 WASHINGTON ST @ BALCH SC,256,139.8,37,771.7,0.515,0.54609375,,POINT (235297.8932000026 905416.2314999998)
51835,LEE ST @ SEARS RD,140,11.5,41.6,805.3999999,0.493,0.082142857,,POINT (242156.3276000023 905447.5001000017)
51836,INDEPENDENCE DR @ SHERMAN RD,140,141,35.3,3137.000001,0.467,1.007142857,,POINT (232770.25439999998 905451.0934000015)
51839,LAGRANGE ST @ ANDERER LN,5,0,47.9,923.9999998,0.463,0,,POINT (229125.20820000023 905454.5108000003)
51852,HIGHLAND AVE OPP OAKLAND AVE,117,28.1,43.9,1327.5,0.467,0.24017094,,POINT (239214.37789999694 905461.6587000005)
51917,CLYDE ST @ WHITNEY ST,140,65,41.6,805.3999999,0.493,0.464285714,,POINT (232754.41099999845 905464.2690999992)
51918,CLYDE ST @ COUNTRY RD,140,49,41.6,805.3999999,0.493,0.35,,POINT (225062.74889999628 907679.3203000017)
52618,WASHINGTON ST @ HEATON AVE,256,188.7,37,771.7,0.515,0.737109375,,POINT (225055.72680000216 907679.6975000016)
53270,MALDEN CENTER EAST BUSWAY 1,1972,21977,26.3,2089.900001,0.551,11.14452333,,POINT (241483.23200000077 907680.7914000005)
53618,WASHINGTON ST @ DEAN ST,256,212.8,37,771.7,0.515,0.83125,,POINT (241888.15590000153 907682.8128000014)
54618,WASHINGTON ST @ LENOX ST,256,88.6,41.2,1949.000001,0.481,0.34609375,,POINT (241592.84619999677 907686.867800001)
54651,627 SALEM ST,616,1223.2,34.5,3812.899998,0.498,1.985714286,,POINT (231853.749499999 907692.0872999988)
55011,ALFORD ST @ MWRA PUMP STATION,880,0,51,1477,0.506,0,,POINT (242141.98399999738 907692.6253000014)
55012,ALFORD ST @ MBTA CHARLESTOWN,880,62.9,51,1477,0.506,0.071477273,,POINT (241750.5022 907693.0012000017)
55600,FIELDS CORNER STA @ GENEVA AV,1084,1536.7,39.9,4974.60001,0.505,1.417619926,,POINT (241775.31889999658 907694.2071000002)
55618,930 WASHINGTON ST OPP WALNUT,256,129.9,49.3,1496.799999,0.509,0.507421875,,POINT (225265.3545999974 907696.180300001)
55631,GATEWAY CENTER OPP TEXAS ROAD,223,414.6,31.5,1446.7,0.529,1.859192825,,POINT (240185.93710000068 907697.0628000014)
55632,GATEWAY CENTER @ TARGET,218,905.4,31.5,1446.7,0.529,4.153211009,,POINT (226168.91409999877 907699.806499999)
56170,CITY HALL AVE @ BROADWAY,1281,1120.6,33,10884.20007,0.506,0.874785324,,POINT (226168.91409999877 907699.806499999)
56434,CUMMINS HWY @ RUGBY RD,217,322.2,43.3,7690.099994,0.454,1.484792627,,POINT (225246.36659999937 907704.9675999992)
56459,CUMMINS HWY @ ALABAMA ST,218,237,44.4,3716.299993,0.448,1.087155963,,POINT (228080.47929999977 907706.8988000005)
56479,HYDE PARK AVE @ ELDRIDGE RD,937,426,37.4,6287.899973,0.447,0.454642476,,POINT (235895.93339999765 907709.9167000018)
56495,HYDE PARK AVE OPP MT HOPE ST,945,968.1,36.7,6005.400001,0.441,1.024444444,,POINT (236811.32509999722 907712.7437000014)
56500,686 AMERICAN LEGION HWY,98,151.8,38.3,2726.300003,0.485,1.548979592,,POINT (240986.28170000017 907713.0582000017)
56567,1532 HYDE PARK AVE OPP RESERV,882,233.7,39.6,1996.199999,0.495,0.264965986,,POINT (228062.05160000175 907713.6528999992)
56618,WASHINGTON ST @ EAST HOYLE ST,256,195,49.3,1496.799999,0.509,0.76171875,,POINT (240158.8123999983 907720.9378000014)
56641,E EAGLE ST @ CHELSEA ST,25,2.5,31.2,6996.599997,0.533,0.1,,POINT (240975.10429999977 907722.2580000013)
56734,O'CALLAGHAN WAY OPP OSBORNE S,43,92,40.9,2432.900001,0.459,2.139534884,,POINT (236789.44259999692 907726.1594999991)
57400,MAVERICK STATION,237,1738,32.3,15599.50004,0.531,7.333333333,,POINT (241890.22680000216 907728.8414999992)
57618,WASHINGTON ST @ NORWOOD HOSPI,256,8.4,49.3,1496.799999,0.509,0.0328125,,POINT (234048.13679999858 907732.7631999999)
58618,WASHINGTON ST @ DAY ST,256,127.5,49.3,1496.799999,0.509,0.498046875,,POINT (224000.12659999728 907735.2536999993)
59618,WASHINGTON ST @ COTTAGE ST,256,637.9,49.3,1496.799999,0.509,2.491796875,,POINT (224000.12659999728 907735.2536999993)
59901,WASHINGTON ST @ MILL ST,30,5,37.4,1072.9,0.484,0.166666667,,POINT (232744.8369999975 907737.5186999999)
60618,WASHINGTON ST @ RAILROAD AVE,256,160.6,41.9,1246.7,0.467,0.62734375,,POINT (235957.4355000034 907742.5769999996)
60620,WASHINGTON ST @ CURTIS ST,256,0,42.3,1152.5,0.484,0,,POINT (230088.14440000057 907753.0850000009)
61187,WASHINGTON ST @ WILLIAMS ST,320,730,33.8,5764.800003,0.467,2.28125,,POINT (232790.8696999997 907753.4985999987)
61365,S HUNTINGTON AVE @ PERKINS ST,702,2195.8,39.7,13822.69995,0.471,3.127920228,,POINT (225797.29680000246 907763.25)
61391,HUNTINGTON AVE @ FORSYTH WAY,672,915.7,20.7,27888.49991,0.482,1.36264881,,POINT (225797.29680000246 907763.25)
61618,460 WASHINGTON ST OPP GEORGE,256,73.1,41.9,1246.7,0.467,0.285546875,,POINT (225592.41579999775 907765.3458000012)
61835,CLYDE ST OPP COUNTRY RD,140,63,47.9,432,0.487,0.45,,POINT (230072.12179999799 907765.3693000004)
61842,WASHINGTON ST @ RIVERWALK LN,256,203.6,41.5,875.1000001,0.504,0.7953125,,POINT (234062.62610000372 907768.9948000014)
61848,WASHINGTON ST @ MORSE ST,256,22.3,37.1,1316.4,0.487,0.087109375,,POINT (225598.55860000104 907769.1349)
61851,WASHINGTON ST @ SAINT GEORGE,256,76.9,37.1,1316.4,0.487,0.300390625,,POINT (239643.82680000365 907783.6246999986)
61852,HIGHLAND AVE @ MAY ST,117,38.8,43.9,1327.5,0.467,0.331623932,,POINT (237503.30340000242 907789.4026000015)
61857,WASHINGTON ST @ GUILD ST,256,99,49.3,1496.799999,0.509,0.38671875,,POINT (228588.749499999 907790.7501000017)
61866,WASHINGTON ST @ DEDHAM PLAZA,256,388.3,45.6,1082.6,0.481,1.516796875,,POINT (240055.95269999653 907799.3121000007)
61867,WASHINGTON ST @ METCALF ST,256,23.4,45.6,1082.6,0.481,0.09140625,,POINT (220043.3123999983 910824.7807999998)
61872,WASHINGTON ST @ OAK ST,718,43.5,37.7,2765.800001,0.489,0.060584958,,POINT (220043.3123999983 910824.7807999998)
61916,LEE ST @ SEARS RD,140,9,41.6,805.3999999,0.493,0.064285714,,POINT (235533.34340000153 910826.1876000017)
63241,37 RIVERSIDE AVE @ MEDFORD SQ,1064,2517.1,64.7,5047.500002,0.427,2.365695489,,POINT (228442.72049999982 910828.9120999984)
63618,356 WASHINGTON ST,256,8.5,41.9,1246.7,0.467,0.033203125,,POINT (235533.34860000014 910833.9763999991)
63621,RIVER ST @ AGNES AVE,322,344.6,42.6,5381.999988,0.493,1.070186335,,POINT (244016.16319999844 910841.9675999992)
64000,NUBIAN STATION,8018,85897.6,41.8,4854.400016,0.52,10.71309554,,POINT (244034.39019999653 910851.6253000014)
64001,HIGHLAND ST @ WARREN AVE,204,32.6,40,3174.399997,0.515,0.159803922,,POINT (222346.44860000163 910864.0306000002)
64171,TRUMAN HWY @ MOUNTFAIR TERR,209,44.1,40.8,3728.900001,0.473,0.211004785,,POINT (221624.21190000325 910864.5991999991)
64618,960 WASHINGTON ST OPP CARMICH,256,30.4,45.6,1082.6,0.481,0.11875,,POINT (221624.21190000325 910864.5991999991)
65541,WASHINGTON ST @ PROSPECT ST,90,131.5,40,2159.600001,0.487,1.461111111,,POINT (236362.7875000015 910887.3500000015)
65542,WASHINGTON ST @ AUBURN ST,90,5.5,40,2159.600001,0.487,0.061111111,,POINT (236354.65649999678 910903.6477000006)
65543,WASHINGTON ST @ GREENOUGH ST,90,23,40,2159.600001,0.487,0.255555556,,POINT (240284.72670000046 910907.3333999999)
65544,WASHINGTON ST @ COMMONWEALTH,90,41,30.2,2850.499998,0.467,0.455555556,,POINT (235242.53880000114 910917.7470000014)
65546,COMMONWEALTH AVE OPP CHESWICK,90,30,30.2,2850.499998,0.467,0.333333333,,POINT (222260.64930000156 910924.0465999991)
65547,COMMONWEALTH AVE @ PAMELA CT,90,89,40.5,2207.699998,0.48,0.988888889,,POINT (235249.4865999967 910936.2631999999)
65618,WASHINGTON ST @ ARIADNE RD,256,886.7,45.6,1082.6,0.481,3.463671875,,POINT (222227.1248999983 910950.9998999983)
65741,100 S HUNTINGTON AVE,730,1022,33.8,11798.39998,0.419,1.4,,POINT (219691.06639999896 910969.0546000004)
66434,CUMMINS HWY @ HARMON ST,217,222.3,43.3,7690.099994,0.454,1.024423963,,POINT (219696.69849999994 910972.5234999992)
66459,CUMMINS HWY @ HEBRON ST,218,228.6,44.4,3716.299993,0.448,1.048623853,,POINT (240322.95120000094 910978.2369000018)
66460,CUMMINS HWY @ LIVERMORE ST,218,360.4,44.4,3716.299993,0.448,1.653211009,,POINT (228352.98539999872 910995.2994000018)
66500,AMERICAN LEGION HWY @ WALK HI,98,67.7,42.1,159,0.945,0.690816327,,POINT (228350.07720000297 911002.4213000014)
66721,OXFORD ST @ WASHINGTON ST,143,69.5,39.1,9986.699988,0.507,0.486013986,,POINT (240348.64930000156 911010.190200001)
66731,OXFORD ST @ MARKET ST,143,133,39.1,9986.699988,0.507,0.93006993,,POINT (240380.65359999985 911013.3610000014)
66761,FRANKLIN ST @ N COMMON,138,437.2,33.5,10491.49999,0.494,3.168115942,,POINT (244085.57630000263 911019.5711999983)
66854,EUCLID AVE @ CHASE ST,113,20.6,41.1,3024.200002,0.493,0.182300885,,POINT (240064.05110000074 911024.5408999994)
67120,MILLENNIUM PARK,150,112,37.8,72.5,0.416,0.746666667,,POINT (221861.33519999683 911025.7100999989)
67202,SAUGUS PLAZA SHOPPING CENTER,128,431,52.6,273,0.482,3.3671875,,POINT (221861.33519999683 911025.7100999989)
67618,WASHINGTON ST @ MONTAGUE RD,256,61.3,45.6,1082.6,0.481,0.239453125,,POINT (244103.28429999948 911026.9712000005)
68618,450 WASHINGTON ST,256,50.1,45.6,1082.6,0.481,0.195703125,,POINT (230091.2167999968 911030.3894000016)
69618,WASHINGTON ST @ HIGH ST,256,516.3,45.6,1082.6,0.481,2.016796875,,POINT (240230.57159999758 911032.8784999996)
70618,272 WASHINGTON ST,314,263.1,40.5,1344.5,0.474,0.837898089,,POINT (240224.96180000156 911033.6598000005)
70619,WASHINGTON ST @ DEAN AVE,256,13.4,42.3,1152.5,0.484,0.05234375,,POINT (238936.70289999992 911035.6209000014)
70620,WASHINGTON ST @ LORING ST,256,7.3,42.3,1152.5,0.484,0.028515625,,POINT (235534.30110000074 911044.3819000013)
71187,WASHINGTON ST @ BURNETT ST,320,84,31.4,5052.699998,0.48,0.2625,,POINT (235534.21440000087 911051.5515000001)
71391,HUNTINGTON AVE @ LOUIS PRANG,787,1050.6,20.8,11167.80001,0.64,1.334942821,,POINT (240583.0423000008 911053.7393999994)
71618,38 WASHINGTON ST OPP SUMNER S,718,171.7,44.8,1025.6,0.477,0.23913649,,POINT (235324.21609999985 911063.0516999997)
71835,CLYDE ST OPP WHITNEY ST,140,76,47.9,432,0.487,0.542857143,,POINT (235325.33370000124 911082.2916000001)
71852,CHESTNUT ST @ GREAT PLAIN AVE,117,177.8,45.6,1677.600001,0.48,1.51965812,,POINT (222174.11050000042 911096.8858000003)
71855,STUART ST @ DARTMOUTH ST,317,2652.1,59.9,11562.00004,0.448,8.366246057,,POINT (240639.87650000304 911111.0788000003)
71916,LEE ST OPP WARREN ST,140,26,41.6,805.3999999,0.493,0.185714286,,POINT (227575.58110000193 914006.3191)
73618,WASHINGTON ST @ EAST ST,256,77.7,40.8,1016.7,0.496,0.303515625,,POINT (248106.0800999999 914010.049899999)
73619,205 WASHINGTON ST @ EAST WALP,256,155.8,40.8,1016.7,0.496,0.60859375,,POINT (246935.2819999978 914010.5025999993)
74611,SOUTH STATION SILVER LINE,2507,41621.3,43.4,2413.200002,0.537,16.6020343,,POINT (241315.21350000054 914010.8781000003)
74612,COURTHOUSE OUTBOUND,2506,16060.5,34.2,6104.199993,0.497,6.408818835,,POINT (220401.42670000345 914032.1372999996)
74613,WORLD TRADE CENTER,2507,9949.6,31.5,3771.999999,0.509,3.968727563,,POINT (245546.15569999814 914034.1251999997)
74614,SILVER LINE WAY BEFORE MANULI,2880,8474,31.5,3771.999999,0.509,2.942361111,,POINT (245529.5380000025 914047.6821000017)
74615,WORLD TRADE CENTER,2506,7225.8,31.5,3771.999999,0.509,2.88339984,,POINT (232846.5876000002 914056.1004000008)
74616,COURTHOUSE INBOUND,2506,15036.2,34.2,6104.199993,0.497,6.000079808,,POINT (247393.67960000038 914057.8579999991)
74617,SOUTH STATION SILVER LINE,2506,42429,43.4,2413.200002,0.537,16.93096568,,POINT (247248.39019999653 914062.3524000011)
74624,SILVER LINE WAY AFTER MANULIF,2179,6687.5,31.5,3771.999999,0.509,3.06906838,,POINT (247242.68999999762 914062.5287999995)
74981,BEAVER ST @ LINDEN ST,30,4.5,45.2,1318.1,0.493,0.15,,POINT (247152.90529999882 914065.0513999984)
75467,HYDE PARK AVE @ GLENWOOD AVE,882,689,39.6,1996.199999,0.495,0.781179138,,POINT (220353.74340000004 914074.8566000015)
75618,WASHINGTON ST @ WASHINGTON GR,179,0,40.8,1016.7,0.496,0,,POINT (232848.19730000198 914075.7164000012)
75731,CENTRAL ST @ PROSPECT ST,99,0,48.2,1099.1,0.463,0,,POINT (245213.15529999882 914077.3016999997)
75791,WARREN ST @ WEBSTER RD,30,6.5,42.2,2511.200002,0.486,0.216666667,,POINT (247534.07769999653 914077.4378000014)
76031,SOUTH ST OPP SHAKESPEARE RD,110,17.5,25.7,1229.4,0.47,0.159090909,,POINT (227714.39370000362 914084.7144999988)
76051,64 SOUTH ST,110,20.5,35.3,4490.100014,0.499,0.186363636,,POINT (245555.20120000094 914090.8366999999)
76052,SOUTH ST @ RUSSELL ST,110,59.5,32.4,6023.800005,0.518,0.540909091,,POINT (247556.90619999915 914091.3125)
76171,RIVER ST OPP WILLIAMS ST,140,2.5,41.9,3003.8,0.473,0.017857143,,POINT (226033.87799999863 914091.8288999982)
76251,WASHINGTON ST OPP ARMORY ST,140,55.5,45.9,2647,0.485,0.396428571,,POINT (226033.87799999863 914091.8288999982)
76378,RIVER ST @ WEBSTER ST,322,297.6,38.1,4824.800009,0.479,0.924223602,,POINT (227886.9007000029 914092.1944999993)
76431,WASHINGTON ST OPP CRAFTS ST,185,84.5,35.8,2365.800001,0.48,0.456756757,,POINT (227866.8417999968 914093.3128000014)
76434,CUMMINS HWY @ BISMARK ST,217,411.3,43.3,7690.099994,0.454,1.895391705,,POINT (241128.70009999722 914093.9789000005)
76459,CUMMINS HWY @ HARVARD ST,218,267.1,43.3,2557.099996,0.409,1.225229358,,POINT (241121.8941999972 914097.1876999997)
76479,HYDE PARK AVE @ WALK HILL ST,937,276.7,33.3,6091.099991,0.471,0.295304162,,POINT (227749.1621999964 914097.4232000001)
76495,515 HYDE PARK AVE,945,348.4,36.7,6005.400001,0.441,0.368677249,,POINT (246862.79649999738 914098.4375)
76500,AMERICAN LEGION HWY @ KINGBIR,98,134.4,20.4,1337.3,0.412,1.371428571,,POINT (245456.81889999658 914107.0428999998)
76561,RIVER ST @ WILLIAM ST,140,6.5,41.3,1863,0.481,0.046428571,,POINT (245452.04119999707 914110.9497000016)
76592,MOODY ST @ UNDERWOOD PK,230,71,35.4,6541.200015,0.521,0.308695652,,POINT (248236.07779999822 914114.6248999983)
76593,MOODY ST @ WASHINGTON AVE,230,166,32.8,2818.700001,0.526,0.72173913,,POINT (248236.07779999822 914114.6248999983)
76594,MOODY ST @ ASH ST,230,245,33.8,7897.699984,0.513,1.065217391,,POINT (228715.05390000343 914120.4600999989)
76597,MOODY ST @ PINE ST,300,130,34.9,6259.599983,0.494,0.433333333,,POINT (249946.11050000042 914121.5527000017)
76618,WASHINGTON ST @ SHORT ST,179,42.3,40.8,1016.7,0.496,0.236312849,,POINT (246841.29140000045 914124.5753000006)
76734,O'CALLAGHAN WAY @ WALNUT ST,18,1.5,40.9,2432.900001,0.459,0.083333333,,POINT (249949.49409999698 914125.9457999989)
77051,BELMONT ST @ DUFF ST,30,5,40.5,4222.6,0.469,0.166666667,,POINT (228712.45279999822 914127.0623999983)
77053,LEXINGTON ST @ SYCAMORE ST,30,1,39.5,5311.999998,0.457,0.033333333,,POINT (235987.93990000337 914129.6981999986)
77110,BELMONT ST OPP DUFF ST,30,8,40.5,4222.6,0.469,0.266666667,,POINT (220286.8027999997 914140.4739000015)
77152,LEXINGTON ST @ BEECH ST,30,4,39.5,5311.999998,0.457,0.133333333,,POINT (247641.04680000246 914141.3123999983)
77241,184 HAMMOND ST,45,1,38.9,4033.599995,0.482,0.022222222,,POINT (249952.04659999907 914142.068)
77242,HAMMOND ST @ PLYMPTON ST,45,7.5,38.9,4033.599995,0.482,0.166666667,,POINT (220280.7522 914146.1693000011)
77243,HAMMOND ST @ LAWRENCE ST,45,2.5,38.9,4033.599995,0.482,0.055555556,,POINT (239222.15600000322 905467.6253000014)
77244,HAMMOND ST @ COLUMBUS AVE,45,2.5,34.3,5104.500004,0.522,0.055555556,,POINT (235970.2300999984 905471.4331)
77245,36 HAMMOND ST,45,7.5,34.3,5104.500004,0.522,0.166666667,,POINT (230894.74599999934 905481.1955000013)
77375,HIGH ST @ BEECH ST,45,21.5,34.1,7061.999984,0.561,0.477777778,,POINT (237817.30740000308 905481.8590000011)
77376,HIGH ST @ NEWTON ST,45,17,37,5410.799992,0.47,0.377777778,,POINT (233414.54659999907 905483.373399999)
77377,HIGH ST @ PARMENTER RD,45,12.5,37,5410.799992,0.47,0.277777778,,POINT (221877.32370000333 905501.3696999997)
77378,HIGH ST @ HOVEY RD,45,19,34.1,2498.300001,0.516,0.422222222,,POINT (230210.07400000095 905509.633200001)
77379,HIGH ST @ HAMBLIN RD,45,11.5,34.1,2498.300001,0.516,0.255555556,,POINT (241935.4829000011 905511.5227999985)
77521,HIGH ST @ CEDAR ST,35,10.5,34.1,2498.300001,0.516,0.3,,POINT (231380.5476000011 905511.6922999993)
77541,HIGH ST @ GARDNER ST,35,5,31.4,6788.500012,0.531,0.142857143,,POINT (237809.97119999677 905512.5520000011)
77551,HIGH ST @ MOODY ST,35,14,34.1,7061.999984,0.561,0.4,,POINT (231386.11819999665 905516.5188999996)
77618,WASHINGTON ST @ LAFAYETTE DR,179,9.9,42.1,958.6,0.49,0.055307263,,POINT (221880.2824999988 905520.6559000015)
77777,MELNEA CASS BLVD @ WASHINGTON,150,66.5,36.1,10164.60001,0.415,0.443333333,,POINT (238521.8118999973 905528.5998000018)
78071,541 PLEASANT ST,30,0.5,36.6,2208.9,0.479,0.016666667,,POINT (230188.5249999985 905539.1235000007)
78073,PLEASANT ST @ REPTON PL,30,8,34.5,2841.100001,0.495,0.266666667,,POINT (230859.44200000167 905540.3363999985)
78121,RIVER ST @ JACKSON ST,30,2.5,35.1,6027.400008,0.503,0.083333333,,POINT (238507.96899999678 905544.4017000012)
78141,CRESCENT ST OPP CHERRY ST,30,17,34.1,7061.999984,0.561,0.566666667,,POINT (231958.489699997 905547.617800001)
78201,LEXINGTON ST @ RUMFORD AVE,120,61.5,41.3,1863,0.481,0.5125,,POINT (233305.69590000063 905556.2575000003)
78203,181 LEXINGTON ST,120,34.5,41.3,1863,0.481,0.2875,,POINT (231927.30420000106 905561.8387000002)
78204,LEXINGTON ST @ ORRIS ST,120,29,41.3,1863,0.481,0.241666667,,POINT (239315.75940000266 905563.5914000012)
78205,LEXINGTON ST @ FREEMAN ST,120,30,41.3,1863,0.481,0.25,,POINT (227754.33389999717 905564.7435999997)
78211,COMMONWEALTH AVE OPP PAMELA C,90,84,40.5,2207.699998,0.48,0.933333333,,POINT (227754.33389999717 905564.7435999997)
78212,COMMONWEALTH AVE @ AUBURN ST,90,35.5,30.2,2850.499998,0.467,0.394444444,,POINT (236035.8452000022 905569.5978999995)
78213,COMMONWEALTH AVE @ CHESWICK R,90,34.5,30.2,2850.499998,0.467,0.383333333,,POINT (235350.53639999777 905575.3471000008)
78215,WASHINGTON ST @ COMMONWEALTH,90,45,30.2,2850.499998,0.467,0.5,,POINT (239328.26529999822 905578.441300001)
78216,1600 WASHINGTON ST,90,19,30.2,2850.499998,0.467,0.211111111,,POINT (230026.4829000011 905622.4791000001)
78218,WASHINGTON ST @ AUBURN ST,90,44,40,2159.600001,0.487,0.488888889,,POINT (231503.12370000035 905625.4675000012)
78219,WASHINGTON ST @ PROSPECT ST,90,55.5,40,2159.600001,0.487,0.616666667,,POINT (230033.59309999645 905630.809700001)
78471,RIVER ST @ JACKSON ST,35,6,35.1,6027.400008,0.503,0.171428571,,POINT (223461.46620000154 905630.9074000008)
78511,RIVER ST @ WILLOW ST,35,14,34.5,2841.100001,0.495,0.4,,POINT (223461.46620000154 905630.9074000008)
78512,PLEASANT ST OPP REPTON PL,35,6,34.5,2841.100001,0.495,0.171428571,,POINT (231770.62470000237 905630.9375)
78513,PLEASANT ST @ PARAMOUNT PL,35,2,36.6,2208.9,0.479,0.057142857,,POINT (236087.20799999684 905637.9054999985)
78531,PLEASANT ST @ BRIDGE ST,35,15.5,36.6,2208.9,0.479,0.442857143,,POINT (231740.8756000027 905643.9149999991)
78571,ADAMS ST @ QUIRK ST,35,7,37.1,4506.600002,0.473,0.2,,POINT (238413.0583000034 905652.1173)
78573,ADAMS ST @ WASHINGTON ST,35,6,36.4,3582.000006,0.479,0.171428571,,POINT (232557.4632000029 905655.7318999991)
78600,135 BEAVER ST,30,32.5,45.2,1318.1,0.493,1.083333333,,POINT (231358.95269999653 905657.5625)
78632,OPP 135 BEAVER ST,30,33,45.2,1318.1,0.493,1.1,,POINT (231424.9746999964 905659.5)
78741,WORTHEN RD @ HAYDEN REC CTR,112,22.2,46.2,952.1000002,0.486,0.198214286,,POINT (241440.17920000106 905660.4318000004)
78742,MASSACHUSETTS AVE @ FOREST ST,50,55,47.7,1242.7,0.494,1.1,,POINT (232552.74589999765 905660.5650000013)
78981,HARTWELL AVE @ WESTVIEW ST,62,64.5,44.2,707.1999999,0.484,1.040322581,,POINT (231484.68710000068 905663.3128000014)
78982,HARTWELL AVE @ BIKEWAY,62,12.4,41.7,231.9,0.475,0.2,,POINT (227188.92329999804 907801.2252999991)
78987,HARTWELL AVE @ BIKEWAY,62,8.2,41.7,231.9,0.475,0.132258065,,POINT (231695.78109999746 907804.6876999997)
78988,HARTWELL AVE OPP WESTVIEW ST,62,57.2,44.2,707.1999999,0.484,0.922580645,,POINT (235713.79860000312 907805.7864000015)
79618,625 WASHINGTON ST,179,86.9,42.1,958.6,0.49,0.48547486,,POINT (231687.19340000302 907810.7067000009)
79642,SUMMER ST @ FOREST ST,120,33.5,36,3371.8,0.47,0.279166667,,POINT (229255.0781000033 907812.0001000017)
80619,WASHINGTON ST @ WALDO WAY,256,0,42.3,1152.5,0.484,0,,POINT (229259.60170000046 907815.9626999982)
80620,14 WASHINGTON ST OPP GAY ST,256,0,45.6,1082.6,0.481,0,,POINT (236663.6393999979 907816.5381999984)
81317,360 HUNTINGTON AVE,685,2300,20.7,16656.49999,0.463,3.357664234,,POINT (228555.67180000246 907818.0626999997)
81437,CHAPEL ST @ GREAT PLAIN AVE,122,136.2,43.9,1327.5,0.467,1.116393443,,POINT (241951.50940000266 907820.0036999993)
81438,HIGHLAND AVE @ OAKLAND AVE,122,28.9,43.9,1327.5,0.467,0.236885246,,POINT (227163.14159999788 907820.6812999994)
81439,HIGHLAND AVE @ ROSEMARY ST,122,90.9,43.9,1327.5,0.467,0.745081967,,POINT (236095.00609999895 907827.0108999982)
81440,HIGHLAND AVE @ DANA PL,122,10.7,43.9,1327.5,0.467,0.087704918,,POINT (236103.54630000144 907832.2523000017)
81441,HIGHLAND AVE @ MARK LEE RD,122,140.7,48.9,2476.599999,0.457,1.153278689,,POINT (234574.76150000095 907833.1770000011)
81442,HILLSIDE AVE @ HUNNEWELL ST,122,59.4,40.8,1271.1,0.491,0.486885246,,POINT (236635.96920000017 907833.749400001)
81443,HILLSIDE AVE @ AVERY ST,122,10,40.8,1271.1,0.491,0.081967213,,POINT (239997.94839999825 907838.3143000007)
81444,WEBSTER ST @ HILLSIDE AVE,122,56.2,40.8,1271.1,0.491,0.460655738,,POINT (237527.1406000033 907839.8125)
81445,WEBSTER ST @ CENTRAL AVE,122,40.4,40.8,1271.1,0.491,0.331147541,,POINT (229473.6427000016 907843.1992999986)
81446,CENTRAL AVE @ NOANETTE RD,122,14.5,43.5,1262.4,0.48,0.118852459,,POINT (239989.59329999983 907843.6878000014)
81447,CENTRAL AVE @ GOULD ST,122,38.5,43.5,1262.4,0.48,0.31557377,,POINT (229475.50639999658 907850.6535999998)
81448,CENTRAL AVE @ HAMPTON AVE,122,51.7,43.5,1262.4,0.48,0.423770492,,POINT (234572.69619999826 907851.0892000012)
81449,CENTRAL AVE @ RESERVOIR ST,122,28.4,43.5,1262.4,0.48,0.232786885,,POINT (232955.64970000088 907853.2996999994)
81451,CHESTNUT ST @ PENNSYLVANIA AV,122,38.2,39.8,2187.200002,0.49,0.313114754,,POINT (235683.7973999977 907866.2729000002)
81463,OAK ST @ CHESTNUT ST,112,58,39.8,2187.200002,0.49,0.517857143,,POINT (231281.80680000037 907879.2245000005)
81464,173 OAK ST,112,170.7,43.1,1775.8,0.474,1.524107143,,POINT (231281.80680000037 907879.2245000005)
81561,WALNUT ST @ BERWICK RD,122,14.3,46.1,1797.7,0.482,0.117213115,,POINT (239906.9023000002 907882.4523999989)
81562,WALNUT ST @ BEACON ST,122,102.5,43.1,1574.400001,0.481,0.840163934,,POINT (239900.4626000002 907885.0390999988)
81618,EAST ST @ KENDALL ST,179,3,42.1,958.6,0.49,0.016759777,,POINT (235198.08449999988 907886.4957000017)
81651,WALNUT ST @ WASHINGTON PK,122,24.2,42,2650.5,0.467,0.198360656,,POINT (232245.62539999932 907890.5832000002)
81681,WALNUT ST @ WATERTOWN ST,157,152.8,35.8,2365.800001,0.48,0.973248408,,POINT (233027.1841999963 907891.9397)
81682,WALNUT ST @ LINWOOD AVE,35,1,43.6,2610.899999,0.476,0.028571429,,POINT (235198.29800000042 907894.125)
81683,CRAFTS ST @ CALIFORNIA ST,35,3,43.6,2610.899999,0.476,0.085714286,,POINT (229695.87430000305 907894.7553999983)
81685,CRAFTS ST @ ALBEMARLE RD,35,7,42.9,2322.500002,0.499,0.2,,POINT (228503.06220000237 907895.8125)
81686,CRAFTS ST @ HARDING ST,35,17,43.4,2874.299997,0.479,0.485714286,,POINT (236204.01460000128 907901.065200001)
81687,WALTHAM ST @ LODGE RD,35,7,40,3845.200004,0.479,0.2,,POINT (236204.01460000128 907901.065200001)
81688,WALTHAM ST @ HAZELHURST AVE,35,1.5,40,3845.200004,0.479,0.042857143,,POINT (229727.255400002 907901.7983999997)
81835,GROVE ST OPP ALLANDALE RD,140,44,42.8,1697.5,0.473,0.314285714,,POINT (230352.6750999987 907904.7914999984)
81852,CHESTNUT ST @ OAK ST,117,133.1,45.6,1677.600001,0.48,1.137606838,,POINT (230332.51680000126 907905.9180999994)
81916,LEE ST @ BOYLSTON ST,140,7.5,41.6,805.3999999,0.493,0.053571429,,POINT (226095.05879999697 907908.2028999999)
81917,CHESTNUT HILL AVE @ CHANNING,140,72,41.2,2256.099999,0.482,0.514285714,,POINT (229884.63769999892 907909.7831000015)
82011,WALNUT ST @ FISHER AVE,117,18.7,46.1,1797.7,0.482,0.15982906,,POINT (232253.01680000126 907910.1343999989)
82030,NEEDHAM ST @ EASY ST,107,48.6,43.1,1775.8,0.474,0.454205607,,POINT (242725.86439999938 911113.3306000009)
82031,NEEDHAM ST @ JACONETT RD,107,157,43.1,1775.8,0.474,1.46728972,,POINT (242709.34440000355 911114.3674999997)
82032,NEEDHAM ST OPP CHARLEMONT ST,107,133.5,43.1,1775.8,0.474,1.247663551,,POINT (239955.18039999902 911115.4406000003)
82033,156 OAK ST,107,98.2,43.1,1775.8,0.474,0.917757009,,POINT (222165.79850000143 911120.7100999989)
82039,NEEDHAM ST OPP COLUMBIA AVE,107,95.1,43.1,1775.8,0.474,0.888785047,,POINT (239952.16740000248 911121.5089000016)
82047,NEEDHAM ST @ CHARLEMONT ST,112,167.1,43.1,1775.8,0.474,1.491964286,,POINT (230085.0794999972 911128.8665999994)
82048,NEEDHAM ST @ JACONNET ST,112,147.2,43.1,1775.8,0.474,1.314285714,,POINT (240658.82109999657 911135.8423000015)
82049,NEEDHAM ST @ COLUMBIA AVE,112,106.1,43.1,1775.8,0.474,0.947321429,,POINT (241425.89859999716 911140.0421999991)
82050,NEEDHAM ST OPP EASY ST,112,47.5,43.1,1775.8,0.474,0.424107143,,POINT (241425.89859999716 911140.0421999991)
82130,CENTRAL AVE @ PARKLAND RD,117,8.5,43.5,1262.4,0.48,0.072649573,,POINT (236205.9183000028 911143.7490999997)
82131,CHESTNUT ST @ PENNSYLVANIA AV,117,17.8,39.8,2187.200002,0.49,0.152136752,,POINT (240679.17180000246 911154.1876000017)
82132,CHESTNUT ST @ ELLIOT ST,117,93.4,39.8,2187.200002,0.49,0.798290598,,POINT (240669.9007000029 911157.4600000009)
82133,CENTRAL AVE @ RESERVOIR ST,117,30.7,43.5,1262.4,0.48,0.262393162,,POINT (236194.745099999 911160.1075000018)
82134,CENTRAL AVE @ SAINT MARY ST,117,74.4,43.5,1262.4,0.48,0.635897436,,POINT (241215.4416999966 911164.8949000016)
82135,CENTRAL AVE @ GOULD ST,117,42,43.5,1262.4,0.48,0.358974359,,POINT (241208.54879999906 911165.3449000008)
82136,WEBSTER ST @ CENTRAL AVE,117,34.4,40.8,1271.1,0.491,0.294017094,,POINT (240931.1393999979 911165.9439999983)
82137,WEBSTER ST @ HILLSIDE AVE,117,60.3,40.8,1271.1,0.491,0.515384615,,POINT (240895.54599999636 911167.4558000006)
82138,HILLSIDE AVE @ AVERY ST,117,12.4,40.8,1271.1,0.491,0.105982906,,POINT (241052.875 911169.3751000017)
82139,HILLSIDE AVE @ HUNNEWELL ST,117,45.7,40.8,1271.1,0.491,0.390598291,,POINT (241076.2066999972 911169.4847999997)
82140,HIGHLAND AVE @ AVERY SQ,117,154.6,48.9,2476.599999,0.457,1.321367521,,POINT (219922.37910000235 911171.9092999995)
82437,HIGHLAND AVE @ MAY ST,122,27.1,43.9,1327.5,0.467,0.222131148,,POINT (219915.39069999754 911176.2146000005)
82471,RUSSELL ST @ CAMBRIDGE ST,85,63.5,49.4,978.0000001,0.474,0.747058824,,POINT (241599.52290000021 911198.6482000016)
82618,EAST ST @ PENNINGTON DR,179,7,50.2,748.4,0.467,0.039106145,,POINT (235334.4020999968 911202.0659000017)
82851,WALNUT ST @ PAGE RD,162,48.3,35.8,2365.800001,0.48,0.298148148,,POINT (235334.9048999995 911208.7362000011)
82853,WALNUT ST @ AUSTIN ST,117,290.5,42,2650.5,0.467,2.482905983,,POINT (241614.39630000293 911210.7056000009)
83032,NEEDHAM ST @ OAK ST,107,176.9,43.1,1775.8,0.474,1.653271028,,POINT (236123.7643999979 911262.2760999985)
83111,FELLSWAY W @ FELLS AVE,261,84.4,38.7,3749.400001,0.502,0.323371648,,POINT (236115.86089999974 911274.1994999982)
83618,EAST ST @ HARTSHORN AVE,179,28.3,50.2,748.4,0.467,0.158100559,,POINT (239059.08060000092 911275.8291000016)
84618,EAST ST @ SCHOOL ST,179,29.8,42.1,958.6,0.49,0.166480447,,POINT (228221.7553000003 911278.1447999999)
84741,FREDETTE RD @ SPIERS RD,65,6,45,2284.299999,0.486,0.092307692,,POINT (239846.62269999832 911279.1759000011)
84791,SAWMILL BROOK PKWY @ WALSH RD,65,24,52.9,498.7,0.449,0.369230769,,POINT (244183.04559999704 911282.6400999986)
84885,WINCHESTER ST @ CENTRE ST,112,26.3,43.1,1775.8,0.474,0.234821429,,POINT (228218.69569999725 911283.3570000008)
84921,WHEELER RD @ MEADOWBROOK RD,65,115,48,1152.7,0.499,1.769230769,,POINT (241679.91820000112 911290.9519000016)
85231,MIT LINCOLN LABORATORY,100,270.5,41.7,231.9,0.475,2.705,,POINT (219710.97169999778 911294.9472000003)
85284,WINCHESTER ST @ CENTRE ST,107,30.6,43.1,1775.8,0.474,0.285981308,,POINT (241683.3747999966 911295.3751999997)
85371,WHEELER RD @ MEADOWBROOK RD,65,126,48,1152.7,0.499,1.938461538,,POINT (235575.67920000106 911296.0009000003)
85511,SAWMILL BROOK PKWY @ SPIERS R,65,9,45,2284.299999,0.486,0.138461538,,POINT (219693.2480000034 911305.2391000018)
85551,FREDETTE RD @ SPIERS RD,65,1.5,45,2284.299999,0.486,0.023076923,,POINT (244174.73680000007 911310.6906999983)
85562,BAKER ST @ VFW PKWY,65,1,47.9,923.9999998,0.463,0.015384615,,POINT (235583.88920000196 911314.2666000016)
85563,BAKER ST @ VFW PKWY,65,7,45,2772.300003,0.477,0.107692308,,POINT (239765.4944999963 911344.3953000009)
85564,BAKER ST @ CAPITAL ST,65,19,44.4,3848.900001,0.466,0.292307692,,POINT (233753.5644999966 911345.4919999987)
85565,BAKER ST OPP VARICK RD,65,11.5,45,2772.300003,0.477,0.176923077,,POINT (249948.10660000145 914148.2437999994)
85566,BAKER ST @ AMESBURY ST,65,2,45,2772.300003,0.477,0.030769231,,POINT (235978.20180000365 914161.3649999984)
85567,BAKER ST @ CUTTER RD,65,0,45,2772.300003,0.477,0,,POINT (237859.49009999633 914167.2267000005)
85568,BAKER ST @ DUNWELL ST,65,111,46.3,1998.699999,0.5,1.707692308,,POINT (243511.59390000254 914169.9530999996)
85569,BAKER ST @ WYCLIFF AVE,65,33.5,46.3,1998.699999,0.5,0.515384615,,POINT (243511.59390000254 914169.9530999996)
85618,935 EAST ST,179,81.1,40.9,972.8999998,0.484,0.453072626,,POINT (240951.45289999992 914182.9375)
86114,WOOD ST @ PATTERSON RD,106,3.1,41.7,231.9,0.475,0.029245283,,POINT (240943.0468999967 914188.9376000017)
86121,WOOD ST @ CONESTOGA RD,112,1.2,41.7,231.9,0.475,0.010714286,,POINT (244631.23950000107 914195.4591999985)
86122,WOOD ST @ BATES RD,112,41.7,41.7,231.9,0.475,0.372321429,,POINT (228286.78149999678 914196.6182000004)
86242,WOOD ST OPP PATTERSON RD,112,5.2,41.7,231.9,0.475,0.046428571,,POINT (246780.86320000142 914197.9398999996)
86261,MARRETT RD @ FORBES RD,112,86.8,43.1,377.5000001,0.498,0.775,,POINT (228290.81210000068 914198.8125)
86434,CUMMINS HWY @ ROSEWOOD ST,217,261.5,40.4,4968.000011,0.462,1.205069124,,POINT (247701.0623999983 914206.0625)
86458,CUMMINS HWY @ CALVARY CEMETER,218,342.8,46.4,2367.699998,0.446,1.572477064,,POINT (248486.80129999667 914207.1301000006)
86459,CUMMINS HWY OPP PLEASANTVIEW,218,51.1,46.4,2367.699998,0.446,0.23440367,,POINT (245303.97339999676 914207.8478999995)
86500,AMERICAN LEGION HWY @ FRANKLI,98,167.4,20.4,1337.3,0.412,1.708163265,,POINT (244638.56819999963 914213.4164000005)
86618,MAIN ST @ GLENWOOD AVE,179,432.6,40.9,972.8999998,0.484,2.416759777,,POINT (248505.57360000163 914216.3478999995)
86734,WALNUT ST OPP STERLING ST,18,1.8,40.3,2874.500004,0.492,0.1,,POINT (245304.8545999974 914223.0852999985)
86915,LEXINGTON ST OPP STEARNS HILL,103,236.6,31.1,4014.599999,0.51,2.297087379,,POINT (245315.88430000097 914225.1689000018)
86929,STOW ST @ TAVERN RD,45,9.5,39.1,1686.1,0.489,0.211111111,,POINT (245299.07850000262 914227.1114999987)
86930,MAIN ST @ STOW ST,45,17.5,40.7,161.3,0.474,0.388888889,,POINT (237819.4372999966 914242.5)
86932,MAIN ST @ SHERIDAN RD,297,105.3,39.1,1686.1,0.489,0.354545455,,POINT (232863.6928000003 914249.4472000003)
86933,1164 MAIN ST @ PHILIPS TER,297,59.6,39.1,1686.1,0.489,0.200673401,,POINT (246730.08810000122 914259.1625000015)
86935,MAIN ST @ EVERETT ST,297,122.2,39.1,1686.1,0.489,0.411447811,,POINT (232865.52149999887 914271.9279999994)
86936,MAIN ST OPP PROSPECT HILL RD,297,133.3,34.3,5104.500004,0.522,0.448821549,,POINT (248601.6247999966 914272.8748999983)
86937,MAIN ST @ WESTON ST,297,180.8,34.3,5104.500004,0.522,0.608754209,,POINT (243430.7290999964 914276.3328000009)
86939,MAIN ST @ PROSPECT ST,407,421.5,32.4,6023.800005,0.518,1.035626536,,POINT (243427.03890000284 914281.8636999987)
86940,MAIN ST @ HARVARD ST,452,651,35,6576.600013,0.515,1.440265487,,POINT (245179.5072999969 914299.1578000002)
86943,MOODY ST @ MAIN ST,623,1090.7,40.1,5242.800002,0.496,1.750722311,,POINT (245173.06759999692 914301.5153999999)
86944,CARTER ST @ WALTHAM COMM RAIL,1049,4835.2,40.1,5242.800002,0.496,4.609342231,,POINT (235924.59220000356 914309.5771000013)
86945,MAIN ST @ APPLETON ST,465,299.9,38.6,4649.400013,0.51,0.644946237,,POINT (249839.67909999937 914310.1884000003)
86964,MOODY ST @ ASH ST,230,179,33.8,7897.699984,0.513,0.77826087,,POINT (235921.28140000254 914316.0947000012)
86965,MOODY ST @ ORANGE ST,230,224,33.6,9044.700011,0.546,0.973913043,,POINT (249835.3478000015 914316.6656000018)
86967,MOODY ST OPP UNDERWOOD PK,230,106,35.4,6541.200015,0.521,0.460869565,,POINT (248667.81210000068 914324.9376000017)
86968,LEXINGTON ST @ WHITLOWE RD,230,33.5,41.9,3003.8,0.473,0.145652174,,POINT (228636.48430000246 914326.2503999993)
86971,MOODY ST @ CARTER ST,300,250,34.9,6259.599983,0.494,0.833333333,,POINT (247820.8295999989 914326.6552999988)
88171,MAIN ST OPP GREEN ST,465,286,39.1,7296.09999,0.496,0.615053763,,POINT (248680.24490000308 914334.882100001)
88332,MAIN ST @ LIBERTY ST,465,423.2,38.6,4649.400013,0.51,0.910107527,,POINT (228641.40619999915 914340.8126999997)
88333,CARTER ST OPP COMMUTER RAIL S,692,1625.2,40.1,5242.800002,0.496,2.348554913,,POINT (228614.84309999645 914356.3816)
88334,691 MAIN ST,510,333.6,38.6,4649.400013,0.51,0.654117647,,POINT (245038.5450000018 914359.3093000017)
88335,MAIN ST @ EXCHANGE ST,510,540.7,40.1,5242.800002,0.496,1.060196078,,POINT (228769.4998999983 914359.3128000014)
88336,MAIN ST @ BACON ST,407,539.7,35,6576.600013,0.515,1.326044226,,POINT (228789.08609999716 914364.2058999985)
88337,MAIN ST @ HAMMOND ST,407,437.6,32.4,6023.800005,0.518,1.075184275,,POINT (231534.22169999778 905664.3117000014)
88339,SOUTH ST @ WESTON ST,110,62,32.4,6023.800005,0.518,0.563636364,,POINT (231511.91059999913 905665.7851999998)
88340,SOUTH ST @ BEDFORD ST,110,50,30.4,4276.399998,0.518,0.454545455,,POINT (230786.22399999946 905666.4882999994)
88341,HOPE AVE @ BOSTON CHILDREN'S,110,45,25.7,1229.4,0.47,0.409090909,,POINT (227704.90079999715 905676.250599999)
88342,SOUTH ST @ SHAKESPEARE RD,110,26.5,25.7,1229.4,0.47,0.240909091,,POINT (238391.22110000253 905676.6332999989)
88344,SOUTH ST @ BRANDEIS UNIVERSIT,110,89.5,19.9,3950.900003,0.381,0.813636364,,POINT (241446.4173000008 905678.4996000007)
88345,SOUTH ST @ TURNER ST,110,132,34.5,1515.3,0.486,1.2,,POINT (230776.7651000023 905683.4373999983)
88346,SUNNYSIDE ST @ SOUTH ST,110,116,34.5,1515.3,0.486,1.054545455,,POINT (231596.4173000008 905689.3467000015)
88591,VETERANS MEMORIAL SENIOR CENT,10,11.5,45.1,1097.7,0.457,1.15,,POINT (231591.01730000228 905690.2399000004)
88618,WASHINGTON ST @ POLLEY LN,179,31.4,42.1,958.6,0.49,0.175418994,,POINT (239421.29529999942 905690.3905000016)
89339,59 SOUTH ST,110,10,32.4,6023.800005,0.518,0.090909091,,POINT (231208.2018999979 905694.7036999986)
89606,TOTTEN POND RD @ POND END RD,103,22.1,45.3,1023.4,0.505,0.214563107,,POINT (227750.65659999847 905703.6645000018)
89609,TOTTEN POND RD @ WINTER ST,103,31.5,45.3,1023.4,0.505,0.305825243,,POINT (239433.76099999994 905705.3150000013)
89610,TOTTEN POND RD @ THIRD AVE,103,324.5,45.5,412.3,0.493,3.150485437,,POINT (229897.00879999995 905718.6143999994)
89612,175 WYMAN ST,103,52.3,45.5,412.3,0.493,0.50776699,,POINT (231116.98359999806 905723.5329000019)
89613,OPP 404 WYMAN ST,103,34.5,45.5,412.3,0.493,0.334951456,,POINT (241360.43649999797 905726.8165999986)
89617,238 WASHINGTON ST OPP MAY ST,256,102,40.8,1016.7,0.496,0.3984375,,POINT (231051.30640000105 905745.2558999993)
89618,WASHINGTON ST @ PILGRIM WAY,179,9.9,42.1,958.6,0.49,0.055307263,,POINT (229865.9619999975 905750.9259000011)
89619,WASHINGTON ST OPP WASHINGTON,179,6.5,40.8,1016.7,0.496,0.036312849,,POINT (231542.14239999652 905753.2531999983)
90311,DORCHESTER AVE @ MELVINSIDE T,53,18.9,33.1,6656.500007,0.509,0.356603774,,POINT (219848.40890000015 905757.2780000009)
90620,WASHINGTON ST @ SCHOOL ST,256,265,42.3,1152.5,0.484,1.03515625,,POINT (219848.40890000015 905757.2780000009)
90621,WASHINGTON ST @ MARSHALL ST,256,319.9,42.3,1152.5,0.484,1.249609375,,POINT (231541.40799999982 905759.2844999991)
91317,HUNTINGTON AVE @ GAINSBOROUGH,685,1825.5,20.7,16656.49999,0.463,2.664963504,,POINT (238768.80690000206 905771.5384000018)
91391,HUNTINGTON AVE @ LONGWOOD AVE,817,3888.5,20.8,11167.80001,0.64,4.759485924,,POINT (235374.78079999983 905774.6915999986)
91618,624 WASHINGTON ST OPP BIRD MI,179,49.1,42.1,958.6,0.49,0.274301676,,POINT (221842.56490000337 905779.614599999)
91835,NEWTON ST @ GROVE ST,140,24,47.9,432,0.487,0.171428571,,POINT (221842.56490000337 905779.614599999)
91852,NEEDHAM JUNCTION @ COMMUTER R,239,499.4,45.6,1677.600001,0.48,2.089539749,,POINT (240759.78339999914 905798.9882999994)
91916,CHESTNUT HILL AVE OPP ACKERS,140,8,41.2,2256.099999,0.482,0.057142857,,POINT (241281.75339999795 905801.8117999993)
92391,677 HUNTINGTON AVE,702,1675.6,30.8,1985.800001,0.401,2.386894587,,POINT (232407.69120000303 905807.6746999994)
93130,HOLLIS AVE @ NEWBURY AVE,15,88,38.9,5305.499996,0.526,5.866666667,,POINT (230890.65420000255 905812.2171999998)
93618,710 EAST ST OPP KENDALL ST,179,5.4,50.2,748.4,0.467,0.030167598,,POINT (227604.31539999694 905813.5447999984)
94320,NEPTUNE BLVD @ BLOSSOM ST,148,306.5,31.7,8125.400017,0.474,2.070945946,,POINT (238635.42140000314 905813.8751000017)
94321,NEPTUNE BLVD @ BLOSSOM ST,67,40.1,31.7,8125.400017,0.474,0.598507463,,POINT (230884.46920000017 905815.5962000005)
94323,TREMONT ST OPP ST MARY'S HIGH,81,2.9,62.4,1695.399999,0.453,0.035802469,,POINT (232398.0199000016 905816.0507999994)
94325,NEPTUNE BLVD @ COMMERCIAL ST,52,55.8,40.9,7420.100006,0.446,1.073076923,,POINT (228182.3275000006 905817.0392000005)
94618,EAST ST @ EASTOVER RD,179,8.4,50.2,748.4,0.467,0.046927374,,POINT (221698.73430000246 905817.4376000017)
95618,EAST ST @ DIAMOND ST,179,24.8,40.9,972.8999998,0.484,0.138547486,,POINT (221698.73430000246 905817.4376000017)
96434,CUMMINS HWY @ RIVER ST,217,1152.1,42.2,5914.699989,0.457,5.30921659,,POINT (239529.69849999994 905819.3084999993)
96459,CUMMINS HWY @ AMERICAN LEGION,218,367.2,36.7,6005.400001,0.441,1.68440367,,POINT (233077.93240000308 905823.3093999997)
96500,AMERICAN LEGION HWY @ CANTERB,98,248.9,38.3,2726.300003,0.485,2.539795918,,POINT (236464.95970000327 907910.6246000007)
96618,EAST ST @ SCHOOL ST,179,7.9,40.9,972.8999998,0.484,0.044134078,,POINT (240875.31639999896 907913.4723999985)
96734,WALNUT ST OPP JEFFERSON AVE,18,0,47,435.4,0.496,0,,POINT (236457.2030000016 907914.0304999985)
96735,WALNUT ST OPP EDISON ST,18,0,45.7,1788.300001,0.49,0,,POINT (229872.28109999746 907918.2875999995)
97618,EAST ST @ MAIN ST,179,36.2,40.9,972.8999998,0.484,0.202234637,,POINT (230189.67159999907 907925.0001000017)
98618,MAIN ST @ STONE ST,179,358.4,40.9,972.8999998,0.484,2.002234637,,POINT (231479.67880000174 907925.3062999994)
99832,245 WASHINGTON ST,318,231.2,40.5,1344.5,0.474,0.727044025,,POINT (234056.69629999995 907926.5208999999)
99991,SOUTH ST @ BARDWELL ST,823,1073,35,8792.099961,0.455,1.303766707,,POINT (227812.24840000272 907928.1726999991)
109802,SARATOGA ST @ TERAGRAM ST,524,153.8,19,3.3,0.5,0.29351145,,POINT (231472.47299999744 907928.7864000015)
109804,MAIN ST @ PLEASANT ST,524,456.9,38.5,3832.400003,0.476,0.871946565,,POINT (239791.46829999983 907930.1251999997)
109805,MAIN ST @ BEAL ST,524,971.3,38.5,3832.400003,0.476,1.853625954,,POINT (228487.08200000226 907930.875500001)
109807,HERMON ST @ LINCOLN ST,205,154.5,38.5,3832.400003,0.476,0.753658537,,POINT (240859.5191999972 907937.9204000011)
109809,PAULINE ST OPP WOODSIDE AVE,205,555.5,49,2845.900002,0.459,2.709756098,,POINT (242020.78230000287 907940.315200001)
109810,PAULINE ST @ PLEASANT ST,205,102.7,40.9,4740.500009,0.484,0.50097561,,POINT (227797.29379999638 907941.2122000009)
109811,PLEASANT ST @ SOMERSET AVE,205,123.9,39.9,5184.60001,0.505,0.604390244,,POINT (233127.09350000322 907949.3366999999)
109812,PLEASANT ST @ BARTLETT RD,205,95.9,40.9,4740.500009,0.484,0.467804878,,POINT (231427.09220000356 907951.8687999994)
109814,PLEASANT ST @ SUNNYSIDE AVE,205,67.1,49.5,3476.199996,0.438,0.327317073,,POINT (230050.86370000243 907953.1849000007)
109815,PLEASANT ST @ SEAVIEW AVE,205,29.4,49.5,3476.199996,0.438,0.143414634,,POINT (230555.1523000002 907954.8038999997)
109816,PLEASANT ST @ WINTHROP ST,205,66.8,39.2,5624.300015,0.502,0.325853659,,POINT (230560.99120000005 907956.0766000003)
109817,WASHINGTON AVE OPP WILLOW AVE,205,62.2,40.8,2123.900002,0.471,0.303414634,,POINT (231423.11389999837 907960.6486000009)
109818,WASHINGTON AVE OPP LEWIS AVE,205,29.9,40.8,2123.900002,0.471,0.145853659,,POINT (233156.6154000014 907964.6097000018)
109819,WASHINGTON AVE OPP RIVER RD,205,33.8,40.8,2123.900002,0.471,0.164878049,,POINT (226943.75339999795 907976.4585000016)
109820,WASHINGTON AVE OPP VETERANS R,39,142.7,39,7082.199987,0.485,3.658974359,,POINT (230760.1004000008 907978.5289999992)
109821,VETERANS RD @ WASHINGTON AVE,546,1268.6,40.8,2123.900002,0.471,2.323443223,,POINT (230739.90929999948 907978.6028999984)
109822,VETERANS RD @ CUTLER ST,380,437.4,40.8,2123.900002,0.471,1.151052632,,POINT (230874.11140000075 907980.8794)
109823,VETERANS RD @ LEVY BRAMSON WA,216,261.4,40.8,2123.900002,0.471,1.210185185,,POINT (230880.90470000356 907981.2285999991)
109824,VETERANS RD OPP SEAFOAM AVE,216,250.7,40.8,2123.900002,0.471,1.160648148,,POINT (230199.06220000237 907981.9210000001)
109825,VETERANS RD @ HADASSAH WAY,216,135.6,40.8,2123.900002,0.471,0.627777778,,POINT (235626.59059999883 907983.5075999983)
109826,VETERANS RD @ SHIRLEY ST,216,103.5,40.8,2123.900002,0.471,0.479166667,,POINT (234552.25909999758 907983.6151)
109827,VETERANS RD @ LOCUST ST,216,157.2,48.2,6080.699997,0.518,0.727777778,,POINT (231009.10100000352 907989.5066)
109828,CREST AVE @ GROVERS AVE,216,213.1,48.2,6080.699997,0.518,0.986574074,,POINT (231015.86630000174 907989.5793000013)
109829,CREST AVE @ HIGHLAND AVE,216,232.2,48.2,6080.699997,0.518,1.075,,POINT (226930.4800999984 907989.6770000011)
109830,REVERE ST OPP SUMMIT AVE,216,243.5,58.4,1835.199998,0.44,1.127314815,,POINT (223948.34350000322 907996.9376000017)
109831,REVERE ST @ GOVERNORS DR,216,879.7,39.6,9363.899982,0.502,4.072685185,,POINT (233257.4571999982 907997.8011000007)
109832,REVERE ST @ WINTHROP ST,216,388.2,39.6,9363.899982,0.502,1.797222222,,POINT (236326.4103000015 907999.1708999984)
109834,MAIN ST @ DOUGLAS ST,541,30.9,44.8,5514.600004,0.462,0.057116451,,POINT (234549.3505000025 908001.3361999989)
109835,MAIN ST @ FAIRVIEW ST,541,836.7,38.5,3832.400003,0.476,1.546580407,,POINT (223950.7921999991 908002.0058999993)
109836,MAIN ST @ PLEASANT ST,541,407.1,38.5,3832.400003,0.476,0.752495379,,POINT (235621.78339999914 908004.3308999985)
109838,SARATOGA ST OPP TERAGRAM ST,541,107.1,19,3.3,0.5,0.197966728,,POINT (233306.85670000315 908008.9627999999)
109841,SHIRLEY ST OPP MOORE ST,197,99.8,39,7082.199987,0.485,0.506598985,,POINT (236322.4002000019 908011.9283000007)
109842,SHIRLEY ST OPP CRYSTAL COVE A,197,81.3,44,3112.099992,0.513,0.412690355,,POINT (236310.32240000367 908012.1884999983)
109844,SHIRLEY ST @ PONTOS ST,197,7.9,44,3112.099992,0.513,0.040101523,,POINT (235932.62120000273 911371.1543000005)
109845,SHIRLEY ST @ PETREL ST,197,0,44,3112.099992,0.513,0,,POINT (219578.55839999765 911377.2351000011)
109846,SHIRLEY ST OPP YIRRELL BEACH,197,1.5,44,3112.099992,0.513,0.007614213,,POINT (235365.3398000002 911377.7465999983)
109848,SHIRLEY ST @ BAY VIEW AVE,197,107.4,44.8,3179.800005,0.495,0.545177665,,POINT (236040.3444999978 911381.9565000013)
109849,TAFTS AVE @ OTIS ST,197,45.4,44.8,3179.800005,0.495,0.230456853,,POINT (229816.77899999917 911381.9659000002)
109853,DEER ISLAND MWRA GATE,401,265.5,44.8,3179.800005,0.495,0.662094763,,POINT (241744.91130000353 911382.9283000007)
109857,TAFTS AVE @ OTIS ST,204,8.3,44.8,3179.800005,0.495,0.040686275,,POINT (219570.3123999983 911383.5626000017)
109858,SHIRLEY ST @ BAY VIEW AVE,204,138.9,44.8,3179.800005,0.495,0.680882353,,POINT (239690.5949999988 911390.9213000014)
109860,SHIRLEY ST @ YIRRELL BEACH,204,2,44,3112.099992,0.513,0.009803922,,POINT (239690.5949999988 911390.9213000014)
109861,SHIRLEY ST @ PETREL ST,204,0,44,3112.099992,0.513,0,,POINT (235361.1719999984 911392.7853999995)
109862,SHIRLEY ST OPP PONTOS ST,204,15,44,3112.099992,0.513,0.073529412,,POINT (241754.677199997 911400.2054999992)
109864,SHIRLEY ST @ CRYSTAL COVE AVE,204,62.2,44,3112.099992,0.513,0.304901961,,POINT (222004.78339999914 911408.0850999989)
109865,SHIRLEY ST @ MOORE ST,204,118.4,39,7082.199987,0.485,0.580392157,,POINT (222001.07989999652 911414.7679000013)
109868,MAIN ST @ HERMON ST,524,126.7,44.8,5514.600004,0.462,0.241793893,,POINT (240572.69269999862 911415.6975000016)
109870,MAIN ST @ WINTHROP ST,319,549.9,38.5,3832.400003,0.476,1.723824451,,POINT (240563.8398000002 911434.058699999)
109871,REVERE ST OPP GOVERNORS DR,319,820.4,39.6,9363.899982,0.502,2.571786834,,POINT (228129.21329999715 911436.1002000012)
109872,REVERE ST @ SUMMIT AVE,319,207.1,58.4,1835.199998,0.44,0.649216301,,POINT (228129.21329999715 911436.1002000012)
109873,CREST AVE @ REVERE ST,319,308.1,58.4,1835.199998,0.44,0.965830721,,POINT (235213.74689999968 911451.5403999984)
109874,CREST AVE @ GROVERS AVE,319,173.6,48.2,6080.699997,0.518,0.544200627,,POINT (235213.74689999968 911451.5403999984)
109875,BEACH RD @ LOCUST ST,319,107.5,48.2,6080.699997,0.518,0.336990596,,POINT (244222.25360000134 911471.1121999994)
109877,SHIRLEY ST OPP CORAL AVE,319,154.5,40.8,2123.900002,0.471,0.484326019,,POINT (244239.24390000105 911475.3524000011)
109878,SHIRLEY ST OPP SEAFOAM AVE,319,244.7,40.8,2123.900002,0.471,0.767084639,,POINT (235657.32400000095 911480.3432999998)
109879,SHIRLEY ST @ LEVY BRAMSON WAY,319,213.9,40.8,2123.900002,0.471,0.670532915,,POINT (239172.61100000143 911482.2237000018)
109880,SHIRLEY ST @ CUTLER ST,319,291.5,40.8,2123.900002,0.471,0.913793103,,POINT (221962.43720000237 911483.9468999989)
109883,WASHINGTON AVE @ RIVER RD,325,71.8,40.8,2123.900002,0.471,0.220923077,,POINT (221958.4978 911490.7567999996)
109884,WASHINGTON AVE @ LEWIS AVE,325,21.4,40.8,2123.900002,0.471,0.065846154,,POINT (235672.1548999995 911491.9404000007)
109885,WASHINGTON AVE @ WILLOW AVE,325,103.6,40.8,2123.900002,0.471,0.318769231,,POINT (235665.37430000305 911498.4957999997)
109886,WASHINGTON AVE @ WINTHROP ST,325,98.8,39.2,5624.300015,0.502,0.304,,POINT (235797.88710000366 911502.746100001)
109887,PLEASANT ST @ VINE AVE,325,2,39.2,5624.300015,0.502,0.006153846,,POINT (235808.09340000153 911503.5626000017)
109888,PLEASANT ST @ BUCHANAN ST,325,138.1,49.5,3476.199996,0.438,0.424923077,,POINT (241808.500500001 911504.4686000012)
109890,PLEASANT ST @ BARTLETT RD,325,133.3,40.9,4740.500009,0.484,0.410153846,,POINT (235905.62420000136 911512.3563000001)
109891,PLEASANT ST @ SOMERSET AVE,325,163.6,39.9,5184.60001,0.505,0.503384615,,POINT (235053.1529000029 911515.3553000018)
109892,PAULINE ST @ PLEASANT ST,325,115.6,40.9,4740.500009,0.484,0.355692308,,POINT (235938.27859999985 911515.4127999991)
109893,PAULINE ST @ WOODSIDE AVE,325,659,49,2845.900002,0.459,2.027692308,,POINT (239521.6872999966 911520.5001000017)
109894,HERMON ST @ BELCHER ST,325,7,49,2845.900002,0.459,0.021538462,,POINT (239521.6872999966 911520.5001000017)
109895,HERMON ST @ LINCOLN ST,325,190.9,40.7,4004.70001,0.482,0.587384615,,POINT (241819.5622999966 911526.1163999997)
109898,SHIRLEY ST @ WASHINGTON AVE,644,1146.8,39,7082.199987,0.485,1.780745342,,POINT (236229.38080000132 911541.8663000017)
109899,REVERE ST @ GOLDEN DR,216,200.4,58.4,1835.199998,0.44,0.927777778,,POINT (236236.03580000252 911542.5381000005)
109900,REVERE ST @ HUTCHINSON ST,319,76.9,58.4,1835.199998,0.44,0.241065831,,POINT (234977.3874000013 911544.9987000003)
109901,SHIRLEY ST @ BEACH RD,319,88.6,40.8,2123.900002,0.471,0.277742947,,POINT (234971.09830000252 911547.1840000004)
109905,PAULINE ST @ HERMON ST,325,1,40.7,4004.70001,0.482,0.003076923,,POINT (236456.96890000254 911577.3509999998)
