stop_id,stop_name,total_trips,total_flow,Median_Age,pop_density,Percent_Male,average_flow
1,WASHINGTON ST OPP RUGGLES ST,1929,1283.7,36.1,1600014513210164.,0.415,0.6654743390357698
2,WASHINGTON ST @ MELNEA CASS B,1789,901.3,36.1,10164.60001451321,0.415,0.5038010061486864
3,WASHINGTON ST @ MELNEA CASS B,1417,2368.8,27.5,11506.300011405452,0.437,1.6717007762879323
4,WASHINGTON ST @ LENOX ST,1651,3282.0,35.3,6483.900009503497,0.398,1.9878861296184132
5,WASHINGTON ST @ MASSACHUSETTS,1651,4849.4,32.3,20195.399942073007,0.462,2.9372501514233798
6,MELNEA CASS BLVD @ HARRISON A,1007,334.3,35.3,6483.900009503497,0.398,0.3319761668321748
7,MELNEA CASS BLVD @ WASHINGTON,594,510.9,36.1,10164.60001451321,0.415,0.86010101010101
8,MASSACHUSETTS AVE @ ISLAND ST,509,497.3,36.0,2270.0000000427294,0.609,0.9770137524557957
10,THEO GLYNN WAY @ NEWMARKET SQ,520,140.3,36.0,2270.0000000427294,0.609,0.2698076923076923
11,MELNEA CASS BLVD OPP KERR WAY,693,345.3,27.5,11506.300011405452,0.437,0.4982683982683983
13,ANDREW STATION BUSWAY,2538,21291.8,30.6,3582.0000026371204,0.539,8.389204097714735
14,DORCHESTER ST @ DORCHESTER AV,261,355.0,30.6,3582.0000026371204,0.539,1.3601532567049808
15,DORCHESTER ST @ VINTON ST,261,133.8,30.6,3582.0000026371204,0.539,0.5126436781609196
16,DORCHESTER ST @ OLD COLONY AV,261,365.5,29.8,12917.099993501146,0.488,1.4003831417624522
17,DORCHESTER ST @ E 8TH ST,261,168.0,29.8,12917.099993501146,0.488,0.6436781609195402
18,180 DORCHESTER ST OPP W 7TH S,549,229.6,30.2,17941.699964110467,0.523,0.4182149362477231
19,DORCHESTER ST @ OLD HARBOR ST,261,138.2,30.2,17941.699964110467,0.523,0.5295019157088122
20,DORCHESTER ST @ E BROADWAY,261,384.5,29.9,11222.699997585512,0.45,1.4731800766283525
21,E BROADWAY @ G ST,787,1282.4,30.8,13657.500012017896,0.517,1.629479034307497
22,E BROADWAY @ H ST,787,798.0,30.8,13657.500012017896,0.517,1.013977128335451
23,E BROADWAY @ I ST,787,945.4,30.2,14676.000017310153,0.468,1.2012706480304955
24,E BROADWAY @ K ST,787,1559.2,31.8,10289.600005487786,0.5,1.981194409148666
25,E BROADWAY @ L ST,687,1448.1,31.8,10289.600005487786,0.5,2.1078602620087334
27,E BROADWAY @ N ST,943,1928.1,30.4,14509.500015012089,0.488,2.044644750795334
28,E BROADWAY @ O ST,943,834.7,30.4,13311.499978242498,0.464,0.8851537645811242
29,E BROADWAY @ P ST,943,997.7,30.4,13311.499978242498,0.464,1.0580063626723224
30,E BROADWAY @ FARRAGUT RD,943,325.9,30.4,13311.499978242498,0.464,0.3455991516436903
32,FARRAGUT RD OPP E 2ND ST,1231,204.3,30.9,12180.499947424136,0.471,0.1659626320064988
34,P ST @ E 2ND ST,1372,500.7,30.9,12180.499947424136,0.471,0.3649416909620991
35,P ST @ E BROADWAY,1372,1774.7,30.9,12180.499947424136,0.471,1.2935131195335277
41,E BROADWAY @ L ST,803,1622.4,31.8,10289.600005487786,0.5,2.0204234122042344
42,E BROADWAY @ K ST,803,1428.1,31.8,10289.600005487786,0.5,1.7784557907845577
43,E BROADWAY @ I ST,803,1131.3,30.2,14676.000017310153,0.468,1.4088418430884184
44,E BROADWAY @ H ST,803,846.1,30.8,13657.500012017896,0.517,1.0536737235367373
45,E BROADWAY @ G ST,803,1130.2,30.8,13657.500012017896,0.517,1.40747198007472
46,DORCHESTER ST @ BROADWAY,262,352.1,29.9,11222.699997585512,0.45,1.3438931297709924
47,DORCHESTER ST @ W 5TH ST,262,96.4,30.2,17941.699964110467,0.523,0.36793893129770994
48,DORCHESTER ST @ W 6TH ST,262,107.8,29.9,11222.699997585512,0.45,0.4114503816793893
49,DORCHESTER ST @ W 8TH ST,262,262.8,29.8,12917.099993501146,0.488,1.003053435114504
50,DORCHESTER ST @ OLD COLONY AV,262,255.6,29.8,12917.099993501146,0.488,0.9755725190839695
51,DORCHESTER ST @ MIDDLE ST,262,116.9,30.6,3582.0000026371204,0.539,0.44618320610687023
52,DORCHESTER ST @ DORCHESTER AV,262,313.7,30.6,3582.0000026371204,0.539,1.1973282442748092
55,WASHINGTON ST @ MASSACHUSETTS,1411,4405.1,32.3,20195.399942073007,0.462,3.1219702338766835
57,MASSACHUSETTS AVE @ ALBANY ST,670,4486.1,39.2,16190.199923517212,0.5,6.695671641791045
58,MASSACHUSETTS AVE @ HARRISON,670,3217.6,33.9,9442.299993201543,0.521,4.802388059701492
59,MASSACHUSETTS AVE @ WASHINGTO,644,1781.2,39.2,16190.199923517212,0.5,2.76583850931677
60,WASHINGTON ST @ LENOX ST,1411,3142.6,35.3,6483.900009503497,0.398,2.227214741318214
61,WASHINGTON ST @ MELNEA CASS B,1411,2942.0,36.1,10164.60001451321,0.415,2.085046066619419
62,WASHINGTON ST @ WILLIAMS ST,1197,883.8,35.3,6483.900009503497,0.398,0.7383458646616541
63,WASHINGTON ST @ RUGGLES ST,1197,636.0,36.1,10164.60001451321,0.415,0.531328320802005
64,NUBIAN STATION,5401,60282.5,41.8,4854.40001606019,0.52,11.161359007591187
65,STATE ST @ WASHINGTON MALL -,178,2521.9,32.7,3863.000003707977,0.56,14.167977528089889
66,MT AUBURN ST @ DEWOLFE ST,644,981.8,22.2,21209.000049533723,0.49,1.524534161490683
67,MT AUBURN ST @ PUTNAM AVE,644,1579.2,22.2,21209.000049533723,0.49,2.4521739130434783
68,MASSACHUSETTS AVE @ BAY ST,644,1024.6,31.8,20650.400126598426,0.502,1.5909937888198757
69,MASSACHUSETTS AVE OPP LEE ST,644,628.6,33.4,14077.100064165232,0.571,0.9760869565217392
71,MASSACHUSETTS AVE OPP INMAN S,644,1213.5,33.4,14077.100064165232,0.571,1.8843167701863355
72,MASSACHUSETTS AVE @ PEARL ST,1138,10226.0,30.4,10017.09999903774,0.521,8.985940246045693
73,MASSACHUSETTS AVE @ SIDNEY ST,1130,3388.7,30.4,10017.09999903774,0.521,2.998849557522124
74,MASSACHUSETTS AVE @ ALBANY ST,644,1942.5,30.4,10017.09999903774,0.521,3.016304347826087
75,84 MASSACHUSETTS AVE,644,2397.4,20.3,3155.6999979412744,0.45,3.7226708074534165
77,MASSACHUSETTS AVE @ MARLBOROU,644,1531.6,33.2,23020.599944969017,0.492,2.378260869565217
79,MASSACHUSETTS AVE @ NEWBURY S,644,6765.9,33.1,9675.199945253977,0.472,10.506055900621117
80,MASSACHUSETTS AVE OPP CHRISTI,644,2132.2,32.1,31751.400392849344,0.468,3.310869565217391
82,MASSACHUSETTS AVE @ HUNTINGTO,644,2189.1,68.3,22450.599976284793,0.47,3.3992236024844718
84,MASSACHUSETTS AVE @ TREMONT S,644,1138.8,32.3,20195.399942073007,0.462,1.7683229813664596
87,MASSACHUSETTS AVE @ TREMONT S,670,1244.6,29.2,17246.299945982824,0.491,1.8576119402985074
89,MASSACHUSETTS AVE @ ST BOTOLP,670,2643.7,71.2,12309.499856514265,0.439,3.9458208955223877
91,MASSACHUSETTS AVE @ CLEARWAY,670,2278.9,62.0,9690.500001532804,0.482,3.4013432835820896
93,MASSACHUSETTS AVE @ NEWBURY S,670,7460.7,33.1,9675.199945253977,0.472,11.135373134328358
95,MASSACHUSETTS AVE @ BEACON ST,670,1457.5,33.2,23020.599944969017,0.492,2.175373134328358
97,77 MASSACHUSETTS AVE,670,2812.1,20.3,3155.6999979412744,0.45,4.197164179104478
99,MASSACHUSETTS AVE @ ALBANY ST,670,2104.8,30.4,10017.09999903774,0.521,3.1414925373134333
101,MASSACHUSETTS AVE @ SIDNEY ST,670,2292.3,30.4,10017.09999903774,0.521,3.4213432835820896
102,MASSACHUSETTS AVE @ PROSPECT,670,5223.6,30.4,10017.09999903774,0.521,7.796417910447762
104,MASSACHUSETTS AVE @ INMAN ST,670,1153.2,33.4,14077.100064165232,0.571,1.7211940298507464
106,MASSACHUSETTS AVE @ HANCOCK S,670,820.5,33.4,14077.100064165232,0.571,1.2246268656716417
107,MASSACHUSETTS AVE @ DANA ST,670,1006.8,33.4,14077.100064165232,0.571,1.5026865671641791
108,MASSACHUSETTS AVE @ TROWBRIDG,670,1573.5,30.8,15281.09995869978,0.509,2.348507462686567
109,MASSACHUSETTS AVE @ BOW ST,670,1285.8,26.8,9303.600029514459,0.452,1.9191044776119401
110,MASSACHUSETTS AVE OPP HOLYOKE,2118,17600.5,21.7,16734.89990972897,0.515,8.309962228517469
111,MT VERNON ST @ SOUTH POINT DR,349,1304.6,25.8,2264.9000010928635,0.477,3.7381088825214897
113,PORTLAND ST @ CAUSEWAY ST,80,198.0,30.8,4981.600001278297,0.519,2.475
114,CAUSEWAY ST @ NORTH STATION,90,276.5,30.8,4981.600001278297,0.519,3.0722222222222224
117,CONGRESS ST @ HAYMARKET STA,1083,9631.5,32.7,3863.000003707977,0.56,8.893351800554017
118,CAUSEWAY ST @ MEDFORD ST,40,46.0,30.8,4981.600001278297,0.519,1.15
121,JFK@UMASS STATION BUSWAY,1060,5594.9,32.5,2908.9000003108104,0.533,5.278207547169811
122,COLUMBIA RD @ BUTTONWOOD ST,392,211.6,33.3,10011.300021188601,0.521,0.539795918367347
123,COLUMBIA RD OPP POND ST,445,428.5,33.3,10011.300021188601,0.521,0.9629213483146067
124,MASSACHUSETTS AVE @ BOSTON ST,675,1375.8,28.4,1706.9000001533643,0.528,2.038222222222222
125,MASSACHUSETTS AVE @ CLAPP ST,675,322.8,28.4,1706.9000001533643,0.528,0.4782222222222222
128,MASSACHUSETTS AVE OPP MAGAZIN,566,1018.4,36.0,2270.0000000427294,0.609,1.7992932862190811
131,MASSACHUSETTS AVE OPP NEWMARK,332,434.4,36.0,2270.0000000427294,0.609,1.308433734939759
133,MASSACHUSETTS AVE OPP CLAPP S,671,218.8,28.4,1706.9000001533643,0.528,0.3260804769001491
134,MASSACHUSETTS AVE @ COLUMBIA,671,1138.8,28.4,1706.9000001533643,0.528,1.6971684053651266
135,COLUMBIA RD @ POND ST,435,387.0,33.3,10011.300021188601,0.521,0.8896551724137931
136,COLUMBIA RD @ BUTTONWOOD ST,382,255.7,30.8,5191.600010689996,0.539,0.669371727748691
137,CHARLES PARK RD @ RIVERMOOR S,90,93.0,46.3,1998.6999992348135,0.5,1.0333333333333334
138,MT VERNON ST @ BAY SIDE EXPO,329,68.8,26.0,5146.899991136546,0.478,0.20911854103343464
139,263 MT VERNON ST @ ST CHRISTO,329,473.1,25.8,2264.9000010928635,0.477,1.4379939209726444
140,MT VERNON ST @ PAUL A. DEVER,329,750.4,25.8,2264.9000010928635,0.477,2.280851063829787
141,ALEWIFE STATION BUSWAY,923,10341.9,30.5,6430.099997126466,0.488,11.20465872156013
142,MT VERNON ST OPP SOUTH POINT,329,1068.6,25.8,2264.9000010928635,0.477,3.248024316109422
143,BOYLSTON ST @ CLARENDON ST,1283,1153.1,34.9,5314.299995026327,0.466,0.8987529228371005
144,BOYLSTON ST @ BERKELEY ST,521,1050.0,34.9,5314.299995026327,0.466,2.015355086372361
145,ARLINGTON ST @ SAINT JAMES AV,521,877.0,42.8,8035.399960531652,0.484,1.6833013435700577
146,ARLINGTON ST @ ISABELLA ST,521,301.9,42.8,8035.399960531652,0.484,0.5794625719769674
147,HERALD ST @ TREMONT ST,521,452.3,54.8,12044.399959823322,0.468,0.8681381957773513
148,HERALD ST @ WASHINGTON ST,521,1105.0,54.8,12044.399959823322,0.468,2.1209213051823417
150,BROADWAY STATION,1466,10923.2,34.7,7615.800004078961,0.494,7.451023192360164
151,W BROADWAY @ BROADWAY STATION,809,5370.5,34.7,7615.800004078961,0.494,6.638442521631644
153,W BROADWAY @ B ST,526,603.5,29.8,11201.800000051684,0.421,1.147338403041825
154,W BROADWAY @ D ST,526,1116.6,29.8,11201.800000051684,0.421,2.1228136882129274
155,W BROADWAY @ E ST,526,908.8,30.9,14295.599954724425,0.514,1.7277566539923954
156,W BROADWAY @ F ST,526,1418.7,29.9,11222.699997585512,0.45,2.697148288973384
157,W BROADWAY @ DORCHESTER ST,526,995.7,29.9,11222.699997585512,0.45,1.8929657794676806
158,442 W BROADWAY,541,1209.2,29.9,11222.699997585512,0.45,2.235120147874307
159,W BROADWAY @ F ST,541,987.6,29.0,19052.299973573558,0.503,1.8255083179297598
160,W BROADWAY @ E ST,541,687.6,30.9,14295.599954724425,0.514,1.2709796672828098
161,W BROADWAY @ D ST,541,919.3,30.9,14295.599954724425,0.514,1.699260628465804
162,W BROADWAY @ C ST,541,299.0,34.7,7615.800004078961,0.494,0.5526802218114603
163,W BROADWAY @ B ST,541,326.5,34.7,7615.800004078961,0.494,0.6035120147874307
168,TREMONT ST @ APPLETON ST,202,161.8,54.8,12044.399959823322,0.468,0.800990099009901
171,BERKELEY ST @ COLUMBUS AVE,541,780.2,42.8,8035.399960531652,0.484,1.4421441774491683
173,SAINT JAMES AVE @ BERKELEY ST,1535,2690.7,59.9,11562.000044543094,0.448,1.7528990228013028
174,RING RD @ BOYLSTON ST,1221,2397.6,64.5,5623.299988423015,0.482,1.9636363636363636
175,BOYLSTON ST @ DARTMOUTH ST,1819,7910.0,34.9,5314.299995026327,0.466,4.348543155579989
176,DARTMOUTH ST OPP BACK BAY STA,251,1307.7,36.5,14100.699966275824,0.479,5.20996015936255
177,SAINT JAMES AVE @ ARLINGTON S,327,246.9,42.8,8035.399960531652,0.484,0.7550458715596331
178,SAINT JAMES AVE @ DARTMOUTH S,2176,10411.3,34.9,5314.299995026327,0.466,4.784604779411764
179,HUNTINGTON AVE @ RING RD,536,1687.4,64.5,5623.299988423015,0.482,3.1481343283582093
180,AUCKLAND ST @ BAY ST,106,27.5,36.5,2289.200002736687,0.499,0.25943396226415094
185,MATTAPAN NORTH BUSWAY,1129,8209.8,43.0,4861.9999977891575,0.443,7.271744906997342
187,MASSACHUSETTS AVE @ MASSACHUS,644,4439.7,71.2,12309.499856514265,0.439,6.893944099378881
188,MASSACHUSETTS AVE @ MASSACHUS,670,4617.1,63.4,24569.10029737952,0.488,6.891194029850747
190,CONGRESS ST @ STATE ST,391,879.0,32.7,3863.000003707977,0.56,2.2480818414322252
191,CONGRESS ST @ NORTH ST,491,328.3,32.7,3863.000003707977,0.56,0.6686354378818737
210,SUMMER ST @ DRYDOCK AVE,461,514.8,31.5,3771.9999985032546,0.509,1.116702819956616
212,SUMMER ST @ D ST,416,253.7,31.5,3771.9999985032546,0.509,0.6098557692307692
214,SEAPORT BLVD @ PIER 4 BLVD,40,74.0,34.2,6104.199992786006,0.497,1.85
221,ATLANTIC AVE @ CONGRESS ST,90,43.5,43.4,2413.200002279796,0.537,0.48333333333333334
222,ATLANTIC AVE @ SEAPORT BLVD.,45,5.5,43.4,2413.200002279796,0.537,0.12222222222222222
223,ATLANTIC AVE @ ROWES WHARF,45,1.0,56.8,16216.099952688097,0.473,0.022222222222222223
224,ATLANTIC AVE @ STATE ST-MARRI,45,23.0,32.7,3863.000003707977,0.56,0.5111111111111111
225,ATLANTIC AVE @ ATLANTIC AVE,45,36.0,39.8,25911.399810154922,0.492,0.8
230,COMMERCIAL ST @ HANOVER ST,45,35.5,28.7,38495.10008702692,0.434,0.7888888888888889
231,COMMERCIAL ST OPP HULL ST,45,15.0,51.5,5993.099997604217,0.532,0.3333333333333333
233,COMMERCIAL ST @ BATTERY ST,40,30.5,28.7,38495.10008702692,0.434,0.7625
234,COMMERCIAL ST @ FLEET ST,40,17.5,29.2,28010.900589267043,0.452,0.4375
236,ATLANTIC AVE @ CENTRAL ST,40,51.0,32.7,3863.000003707977,0.56,1.275
244,SUMMER ST @ E ST,376,139.3,30.4,766.1000000097208,0.568,0.37047872340425536
246,SUMMER ST @ PAPPAS WAY,376,433.9,20.5,4.899999999673333,0.333,1.1539893617021275
247,NORTHERN AVE @ HARBOR ST,692,504.0,31.5,3771.9999985032546,0.509,0.7283236994219653
249,B ST @ SILVER ST,288,168.7,29.8,11201.800000051684,0.421,0.5857638888888889
250,B ST @ W 5TH ST,288,48.3,29.8,11201.800000051684,0.421,0.16770833333333332
251,B ST @ W 6TH ST,288,1.0,34.7,7615.800004078961,0.494,0.003472222222222222
252,W 7TH ST @ C ST,288,255.0,30.5,17646.800211802405,0.363,0.8854166666666666
253,W 7TH ST @ D ST,288,223.5,29.8,12917.099993501146,0.488,0.7760416666666666
254,W 7TH ST @ E ST,288,175.7,29.8,12917.099993501146,0.488,0.6100694444444444
255,W 7TH ST @ F ST,288,247.8,30.4,15103.6000768081,0.491,0.8604166666666667
256,W 7TH ST @ DORCHESTER ST,288,191.2,29.9,11222.699997585512,0.45,0.6638888888888889
258,E 8TH ST @ DORCHESTER ST,288,307.2,30.2,17941.699964110467,0.523,1.0666666666666667
259,E 8TH ST @ OLD HARBOR ST,288,163.9,29.7,14127.199946381275,0.455,0.5690972222222223
260,E 8TH ST @ COVINGTON ST,288,106.6,29.7,14127.199946381275,0.455,0.37013888888888885
261,E 8TH ST @ G ST,288,253.4,29.7,14127.199946381275,0.455,0.8798611111111111
262,E 8TH ST @ H ST,288,330.8,30.4,12593.800057327873,0.448,1.1486111111111112
263,E 8TH ST @ I ST,288,171.4,30.0,18419.599925330265,0.457,0.5951388888888889
264,E 8TH ST @ K ST,288,184.8,30.0,18419.599925330265,0.457,0.6416666666666667
265,E 8TH ST @ L ST,288,306.8,28.8,15146.300075841826,0.438,1.0652777777777778
266,E 8TH ST @ M ST,288,140.9,30.1,13093.499995370092,0.473,0.48923611111111115
267,E 8TH ST @ N ST,288,131.9,30.1,13093.499995370092,0.473,0.45798611111111115
268,COLUMBIA RD @ O ST,288,52.8,31.8,10609.999983007423,0.483,0.18333333333333332
269,W 7TH ST @ B ST,288,82.4,30.5,17646.800211802405,0.363,0.28611111111111115
270,COLUMBIA RD @ P ST,288,81.9,31.8,10609.999983007423,0.483,0.28437500000000004
275,E 8TH @ COLUMBIA RD,288,135.9,31.8,10609.999983007423,0.483,0.47187500000000004
277,E 8TH ST @ M ST,288,273.0,30.1,13093.499995370092,0.473,0.9479166666666666
278,E 8TH ST @ L ST,288,388.9,30.1,13093.499995370092,0.473,1.3503472222222221
279,E 8TH ST @ K ST,288,256.8,30.0,18419.599925330265,0.457,0.8916666666666667
280,E 8TH ST @ I ST,288,284.0,30.4,12593.800057327873,0.448,0.9861111111111112
281,E 8TH ST @ H ST,288,483.7,30.4,12593.800057327873,0.448,1.6795138888888888
282,E 8TH ST @ G ST,288,327.5,29.7,14127.199946381275,0.455,1.1371527777777777
283,E 8TH ST @ COVINGTON ST,288,116.1,29.7,14127.199946381275,0.455,0.40312499999999996
284,E 8TH ST @ OLD HARBOR ST,288,181.2,29.7,14127.199946381275,0.455,0.6291666666666667
285,E 8TH ST @ MERCER ST,288,204.2,30.4,10508.999976330197,0.439,0.7090277777777777
286,E 8TH ST @ DORCHESTER ST,288,425.0,30.2,17941.699964110467,0.523,1.4756944444444444
288,W 6TH ST @ F ST,288,274.3,29.9,11222.699997585512,0.45,0.9524305555555556
289,W 6TH ST @ E ST,288,220.0,30.4,15103.6000768081,0.491,0.7638888888888888
290,W 6TH ST @ D ST,288,250.1,29.8,12917.099993501146,0.488,0.8684027777777777
291,W 7TH ST @ D ST,288,173.7,29.8,12917.099993501146,0.488,0.6031249999999999
292,W 7TH ST @ C ST,288,252.6,29.8,12917.099993501146,0.488,0.8770833333333333
293,W 7TH @ B STREET,288,136.0,30.5,17646.800211802405,0.363,0.4722222222222222
295,P ST @ E 5TH ST,288,55.4,30.4,13311.499978242498,0.464,0.1923611111111111
296,P ST @ COLUMBIA RD,288,65.1,31.8,10609.999983007423,0.483,0.22604166666666664
303,DORCHESTER AVE @ EDISON GREEN,53,47.3,30.8,5191.600010689996,0.539,0.8924528301886792
305,DORCHSTER AVE @ HOWES ST,53,12.8,30.2,11676.50001564621,0.449,0.24150943396226415
306,DORCHESTER AVE @ MAYFIELD ST,53,28.4,30.2,11676.50001564621,0.449,0.5358490566037736
308,DORCHESTER AVE @ PEARL ST,53,10.9,35.2,9584.999991671355,0.532,0.20566037735849058
309,DORCHESTER AVE @ THORNLEY RD,53,20.9,33.2,10732.700044911719,0.548,0.3943396226415094
312,AUCKLAND ST @ DEWAR ST,106,45.1,36.5,2289.200002736687,0.499,0.42547169811320756
317,DORCHESTER AVE @ HANCOCK ST,53,26.9,33.1,6656.5000067235815,0.509,0.5075471698113208
318,DORCHESTER AVE @ LINDEN ST,53,20.4,35.4,10586.70000839144,0.507,0.38490566037735846
319,DORCHESTER AVE @ ELLET ST,53,72.3,45.0,6972.099990340606,0.515,1.3641509433962264
320,DORCHESTER AVE @ ADAMS ST,53,41.1,45.0,6972.099990340606,0.515,0.7754716981132076
322,GENEVA AVE OPP VINSON ST,466,511.4,39.9,4974.60000966055,0.505,1.0974248927038626
323,FIELDS CORNER BUSWAY,2226,12257.9,39.9,4974.60000966055,0.505,5.5066936208445645
325,PARK ST BUSWAY @ DORCHESTER A,390,207.0,39.9,4974.60000966055,0.505,0.5307692307692308
326,DORCHESTER AVE OPP GIBSON ST,60,16.9,39.9,4974.60000966055,0.505,0.2816666666666666
327,DORCHESTER AVE @ MELVILLE AVE,60,14.8,39.9,4974.60000966055,0.505,0.24666666666666667
328,1621 DORCHESTER AVE OPP DIX S,60,32.3,34.4,12180.899984807736,0.485,0.5383333333333333
329,DORCHESTER AVE @ CENTRE ST,60,24.9,36.8,8011.2999760522025,0.485,0.415
330,DORCHESTER AVE @ CHEVERUS RD,60,21.1,34.4,12180.899984807736,0.485,0.3516666666666667
331,DORCHESTER AVE OPP SHEPTON ST,60,26.0,37.6,9758.400012733911,0.462,0.43333333333333335
332,DORCHESTER AVE @ BANTON ST,60,30.1,37.6,9758.400012733911,0.462,0.5016666666666667
334,ASHMONT BUSWAY,5531,63792.2,37.4,6419.00000583878,0.47,11.533574398842886
337,DORCHESTER AVE @ MSGR LYDON W,73,33.7,37.6,9758.400012733911,0.462,0.4616438356164384
338,DORCHESTER AVE @ SHEPTON ST,73,19.7,37.6,9758.400012733911,0.462,0.26986301369863014
339,DORCHESTER AVE @ KING ST,73,21.8,34.4,12180.899984807736,0.485,0.29863013698630136
340,DORCHESTER AVE @ CENTRE ST,73,20.9,34.4,12180.899984807736,0.485,0.2863013698630137
341,DORCHESTER AVE @ DIX ST,73,21.8,34.4,12180.899984807736,0.485,0.29863013698630136
342,DORCHESTER AVE @ PARKMAN ST,73,10.5,36.8,8011.2999760522025,0.485,0.14383561643835616
343,DORCHESTER AVE @ GIBSON ST,73,13.6,39.9,4974.60000966055,0.505,0.18630136986301368
345,DORCHESTER AVE OPP CHARLES ST,53,16.8,37.4,10090.60002709683,0.475,0.31698113207547174
346,DORCHESTER AVE @ ADAMS ST,53,31.7,34.3,7088.599987531393,0.468,0.5981132075471698
347,DORCHESTER AVE @ KIMBALL ST,53,63.6,45.0,6972.099990340606,0.515,1.2
348,DORCHESTER AVE @ LINDEN ST,53,29.2,35.4,10586.70000839144,0.507,0.5509433962264151
349,DORCHESTER AVE @ HOYT ST,53,23.4,33.1,6656.5000067235815,0.509,0.4415094339622641
350,DORCHESTER AVE @ DEWAR ST,53,17.9,33.1,6656.5000067235815,0.509,0.33773584905660375
351,DORCHESTER AVE @ SAVIN HILL A,53,29.3,33.2,10732.700044911719,0.548,0.5528301886792453
352,DORCHESTER AVE @ BELFORT ST,53,16.6,33.2,10732.700044911719,0.548,0.31320754716981136
353,DORCHESTER AVE @ ROMSEY ST,53,13.1,30.2,11676.50001564621,0.449,0.24716981132075472
354,DORCHESTER AVE @ CRESCENT AVE,53,39.0,30.8,5191.600010689996,0.539,0.7358490566037735
362,COLUMBIA RD @ HOLDEN ST,960,1335.5,32.7,13831.600003959486,0.488,1.3911458333333333
367,TALBOT AVE @ DORCHESTER AVE,1629,1982.6,37.6,9758.400012733911,0.462,1.2170656844689993
369,TALBOT AVE @ WELLES AVE,1629,1558.2,33.4,10502.29997406865,0.453,0.9565377532228361
371,TALBOT AVE @ CENTRE ST,1629,4284.3,33.4,10502.29997406865,0.453,2.6300184162062616
372,TALBOT AVE @ SOUTHERN AVE,649,1776.0,31.0,8639.200007902842,0.459,2.736517719568567
373,TALBOT AVE @ SPENCER ST,649,1081.2,30.6,11043.000008815841,0.472,1.6659476117103236
374,TALBOT AVE @ TALBOT STATION,649,1048.3,30.6,11043.000008815841,0.472,1.6152542372881356
375,TALBOT AVE @ BERNARD ST,649,936.7,33.6,4336.000006543322,0.414,1.4432973805855163
376,TALBOT AVE @ KERWIN ST,649,738.8,26.1,3072.999996456137,0.418,1.1383667180277348
378,TALBOT AVE @ NIGHTINGALE ST,649,1406.6,26.1,3072.999996456137,0.418,2.1673343605546993
381,BLUE HILL AVE @ WALES ST,1515,1976.0,32.4,9865.10001397456,0.47,1.3042904290429043
382,BLUE HILL AVE @ CHARLOTTE ST,1515,1554.6,32.4,9865.10001397456,0.47,1.0261386138613862
383,BLUE HILL AVE @ ELLINGTON ST,1845,6688.599999999999,33.0,9620.200010476578,0.444,3.6252574525745254
384,BLUE HILL AVE @ PASADENA RD,1091,1874.2,35.4,14685.800044531723,0.439,1.7178735105407883
385,BLUE HILL AVE @ CASTLEGATE RD,1091,3147.3,35.4,14685.800044531723,0.439,2.8847846012832266
386,WARREN ST @ SUNDERLAND ST,1670,4856.0,33.0,9118.60001805215,0.479,2.9077844311377246
387,WARREN ST @ INTERVALE ST,1670,1840.3,33.0,9118.60001805215,0.479,1.1019760479041916
388,WARREN ST @ GASTON ST,1670,2206.7,33.0,9118.60001805215,0.479,1.3213772455089818
390,WARREN ST @ QUINCY ST,1680,4738.9,36.6,8409.00002349209,0.424,2.8207738095238093
392,WARREN ST @ MAYWOOD ST,1685,4908.3,30.8,9130.10001863623,0.464,2.9129376854599407
393,WARREN ST @ WOODBINE ST,1685,3243.8,37.3,9428.500001190278,0.469,1.9251038575667656
394,WARREN ST @ WAVERLY ST,1685,2935.4,31.7,7904.600029332029,0.406,1.7420771513353117
395,WARREN ST @ WHITING ST,1685,1208.3,35.7,10060.699965116266,0.468,0.7170919881305637
396,WARREN ST @ MORELAND ST,2003,1342.4,31.7,7904.600029332029,0.406,0.6701947079380929
401,WARREN ST @ WALNUT AVE,1633,1457.0,31.7,7904.600029332029,0.406,0.8922229026331905
404,WARREN ST OPP WAVERLY ST,1633,3014.5,31.7,7904.600029332029,0.406,1.8459889773423148
405,WARREN ST OPP WOODBINE ST,1633,4612.4,45.2,8005.3999681264395,0.451,2.824494794856093
406,WARREN ST @ ML KING BLVD,1633,4857.9,45.2,8005.3999681264395,0.451,2.974831598285364
407,WARREN ST @ TOWNSEND ST,1643,5128.2,36.6,8409.00002349209,0.424,3.1212416311625075
410,WARREN ST @ WAUMBECK ST,1648,2545.0,36.6,8409.00002349209,0.424,1.5442961165048543
411,WARREN ST @ BRUNSWICK ST,1648,1934.4,37.3,6502.60000411222,0.478,1.1737864077669904
412,WARREN ST @ CRAWFORD ST,1648,5468.2,33.0,9118.60001805215,0.479,3.3180825242718446
413,BLUE HILL AVE @ WAYNE ST,1028,2534.5,35.4,14685.800044531723,0.439,2.465466926070039
414,BLUE HILL AVE @ SEAVER ST,1028,1538.2,30.1,15157.60004128997,0.432,1.4963035019455253
415,BLUE HILL AVE @ FRANKLIN PARK,1477,5524.1,33.0,9620.200010476578,0.444,3.74008124576845
416,BLUE HILL AVE OPP MCLELLAN ST,1477,2355.1,20.4,1337.2999997132392,0.412,1.5945159106296547
417,BLUE HILL AVE @ AMERICAN LEGI,1374,2136.7,33.8,10996.800072344546,0.439,1.5550946142649198
419,BLUE HILL AVE @ ANGELL ST,1374,3731.0,33.8,10996.800072344546,0.439,2.715429403202329
420,TALBOT AVE OPP NIGHTINGALE ST,655,1897.8,26.1,3072.999996456137,0.418,2.8974045801526715
421,TALBOT AVE OPP KERWIN ST,655,738.2,31.8,9586.299952192421,0.455,1.1270229007633588
422,TALBOT AVE @ BERNARD ST,655,905.3,33.6,4336.000006543322,0.414,1.3821374045801527
423,TALBOT AVE @ TALBOT STATION,655,964.4,30.6,11043.000008815841,0.472,1.4723664122137403
424,TALBOT AVE @ COLONIAL AVE,655,1206.5,30.6,11043.000008815841,0.472,1.8419847328244274
425,TALBOT AVE @ NORFOLK ST,655,2119.6,31.0,8639.200007902842,0.459,3.236030534351145
426,TALBOT AVE @ LITHGOW ST,1643,3650.3,33.4,10502.29997406865,0.453,2.221728545343883
428,TALBOT AVE @ WELLES AVE,1643,1745.1,37.6,9758.400012733911,0.462,1.0621424223980522
430,TALBOT AVE @ DORCHESTER AVE,1643,3050.0,37.6,9758.400012733911,0.462,1.856360316494218
431,355 NORFOLK ST OPP WITHINGTON,231,131.6,31.0,8639.200007902842,0.459,0.5696969696969697
432,NORFOLK ST @ DARLINGTON ST,231,264.1,31.0,8639.200007902842,0.459,1.1432900432900435
435,NORFOLK ST @ MILTON AVE,231,302.3,35.4,7335.500016783943,0.484,1.3086580086580086
436,NORFOLK ST @ CHARLES RD,231,162.2,35.4,7335.500016783943,0.484,0.7021645021645021
437,WASHINGTON ST @ WELLES AVE,231,55.8,33.4,10502.29997406865,0.453,0.24155844155844156
438,227 NORFOLK ST OPP STANTON ST,231,155.6,35.4,7335.500016783943,0.484,0.6735930735930735
439,247 NORFOLK ST OPP CAPEN ST,231,195.4,36.2,7024.10002257103,0.454,0.8458874458874459
440,NORFOLK ST OPP NELSON ST,231,194.6,36.2,7024.10002257103,0.454,0.8424242424242424
441,NORFOLK ST @ WILLOWWOOD ST,231,135.1,31.5,8981.100010070691,0.444,0.5848484848484848
443,NORFOLK ST @ MORTON ST,231,581.9,31.5,8981.100010070691,0.444,2.519047619047619
457,WASHINGTON ST @ KENWOOD ST,749,2830.0,33.4,9999.199936464267,0.458,3.7783711615487316
458,WASHINGTON ST @ MELVILLE AVE,749,1449.6,33.4,9999.199936464267,0.458,1.935380507343124
460,WASHINGTON ST @ PARK ST,749,1780.5,36.8,7285.69997418474,0.405,2.37716955941255
461,WASHINGTON ST OPP ALGONQUIN S,749,1104.2,34.3,9889.100041364816,0.458,1.4742323097463286
463,WASHINGTON ST @ BOWDOIN ST,749,2606.9,35.1,9186.600020919028,0.472,3.4805073431241658
465,WASHINGTON ST @ VASSAR ST,749,858.4,31.7,10000.699990788062,0.468,1.1460614152202937
467,WASHINGTON STREET @ FOUR CORN,749,2263.3,30.1,9883.500047758684,0.442,3.021762349799733
468,WASHINGTON ST @ COLUMBIA RD,912,3399.9,35.4,14685.800044531723,0.439,3.7279605263157896
469,WASHINGTON ST @ JOE L SMITH W,749,1111.1,35.4,14685.800044531723,0.439,1.483444592790387
470,WASHINGTON ST @ BLUE HILL AVE,749,1767.8,30.6,8449.199969918016,0.423,2.3602136181575433
471,WASHINGTON ST @ BLUE HILL AVE,912,2684.8,35.4,14685.800044531723,0.439,2.9438596491228073
472,WASHINGTON ST @ JEREMIAH BURK,912,891.9,35.4,14685.800044531723,0.439,0.9779605263157894
473,WASHINGTON ST @ COLUMBIA RD,749,2522.6,35.1,9335.499979852688,0.442,3.3679572763684913
475,WASHINGTON STREET @ FOUR CORN,757,2495.0,30.1,9883.500047758684,0.442,3.2959048877146633
477,WASHINGTON ST @ VASSAR ST,757,868.2,31.7,10000.699990788062,0.468,1.1468956406869222
478,WASHINGTON ST @ HARVARD ST,757,2692.3,30.5,8699.600017931287,0.493,3.556538969616909
480,WASHINGTON ST @ ALGONQUIN ST,757,896.6,34.3,9889.100041364816,0.458,1.1844121532364598
482,WASHINGTON ST @ PARK ST,757,1836.0,37.6,6191.699987549019,0.469,2.4253632760898283
483,WASHINGTON ST @ WHEATLAND AVE,757,1170.8,37.6,6191.699987549019,0.469,1.5466314398943197
485,WASHINGTON ST @ SOUTHERN AVE,757,4346.4,33.4,9999.199936464267,0.458,5.741611624834874
494,GALLIVAN BLVD @ WASHINGTON ST,402,5.0,40.7,6475.099991323522,0.435,0.012437810945273632
496,GALLIVAN BLVD @ OWENCROFT RD,402,381.7,37.4,7296.599992959643,0.454,0.949502487562189
497,GALLIVAN BLVD @ MILTON AVE,402,314.2,41.9,4161.700000854568,0.496,0.781592039800995
498,GALLIVAN BLVD @ ARBELLA RD,402,207.4,40.7,6475.099991323522,0.435,0.5159203980099503
499,GALLIVAN BLVD @ FAIRMOUNT ST,402,1035.4,35.2,7933.6999726626555,0.43,2.575621890547264
501,GALLIVAN BLVD @ NEVADA ST,402,223.9,40.7,6475.099991323522,0.435,0.5569651741293532
507,GALLIVAN BLVD @ MORTON ST,854,1289.2,35.2,7933.6999726626555,0.43,1.5096018735362997
508,GALLIVAN BLVD OPP ARBELLA RD,623,199.9,40.7,6475.099991323522,0.435,0.32086677367576244
509,GALLIVAN BLVD @ OAKRIDGE ST,623,263.0,41.9,4161.700000854568,0.496,0.42215088282504015
510,GALLIVAN BLVD @ PLEASANT HILL,623,295.4,40.7,6475.099991323522,0.435,0.4741573033707865
511,WASHINGTON ST @ GALLIVAN BLVD,231,41.4,40.7,6475.099991323522,0.435,0.17922077922077922
512,WASHINGTON ST OPP CODMAN HILL,231,6.5,37.4,7296.599992959643,0.454,0.02813852813852814
514,WASHINGTON ST @ COOLIDGE RD,231,169.9,37.4,7296.599992959643,0.454,0.7354978354978355
515,WASHINGTON ST @ FULLER ST,231,175.8,37.4,7296.599992959643,0.454,0.7610389610389611
516,WASHINGTON ST @ BURT ST,231,149.4,37.4,9301.700015507215,0.462,0.6467532467532467
517,WASHINGTON ST OPP ARMANDINE S,231,243.7,33.4,6129.800008867396,0.437,1.054978354978355
518,WASHINGTON ST @ ASHMONT ST,231,203.2,33.4,6129.800008867396,0.437,0.8796536796536796
520,ARBORWAY @ COURTHOUSE,1536,268.3,33.3,6091.099991258984,0.471,0.17467447916666667
522,CIRCUIT DR @ SHATTUCK HOSPITA,558,382.7,20.4,1337.2999997132392,0.412,0.6858422939068101
523,MORTON ST @ CANTERBURY ST,978,909.7,14.0,6.0,0.667,0.9301635991820041
524,MORTON ST @ HARVARD ST,978,1235.8,34.2,3744.3000055243833,0.429,1.26359918200409
525,MORTON ST @ GREENDALE RD,978,867.0,34.2,3744.3000055243833,0.429,0.8865030674846626
526,MORTON ST @ BLUE HILL AVE,392,1804.1,31.7,10124.699945909302,0.457,4.602295918367346
527,MORTON ST @ WILDWOOD ST,392,600.6,31.5,8981.100010070691,0.444,1.5321428571428573
528,MORTON ST @ NORFOLK ST,392,1098.5,31.5,8981.100010070691,0.444,2.802295918367347
529,MORTON ST @ EVANS ST,623,1074.3,36.2,7024.10002257103,0.454,1.724398073836276
530,MORTON ST @ LORNA RD,623,2002.1,36.2,7024.10002257103,0.454,3.2136436597110754
532,GALLIVAN BLVD @ STONE TERR,392,423.9,37.4,7296.599992959643,0.454,1.081377551020408
533,DORCHESTER AVE @ GALLIVAN BLV,1066,638.9,37.4,7296.599992959643,0.454,0.599343339587242
534,DORCHESTER AVE @ VAN WINKLE S,1066,94.4,37.4,6419.00000583878,0.47,0.08855534709193247
536,DORCHESTER AVE @ HURLCROFT AV,1073,114.7,37.4,6419.00000583878,0.47,0.10689655172413794
537,DORCHESTER AVE @ GALLIVAN BLV,1073,652.9,37.4,7296.599992959643,0.454,0.6084808946877912
540,MORTON ST @ SELDEN ST,402,1825.8,35.2,7933.6999726626555,0.43,4.54179104477612
541,MORTON ST @ NORFOLK ST,402,1251.1,31.5,8981.100010070691,0.444,3.1121890547263678
542,MORTON ST @ THEODORE ST,402,755.2,31.5,8981.100010070691,0.444,1.8786069651741295
543,MORTON ST OPP WELLINGTON HILL,997,3696.1,31.9,11048.800048197785,0.444,3.707221664994985
545,MORTON ST @ CANTERBURY ST,997,1204.5,20.4,1337.2999997132392,0.412,1.208124373119358
546,MORTON ST @ SHATTUCK HOSPITAL,997,428.4,20.4,1337.2999997132392,0.412,0.42968906720160477
547,ARBORWAY OPP COURTHOUSE,1570,354.4,31.4,5052.699997540542,0.48,0.2257324840764331
550,GENEVA AVE @ FOUR CORNERS@GEN,155,332.5,32.4,6793.300012586377,0.419,2.1451612903225805
551,GENEVA AVE OPP OLNEY ST,155,258.0,35.2,5590.299996275437,0.444,1.664516129032258
552,GENEVA AVE @ BOWDOIN ST,155,330.5,35.2,5590.299996275437,0.444,2.132258064516129
553,GENEVA AVE @ HOLIDAY ST,675,636.4,29.6,14159.399989979502,0.484,0.9428148148148148
554,GENEVA AVE @ WESTVILLE ST,675,1101.1,32.5,13463.100053465105,0.477,1.6312592592592592
555,GENEVA AVE @ DAKOTA ST,675,376.2,30.5,8699.600017931287,0.493,0.5573333333333333
556,GENEVA AVE @ TONAWANDA ST,675,718.2,37.4,10090.60002709683,0.475,1.064
557,452 GENEVA AVE OPP BLOOMFIELD,656,294.4,34.5,11248.899981784924,0.451,0.448780487804878
558,GENEVA AVE @ WESTVILLE ST,658,802.2,30.5,8699.600017931287,0.493,1.2191489361702128
559,GENEVA AVE @ TOPLIFF ST,658,673.8,29.6,14159.399989979502,0.484,1.0240121580547112
560,GENEVA AVE @ HOLIDAY ST,658,525.1,29.6,14159.399989979502,0.484,0.7980243161094225
561,GENEVA AVE @ LEVANT ST,658,580.5,32.5,13463.100053465105,0.477,0.8822188449848024
562,GENEVA AVE @ BOWDOIN ST,145,265.5,35.2,5590.299996275437,0.444,1.8310344827586207
563,GENEVA AVE @ OLNEY ST,145,352.5,32.4,6793.300012586377,0.419,2.4310344827586206
564,GENEVA AVE @ FOUR CORNERS@GEN,145,103.0,35.2,5590.299996275437,0.444,0.7103448275862069
565,GENEVA AVE @ COLUMBIA RD,145,287.0,30.1,9883.500047758684,0.442,1.9793103448275862
566,GENEVA AVE @ COLUMBIA RD,145,225.5,29.4,8419.400022602325,0.475,1.5551724137931036
567,GENEVA AVE @ JEREMIAH BURKE H,145,81.5,30.6,8449.199969918016,0.423,0.5620689655172414
568,GENEVA AVE @ BLUE HILL AVE,145,233.5,30.6,8449.199969918016,0.423,1.610344827586207
569,DORCHESTER AVE @ VALLEY RD,472,84.2,47.7,2261.300001575181,0.524,0.1783898305084746
570,DORCHESTER AVE @ ST GREGORY S,472,125.0,38.5,4388.20000994859,0.455,0.2648305084745763
571,DORCHESTER AVE @ WASHINGTON S,472,208.4,36.1,4239.8000076067,0.51,0.4415254237288136
572,RIVER ST @ WICHITA TER,452,261.8,36.1,4239.8000076067,0.51,0.5792035398230089
574,RIVER ST @ CEDAR ST,204,136.5,41.8,4195.000004036741,0.443,0.6691176470588235
575,RIVER ST @ STANDARD ST,204,390.6,41.8,4195.000004036741,0.443,1.9147058823529413
576,RIVER ST OPP DUXBURY RD,204,90.7,41.8,4195.000004036741,0.443,0.44460784313725493
577,RIVER ST OPP LEAHAVEN RD,204,107.6,41.8,4195.000004036741,0.443,0.5274509803921569
578,RIVER ST @ NEWCROFT CIRCLE,204,104.2,39.6,4733.099995906419,0.415,0.5107843137254902
579,RIVER ST @ GLADESIDE AVE,204,50.3,41.8,4195.000004036741,0.443,0.24656862745098038
580,RIVER ST @ FREMONT ST,204,67.7,39.6,4733.099995906419,0.415,0.3318627450980392
583,RIVER ST OPP GLADESIDE AVE,209,42.0,41.8,4195.000004036741,0.443,0.20095693779904306
584,RIVER ST OPP NEWCROFT CIRCLE,209,114.6,39.6,4733.099995906419,0.415,0.5483253588516747
585,RIVER ST @ LEAHAVEN RD,209,168.2,41.8,4195.000004036741,0.443,0.8047846889952153
586,RIVER ST @ MEADOWBANK AVE,209,48.1,41.8,4195.000004036741,0.443,0.23014354066985646
587,168 RIVER ST OPP STANDARD ST,209,381.1,41.8,4195.000004036741,0.443,1.8234449760765552
588,RIVER ST OPP CEDAR ST,209,157.7,41.8,4195.000004036741,0.443,0.7545454545454545
590,RIVER ST OPP WICHITA TER,456,257.7,36.1,4239.8000076067,0.51,0.5651315789473684
591,DORCHESTER AVE OPP ADIRONDACK,476,429.2,36.1,4239.8000076067,0.51,0.9016806722689076
593,DORCHESTER AVE OPP ST GREGORY,476,128.1,47.7,2261.300001575181,0.524,0.2691176470588235
594,OPP 2165 DORCHESTER AVE,476,57.1,47.7,2261.300001575181,0.524,0.11995798319327731
595,DORCHESTER AVE OPP VALLEY RD,476,84.8,47.7,2261.300001575181,0.524,0.1781512605042017
596,3867 WASHINGTON ST OPP TOLLGA,1904,306.9,28.9,7786.200013363345,0.436,0.16118697478991595
597,WASHINGTON ST @ LOCHDALE RD,1904,935.6,28.9,7786.200013363345,0.436,0.49138655462184877
598,WASHINGTON ST @ ARCHDALE RD,1904,2010.5,28.9,7786.200013363345,0.436,1.0559348739495797
599,WASHINGTON ST @ MOSGROVE AVE,1904,612.8,34.8,9182.299987542508,0.446,0.3218487394957983
600,WASHINGTON ST OPP GRANFIELD A,1904,1127.0,34.8,9182.299987542508,0.446,0.5919117647058824
601,WASHINGTON ST @ SOUTH ST,1904,2385.3,35.7,6424.399983957804,0.477,1.2527836134453783
602,SOUTH ST @ TAFT HILL TERR,963,3202.4,38.5,6191.799992279515,0.467,3.325441329179647
603,WASHINGTON ST @ ALBANO ST,827,524.2,38.5,6191.799992279515,0.467,0.6338573155985491
604,WASHINGTON ST @ METROPOLITAN,827,621.0,35.4,5093.099983863553,0.513,0.750906892382104
605,WASHINGTON ST @ CORNELL ST,696,552.4,35.4,5093.099983863553,0.513,0.7936781609195402
606,WASHINGTON ST @ WALWORTH ST,696,894.3,39.6,5956.700001898398,0.47,1.2849137931034482
607,WASHINGTON ST @ LISZT ST,696,1460.3,31.8,12011.100008377447,0.403,2.098132183908046
608,WASHINGTON ST @ W ROXBURY PKW,696,414.1,39.9,4647.79999461675,0.473,0.5949712643678161
609,WASHINGTON ST @ LAGRANGE ST,696,190.1,40.0,4260.199998393177,0.474,0.27313218390804594
610,WASHINGTON ST @ COWING ST,696,181.1,40.0,4260.199998393177,0.474,0.2602011494252873
611,WASHINGTON ST @ MAPLEWOOD ST,696,283.8,40.0,4260.199998393177,0.474,0.4077586206896552
612,WASHINGTON ST @ HERON ST,696,240.3,45.2,1660.4000002947841,0.452,0.3452586206896552
613,WASHINGTON ST @ WEYMOUTH AVE,547,311.9,45.2,1660.4000002947841,0.452,0.5702010968921389
614,WASHINGTON ST @ ROCKINGHAM AV,547,440.3,45.2,1660.4000002947841,0.452,0.8049360146252286
615,WASHINGTON ST OPP DESOTO RD,547,1026.7,45.2,1660.4000002947841,0.452,1.876965265082267
616,WASHINGTON ST @ GROVE ST,636,622.9,42.4,2530.2999999050526,0.49,0.9794025157232704
618,WASHINGTON ST OPP ROCKLAND TO,722,816.9,42.4,2530.2999999050526,0.49,1.1314404432132963
619,WASHINGTON ST @ ROCKLAND TOWE,718,700.8,39.3,3506.700000243435,0.478,0.9760445682451253
620,WASHINGTON ST @ BIRCHWOOD ST,718,73.60000000000001,39.3,3506.700000243435,0.478,0.10250696378830085
621,WASHINGTON ST @ GROVE ST,548,494.1,39.3,3506.700000243435,0.478,0.9016423357664234
622,WASHINGTON ST @ DESOTO RD,548,989.1,45.2,1660.4000002947841,0.452,1.80492700729927
623,WASHINGTON ST @ RIDGECREST DR,548,415.0,45.2,1660.4000002947841,0.452,0.7572992700729927
624,WASHINGTON ST @ WOODLEY AVE,548,333.3,45.2,1660.4000002947841,0.452,0.6082116788321168
625,WASHINGTON ST @ W BOUNDARY RD,675,588.0,23.5,2.3999999997257144,0.571,0.8711111111111111
626,WASHINGTON ST OPP MAPLEWOOD S,675,232.1,40.0,4260.199998393177,0.474,0.34385185185185185
627,WASHINGTON ST OPP COWING ST,675,172.9,23.5,2.3999999997257144,0.571,0.2561481481481482
628,WASHINGTON ST @ ENNEKING PKWY,675,192.3,23.5,2.3999999997257144,0.571,0.2848888888888889
629,WASHINGTON ST OPP SCHUBERT ST,675,851.1,39.9,4647.79999461675,0.473,1.260888888888889
630,WASHINGTON ST @ BLUE LEDGE DR,675,850.0,35.8,6582.099995685467,0.44,1.2592592592592593
631,WASHINGTON ST @ BEECH ST,675,1200.4,31.8,12011.100008377447,0.403,1.7783703703703706
632,WASHINGTON ST @ CORNELL ST,675,583.3,39.6,5956.700001898398,0.47,0.8641481481481481
633,WASHINGTON ST @ METROPOLITAN,675,373.3,35.4,5093.099983863553,0.513,0.5530370370370371
634,WASHINGTON ST @ ALBANO ST,828,374.2,38.5,6191.799992279515,0.467,0.45193236714975843
635,WASHINGTON ST @ POPLAR ST,828,1378.9,39.6,5956.700001898398,0.47,1.6653381642512077
636,WASHINGTON ST @ CUMMINS HWY,1907,4269.9,38.5,6191.799992279515,0.467,2.23906659674882
637,WASHINGTON ST @ FIRTH RD,1907,1955.6,35.7,6424.399983957804,0.477,1.025485055060304
638,WASHINGTON ST @ GRANFIELD AVE,1907,1365.0,34.8,9182.299987542508,0.446,0.7157839538542213
639,WASHINGTON ST @ WHIPPLE AVE,1907,655.8,34.8,9182.299987542508,0.446,0.3438909281594127
640,WASHINGTON ST @ ARCHDALE RD,1907,2160.6,28.9,7786.200013363345,0.436,1.1329837441006816
641,WASHINGTON ST @ ALDWIN RD,1907,954.5,28.9,7786.200013363345,0.436,0.5005243838489775
642,WASHINGTON ST @ TOLLGATE WAY,1907,146.1,28.9,7786.200013363345,0.436,0.07661248033560566
730,FRANKLIN ST @ SIDNEY ST,979,2088.9,30.4,10017.09999903774,0.521,2.1337078651685393
763,STIMSON ST @ WASHINGTON ST,217,215.6,42.4,2530.2999999050526,0.49,0.9935483870967742
764,85 STIMSON ST,217,20.1,42.4,2530.2999999050526,0.49,0.09262672811059909
765,2550 CENTRE ST,217,102.6,41.6,3361.5999966308304,0.485,0.47281105990783406
766,2508 CENTRE ST,217,12.1,41.6,3361.5999966308304,0.485,0.05576036866359447
767,CENTRE ST @ LINDEN RD,217,70.3,41.6,3361.5999966308304,0.485,0.32396313364055296
768,CENTRE ST OPP NORTHDALE RD,217,105.5,42.4,2530.2999999050526,0.49,0.4861751152073733
769,CENTRE ST OPP GLENHAVEN RD,217,106.8,45.2,1660.4000002947841,0.452,0.49216589861751153
770,CENTRE ST @ WEDGEMERE RD,217,75.1,45.2,1660.4000002947841,0.452,0.3460829493087557
771,CENTRE ST OPP ACACIA RD,217,12.9,42.3,3968.699993312346,0.476,0.05944700460829493
772,CENTRE ST OPP CASS ST,217,167.8,45.2,1660.4000002947841,0.452,0.7732718894009217
773,CENTRE ST @ BOGANDALE RD,217,39.7,46.3,1998.6999992348135,0.5,0.18294930875576038
774,SPRING ST @ CHARLES RIVER LOO,150,155.5,45.9,2463.0999998121006,0.491,1.0366666666666666
775,SPRING ST @ GOULD ST,396,671.4,45.9,2463.0999998121006,0.491,1.6954545454545453
776,SPRING ST @ CYPRESS ST,396,268.0,45.9,2463.0999998121006,0.491,0.6767676767676768
777,SPRING ST @ BAKER ST,331,414.9,45.9,2463.0999998121006,0.491,1.2534743202416918
778,SPRING ST @ POWELL ST,331,229.9,46.3,1998.6999992348135,0.5,0.6945619335347433
779,SPRING ST @ CENTRE ST,331,80.0,46.3,1998.6999992348135,0.5,0.24169184290030213
780,CENTRE ST @ SAINT THERESA AVE,548,525.4,45.2,1660.4000002947841,0.452,0.9587591240875912
781,CENTRE ST @ LAGRANGE ST,726,451.5,43.3,2484.799998219481,0.488,0.621900826446281
782,CENTRE ST @ BELLEVUE ST,726,535.0,43.3,2484.799998219481,0.488,0.7369146005509641
783,CENTRE ST @ PARK ST,726,251.9,45.8,2785.3000004034016,0.478,0.346969696969697
784,CENTRE ST @ COREY ST,726,529.2,44.8,3011.200002861325,0.454,0.7289256198347108
785,CENTRE ST @ WILLOW ST,726,608.6,44.8,3011.200002861325,0.454,0.8382920110192837
786,BELGRADE AVE @ CENTRE ST,721,594.3,44.8,3011.200002861325,0.454,0.8242718446601941
787,BELGRADE AVE @ WEST ROXBURY P,721,135.8,46.7,3021.4999968552293,0.469,0.1883495145631068
788,BELGRADE AVE @ IONA ST,721,293.5,41.2,5077.399996616548,0.456,0.4070735090152566
789,BELGRADE AVE @ REXHAME ST,721,187.5,38.9,5653.300008652141,0.48,0.26005547850208044
790,BELGRADE AVE @ ALDRICH ST,721,287.1,41.2,5077.399996616548,0.456,0.3981969486823856
791,BELGRADE AVE @ WALWORTH ST,721,474.1,39.0,4362.400004563741,0.472,0.6575589459084605
792,BELGRADE AVE @ PENFIELD ST,721,214.7,39.0,4362.400004563741,0.472,0.2977808599167822
793,BELGRADE AVE @ PINEHURST ST,721,149.5,38.5,6191.799992279515,0.467,0.2073509015256588
795,CORINTH ST @ COHASSET ST,959,1842.5,38.5,6191.799992279515,0.467,1.9212721584984358
797,BELGRADE AVE @ ROBERT ST,1061,1002.1,38.5,6191.799992279515,0.467,0.9444863336475023
798,BELGRADE AVE OPP PINEHURST ST,720,88.1,38.5,6191.799992279515,0.467,0.1223611111111111
799,BELGRADE AVE OPP PENFIELD ST,720,242.2,39.0,4362.400004563741,0.472,0.33638888888888885
800,BELGRADE AVE @ WALWORTH ST,720,568.3,41.2,5077.399996616548,0.456,0.7893055555555555
801,BELGRADE AVE OPP ALDRICH ST,720,249.9,41.2,5077.399996616548,0.456,0.34708333333333335
802,BELGRADE AVE OPP REXHAME ST,720,201.5,38.9,5653.300008652141,0.48,0.2798611111111111
803,BELGRADE AVE @ MCCRAW ST,720,330.3,41.2,5077.399996616548,0.456,0.45875
804,BELGRADE AVE @ WEST ROXBURY P,881,196.6,46.7,3021.4999968552293,0.469,0.223155505107832
805,BELGRADE AVE @ CENTRE ST,881,732.2,46.7,3021.4999968552293,0.469,0.8311010215664019
806,CENTRE ST @ WILLOW ST,725,621.7,44.7,5490.000008753987,0.483,0.8575172413793104
807,CENTRE ST @ COREY ST,725,671.4,44.8,3011.200002861325,0.454,0.9260689655172414
808,CENTRE ST OPP BELLEVUE ST,725,837.9,45.8,2785.3000004034016,0.478,1.1557241379310343
810,CENTRE ST @ LAGRANGE ST,547,333.3,43.3,2484.799998219481,0.488,0.6093235831809872
812,SPRING ST @ TEMPLE ST,330,122.2,46.3,1998.6999992348135,0.5,0.3703030303030303
813,SPRING ST OPP POWELL ST,330,254.2,46.3,1998.6999992348135,0.5,0.7703030303030303
814,SPRING ST @ GARDNER ST,330,554.3,46.3,1998.6999992348135,0.5,1.6796969696969695
815,SPRING ST @ BAKER ST,330,328.0,46.3,1998.6999992348135,0.5,0.9939393939393939
816,SPRING ST @ MOVILLE ST,395,149.3,45.9,2463.0999998121006,0.491,0.3779746835443038
817,SPRING ST @ VA HOSPITAL,395,1007.0,45.9,2463.0999998121006,0.491,2.5493670886075948
820,CHARLES RIVER LOOP,40,79.0,45.9,2463.0999998121006,0.491,1.975
821,CENTRE ST @ LORETTE ST,547,374.2,48.8,3201.9999966997793,0.456,0.6840950639853748
822,CENTRE ST @ AUTUMN ST,217,81.6,46.3,1998.6999992348135,0.5,0.376036866359447
823,CENTRE ST @ CASS ST,217,224.4,45.2,1660.4000002947841,0.452,1.0341013824884793
824,CENTRE ST @ BRONX RD,217,34.6,42.3,3968.699993312346,0.476,0.15944700460829495
825,CENTRE ST OPP WEDGEMERE RD,217,67.5,45.2,1660.4000002947841,0.452,0.31105990783410137
826,CENTRE ST @ GLENHAVEN RD,217,99.8,45.2,1660.4000002947841,0.452,0.4599078341013825
827,CENTRE ST @ NORTHDALE RD,175,93.8,42.4,2530.2999999050526,0.49,0.536
828,CENTRE ST @ FAIRLANE RD,175,53.5,41.6,3361.5999966308304,0.485,0.3057142857142857
829,2519 CENTRE ST,175,15.9,41.6,3361.5999966308304,0.485,0.09085714285714286
830,STIMSON ST @ CENTRE ST,175,106.4,42.4,2530.2999999050526,0.49,0.608
831,80 STIMSON ST,175,34.5,42.4,2530.2999999050526,0.49,0.19714285714285715
832,STIMSON ST @ WASHINGTON ST,175,245.7,42.4,2530.2999999050526,0.49,1.404
833,BAKER ST @ LASELL ST,248,50.8,44.4,3848.900000571761,0.466,0.20483870967741935
834,LASELL ST @ TEMPLE ST,183,10.8,44.4,3848.900000571761,0.466,0.05901639344262295
835,LASELL ST @ PERHAM ST,183,17.8,44.4,3848.900000571761,0.466,0.09726775956284153
836,LASELL ST OPP ATLANTIS ST,183,10.8,44.4,3848.900000571761,0.466,0.05901639344262295
837,LASELL ST @ LAGRANGE ST,183,45.1,44.4,3848.900000571761,0.466,0.246448087431694
838,LAGRANGE ST @ VERMONT ST,178,47.1,45.7,3234.000000848262,0.46,0.2646067415730337
839,LAGRANGE ST @ BURARD ST,178,25.8,44.0,4090.7999968915215,0.49,0.1449438202247191
840,LAGRANGE ST @ PENDER ST,178,41.6,44.0,4090.7999968915215,0.49,0.23370786516853934
841,LAGRANGE ST @ VIRGIL RD,178,28.3,44.0,4090.7999968915215,0.49,0.15898876404494383
842,LAGRANGE ST @ WESTMOUNT AVE,178,10.5,45.8,2785.3000004034016,0.478,0.05898876404494382
843,LAGRANGE ST @ DENT ST,178,10.5,48.8,3201.9999966997793,0.456,0.05898876404494382
845,LAGRANGE ST @ CENTRE ST,178,251.5,48.8,3201.9999966997793,0.456,1.4129213483146068
846,LAGRANGE ST @ WESTMOUNT AVE,178,23.3,45.8,2785.3000004034016,0.478,0.13089887640449438
847,LAGRANGE ST OPP VIRGIL RD,178,24.8,44.0,4090.7999968915215,0.49,0.1393258426966292
848,LAGRANGE ST OPP PENDER ST,178,42.3,44.0,4090.7999968915215,0.49,0.23764044943820223
849,LAGRANGE ST OPP BURARD ST,178,18.0,44.0,4090.7999968915215,0.49,0.10112359550561797
850,LAGRANGE ST @ VERMONT ST,178,100.9,45.8,2785.3000004034016,0.478,0.5668539325842697
851,VERMONT ST @ CARROLL ST,183,34.6,44.0,4090.7999968915215,0.49,0.18907103825136612
852,VERMONT ST @ TEMPLE ST,183,50.1,44.4,3848.900000571761,0.466,0.27377049180327867
853,VERMONT ST @ BAKER ST,356,393.8,45.0,2772.3000032953664,0.477,1.1061797752808988
854,MASSACHUSETTS AVE @ HARRISON,644,2799.3,39.2,16190.199923517212,0.5,4.346739130434783
855,MASSACHUSETTS AVE @ ALBANY ST,644,1641.9,36.0,2270.0000000427294,0.609,2.5495341614906835
856,MASSACHUSETTS AVE @ ALBANY ST,644,4459.1,39.2,16190.199923517212,0.5,6.924068322981367
875,FOREST HILLS STATION LOWER BU,5588,87853.5,33.3,6091.099991258984,0.471,15.721814602720114
879,L ST @ E 3RD ST,256,2354.3,30.2,11333.299930371837,0.466,9.196484375
880,L ST @ E 2ND ST,256,314.9,30.2,11333.299930371837,0.466,1.230078125
882,DORCHESTER AVE @ RICHMOND ST,476,144.5,36.1,4239.8000076067,0.51,0.30357142857142855
883,DORCHESTER AVE @ RICHMOND ST,472,386.7,36.1,4239.8000076067,0.51,0.8192796610169492
886,L ST @ BROADWAY,381,2326.0,30.2,11333.299930371837,0.466,6.10498687664042
888,SUMMER ST @ MELCHER ST,416,519.0,39.3,2273.1000009201566,0.521,1.2475961538461537
889,SUMMER ST OPP WTC AVE,416,955.1,31.5,3771.9999985032546,0.509,2.2959134615384618
890,SUMMER ST @ WTC AVE,416,867.2,31.5,3771.9999985032546,0.509,2.0846153846153848
891,SUMMER ST OPP MELCHER ST,416,617.7,39.3,2273.1000009201566,0.521,1.4848557692307693
892,SUMMER ST @ ATLANTIC AVE,468,3088.7,43.4,2413.200002279796,0.537,6.599786324786324
895,E BROADWAY @ N ST,1084,2489.5,28.5,7626.2999709220085,0.477,2.2965867158671585
899,KENMORE STATION BUSWAY,2920,24516.4,26.7,11224.800046174307,0.404,8.396027397260275
900,WATER ST @ WATERTOWN YARD,939,4598.9,37.9,4869.999997512634,0.481,4.897657082002129
902,GALEN ST @ BOYD ST,934,450.0,37.9,4869.999997512634,0.481,0.4817987152034261
903,WASHINGTON ST @ BACON ST,1566,4215.8,34.4,4288.2999946303025,0.479,2.6920817369093233
904,PARK ST @ ELMWOOD ST,692,236.4,36.0,4556.900006594812,0.469,0.3416184971098266
905,TREMONT ST OPP HIBBARD RD,692,132.2,36.0,4556.900006594812,0.469,0.19104046242774564
906,TREMONT ST @ WAVERLEY AVE,692,115.2,36.0,4556.900006594812,0.469,0.16647398843930636
907,TREMONT ST @ PEMBROKE ST,712,184.2,36.0,4556.900006594812,0.469,0.25870786516853933
909,TREMONT ST @ CUFFLIN ST,767,459.2,30.5,7383.599996711372,0.476,0.5986962190352021
910,TREMONT ST @ TREMONT PL,767,444.1,30.5,7383.599996711372,0.476,0.5790091264667536
912,TREMONT ST @ WASHINGTON ST,777,1004.5,30.5,7383.599996711372,0.476,1.2927927927927927
913,WASHINGTON ST @ BRECK AVE,787,2077.8,30.2,5462.800004971853,0.496,2.64015247776366
916,WASHINGTON ST @ LAKE ST,787,1769.3,29.7,6307.300021054041,0.492,2.2481575603557813
917,WASHINGTON ST @ FOSTER ST,787,1424.6,29.7,6307.300021054041,0.492,1.8101651842439643
918,WASHINGTON ST @ CHESTNUT HILL,792,2192.8,29.0,4617.399999930432,0.526,2.768686868686869
919,WASHINGTON ST OPP WALDO TERR,1034,2129.6,28.9,6834.100010061534,0.496,2.0595744680851062
920,CAMBRIDGE ST @ WASHINGTON ST,762,1302.4,28.9,6834.100010061534,0.496,1.7091863517060368
922,CAMBRIDGE ST OPP DUSTIN ST,787,2393.3,27.8,9973.200031023018,0.53,3.041041931385007
924,CAMBRIDGE ST @ GORDON ST,787,628.1,28.9,8765.79997626856,0.479,0.7980940279542567
925,CAMBRIDGE ST @ BARROWS ST,787,1659.7,28.3,9219.900011246578,0.508,2.108894536213469
926,BRIGHTON AVE @ CAMBRIDGE ST,1400,5566.0,28.3,9219.900011246578,0.508,3.9757142857142855
927,BRIGHTON AVE @ ALLSTON ST,1400,4545.7,28.3,9219.900011246578,0.508,3.246928571428571
928,BRIGHTON AVE @ HARVARD AVE,697,2809.7,26.2,16524.199945880056,0.476,4.031133428981349
931,BRIGHTON AVE @ COMMONWEALTH A,697,1565.2,24.8,13300.200062808934,0.464,2.2456241032998565
933,COMMONWEALTH AVE @ BABCOCK ST,697,1419.9,31.6,9809.69998185285,0.492,2.0371592539454806
934,COMMONWEALTH AVE @ PLEASANT S,697,1943.9,23.7,14263.29995434377,0.436,2.7889526542324248
937,COMMONWEALTH AVE @ CARLTON ST,697,1075.8,21.3,9455.000006758497,0.402,1.5434720229555237
938,COMMONWEALTH AVE @ ST MARY'S,697,2261.3,21.3,9455.000006758497,0.402,3.244332855093257
939,COMMONWEALTH AVE @ HINSDALE S,697,1358.5,21.3,20974.89993117944,0.388,1.949067431850789
941,COMMONWEALTH AVE @ BLANDFORD,697,1358.6,21.3,20974.89993117944,0.388,1.9492109038737444
951,COMMONWEALTH AVE @ SILBER WAY,696,1412.2,21.3,9455.000006758497,0.402,2.0290229885057474
952,COMMONWEALTH AVE @ GRANBY ST,696,1637.5,21.3,9455.000006758497,0.402,2.3527298850574714
953,COMMONWEALTH AVE @ ST MARY'S,696,1375.8,21.3,9455.000006758497,0.402,1.9767241379310345
954,COMMONWEALTH AVE @ UNIVERSITY,696,1601.1,21.3,9455.000006758497,0.402,2.3004310344827585
956,COMMONWEALTH AVE @ BUICK ST,706,2217.1,26.2,10440.200007514015,0.398,3.140368271954674
958,COMMONWEALTH AVE @ BABCOCK ST,706,1616.5,26.3,14324.799938062033,0.491,2.289660056657224
959,1079 COMMONWEALTH AVE,706,1446.1,26.3,14324.799938062033,0.491,2.048300283286119
960,BRIGHTON AVE @ MALVERN ST,706,1211.5,24.8,13300.200062808934,0.464,1.7160056657223797
962,BRIGHTON AVE @ LINDEN ST,706,1818.2,25.4,10424.90002052861,0.536,2.5753541076487254
964,BRIGHTON AVE OPP QUINT AVE,1440,7982.6,25.4,10424.90002052861,0.536,5.543472222222222
966,CAMBRIDGE ST @ N BEACON ST,801,4000.7,28.3,9219.900011246578,0.508,4.9946317103620474
967,CAMBRIDGE ST @ SAUNDERS ST,801,879.7,28.9,8765.79997626856,0.479,1.0982521847690387
969,CAMBRIDGE ST @ DUSTIN ST,801,2467.6,30.9,4730.30001130231,0.492,3.0806491885143568
970,CAMBRIDGE ST @ SPARHAWK ST,801,1159.2,33.4,5622.999996591637,0.485,1.4471910112359552
971,CAMBRIDGE ST @ ELKO ST,801,1017.8,28.9,6834.100010061534,0.496,1.2706616729088638
972,WASHINGTON ST @ WALDO TERR,781,1340.0,28.9,6834.100010061534,0.496,1.7157490396927018
973,WASHINGTON ST @ MARKET ST,781,2540.6,28.4,7244.699990134712,0.491,3.2530089628681176
974,WASHINGTON ST @ FOSTER ST,781,1740.6,29.7,6307.300021054041,0.492,2.2286811779769526
975,WASHINGTON ST @ BROCK ST,781,1998.7,28.6,9614.099980480214,0.453,2.5591549295774647
977,WASHINGTON ST @ OAK SQUARE AV,781,1584.8,28.9,7433.3999878646755,0.473,2.0291933418693984
979,TREMONT ST @ WASHINGTON ST,776,1487.6,30.5,7383.599996711372,0.476,1.9170103092783504
981,TREMONT ST OPP TREMONT PL,776,550.1,30.5,7383.599996711372,0.476,0.7088917525773196
982,TREMONT ST OPP CUFFLIN ST,776,601.6,30.5,7383.599996711372,0.476,0.7752577319587629
983,TREMONT ST @ WHITTEMORE RD,776,190.7,36.0,4556.900006594812,0.469,0.24574742268041236
985,TREMONT ST @ WAVERLEY AVE,776,159.1,36.0,4556.900006594812,0.469,0.20502577319587628
986,TREMONT ST @ HIBBARD RD,776,402.8,36.0,4556.900006594812,0.469,0.5190721649484537
987,PARK ST @ TREMONT ST,776,432.3,36.0,4556.900006594812,0.469,0.5570876288659794
988,CENTRE ST @ JEFFERSON ST,792,1632.4,34.4,4288.2999946303025,0.479,2.0611111111111113
989,GALEN ST @ MAPLE ST,968,540.6,36.4,3699.7000045518025,0.491,0.5584710743801653
992,GROVE ST OPP ALTAIR RD,42,0.0,45.2,1660.4000002947841,0.452,0.0
993,GROVE ST @ OVERLOOK RD,42,6.0,42.4,2530.2999999050526,0.49,0.14285714285714285
994,WINSHIP ST @ UNION ST,175,308.5,28.9,6834.100010061534,0.496,1.762857142857143
1026,CHESTNUT HILL AVE @ VERONICA,809,2327.5,29.0,4617.399999930432,0.526,2.877008652657602
1027,CHESTNUT HILL AVE @ ENGLEWOOD,355,1026.6,25.3,2496.300001655441,0.593,2.8918309859154925
1029,CHESTNUT HILL AVE @ COMMONWEA,355,687.1,29.3,18057.70004261709,0.455,1.935492957746479
1030,CHESTNUT HILL AVE @ STRATHMOR,355,737.7,29.3,18057.70004261709,0.455,2.0780281690140847
1032,CHESTNUT HILL AVE OPP WILTSHI,355,430.0,27.8,9061.800014117656,0.521,1.2112676056338028
1033,CHESTNUT HILL AVE @ WALLINGFO,355,262.0,29.0,4617.399999930432,0.526,0.7380281690140845
1034,CHESTNUT HILL AVE @ UNION ST,355,377.1,29.4,9037.999988514208,0.491,1.0622535211267605
1035,MARKET ST @ WASHINGTON ST,355,1368.2,28.9,6834.100010061534,0.496,3.854084507042254
1036,MARKET ST @ SPARHAWK ST,355,732.3,28.4,7244.699990134712,0.491,2.0628169014084508
1038,MARKET ST @ GARDENA ST,355,436.2,28.4,7244.699990134712,0.491,1.2287323943661972
1039,MARKET ST @ N BEACON ST,355,613.5,28.4,7244.699990134712,0.491,1.728169014084507
1040,MARKET ST @ GUEST ST,533,1017.1,30.5,3005.899999263588,0.483,1.9082551594746717
1041,MARKET ST @ CENTOLA ST,355,185.0,30.5,3005.899999263588,0.483,0.5211267605633803
1042,MARKET ST @ LOTHROP ST,355,260.5,30.5,3005.899999263588,0.483,0.7338028169014085
1043,WESTERN AVE @ MACKIN ST,820,2024.7,30.5,3005.899999263588,0.483,2.4691463414634147
1045,450 WESTERN AVE,820,429.3,30.5,3005.899999263588,0.483,0.5235365853658537
1046,WESTERN AVE @ LITCHFIELD ST,820,1143.6,30.5,3005.899999263588,0.483,1.3946341463414633
1049,WESTERN AVE @ EVERETT ST,820,1821.3,30.5,3005.899999263588,0.483,2.22109756097561
1051,WESTERN AVE @ TRAVIS ST,465,676.7,28.5,2244.6000012988216,0.522,1.4552688172043011
1052,130 WESTERN AVE,465,312.4,30.2,5586.099991665264,0.552,0.6718279569892472
1053,WESTERN AVE @ GENZYME,465,329.4,28.5,2244.6000012988216,0.522,0.7083870967741935
1055,RIVER ST OPP BLACKSTONE ST,643,1075.9,29.1,7797.000020475096,0.463,1.6732503888024886
1056,RIVER ST @ FAIRMONT ST,643,321.2,34.4,11219.30003783582,0.472,0.4995334370139969
1058,RIVER ST OPP KINNAIRD ST,643,120.7,29.1,7797.000020475096,0.463,0.18771384136858477
1060,MAGAZINE ST @ GREEN ST,1,0.8,30.4,10017.09999903774,0.521,0.8
1061,WESTERN AVE @ KINNAIRD ST,646,187.4,31.9,14405.600037415235,0.496,0.290092879256966
1062,WESTERN AVE @ HOWARD ST,646,292.3,31.3,12064.700032424353,0.485,0.45247678018575854
1064,WESTERN AVE @ PUTNAM AVE,646,1028.9,29.3,10085.600027411458,0.489,1.5927244582043345
1067,WESTERN AVE OPP GENZYME,472,301.8,28.5,2244.6000012988216,0.522,0.639406779661017
1068,125 WESTERN AVE,472,322.8,28.5,2244.6000012988216,0.522,0.6838983050847458
1070,WESTERN AVE @ N HARVARD ST,472,1493.8,30.2,5586.099991665264,0.552,3.164830508474576
1071,WESTERN AVE OPP RIVERDALE ST,827,1172.3,29.0,7498.599982158749,0.505,1.417533252720677
1072,WESTERN AVE @ EVERETT ST,827,1528.2,30.5,3005.899999263588,0.483,1.8478839177750908
1074,367 WESTERN AVE OPP BRIGHTON,827,753.8,30.5,3005.899999263588,0.483,0.9114873035066505
1075,WESTERN AVE OPP LITCHFIELD ST,827,743.4,30.5,3005.899999263588,0.483,0.8989117291414752
1076,445 WESTERN AVE,827,267.9,30.5,3005.899999263588,0.483,0.32394195888754534
1077,495 WESTERN AVE,827,2252.4,30.5,3005.899999263588,0.483,2.723579201934704
1079,MARKET ST @ VINELAND ST,529,984.3,30.5,3005.899999263588,0.483,1.860680529300567
1081,MARKET ST @ KEENAN RD,355,249.8,28.4,7244.699990134712,0.491,0.703661971830986
1083,MARKET ST @ ARLINGTON ST,355,686.0,28.4,7244.699990134712,0.491,1.9323943661971832
1084,CHESTNUT HILL AVE @ WASHINGTO,355,1768.6,28.9,6834.100010061534,0.496,4.981971830985915
1085,CHESTNUT HILL AVE @ ACADEMY H,355,430.0,28.9,6834.100010061534,0.496,1.2112676056338028
1086,CHESTNUT HILL AVE @ JACKSON A,355,518.0,29.0,4617.399999930432,0.526,1.4591549295774648
1088,CHESTNUT HILL AVE @ EMBASSY R,355,690.3,27.8,9061.800014117656,0.521,1.944507042253521
1089,CHESTNUT HILL AVE @ SOUTH ST,355,428.2,27.8,9061.800014117656,0.521,1.2061971830985916
1090,CHESTNUT HILL AVE @ COMMONWEA,355,680.1,29.3,18057.70004261709,0.455,1.915774647887324
1092,CHESTNUT HILL AVE @ BEACON ST,355,794.4,29.8,6540.800017980615,0.421,2.2377464788732393
1094,BROOKS ST @ FANEUIL ST,178,332.0,28.8,8849.000007628802,0.517,1.8651685393258426
1100,BROOKS ST @ HOBART ST,178,354.3,30.3,4008.7000077605276,0.482,1.9904494382022473
1102,N BEACON ST @ PARSONS ST,178,106.3,30.3,4008.7000077605276,0.482,0.5971910112359551
1103,N BEACON ST @ GOODENOUGH ST,178,0.0,30.3,4008.7000077605276,0.482,0.0
1104,N BEACON ST OPP VINELAND ST,178,381.1,30.5,3005.899999263588,0.483,2.141011235955056
1105,N BEACON @ MARKET ST,178,211.6,30.4,11493.599993601594,0.534,1.1887640449438202
1110,N BEACON ST @ CAMBRIDGE ST,178,650.4,28.4,7042.199989113253,0.524,3.6539325842696626
1111,CAMBRIDGE ST OPP HANO ST,922,3752.3,28.4,7042.199989113253,0.524,4.069739696312364
1112,CAMBRIDGE ST @ HARVARD AVE,922,1985.9,25.4,10424.90002052861,0.536,2.1539045553145337
1114,CAMBRIDGE ST @ N HARVARD ST,238,326.2,22.0,44.80000003185778,0.611,1.3705882352941177
1115,CAMBRIDGE ST @ SEATTLE ST,178,66.6,30.2,5586.099991665264,0.552,0.3741573033707865
1116,CAMBRIDGE ST @ MASS PIKE EXIT,178,35.6,22.0,44.80000003185778,0.611,0.2
1123,GREEN ST @ MAGAZINE ST,1140,6554.1,30.4,10017.09999903774,0.521,5.74921052631579
1128,SOUTH ST @ SEDGWICK ST,886,1794.9,35.0,8792.099961218899,0.455,2.0258465011286684
1129,CENTRE ST @ SEAVERNS AVE,878,2530.3,42.1,4827.099995531258,0.467,2.8818906605922554
1130,CENTRE ST @ SAINT JOHN ST,878,1043.3,36.6,7650.200010958523,0.457,1.188268792710706
1132,CENTRE ST OPP BEAUFORT RD,878,1299.2,38.9,6175.000001692054,0.451,1.4797266514806378
1134,CENTRE ST @ PAUL GORE ST,148,143.5,33.0,9914.499967096934,0.469,0.9695945945945946
1135,CENTRE ST @ SHERIDAN ST,148,109.4,33.0,9914.499967096934,0.469,0.7391891891891892
1136,CENTRE ST @ WYMAN ST,148,54.0,31.8,11974.00003625724,0.498,0.36486486486486486
1137,CENTRE ST @ MOZART ST,148,117.1,29.8,13930.600115796706,0.458,0.7912162162162162
1138,CENTRE ST @ ESTRELLA ST,148,157.0,29.5,8192.399977821155,0.407,1.0608108108108107
1140,CENTRE ST @ HIGHLAND ST,251,229.3,32.2,7529.899987476304,0.441,0.9135458167330678
1141,CENTRE ST OPP NEW HEATH ST,251,5.0,32.2,7529.899987476304,0.441,0.0199203187250996
1142,CENTRE ST @ CEDAR ST,251,78.7,29.4,6409.000011778492,0.512,0.31354581673306775
1144,CENTRE ST @ HIGHLAND AVE,251,103.7,29.4,6409.000011778492,0.512,0.4131474103585657
1145,42A JOHN ELIOT SQ,358,305.1,29.4,6409.000011778492,0.512,0.8522346368715085
1147,DUDLEY ST @ GUILD ROW,359,108.5,41.8,4854.40001606019,0.52,0.3022284122562674
1148,MALCOLM X BLVD @ SHAWMUT AVE,3643,3776.1,31.6,735.5000015128956,0.361,1.0365358221246226
1149,205 ROXBURY ST,358,340.9,41.8,4854.40001606019,0.52,0.9522346368715083
1150,CENTRE ST @ GARDNER ST,251,134.8,30.3,4450.9000090359,0.487,0.5370517928286853
1151,CENTRE ST @ CEDAR ST,251,75.2,30.3,4450.9000090359,0.487,0.29960159362549804
1152,CENTRE ST @ NEW HEATH ST,251,32.5,32.2,7529.899987476304,0.441,0.1294820717131474
1153,CENTRE ST @ COLUMBUS AVE,251,59.2,32.2,7529.899987476304,0.441,0.2358565737051793
1154,HEATH ST @ BROMLEY ST,98,33.8,23.9,5973.600004207874,0.472,0.34489795918367344
1155,CENTRE ST @ BICKFORD ST,153,364.9,32.4,19350.099918235454,0.412,2.384967320261438
1156,CENTRE ST @ SUNNYSIDE ST,153,149.1,31.8,11974.00003625724,0.498,0.9745098039215686
1158,CENTRE ST @ CREIGHTON ST,153,162.4,30.4,4382.599998134766,0.479,1.061437908496732
1159,CENTRE ST @ BARBARA ST,153,205.4,33.0,9914.499967096934,0.469,1.342483660130719
1160,CENTRE ST @ MORAINE ST,855,2259.1,38.9,6175.000001692054,0.451,2.6422222222222222
1161,CENTRE ST @ LOCHSTEAD AVE,855,1352.2,38.9,6175.000001692054,0.451,1.5815204678362573
1164,CENTRE ST @ MYRTLE ST,855,1649.3,36.6,7650.200010958523,0.457,1.9290058479532164
1165,WASHINGTON ST @ WALNUT PK,320,569.5,37.0,13267.099930779112,0.447,1.7796875
1166,WASHINGTON ST @ COBDEN ST,320,516.0,33.9,7564.300002201078,0.425,1.6125
1167,WASHINGTON ST OPP DIMOCK ST,320,171.5,33.9,7564.300002201078,0.425,0.5359375
1168,WASHINGTON ST @ TOWNSEND ST,320,513.0,33.9,7564.300002201078,0.425,1.603125
1169,WASHINGTON ST @ BRINTON ST,320,215.0,33.9,7564.300002201078,0.425,0.671875
1170,WASHINGTON ST @ ML KING BLVD,320,133.0,31.0,4901.7999954227635,0.427,0.415625
1172,WASHINGTON ST @ DALE ST,320,248.0,31.0,4901.7999954227635,0.427,0.775
1173,WASHINGTON ST OPP CEDAR ST,320,155.0,33.9,9890.800049429012,0.443,0.484375
1174,WASHINGTON ST @ CIRCUIT ST,320,145.0,32.4,8017.899981739676,0.487,0.453125
1175,WASHINGTON ST @ ST JAMES ST,320,174.0,32.4,8017.899981739676,0.487,0.54375
1178,WASHINGTON ST @ BARTLETT ST,320,191.5,32.4,8017.899981739676,0.487,0.5984375
1179,WASHINGTON ST @ GUILD ST,320,156.0,34.2,4465.399987137581,0.431,0.4875
1180,WASHINGTON ST @ CEDAR ST,320,191.5,33.9,9890.800049429012,0.443,0.5984375
1181,WASHINGTON ST @ OAKLAND ST,320,210.0,33.9,9890.800049429012,0.443,0.65625
1182,WASHINGTON ST @ VALENTINE ST,320,146.5,31.0,4901.7999954227635,0.427,0.4578125
1183,WASHINGTON ST @ MARCELLA ST,320,243.0,33.9,7564.300002201078,0.425,0.759375
1184,WASHINGTON ST OPP TOWNSEND ST,320,491.0,33.9,7564.300002201078,0.425,1.534375
1185,WASHINGTON ST @ DIMOCK ST,320,283.5,33.9,7564.300002201078,0.425,0.8859375
1186,WASHINGTON ST @ BRAY ST,320,673.0,33.9,7564.300002201078,0.425,2.103125
1187,WASHINGTON ST @ ATHERTON ST,320,629.0,32.2,7529.899987476304,0.441,1.965625
1188,COLUMBUS AVE OPP WELD AVE,1047,2730.0,37.0,13267.099930779112,0.447,2.6074498567335245
1189,SOLDIERS FIELD RD @ CAMBRIDGE,174,68.4,28.5,2244.6000012988216,0.522,0.3931034482758621
1190,CAMBRIDGE ST @ SEATTLE ST,219,106.6,30.2,5586.099991665264,0.552,0.48675799086757987
1191,CAMBRIDGE ST @ LINCOLN ST,892,1370.0,30.2,5586.099991665264,0.552,1.5358744394618835
1193,CAMBRIDGE ST @ FRANKLIN ST,892,1814.5,28.4,7042.199989113253,0.524,2.0341928251121075
1195,CAMBRIDGE ST @ EMERY RD,892,1704.4,28.4,7042.199989113253,0.524,1.9107623318385651
1196,N BEACON ST @ CAMBRIDGE ST,174,414.3,28.4,7042.199989113253,0.524,2.3810344827586207
1202,N BEACON ST @ VINELAND ST,174,155.2,30.5,3005.899999263588,0.483,0.8919540229885057
1203,N BEACON ST @ BIRMINGHAM PKWY,174,54.1,30.5,3005.899999263588,0.483,0.31091954022988505
1204,BIRMINGHAM PKWY @ SOLDIERS FI,174,80.0,30.5,3005.899999263588,0.483,0.45977011494252873
1206,BROOKS ST @ GERRISH ST,174,242.1,30.3,4008.7000077605276,0.482,1.3913793103448275
1211,FANEUIL ST @ BROOKS ST,174,282.4,28.8,8849.000007628802,0.517,1.6229885057471263
1214,FANEUIL ST @ OAK SQUARE,352,1188.5,28.9,7433.3999878646755,0.473,3.3764204545454546
1215,COLUMBUS AVE @ BRAY ST,1047,1735.7,32.2,7529.899987476304,0.441,1.6577841451766953
1216,COLUMBUS AVE @ DIMOCK ST,1047,1980.7,32.2,7529.899987476304,0.441,1.8917860553963706
1219,COLUMBUS AVE @ CENTRE ST,649,882.3000000000001,32.2,7529.899987476304,0.441,1.359476117103236
1221,COLUMBUS AVE @ CEDAR ST,649,374.1,30.3,4450.9000090359,0.487,0.5764252696456087
1222,COLUMBUS AVE @ MALCOLM X BLVD,649,2513.2,30.3,4450.9000090359,0.487,3.872419106317411
1224,TREMONT ST OPP PRENTISS ST,3302,2268.0,20.7,17354.499999578355,0.459,0.6868564506359782
1227,TREMONT ST @ MELNEA CASS BLVD,202,98.6,20.7,17354.499999578355,0.459,0.4881188118811881
1228,TREMONT ST @ HAMMOND ST,202,90.7,20.7,17354.499999578355,0.459,0.449009900990099
1230,TREMONT ST @ NORTHAMPTON ST,202,69.5,32.3,20195.399942073007,0.462,0.34405940594059403
1232,TREMONT ST @ WORCESTER ST,202,189.5,35.5,23813.20005265295,0.509,0.9381188118811881
1234,TREMONT ST @ AGUADILLA ST,202,145.4,41.0,18596.599986662575,0.47,0.7198019801980198
1235,TREMONT ST @ UPTON ST,202,112.9,41.0,18596.599986662575,0.47,0.558910891089109
1237,TREMONT ST @ E BERKELEY ST,202,128.0,34.7,20686.19996055039,0.514,0.6336633663366337
1239,TREMONT ST @ MARGINAL ST,202,136.3,35.1,13492.60002871279,0.521,0.6747524752475248
1241,CHARLES ST S @ PARK PLAZA,202,108.1,20.9,27565.90010177298,0.422,0.5351485148514851
1242,TREMONT ST @ CHARLES ST S,202,117.2,20.9,27565.90010177298,0.422,0.5801980198019802
1246,TREMONT ST @ UNION PK,202,124.7,35.2,17790.49990063523,0.559,0.6173267326732673
1248,TREMONT ST @ PEMBROKE ST,202,131.4,36.8,16615.100095132515,0.512,0.6504950495049505
1250,TREMONT ST @ CONCORD SQ,202,167.4,35.5,23813.20005265295,0.509,0.8287128712871288
1252,TREMONT ST @ NORTHAMPTON ST,202,88.2,32.3,20195.399942073007,0.462,0.43663366336633663
1253,TREMONT ST @ DOUGLAS PK,202,80.6,34.0,14934.699989388502,0.446,0.399009900990099
1254,TREMONT ST @ BURKE ST,202,63.5,20.7,17354.499999578355,0.459,0.31435643564356436
1255,TREMONT ST @ COLUMBUS AVE,202,64.4,20.7,17354.499999578355,0.459,0.3188118811881188
1257,TREMONT ST @ PRENTISS ST,643,385.8,20.7,17354.499999578355,0.459,0.6
1258,TREMONT ST @ ROXBURY CROSSING,643,2874.6,30.3,4450.9000090359,0.487,4.470606531881804
1259,MALCOLM X BLVD OPP MADISON PA,3284,1065.7,29.4,6409.000011778492,0.512,0.3245127892813642
1260,COLUMBUS AVE @ NEW CEDAR ST,643,262.3,30.3,4450.9000090359,0.487,0.4079315707620529
1262,COLUMBUS AVE @ HEATH ST,643,186.6,30.3,4450.9000090359,0.487,0.29020217729393466
1265,COLUMBUS AVE @ DIMOCK ST,1062,1947.5,33.2,8796.100011451688,0.468,1.8338041431261771
1266,COLUMBUS AVE OPP BRAY ST,1062,1762.6,33.2,8796.100011451688,0.468,1.65969868173258
1268,WASHINGTON ST @ SHEPARD ST,247,539.2,33.4,5622.999996591637,0.485,2.1829959514170043
1269,WASHINGTON ST @ SNOW ST,247,119.9,29.4,9037.999988514208,0.491,0.48542510121457494
1270,WASHINGTON ST @ MONASTERY RD,247,386.3,33.4,5622.999996591637,0.485,1.5639676113360323
1272,WASHINGTON ST @ EUSTON ST,247,373.3,33.4,5622.999996591637,0.485,1.511336032388664
1273,WASHINGTON ST @ COMMONWEALTH,247,1013.4,27.7,28095.10012218136,0.439,4.102834008097166
1274,WASHINGTON ST @ COREY RD,247,1123.9,27.6,18869.39995308149,0.419,4.550202429149798
1275,WAHINGTON ST @ EVANS RD,247,55.7,34.8,5645.899988299489,0.457,0.22550607287449395
1276,WASHINGTON ST @ BEACON ST,247,298.4,34.8,5645.899988299489,0.457,1.2080971659919026
1278,WASHINGTON ST @ WINTHROP PATH,247,238.3,31.1,11134.399972446356,0.459,0.9647773279352228
1279,WASHINGTON ST @ GARDNER RD,247,122.4,31.7,11854.399997160777,0.466,0.49554655870445347
1280,WASHINGTON ST @ GARDNER PATH,247,129.6,36.4,14733.20000189878,0.431,0.5246963562753036
1281,WASHINGTON ST @ GREENOUGH CIR,247,135.4,34.9,6599.099992517362,0.446,0.5481781376518219
1282,WASHINGTON ST @ CYPRESS ST,247,170.7,34.9,6599.099992517362,0.446,0.6910931174089069
1283,WASHINGTON ST @ HARVARD ST,247,340.1,32.3,9531.299971594952,0.439,1.376923076923077
1286,WASHINGTON ST @ HARVARD ST,207,299.7,32.3,9531.299971594952,0.439,1.4478260869565216
1287,WASHINGTON ST @ SCHOOL ST,207,133.1,34.9,6599.099992517362,0.446,0.6429951690821256
1288,WASHINGTON ST OPP GREENOUGH S,207,78.1,34.9,6599.099992517362,0.446,0.37729468599033816
1289,WASHINGTON ST @ GRIGGS RD,207,93.1,36.4,14733.20000189878,0.431,0.4497584541062802
1290,WASHINGTON ST OPP GARDNER RD,207,81.4,31.7,11854.399997160777,0.466,0.39323671497584545
1291,WASHINGTON ST @ FAIRBANKS ST,207,137.6,31.7,11854.399997160777,0.466,0.6647342995169082
1292,WASHINGTON ST @ BEACON ST,207,462.8,34.8,5645.899988299489,0.457,2.2357487922705315
1293,WASHINGTON ST @ BARTLETT ST,207,51.4,34.8,5645.899988299489,0.457,0.24830917874396136
1294,WASHINGTON ST @ COREY RD,207,913.6999999999999,56.4,9111.700001641568,0.399,4.414009661835748
1295,WASHINGTON ST @ COMMONWEALTH,207,661.7,28.6,19011.900086425416,0.412,3.196618357487923
1296,WASHINGTON ST OPP EUSTON RD,207,423.3,33.4,5622.999996591637,0.485,2.044927536231884
1298,WASHINGTON ST @ PAMELA DONOVA,207,311.1,27.6,11204.800032103056,0.464,1.5028985507246377
1299,WASHINGTON ST OPP SNOW ST,207,112.7,33.4,5622.999996591637,0.485,0.5444444444444445
1300,WASHINGTON ST OPP SHEPARD ST,207,193.1,33.4,5622.999996591637,0.485,0.9328502415458937
1301,7 WINSHIP ST,382,712.6,28.9,6834.100010061534,0.496,1.8654450261780104
1302,HARVARD AVE @ COMMONWEALTH AV,703,5239.6,24.8,13300.200062808934,0.464,7.453200568990043
1304,HARVARD ST @ COOLIDGE ST,703,967.2,33.5,6839.800011558612,0.451,1.3758179231863443
1306,HARVARD ST @ SHAILER ST,703,1190.7,38.4,10324.799987367303,0.437,1.6937411095305832
1308,HARVARD ST @ BEACON ST,703,4663.6,38.4,10324.799987367303,0.437,6.633854907539119
1309,HARVARD ST @ MARION ST,703,961.7,32.4,8921.299981266628,0.459,1.3679943100995733
1310,HARVARD ST @ HARRIS ST,703,940.0,32.4,8921.299981266628,0.459,1.337126600284495
1311,HARVARD ST @ SCHOOL ST,703,1015.0,30.1,11179.70001692237,0.448,1.4438122332859176
1313,HARVARD ST @ WASHINGTON ST,703,1651.9,30.1,11179.70001692237,0.448,2.3497866287339972
1314,HUNTINGTON AVE @ S HUNTINGTON,703,2571.4,29.1,15814.10031946608,0.508,3.657752489331437
1315,HUNTINGTON AVE @ PARKER HILL,1433,3688.7,31.9,21527.900010807098,0.446,2.5741102581995814
1317,HUNTINGTON AVE OPP FENWOOD RD,1433,6819.6,54.4,27653.50015629431,0.41,4.758967201674809
1319,TREMONT ST OPP WIGGLESWORTH S,748,3199.3,23.6,11848.400002732806,0.502,4.277139037433155
1320,TREMONT ST @ SAINT ALPHONSUS,703,1504.5,28.0,11257.499997983376,0.457,2.1401137980085347
1322,TREMONT ST @ SEWALL ST,703,860.3,23.0,16368.899976540055,0.541,1.22375533428165
1323,TREMONT ST @ COLUMBUS AVE,703,4722.1,23.9,5973.600004207874,0.472,6.717069701280228
1325,HUMBOLDT AVE @ SEAVER ST,333,552.0,32.6,11078.100042002898,0.412,1.6576576576576576
1326,HUMBOLDT AVE @ HUTCHINGS ST,333,265.4,32.6,11078.100042002898,0.412,0.7969969969969969
1327,HUMBOLDT AVE @ HOMESTEAD ST,333,480.5,36.8,13802.999978435008,0.418,1.442942942942943
1328,HUMBOLDT AVE @ CRAWFORD ST,333,588.7,37.3,6502.60000411222,0.478,1.767867867867868
1330,HUMBOLDT AVE @ WAUMBECK ST,333,439.2,32.3,7950.000033612132,0.502,1.318918918918919
1331,HUMBOLDT AVE @ WYOMING ST,333,296.9,36.6,8409.00002349209,0.424,0.8915915915915915
1332,HUMBOLDT AVE @ TOWNSEND ST,333,1080.0,35.4,7248.000022448852,0.452,3.2432432432432434
1334,HUMBOLDT AVE @ HUMBOLDT CT,318,301.7,35.4,7248.000022448852,0.452,0.9487421383647798
1335,HUMBOLDT AVE @ ML KING BLVD,318,438.5,31.0,4901.7999954227635,0.427,1.378930817610063
1337,WALNUT AVE @ DALE ST,318,285.7,31.0,4901.7999954227635,0.427,0.8984276729559748
1338,WALNUT AVE @ ROCKLAND ST,318,168.1,45.2,8005.3999681264395,0.451,0.5286163522012578
1339,WALNUT AVE @ ST RICHARD ST,318,172.9,31.7,7904.600029332029,0.406,0.5437106918238994
1340,WALNUT AVE @ CIRCUIT ST,303,204.9,31.7,7904.600029332029,0.406,0.6762376237623763
1341,WALNUT AVE @ ROCKLAND ST,303,220.4,45.2,8005.3999681264395,0.451,0.7273927392739274
1342,WALNUT AVE @ HUMBOLDT AVE,303,348.2,45.2,8005.3999681264395,0.451,1.1491749174917492
1344,HUMBOLDT AVE @ ML KING BLVD,303,390.8,31.0,4901.7999954227635,0.427,1.2897689768976899
1345,HUMBOLDT AVE @ MUNROE ST,303,257.2,35.4,7248.000022448852,0.452,0.8488448844884489
1346,HUMBOLDT AVE @ TOWNSEND ST,333,1501.2,35.4,7248.000022448852,0.452,4.508108108108108
1350,HUMBOLDT AVE @ WAUMBECK ST,333,643.9,36.6,8409.00002349209,0.424,1.9336336336336335
1351,HUMBOLDT AVE @ CRAWFORD ST,333,565.3,36.8,13802.999978435008,0.418,1.6975975975975974
1352,HUMBOLDT AVE @ HOMESTEAD ST,333,496.9,36.8,13802.999978435008,0.418,1.4921921921921921
1353,HUMBOLDT AVE @ HUTCHINGS ST,333,226.9,32.6,11078.100042002898,0.412,0.6813813813813814
1354,HUMBOLDT AVE @ SEAVER ST,333,666.3,32.6,11078.100042002898,0.412,2.0009009009009007
1357,TREMONT ST OPP ROXBURY CROSSI,739,4926.9,23.9,5973.600004207874,0.472,6.666982408660352
1360,TREMONT ST @ SAINT ALPHONSUS,734,1226.7,29.4,32532.40031387651,0.512,1.6712534059945505
1362,TREMONT ST @ HUNTINGTON AVE,734,3844.0,23.6,11848.400002732806,0.502,5.237057220708447
1363,HUNTINGTON AVE @ FENWOOD RD,1436,6438.1,54.4,27653.50015629431,0.41,4.483356545961003
1365,835 HUNTINGTON AVE OPP PARKER,1436,3182.0,54.4,27653.50015629431,0.41,2.215877437325905
1366,HUNTINGTON AVE @ RIVERWAY,734,1910.8,29.1,15814.10031946608,0.508,2.6032697547683923
1367,HARVARD ST @ KENT ST,734,1736.7,30.1,11179.70001692237,0.448,2.366076294277929
1369,HARVARD ST @ ASPINWALL AVE,734,1149.7,32.4,8921.299981266628,0.459,1.566348773841962
1371,HARVARD ST OPP VERNON ST,734,1396.7,38.7,14127.299977655644,0.438,1.9028610354223434
1372,HARVARD ST @ BEACON ST,734,5144.2,38.4,10324.799987367303,0.437,7.008446866485014
1373,HARVARD ST @ STEDMAN ST,734,1710.9,38.4,10324.799987367303,0.437,2.330926430517711
1375,HARVARD ST @ COOLIDGE ST,734,952.7,33.6,8525.900001819147,0.457,1.2979564032697548
1376,HARVARD ST OPP VERNDALE ST,734,1382.2,33.5,6839.800011558612,0.451,1.8831062670299727
1378,HARVARD AVE @ COMMONWEALTH AV,734,4985.8,26.3,14324.799938062033,0.491,6.792643051771117
1379,HARVARD AVE @ BRIGHTON AVE,734,1981.8,26.2,16524.199945880056,0.476,2.6999999999999997
1381,W DEDHAM ST @ WASHINGTON ST,257,380.8,39.5,15955.800116076218,0.516,1.4817120622568094
1382,43 W DEDHAM ST,257,183.7,38.0,21630.900132100534,0.508,0.7147859922178987
1383,DARTMOUTH ST @ TREMONT ST,257,151.3,35.2,17790.49990063523,0.559,0.588715953307393
1384,DARTMOUTH ST @ APPLETON ST,257,104.3,35.2,17790.49990063523,0.559,0.4058365758754864
1389,BOYLSTON ST @ PRUDENTIAL CENT,70,77.0,27.1,14260.79999930922,0.51,1.1
1395,DARTMOUTH ST @ APPLETON ST,251,114.8,39.0,17205.99990675974,0.483,0.45737051792828687
1396,DARTMOUTH ST @ TREMONT ST,251,177.6,35.2,17790.49990063523,0.559,0.7075697211155378
1397,OPP 43 W DEDHAM ST,251,162.8,38.0,21630.900132100534,0.508,0.6486055776892431
1398,W DEDHAM ST @ WASHINGTON ST,251,358.0,39.5,15955.800116076218,0.516,1.4262948207171315
1399,BELVIDERE ST @ HUNTINGTON AVE,63,25.4,62.0,9690.500001532804,0.482,0.40317460317460313
1400,CAMBRIDGE ST @ PRESCOTT ST,314,331.5,26.8,9303.600029514459,0.452,1.055732484076433
1401,CAMBRIDGE ST @ TROWBRIDGE ST,319,992.8,32.0,8125.6000175697445,0.493,3.1122257053291533
1402,CAMBRIDGE ST @ DANA ST,319,462.0,34.0,9651.700022407964,0.46,1.4482758620689655
1403,CAMBRIDGE ST @ HIGHLAND AVE,319,508.4,34.0,10289.100020907028,0.482,1.5937304075235108
1404,CAMBRIDGE ST @ HAMPSHIRE ST,319,430.3,30.0,13076.799970197062,0.483,1.3489028213166145
1405,CAMBRIDGE ST @ PROSPECT ST,319,405.4,32.8,11098.599986701216,0.481,1.270846394984326
1406,CAMBRIDGE ST @ NORFOLK ST,319,223.2,32.8,11098.599986701216,0.481,0.6996865203761755
1409,CAMBRIDGE ST @ BERKSHIRE ST,319,663.5,33.0,14456.70006081145,0.478,2.079937304075235
1411,CAMBRIDGE ST @ SIXTH ST,319,465.8,34.8,13729.699996370797,0.516,1.4601880877742948
1413,CAMBRIDGE ST @ SCIARAPPA ST,319,621.5,31.2,10320.19999370597,0.518,1.9482758620689655
1416,CAMBRIDGE ST @ THIRD ST,320,383.9,31.2,10320.19999370597,0.518,1.1996875
1417,CAMBRIDGE ST @ SCIARAPPA ST,320,299.0,31.2,10320.19999370597,0.518,0.934375
1419,CAMBRIDGE ST @ SIXTH ST,320,442.6,34.8,13729.699996370797,0.516,1.3831250000000002
1420,CAMBRIDGE ST @ LAMBERT ST,320,880.3,34.8,13729.699996370797,0.516,2.7509375
1421,CAMBRIDGE ST OPP BERKSHIRE ST,320,628.8,29.2,11629.799970011729,0.512,1.9649999999999999
1422,CAMBRIDGE ST @ WINDSOR ST,320,730.3,29.2,11629.799970011729,0.512,2.2821875
1423,CAMBRIDGE ST @ NORFOLK ST,320,277.4,32.8,11098.599986701216,0.481,0.866875
1424,CAMBRIDGE ST @ PROSPECT ST,320,497.4,32.8,11098.599986701216,0.481,1.5543749999999998
1425,CAMBRIDGE ST @ SPRINGFIELD ST,320,532.1,30.0,13076.799970197062,0.483,1.6628125
1427,CAMBRIDGE ST OPP HIGHLAND AVE,320,598.5,34.0,10289.100020907028,0.482,1.8703125
1428,CAMBRIDGE ST @ HOVEY AVE,320,470.4,34.0,9651.700022407964,0.46,1.47
1429,CAMBRIDGE ST @ TROWBRIDGE ST,320,808.1,32.0,8125.6000175697445,0.493,2.5253125
1430,FELTON ST @ CAMBRIDGE ST,320,292.1,32.0,8125.6000175697445,0.493,0.9128125
1431,BROADWAY @ FELTON ST,95,536.0,26.8,9303.600029514459,0.452,5.6421052631578945
1432,ARSENAL ST @ IRVING ST,465,587.1,32.3,5490.500001071447,0.484,1.2625806451612904
1433,ARSENAL ST @ BEACON PK,465,98.9,32.3,5490.500001071447,0.484,0.21268817204301077
1434,ARSENAL ST @ BEECHWOOD AVE,465,289.5,37.8,4401.59999717986,0.492,0.6225806451612903
1435,ARSENAL ST @ LOUISE ST,465,136.8,32.3,5490.500001071447,0.484,0.2941935483870968
1436,ARSENAL ST OPP SCHOOL ST,465,314.0,72.2,605.3999994325859,0.369,0.6752688172043011
1437,ARSENAL ST @ TALCOTT AVE,465,288.0,41.9,1719.800000898752,0.464,0.6193548387096774
1438,ARSENAL ST @ BOND ST,465,2392.8,72.2,605.3999994325859,0.369,5.145806451612904
1442,ARSENAL ST @ FORGE RD,465,879.8,72.2,605.3999994325859,0.369,1.892043010752688
1443,ARSENAL ST @ ARLINGTON ST,472,1053.3,72.2,605.3999994325859,0.369,2.2315677966101695
1445,ARSENAL ST @ WATERTOWN MALL,472,2367.6,41.9,1719.800000898752,0.464,5.016101694915254
1447,ARSENAL ST OPP TALCOTT AVE,472,254.3,41.9,1719.800000898752,0.464,0.538771186440678
1448,ARSENAL ST @ SCHOOL ST,472,332.0,72.2,605.3999994325859,0.369,0.7033898305084746
1449,ARSENAL ST OPP LOUISE ST,472,132.2,32.3,5490.500001071447,0.484,0.28008474576271186
1450,ARSENAL ST OPP BEECHWOOD AVE,472,291.1,37.8,4401.59999717986,0.492,0.6167372881355933
1451,ARSENAL ST OPP BEACON PK,472,186.5,32.3,5490.500001071447,0.484,0.3951271186440678
1452,ARSENAL ST @ IRVING ST,472,426.3,32.3,5490.500001071447,0.484,0.903177966101695
1468,BOWDOIN ST @ GENEVA AVE,513,563.3,35.2,5590.299996275437,0.444,1.0980506822612084
1469,169 BOWDOIN ST OPP EUNICE ST,513,142.3,29.6,14159.399989979502,0.484,0.2773879142300195
1470,BOWDOIN ST @ NORTON ST,513,750.6,32.6,14314.199925958748,0.472,1.4631578947368422
1471,BOWDOIN ST @ HAMILTON ST,513,1097.1,34.9,12275.80004110601,0.47,2.13859649122807
1472,BOWDOIN ST OPP ELBA TERR,513,452.2,32.0,12899.49997559744,0.499,0.8814814814814814
1473,BOWDOIN ST @ QUINCY ST,513,722.9,35.0,14777.500054093343,0.457,1.4091617933723197
1474,BOWDOIN ST @ WINTER ST,888,423.8,35.0,14777.500054093343,0.457,0.47725225225225226
1475,HANCOCK ST @ BOWDOIN ST,893,1690.2,31.7,9811.700000009585,0.466,1.892721164613662
1478,HANCOCK ST @ ROWELL ST,893,1170.9,31.7,9811.700000009585,0.466,1.3111982082866742
1479,HANCOCK ST @ JEROME ST,893,1348.4,35.2,6916.400003423618,0.539,1.50996640537514
1480,COLUMBIA RD @ HANCOCK ST,1441,2557.1,35.2,6916.400003423618,0.539,1.774531575294934
1481,DUDLEY ST @ BELDEN ST,791,3118.3,32.7,13831.600003959486,0.488,3.9422250316055627
1484,DUDLEY ST @ E COTTAGE ST,791,1822.1,32.9,9447.00003894846,0.447,2.3035398230088493
1485,DUDLEY ST @ LANGDON ST,791,1179.3,36.0,2270.0000000427294,0.609,1.4908975979772439
1486,DUDLEY ST @ MAGAZINE ST,791,969.8,36.0,2270.0000000427294,0.609,1.2260429835651074
1487,DUDLEY ST @ HAMPDEN ST,1106,658.1,36.8,7194.7000357553525,0.449,0.5950271247739602
1488,DUDLEY ST @ ADAMS ST,1106,685.9,36.8,7194.7000357553525,0.449,0.6201627486437613
1489,DUDLEY ST @ DEARBORN ST,1106,1074.3,36.8,7194.7000357553525,0.449,0.9713381555153706
1491,DUDLEY ST @ HARRISON AVE,1106,2233.7,30.4,8935.499992618124,0.465,2.0196202531645566
1493,DUDLEY ST @ GREENVILLE ST,1061,1371.8,35.3,6483.900009503497,0.398,1.2929311969839774
1495,DUDLEY ST @ ADAMS ST,1061,1236.3,36.8,7194.7000357553525,0.449,1.1652214891611687
1497,DUDLEY ST @ BLUE HILL AVE,769,1483.0,36.0,2270.0000000427294,0.609,1.928478543563069
1498,DUDLEY ST @ DENNIS ST,769,1108.9,34.2,7290.400014751323,0.46,1.4420026007802342
1499,DUDLEY ST @ W COTTAGE ST,769,1820.5,33.3,11004.600003322854,0.454,2.3673602080624185
1500,DUDLEY ST @ HOWARD AVE,769,1140.5,33.0,8314.200025912898,0.498,1.4830949284785435
1501,DUDLEY ST @ UPHAMS CORNER STA,769,1358.1000000000001,34.4,7651.800012662451,0.473,1.7660598179453837
1504,HANCOCK ST @ BIRD ST,880,1995.1,35.2,6916.400003423618,0.539,2.267159090909091
1506,HANCOCK ST @ TRULL ST,880,1058.0,33.7,11714.899989698066,0.49,1.2022727272727274
1508,HANCOCK ST @ BOWDOIN ST,880,1434.6,31.7,9811.700000009585,0.466,1.6302272727272726
1509,BOWDOIN ST @ TOVAR ST,870,324.9,31.7,9811.700000009585,0.466,0.3734482758620689
1510,BOWDOIN ST @ HENDRY ST,870,1556.1,31.7,9811.700000009585,0.466,1.7886206896551724
1511,BOWDOIN ST @ QUINCY ST,520,805.4,35.0,14777.500054093343,0.457,1.5488461538461538
1512,BOWDOIN ST @ BOWDOIN PK,520,1642.1,32.6,14314.199925958748,0.472,3.1578846153846154
1514,BOWDOIN ST @ EUNICE ST,520,236.0,29.6,14159.399989979502,0.484,0.45384615384615384
1515,BOWDOIN ST @ GENEVA AVE,520,631.4,35.2,5590.299996275437,0.444,1.2142307692307692
1518,BROOKLINE AVE OPP JERSEY ST,746,309.1,59.0,7993.500024166095,0.474,0.414343163538874
1519,BROOKLINE AVE @ FULLERTON ST,746,1541.7,27.5,43774.59958090347,0.495,2.0666219839142093
1520,BROOKLINE AVE @ PARK DR,746,532.8,25.7,6635.599993967636,0.48,0.7142091152815013
1521,BROOKLINE AVE @ LONGWOOD AVE,412,2317.9,30.8,1985.800000783449,0.401,5.625970873786408
1523,BROOKLINE AVE @ FRANCIS ST,412,942.6,30.8,1985.800000783449,0.401,2.287864077669903
1524,BROOKLINE AVE @ ASPINWALL AVE,412,57.2,31.9,6427.9000087149725,0.475,0.1388349514563107
1525,BROOKLINE AVE @ PEARL ST,412,452.4,35.8,13864.699949858958,0.444,1.0980582524271845
1526,WASHINGTON ST @ PEARL ST,941,3134.1,35.8,13864.699949858958,0.444,3.330605738575983
1527,WALNUT ST @ HIGH ST,211,205.5,53.4,6559.399998064405,0.396,0.9739336492890995
1528,HIGH ST OPP EDGEHILL RD,211,27.5,37.4,3209.8000039884355,0.462,0.13033175355450238
1529,HIGH ST @ OAKLAND RD,211,64.0,37.4,3209.8000039884355,0.462,0.3033175355450237
1530,CYPRESS ST OPP HENRY ST,211,126.0,37.4,3209.8000039884355,0.462,0.5971563981042654
1531,CYPRESS ST @ RICE ST,211,195.0,35.3,7427.400001536102,0.442,0.9241706161137441
1532,CYPRESS ST @ WALNUT ST,211,98.0,32.8,6051.4999939485,0.462,0.46445497630331756
1533,BOYLSTON ST @ CLARK RD,211,63.5,40.1,4400.69999778086,0.475,0.3009478672985782
1534,BOYLSTON ST @ SUMNER RD,211,52.5,40.1,4400.69999778086,0.475,0.24881516587677724
1535,BOYLSTON ST @ CHESTNUT HILL A,211,106.3,41.6,805.3999999191054,0.493,0.5037914691943128
1536,BOYLSTON ST @ RESERVOIR RD,211,59.6,41.2,2256.0999989746415,0.482,0.28246445497630335
1539,BOYLSTON ST @ NORFOLK RD,211,20.5,42.3,1194.2999999075348,0.505,0.0971563981042654
1540,BOYLSTON ST @ HAMMOND ST,211,101.0,42.3,1194.2999999075348,0.505,0.4786729857819905
1541,BOYLSTON ST @ RANDOLPH RD,211,20.0,42.3,1194.2999999075348,0.505,0.0947867298578199
1543,850 BOYLSTON ST,211,71.5,42.3,1194.2999999075348,0.505,0.33886255924170616
1544,OPP 763 BOYLSTON ST,211,182.5,42.3,1194.2999999075348,0.505,0.8649289099526066
1545,BOYLSTON ST @ HEATH ST,211,66.5,42.3,1194.2999999075348,0.505,0.31516587677725116
1546,BOYLSTON ST @ WARREN ST,211,58.5,41.6,805.3999999191054,0.493,0.2772511848341232
1547,BOYLSTON ST @ KENNARD RD,211,30.5,41.6,805.3999999191054,0.493,0.14454976303317535
1548,CYPRESS ST @ MILTON RD,211,99.5,32.8,6051.4999939485,0.462,0.471563981042654
1549,CYPRESS ST @ WALNUT ST,210,46.5,32.8,6051.4999939485,0.462,0.22142857142857142
1550,CYPRESS ST @ KENDALL ST,210,258.5,32.8,6051.4999939485,0.462,1.230952380952381
1551,CYPRESS ST @ FRANKLIN ST,210,160.5,37.4,3209.8000039884355,0.462,0.7642857142857142
1552,HIGH ST @ CYPRESS ST,210,295.0,37.4,3209.8000039884355,0.462,1.4047619047619047
1553,HIGH ST @ HIGHLAND RD,210,61.5,37.4,3209.8000039884355,0.462,0.29285714285714287
1554,HIGH ST @ CUMBERLAND AVE,211,8.0,37.4,3209.8000039884355,0.462,0.037914691943127965
1555,WASHINGTON ST @ WALNUT ST,1161,3601.5,35.8,13864.699949858958,0.444,3.102067183462532
1556,BROOKLINE AVE OPP PEARL ST,452,363.7,35.8,13864.699949858958,0.444,0.804646017699115
1557,BROOKLINE AVE OPP ASPINWALL A,452,92.4,31.9,6427.9000087149725,0.475,0.20442477876106196
1558,BROOKLINE AVE @ FRANCIS ST,452,1924.1,30.8,1985.800000783449,0.401,4.256858407079646
1559,BROOKLINE AVE @ DEACONESS RD,452,1294.6,30.8,1985.800000783449,0.401,2.864159292035398
1562,132 BROOKLINE AVE OPP FULLERT,786,1384.4,25.7,6635.599993967636,0.48,1.7613231552162851
1563,BROOKLINE AVE @ JERSEY ST,786,932.1,28.5,18222.599937908428,0.503,1.1858778625954198
1564,BROOKLINE AVE @ NEWBURY ST,786,252.7,26.7,11224.800046174307,0.404,0.32150127226463104
1565,FRANKLIN PARK LOOP @ ZOO ENTR,615,568.9,20.4,1337.2999997132392,0.412,0.9250406504065041
1566,BLUE HILL AVE OPP WARREN ST,315,375.7,33.0,9118.60001805215,0.479,1.1926984126984126
1567,BLUE HILL AVE @ INTERVALE ST,315,241.9,33.0,9118.60001805215,0.479,0.7679365079365079
1569,BLUE HILL AVE @ QUINCY ST,315,896.2,33.0,9118.60001805215,0.479,2.845079365079365
1570,BLUE HILL AVE @ WOODCLIFF ST,315,426.2,34.2,10880.19999325755,0.451,1.353015873015873
1571,BLUE HILL AVE @ INGLESIDE ST,315,231.4,34.2,10880.19999325755,0.451,0.7346031746031746
1572,BLUE HILL AVE @ JULIAN ST,315,219.0,33.0,8314.200025912898,0.498,0.6952380952380952
1573,BLUE HILL AVE @ W COTTAGE ST,315,336.9,37.3,9428.500001190278,0.469,1.0695238095238095
1574,BLUE HILL AVE @ MORELAND ST,315,185.8,32.9,9447.00003894846,0.447,0.5898412698412698
1575,BLUE HILL AVE @ WINTHROP ST,315,177.4,31.4,8568.200042064887,0.486,0.5631746031746032
1576,BLUE HILL AVE @ DUDLEY ST,315,401.7,36.0,2270.0000000427294,0.609,1.2752380952380953
1577,BLUE HILL AVE @ MT PLEASANT A,292,438.9,36.0,2270.0000000427294,0.609,1.503082191780822
1578,BLUE HILL AVE @ WINTHROP ST,292,209.1,31.4,8568.200042064887,0.486,0.7160958904109589
1579,BLUE HILL AVE OPP STAFFORD ST,292,100.2,32.9,9447.00003894846,0.447,0.34315068493150686
1580,BLUE HILL AVE @ IRWIN ST,292,230.8,37.3,9428.500001190278,0.469,0.7904109589041096
1581,BLUE HILL AVE @ CLIFFORD ST,292,229.8,33.0,8314.200025912898,0.498,0.786986301369863
1582,BLUE HILL AVE @ EDGEWOOD ST,292,231.4,30.8,9130.10001863623,0.464,0.7924657534246575
1583,BLUE HILL AVE @ QUINCY ST,292,760.4,34.2,10880.19999325755,0.451,2.6041095890410957
1584,BLUE HILL AVE @ GASTON ST,292,493.5,29.5,13016.599921772762,0.434,1.6900684931506849
1585,BLUE HILL AVE @ BRUNSWICK ST,292,315.0,33.0,9118.60001805215,0.479,1.0787671232876712
1586,BLUE HILL AVE @ STANWOOD ST,292,443.7,29.4,8419.400022602325,0.475,1.5195205479452054
1587,FRANKLIN PARK ZOO @ ENTRANCE,858,4083.2,20.4,1337.2999997132392,0.412,4.758974358974359
1589,WESTERN AVE @ RIVERDALE ST,820,1705.0,29.0,7498.599982158749,0.505,2.0792682926829267
1593,RUGGLES ST @ SHAWMUT AVE,692,470.5,36.1,10164.60001451321,0.415,0.6799132947976878
1606,BACON ST @ CLARK LN,103,18.8,36.2,2917.0999967731973,0.524,0.1825242718446602
1607,BACON ST @ GREENWOOD LN,103,5.5,45.3,1023.4000001865782,0.505,0.05339805825242718
1608,BACON ST @ KENDALL PK,103,5.5,45.3,1023.4000001865782,0.505,0.05339805825242718
1609,BACON ST @ DALE ST,103,16.0,45.3,1023.4000001865782,0.505,0.1553398058252427
1612,W BOUNDARY RD @ CEDARCREST RD,149,19.7,23.5,2.3999999997257144,0.571,0.13221476510067115
1613,W BOUNDARY RD @ OHRENBERGER S,149,227.8,36.8,4575.700002087029,0.446,1.5288590604026846
1614,W BOUNDARY RD @ GEORGETOWNE D,149,401.4,23.5,2.3999999997257144,0.571,2.693959731543624
1615,GEORGETOWNE DR @ MARGARETTA D,127,250.5,28.5,8538.20000067424,0.377,1.9724409448818898
1616,MARGARETTA DR @ CROWN POINT D,127,469.7,28.5,8538.20000067424,0.377,3.6984251968503936
1617,OPP 67 CROWN POINT DR,127,230.3,28.5,8538.20000067424,0.377,1.8133858267716536
1618,84 GEORGETOWNE PL,254,291.7,28.5,8538.20000067424,0.377,1.1484251968503936
1620,GEORGETOWNE DR OPP MARGARETTA,127,459.4,28.5,8538.20000067424,0.377,3.617322834645669
1621,W BOUNDARY RD @ GEORGETOWNE D,127,341.9,23.5,2.3999999997257144,0.571,2.6921259842519683
1623,W BOUNDARY RD @ CEDARCREST RD,127,97.0,36.8,4575.700002087029,0.446,0.7637795275590551
1633,CENTRE ST @ INTERVALE ST,155,25.6,33.6,3584.6000014753845,0.496,0.16516129032258065
1634,CENTRE ST @ BROOKS AVE,155,47.5,36.9,4077.800002195131,0.497,0.3064516129032258
1635,CENTRE ST @ GRANITE ST,155,145.9,36.9,4077.800002195131,0.497,0.9412903225806452
1636,CENTRE ST @ KENT ST,155,47.0,36.9,4077.800002195131,0.497,0.3032258064516129
1637,WEST ST @ CENTRE ST,155,123.0,37.0,2903.300001066087,0.486,0.7935483870967742
1638,WEST ST @ LYONS ST,155,27.1,37.0,2903.300001066087,0.486,0.17483870967741935
1639,WEST ST @ IDA ST,155,26.1,37.0,2903.300001066087,0.486,0.16838709677419356
1640,WEST ST @ DOBLE ST,155,24.5,35.8,1240.8999998025756,0.488,0.15806451612903225
1641,WEST ST @ HAYDEN ST,155,41.3,35.8,1240.8999998025756,0.488,0.2664516129032258
1642,WEST ST @ WICKFORD LN,155,10.4,35.8,1240.8999998025756,0.488,0.06709677419354838
1643,WEST ST @ WILLARD ST,155,48.9,35.8,1240.8999998025756,0.488,0.31548387096774194
1644,WILLARD ST OPP AMES ST,155,23.6,35.8,1240.8999998025756,0.488,0.15225806451612905
1647,WILLARD ST OPP THISTLE RD,155,19.0,35.8,1240.8999998025756,0.488,0.12258064516129032
1648,859 WILLARD ST,155,95.3,49.5,18.400000003396922,0.538,0.6148387096774194
1649,GRANITE ST @ WOOD RD,155,100.6,49.5,18.400000003396922,0.538,0.6490322580645161
1650,GRANITE ST @ PARTRIDGE HILL R,155,164.0,40.4,562.6999999333665,0.487,1.0580645161290323
1656,MYSTIC ST @ GARDEN ST,181,64.7,56.2,3739.899996307294,0.443,0.3574585635359116
1657,MYSTIC ST @ RANGELY RD,181,52.6,46.7,2328.2999981577536,0.432,0.2906077348066298
1658,MYSTIC ST @ FARRINGTON ST,181,10.9,43.1,2691.0000008677994,0.477,0.06022099447513812
1659,201 MYSTIC ST,181,24.6,46.7,965.9000000449538,0.465,0.13591160220994475
1660,MYSTIC ST @ DAVIS AVE,181,31.3,43.1,2691.0000008677994,0.477,0.17292817679558012
1661,MYSTIC ST @ BEVERLEY RD,181,24.5,46.7,965.9000000449538,0.465,0.13535911602209943
1662,355 MYSTIC ST,181,73.3,41.9,1447.999999824967,0.503,0.40497237569060773
1663,449 MYSTIC ST WINCHESTER LI,181,35.9,41.9,1447.999999824967,0.503,0.19834254143646407
1665,CAMBRIDGE ST @ ROBINSON PK,181,6.1,45.7,777.7000001026612,0.506,0.03370165745856354
1670,CAMBRIDGE ST @ CHURCH ST,181,42.0,44.8,1164.1000000828092,0.481,0.23204419889502761
1671,125 CAMBRIDGE ST OPP ONEIDA R,181,0.0,44.8,1164.1000000828092,0.481,0.0
1672,CAMBRIDGE ST @ FOXCROFT RD,181,20.4,44.8,1164.1000000828092,0.481,0.11270718232044198
1673,CAMBRIDGE ST @ WILDWOOD ST,181,21.0,44.8,1164.1000000828092,0.481,0.11602209944751381
1674,CAMBRIDGE ST @ POND ST,181,101.3,44.8,1164.1000000828092,0.481,0.5596685082872928
1677,CAMBRIDGE RD @ REHABILITATION,181,114.0,48.4,824.2999997432314,0.468,0.6298342541436464
1678,CAMBRIDGE RD @ COUNTRY CLUB R,181,23.8,48.4,824.2999997432314,0.468,0.13149171270718232
1679,254 CAMBRIDGE RD,181,9.6,49.4,978.0000000725091,0.474,0.05303867403314917
1680,CAMBRIDGE RD OPP PARKER ST,181,14.8,49.4,978.0000000725091,0.474,0.08176795580110498
1681,CAMBRIDGE RD @ CRAWFORD DR,181,12.5,49.4,978.0000000725091,0.474,0.06906077348066299
1682,CAMBRIDGE RD @ LITCHFIELD DR,181,15.6,48.4,824.2999997432314,0.468,0.0861878453038674
1683,CAMBRIDGE RD @ RUSSELL ST,181,203.1,49.4,978.0000000725091,0.474,1.1220994475138122
1684,CAMBRIDGE RD OPP REVERE RD,261,41.5,37.2,3243.900003273691,0.48,0.15900383141762453
1686,CAMBRIDGE RD @ LOCUST ST,261,54.8,37.2,3243.900003273691,0.48,0.20996168582375477
1687,CAMBRIDGE RD @ BEDFORD RD,261,59.2,50.4,900.7000000070078,0.487,0.22681992337164752
1688,CAMBRIDGE ST @ RAY AVE,261,37.6,43.2,1018.6999998689829,0.493,0.14406130268199235
1689,CAMBRIDGE ST OPP LINCOLN KNOL,261,125.7,44.4,384.60000003209046,0.45,0.48160919540229885
1690,CAMBRIDGE ST @ WALL ST,108,46.2,43.2,1018.6999998689829,0.493,0.4277777777777778
1691,CAMBRIDGE ST @ BURLINGTON MAL,108,23.3,46.4,722.9000001338867,0.463,0.21574074074074076
1692,76 CAMBRIDGE ST,256,27.4,46.4,722.9000001338867,0.463,0.10703125
1693,CAMBRIDGE ST @ BIRCHCREST ST,256,33.4,49.5,626.3000000014554,0.471,0.13046875
1694,CAMBRIDGE ST @ CEDARWOOD LN,256,3.0,49.5,626.3000000014554,0.471,0.01171875
1695,CAMBRIDGE ST @ BEDFORD ST,256,129.5,42.8,822.8999999075231,0.476,0.505859375
1696,CAMBRIDGE ST @ OLYMPIAN AVE,256,22.9,42.8,822.8999999075231,0.476,0.089453125
1697,CAMBRIDGE ST @ WINN ST,256,65.6,43.8,1258.1999999302125,0.489,0.25625
1698,CAMBRIDGE ST @ SKILTON LN,256,53.8,44.3,1014.7000002575423,0.481,0.21015625
1699,CAMBRIDGE ST @ PONTOS AVE,256,49.1,43.8,1258.1999999302125,0.489,0.191796875
1706,BLUE HILL AVE @ HARVARD ST,719,1690.2,30.0,11311.299998953271,0.377,2.35076495132128
1708,BLUE HILL AVE @ PAXTON ST,719,1488.6,26.1,3072.999996456137,0.418,2.070375521557719
1709,BLUE HILL AVE @ GREENOCK ST,719,1473.5,30.5,10427.599978519973,0.43,2.0493741307371347
1710,BLUE HILL AVE @ JOHNSTON RD,719,1955.2,31.9,11048.800048197785,0.444,2.7193324061196105
1713,BLUE HILL AVE @ GOODALE RD,1305,2138.2,36.5,7271.699981118922,0.461,1.6384674329501914
1714,BLUE HILL AVE @ WELLINGTON HI,1305,3061.8,31.3,9809.60001253442,0.429,2.3462068965517244
1716,BLUE HILL AVE @ MATTAPAN ST,1305,2851.5,31.3,9809.60001253442,0.429,2.185057471264368
1717,BLUE HILL AVE @ ALMONT ST,1305,1611.1,35.5,4720.50001431642,0.457,1.23455938697318
1718,BLUE HILL AVE @ WOODHAVEN ST,1305,1793.7,35.5,4720.50001431642,0.457,1.3744827586206896
1720,BLUE HILL AVE @ MATTAPAN SQ,1305,9024.8,40.4,4968.000010775951,0.462,6.915555555555555
1721,BLUE HILLS PKWY @ RIVER ST,1844,859.6,39.3,2778.1000005564806,0.495,0.4661605206073753
1722,1624 BLUE HILL AVE @ MATTAPAN,1363,9516.4,43.0,4861.9999977891575,0.443,6.981951577402787
1723,BLUE HILL AVE @ BABSON ST,1363,2020.2,43.0,4861.9999977891575,0.443,1.482171680117388
1724,BLUE HILL AVE OPP WOODHAVEN S,1363,1448.3,43.0,4861.9999977891575,0.443,1.062582538517975
1725,1458 BLUE HILL AVE OPP ALMONT,1363,2011.6,35.5,4720.50001431642,0.457,1.475862068965517
1726,BLUE HILL AVE @ MATTAPAN LIBR,1363,3111.3,31.3,9809.60001253442,0.429,2.282685253118122
1728,BLUE HILL AVE @ FESSENDEN ST,1363,2883.5,31.3,9809.60001253442,0.429,2.1155539251650772
1730,BLUE HILL AVE @ WOOLSON ST,1363,3096.5,31.3,9809.60001253442,0.429,2.271826852531181
1731,BLUE HILL AVE @ MORTON ST,768,4252.7,31.7,10124.699945909302,0.457,5.537369791666666
1732,BLUE HILL AVE @ WOODROW AVE,768,2035.3,32.5,8585.899997074885,0.461,2.650130208333333
1733,BLUE HILL AVE @ ARBUTUS ST,768,855.9,33.5,7595.300000571963,0.452,1.114453125
1734,BLUE HILL AVE @ CALLENDER ST,768,1275.4,33.5,7595.300000571963,0.452,1.6606770833333335
1735,BLUE HILL AVE @ WESTVIEW ST,768,1680.1,26.1,3072.999996456137,0.418,2.187630208333333
1736,BLUE HILL AVE OPP HEALTH CTR,768,1886.4,26.1,3072.999996456137,0.418,2.4562500000000003
1737,BLUE HILL AVE @ HARVARD ST,1417,4536.1,33.8,10996.800072344546,0.439,3.201199717713479
1739,SEAVER ST @ MAPLE ST,754,847.9,30.1,15157.60004128997,0.432,1.1245358090185675
1740,SEAVER ST @ ELM HILL AVE,754,1214.1,30.1,15157.60004128997,0.432,1.610212201591512
1741,SEAVER ST @ HUMBOLDT AVE,739,1265.1,32.6,11078.100042002898,0.412,1.7119079837618403
1742,SEAVER ST @ HAROLD ST,1047,754.2,32.6,11078.100042002898,0.412,0.7203438395415473
1743,COLUMBUS AVE @ WALNUT AVE,1047,2510.5,37.0,13267.099930779112,0.447,2.397803247373448
1747,HEATH ST @ VA HOSPITAL,103,211.9,30.9,13027.499972951377,0.497,2.057281553398058
1749,HEATH ST OPP HAYDEN ST,103,97.7,25.5,6175.3000090967835,0.505,0.9485436893203884
1750,HEATH ST @ WALDEN ST,103,61.4,25.5,6175.3000090967835,0.505,0.596116504854369
1751,106 HEATH ST OPP BICKFORD AVE,103,21.1,25.5,6175.3000090967835,0.505,0.20485436893203884
1752,HEATH ST @ PARKER ST,103,19.8,32.4,19350.099918235454,0.412,0.19223300970873788
1753,34 HEATH ST OPP BROMLEY ST,103,14.8,23.9,5973.600004207874,0.472,0.14368932038834953
1755,HEATH ST @ WENSLEY ST,98,0.0,25.5,6175.3000090967835,0.505,0.0
1756,107 HEATH ST OPP BICKFORD AVE,98,27.9,25.5,6175.3000090967835,0.505,0.2846938775510204
1757,177 HEATH ST OPP WALDEN ST,98,65.9,31.8,11974.00003625724,0.498,0.6724489795918368
1758,HEATH ST @ HAYDEN ST,98,113.6,25.5,6175.3000090967835,0.505,1.1591836734693877
1760,HEATH ST OPP VA HOSPITAL,98,43.1,30.4,4382.599998134766,0.479,0.43979591836734694
1761,HEATH ST @ S HUNTINGTON AVE,98,196.0,30.4,4382.599998134766,0.479,2.0
1771,GRANITE ST @ PEARL ST,318,366.7,36.9,10039.200012442952,0.508,1.1531446540880503
1772,GRANITE ST @ BROOKLINE ST,318,251.9,33.9,3261.699999868922,0.467,0.7921383647798742
1773,MOUNTFORT ST @ LENOX ST,428,1265.3,28.3,4040.200002475167,0.485,2.956308411214953
1775,PARK DR @ BEACON ST,428,905.7,26.1,19675.799912398772,0.447,2.116121495327103
1777,BROOKLINE AVE @ PILGRIM RD,1064,1037.5,20.4,9841.799999755896,0.222,0.9750939849624061
1778,BROOKLINE AVE @ SHORT ST,1174,2476.6,20.4,9841.799999755896,0.222,2.10954003407155
1779,LONGWOOD AVE @ BROOKLINE AVE,652,3705.2,30.8,1985.800000783449,0.401,5.68282208588957
1780,LONGWOOD AVE @ BLACKFAN ST,762,2707.1,30.8,1985.800000783449,0.401,3.55262467191601
1784,RUGGLES ST @ HUNTINGTON AVE,927,806.2,20.3,12146.599985025648,0.46,0.8696871628910464
1785,RUGGLES ST @ ANNUNCIATION RD,672,245.8,20.3,12146.599985025648,0.46,0.36577380952380956
1787,WASHINGTON ST @ WORCESTER ST,1651,3687.9,33.9,9442.299993201543,0.521,2.2337371290127197
1788,WASHINGTON ST @ E NEWTON ST,1651,5754.3,41.0,18596.599986662575,0.47,3.48534221683828
1789,WASHINGTON ST @ MYSTIC ST,234,313.2,35.3,20698.29996682896,0.397,1.3384615384615384
1790,HARRISON AVE @ WORCESTER SQ,693,1175.6,33.9,9442.299993201543,0.521,1.6963924963924963
1791,HARRISON AVE @ E LENOX ST,553,825.1,35.3,6483.900009503497,0.398,1.4920433996383364
1798,RUGGLES ST @ PARKER ST,648,343.2,20.7,16656.49998945865,0.463,0.5296296296296296
1799,RUGGLES ST @ HUNTINGTON AVE,783,675.2,20.3,12146.599985025648,0.46,0.8623243933588762
1800,LOUIS PRANG ST @ EVANS WAY,90,0.5,20.8,11167.80000632842,0.64,0.005555555555555556
1804,BROOKLINE AVE @ LONGWOOD AVE,1100,3295.0,20.4,9841.799999755896,0.222,2.9954545454545456
1805,BROOKLINE AVE OPP SHORT ST,1425,2308.1,20.4,9841.799999755896,0.222,1.619719298245614
1806,BROOKLINE AVE @ THE FENWAY,1100,1073.5,20.4,9841.799999755896,0.222,0.975909090909091
1807,PARK DR @ FENWAY STATION,434,1043.4,25.7,6635.599993967636,0.48,2.4041474654377883
1808,PARK DR @ BEACON ST,434,843.6,26.1,19675.799912398772,0.447,1.943778801843318
1810,COMMONWEALTH AVE @ UNIVERSITY,434,1475.3,21.3,9455.000006758497,0.402,3.3993087557603685
1811,BROOKLINE ST @ GRANITE ST,314,555.5,31.9,5862.099992978212,0.528,1.769108280254777
1812,BROOKLINE ST @ PUTNAM AVE,314,487.90000000000003,36.9,10039.200012442952,0.508,1.5538216560509555
1813,BROOKLINE ST @ ERIE ST,314,446.9,29.9,14478.099961881147,0.501,1.423248407643312
1814,BROOKLINE ST @ PACIFIC ST,314,285.6,26.5,13605.599999527753,0.583,0.9095541401273886
1816,BROOKLINE ST @ GREEN ST,314,1013.1999999999999,30.4,10017.09999903774,0.521,3.226751592356688
1836,INDEPENDENCE DR @ MARANVILLE,140,281.0,37.4,2045.000000160602,0.445,2.007142857142857
1839,VFW PKWY @ COREY ST,140,16.5,37.4,2045.000000160602,0.445,0.11785714285714285
1840,310 COREY ST,140,66.5,45.7,3234.000000848262,0.46,0.475
1841,COREY ST @ WELD ST,140,49.5,45.7,3234.000000848262,0.46,0.3535714285714286
1842,WELD ST @ RUSKIN ST,140,6.0,44.8,3011.200002861325,0.454,0.04285714285714286
1843,WELD ST @ MAPLE ST,140,27.5,43.0,3807.500005033105,0.458,0.19642857142857142
1844,WELD ST @ WILLOW ST,140,90.0,44.7,5490.000008753987,0.483,0.6428571428571429
1845,WELD ST @ MANTHORNE RD,140,88.0,44.7,5490.000008753987,0.483,0.6285714285714286
1846,WELD ST @ RUSSETT RD,140,86.0,42.1,3274.9000034805917,0.463,0.6142857142857143
1847,WELD ST @ CHURCH ST,140,53.0,42.1,3274.9000034805917,0.463,0.37857142857142856
1848,WELD ST @ PARKLAWN RD,140,11.0,57.1,1512.3999994511482,0.452,0.07857142857142857
1849,WELD ST @ BURNSIDE AVE,140,17.0,49.1,3163.7000036843715,0.473,0.12142857142857143
1850,WELD ST @ RAVENNA RD,140,5.0,57.1,1512.3999994511482,0.452,0.03571428571428571
1851,WELD ST @ CERDAN AVE,140,16.0,49.1,3163.7000036843715,0.473,0.11428571428571428
1852,WELD ST @ COLBY RD,140,29.5,57.1,1512.3999994511482,0.452,0.21071428571428572
1853,WELD ST OPP WEDGEWOOD RD,140,80.0,62.7,3694.599998122744,0.438,0.5714285714285714
1856,170 WALTER ST,140,24.0,14.3,9.699999996208183,0.545,0.17142857142857143
1857,144 WALTER ST OPP MENDUM ST,140,18.0,39.0,4362.400004563741,0.472,0.12857142857142856
1860,WALTER ST @ HEWLETT ST,140,176.0,39.4,6567.999979488724,0.446,1.2571428571428571
1867,ROBERT ST @ BELGRADE AVE,140,0.0,39.0,4362.400004563741,0.472,0.0
1871,WALTER ST @ MENDUM ST,140,39.5,39.0,4362.400004563741,0.472,0.28214285714285714
1872,OPP 174 WALTER ST,140,37.5,14.3,9.699999996208183,0.545,0.26785714285714285
1875,WELD ST @ WEDGEWOOD RD,140,97.5,62.7,3694.599998122744,0.438,0.6964285714285714
1876,WELD ST @ ALWARD RD,140,29.5,57.1,1512.3999994511482,0.452,0.21071428571428572
1877,WELD ST @ MOREY ST,140,16.0,49.1,3163.7000036843715,0.473,0.11428571428571428
1878,WELD ST @ GRETTER RD,140,8.5,57.1,1512.3999994511482,0.452,0.060714285714285714
1879,WELD ST @ LANTERN LN,140,16.5,57.1,1512.3999994511482,0.452,0.11785714285714285
1880,WELD ST @ PARKLAWN RD,140,17.5,49.1,3163.7000036843715,0.473,0.125
1881,WELD ST @ CHURCH ST,140,55.0,57.1,1512.3999994511482,0.452,0.39285714285714285
1882,WELD ST @ RUSSET RD,140,112.5,42.1,3274.9000034805917,0.463,0.8035714285714286
1883,WELD ST @ MANTHORNE RD,140,100.5,44.7,5490.000008753987,0.483,0.7178571428571429
1884,WELD ST @ WILLOW ST,140,60.0,44.7,5490.000008753987,0.483,0.42857142857142855
1885,WELD ST @ MAPLE ST,140,34.5,43.0,3807.500005033105,0.458,0.24642857142857144
1886,WELD ST @ AVALON RD,140,10.5,44.8,3011.200002861325,0.454,0.075
1887,WELD ST @ COREY ST,140,31.5,45.7,3234.000000848262,0.46,0.225
1888,COREY ST @ VFW PKWY,140,107.0,45.7,3234.000000848262,0.46,0.7642857142857142
1890,INDEPENDENCE DR OPP MARANVILL,140,312.0,37.4,2045.000000160602,0.445,2.2285714285714286
1891,INDEPENDENCE DR @ THORNTON RD,140,164.5,35.3,3137.0000014317034,0.467,1.175
1892,INDEPENDENCE DR OPP GERRY RD,140,284.0,35.3,3137.0000014317034,0.467,2.0285714285714285
1893,GROVE ST @ RUSSET RD,140,79.5,44.8,2285.7999980066797,0.506,0.5678571428571428
1895,GROVE ST @ SOUTH ST,140,120.5,42.8,1697.4999996042598,0.473,0.8607142857142858
1900,CENTRE ST @ PEARL ST,934,421.5,34.4,4288.2999946303025,0.479,0.4512847965738758
1921,IPSWICH ST @ LANSDOWNE ST,63,6.7,59.0,7993.500024166095,0.474,0.10634920634920635
1922,IPSWICH ST @ BOYLSTON ST,63,18.4,59.0,7993.500024166095,0.474,0.292063492063492
1923,BOYLSTON ST @ JERSEY ST,63,34.4,59.0,7993.500024166095,0.474,0.546031746031746
1924,KILMARNOCK ST @ PETERBOROUGH,63,60.9,27.5,43774.59958090347,0.495,0.9666666666666667
1925,KILMARNOCK ST @ QUEENSBERRY S,63,40.9,28.4,22739.00005197839,0.474,0.6492063492063492
1926,QUEENSBERRY ST @ JERSEY ST,133,123.8,29.7,27771.60018858239,0.523,0.9308270676691729
1927,JERSEY ST @ BOYLSTON ST,70,146.0,59.0,7993.500024166095,0.474,2.085714285714286
1928,IPSWICH ST @ BOYLSTON ST,70,71.0,60.2,16462.299957541167,0.474,1.0142857142857142
1929,IPSWICH ST OPP LANSDOWNE ST,70,31.0,60.2,16462.299957541167,0.474,0.44285714285714284
1931,IPSWICH ST @ BOYLSTON ST,70,12.0,60.2,16462.299957541167,0.474,0.17142857142857143
1932,BOYLSTON ST @ MASSACHUSETTS A,70,52.0,33.1,9675.199945253977,0.472,0.7428571428571429
1936,SOUTH ST @ SPALDING ST,886,648.2,32.9,8540.399987211298,0.427,0.7316027088036118
1937,SOUTH ST @ CHILD ST,886,2042.3,32.9,8540.399987211298,0.427,2.305079006772009
1939,775 CENTRE ST,855,1275.0,36.6,4817.200006479586,0.454,1.4912280701754386
1940,CENTRE ST @ ALDWORTH ST,176,20.0,35.0,8792.099961218899,0.455,0.11363636363636363
1941,CENTRE ST @ ORCHARD ST,176,37.6,35.0,8792.099961218899,0.455,0.21363636363636365
1965,BOYLSTON ST @ STAR MARKET,211,345.9,47.9,431.9999999878524,0.487,1.6393364928909953
1984,BOYLSTON ST @ HAMMOND ST,211,225.5,47.9,431.9999999878524,0.487,1.0687203791469195
1994,WINSHIP ST @ UNION ST,337,490.3,28.9,6834.100010061534,0.496,1.4548961424332345
2002,CENTRE ST @ ARBORWAY,171,35.5,35.0,8792.099961218899,0.455,0.20760233918128654
2003,CENTRE ST @ BALLARD ST,171,30.1,35.0,8792.099961218899,0.455,0.1760233918128655
2006,SOUTH ST @ JAMAICA ST,853,1476.0,34.4,4843.000005973584,0.435,1.7303634232121923
2007,SOUTH ST @ ST ROSE ST,853,621.9,34.4,4843.000005973584,0.435,0.729073856975381
2020,MT AUBURN ST @ STORY ST,1083,2880.4,38.9,4239.899999977411,0.486,2.659649122807018
2021,MT AUBURN ST @ ASH ST,1083,204.1,36.9,4243.400003230239,0.449,0.1884579870729455
2023,MT AUBURN ST @ SPARKS ST,1083,306.1,36.9,4243.400003230239,0.449,0.28264081255771006
2025,MT AUBURN ST @ LONGFELLOW RD,1083,1173.6,52.3,1040.599999594574,0.435,1.0836565096952908
2026,MT AUBURN ST @ TRAILL ST,1083,239.3,52.3,1040.599999594574,0.435,0.22096029547553095
2027,MT AUBURN ST OPP COOLIDGE AVE,1083,192.8,52.3,1040.599999594574,0.435,0.17802400738688828
2028,MT AUBURN ST @ BRATTLE ST,1083,249.4,48.9,3544.8999971930566,0.481,0.23028624192059097
2030,MT AUBURN ST @ HOMER AVE,1068,2489.7,39.7,3567.0000056343865,0.44,2.3311797752808987
2032,MT AUBURN ST @ SAINT MARYS ST,533,479.2,39.3,1059.9000000579038,0.463,0.89906191369606
2033,MT AUBURN ST @ KEENAN ST,533,300.9,39.3,1059.9000000579038,0.463,0.5645403377110694
2034,MT AUBURN ST @ KIMBALL RD,533,1229.7,39.3,1059.9000000579038,0.463,2.307129455909944
2036,MT AUBURN ST @ UPLAND RD,533,382.9,38.4,5843.599997454788,0.471,0.7183864915572232
2037,MT AUBURN ST @ WINSOR AVE,533,330.9,38.4,5843.599997454788,0.471,0.6208255159474672
2038,MT AUBURN ST @ ADAMS AVE,533,298.7,46.5,2863.9999983620987,0.457,0.5604127579737336
2040,MT AUBURN ST @ AMHERST RD,533,325.0,46.5,2863.9999983620987,0.457,0.6097560975609756
2042,MT AUBURN ST @ RUSSELL AVE,533,234.0,46.5,2863.9999983620987,0.457,0.43902439024390244
2043,MT AUBURN ST @ MARSHALL ST,533,514.3,42.4,3617.4000051291737,0.47,0.9649155722326453
2044,MT AUBURN ST @ SUMMER ST,533,449.1,32.3,5490.500001071447,0.484,0.8425891181988744
2046,MT AUBURN ST @ MAIN ST,533,832.9,32.3,5490.500001071447,0.484,1.5626641651031894
2047,MT AUBURN ST @ BATES RD E,533,208.60000000000002,46.5,2863.9999983620987,0.457,0.39136960600375237
2048,MT AUBURN ST @ MAIN ST,522,234.9,32.3,5490.500001071447,0.484,0.45
2049,MT AUBURN ST @ PATTEN ST,522,476.0,36.7,5152.500006996605,0.499,0.9118773946360154
2050,MT AUBURN ST @ PARKER ST,522,438.7,32.3,5490.500001071447,0.484,0.8404214559386973
2051,MT AUBURN ST @ FRANKLIN ST,522,286.2,46.5,2863.9999983620987,0.457,0.5482758620689655
2052,MT AUBURN ST @ WALNUT ST,522,199.4,46.5,2863.9999983620987,0.457,0.38199233716475095
2054,MT AUBURN ST @ BOYLSTON ST,522,323.4,46.5,2863.9999983620987,0.457,0.6195402298850574
2056,MT AUBURN ST @ WINTHROP ST,522,262.5,46.5,2863.9999983620987,0.457,0.5028735632183908
2057,MT AUBURN ST @ SCHOOL ST,522,384.3,38.4,5843.599997454788,0.471,0.7362068965517241
2058,MT AUBURN ST @ ADAMS ST,522,412.0,39.2,5697.10000518436,0.474,0.789272030651341
2060,MT AUBURN ST @ BIGELOW AVE,522,1183.1,39.3,1059.9000000579038,0.463,2.2664750957854403
2061,MT AUBURN ST OPP KEENAN ST,522,416.6,39.3,1059.9000000579038,0.463,0.7980842911877395
2062,MT AUBURN ST @ COTTAGE ST,522,397.8,39.3,1059.9000000579038,0.463,0.7620689655172413
2064,MT AUBURN ST OPP HOMER AVE,1044,1782.3,39.7,3567.0000056343865,0.44,1.707183908045977
2066,MT AUBURN ST OPP BRATTLE ST,1074,280.5,48.9,3544.8999971930566,0.481,0.2611731843575419
2067,MT AUBURN ST @ COOLIDGE AVE,1074,193.9,52.3,1040.599999594574,0.435,0.18054003724394788
2068,MT AUBURN ST OPP TRAILL ST,1074,209.7,52.3,1040.599999594574,0.435,0.1952513966480447
2070,MT AUBURN ST @ MT AUBURN HOSP,1074,1307.5,52.3,1040.599999594574,0.435,1.2174115456238361
2071,MT AUBURN ST OPP SPARKS ST,1074,269.4,52.3,1040.599999594574,0.435,0.2508379888268156
2073,MT AUBURN ST @ BREWER ST,1074,348.2,38.9,4239.899999977411,0.486,0.3242085661080074
2074,MT AUBURN ST @ UNIVERSITY RD,1074,2459.2,38.9,4239.899999977411,0.486,2.28975791433892
2077,ABERDEEN AVE @ MT AUBURN ST,35,57.5,39.7,3567.0000056343865,0.44,1.6428571428571428
2078,61 ABERDEEN AVE,20,8.0,48.9,3544.8999971930566,0.481,0.4
2080,HURON AVE @ LARCH RD,255,119.0,48.9,3544.8999971930566,0.481,0.4666666666666667
2082,HURON AVE @ LAKEVIEW AVE,255,158.0,48.9,3544.8999971930566,0.481,0.6196078431372549
2083,HURON AVE @ GURNEY ST,255,274.7,48.9,3544.8999971930566,0.481,1.0772549019607842
2085,HURON AVE @ APPLETON ST,255,134.0,38.6,7852.999991813203,0.441,0.5254901960784314
2090,HURON AVE @ APPLETON ST,260,112.5,53.8,2189.3000009882485,0.477,0.4326923076923077
2092,HURON AVE @ CHILTON ST,260,225.9,48.9,3544.8999971930566,0.481,0.8688461538461538
2093,HURON AVE @ LAKEVIEW AVE,260,144.5,48.9,3544.8999971930566,0.481,0.5557692307692308
2095,HURON AVE @ LARCH RD,260,133.5,48.9,3544.8999971930566,0.481,0.5134615384615384
2096,ABERDEEN AVE @ HURON AVE,35,98.5,39.7,3567.0000056343865,0.44,2.8142857142857145
2097,ABERDEEN AVE @ ABERDEEN WAY,35,9.5,39.7,3567.0000056343865,0.44,0.2714285714285714
2098,ABERDEEN AVE @ MT AUBURN ST,65,40.5,39.7,3567.0000056343865,0.44,0.6230769230769231
2099,TRAPELO RD @ CHURCH ST,60,120.5,39.0,3342.300002137215,0.465,2.0083333333333333
2101,TRAPELO RD @ SYCAMORE ST,522,309.0,39.0,3342.300002137215,0.465,0.5919540229885057
2102,TRAPELO RD @ BEECH ST,522,656.3,38.3,6907.700010086862,0.472,1.25727969348659
2103,TRAPELO RD @ WALNUT ST,522,195.1,38.4,5691.400006909505,0.476,0.37375478927203065
2104,TRAPELO RD @ BARTLETT AVE,522,823.3,38.3,6907.700010086862,0.472,1.5772030651340996
2106,TRAPELO RD @ WILLISTON RD,522,715.7,39.6,5030.099981519321,0.505,1.371072796934866
2107,36 TRAPELO RD,522,115.4,47.1,2678.200004257367,0.475,0.22107279693486592
2108,TRAPELO RD @ BELMONT ST,522,273.3,45.1,4216.999996825404,0.486,0.5235632183908047
2110,BELMONT ST OPP PAYSON RD,522,307.3,43.5,3692.1000048399314,0.456,0.5886973180076629
2112,BELMONT ST @ LANGDON AVE,522,507.3,41.4,6788.800018420105,0.476,0.9718390804597702
2113,BELMONT ST @ WOODLEIGH RD,522,465.7,41.4,6788.800018420105,0.476,0.8921455938697318
2115,BELMONT ST @ PRENTISS ST,522,883.8,35.6,5601.800001689689,0.462,1.693103448275862
2116,PURCHASE ST @ PEARL ST,80,50.0,38.6,1976.5999982385579,0.548,0.625
2117,BELMONT ST @ ST. MARY'S ST,522,590.6,45.2,868.500000125903,0.438,1.1314176245210728
2118,BELMONT ST @ CUSHING ST,535,333.8,45.2,868.500000125903,0.438,0.6239252336448599
2119,BELMONT ST @ SULLIVAN RD,535,475.8,45.2,868.500000125903,0.438,0.8893457943925234
2121,BELMONT ST @ MARLBORO ST,535,596.6,35.6,5601.800001689689,0.462,1.115140186915888
2122,BELMONT ST @ FALMOUTH ST,535,451.0,41.4,6788.800018420105,0.476,0.8429906542056075
2123,BELMONT ST @ SCHOOL ST,535,415.8,43.5,3692.1000048399314,0.456,0.777196261682243
2124,BELMONT ST @ PAYSON RD,535,225.2,43.5,3692.1000048399314,0.456,0.42093457943925233
2125,BELMONT ST @ OAKLEY RD,535,247.9,45.1,4216.999996825404,0.486,0.4633644859813084
2126,TRAPELO RD @ WILLOW ST,535,186.5,47.1,2678.200004257367,0.475,0.3485981308411215
2127,TRAPELO RD OPP WILLISTON RD -,535,656.6,39.6,5030.099981519321,0.505,1.2272897196261683
2128,TRAPELO RD OPP POPLAR ST,535,203.5,39.6,5030.099981519321,0.505,0.38037383177570094
2129,TRAPELO RD @ SLADE ST,535,612.5,38.4,5691.400006909505,0.476,1.144859813084112
2130,TRAPELO RD OPP WALNUT ST,535,199.8,38.4,5691.400006909505,0.476,0.3734579439252337
2131,TRAPELO RD @ BEECH ST,535,780.5,38.3,6907.700010086862,0.472,1.4588785046728971
2133,TRAPELO RD @ WAVERLEY ST,535,291.5,39.0,3342.300002137215,0.465,0.5448598130841121
2134,CHURCH ST @ LEXINGTON ST,1057,4460.2,39.0,3342.300002137215,0.465,4.219678334910123
2137,396 CONCORD AVE,892,1798.0,45.7,2363.5999988532726,0.488,2.015695067264574
2139,CONCORD AVE @ COTTAGE ST,451,104.2,45.7,2363.5999988532726,0.488,0.23104212860310422
2141,CONCORD AVE @ ORCHARD ST,451,234.4,45.7,2363.5999988532726,0.488,0.5197339246119734
2143,CONCORD AVE @ EDGEMOOR RD,451,36.6,43.4,2047.199999473577,0.488,0.08115299334811531
2144,CONCORD AVE @ WATSON RD,451,344.5,43.4,2047.199999473577,0.488,0.7638580931263859
2145,BRIGHT RD @ GALE RD,235,29.0,43.4,2047.199999473577,0.488,0.12340425531914893
2146,BRIGHT RD @ WASHINGTON ST,235,94.1,43.4,2047.199999473577,0.488,0.4004255319148936
2148,CONCORD AVE @ BLANCHARD RD,428,378.6,45.2,868.500000125903,0.438,0.8845794392523365
2149,CONCORD AVE OPP SPINELLI PL,428,169.9,45.2,868.500000125903,0.438,0.3969626168224299
2150,CONCORD AVE OPP SMITH PL,428,420.6,35.8,2805.6000015387203,0.463,0.9827102803738318
2151,CONCORD AVE OPP MOULTON ST,428,267.7,45.2,868.500000125903,0.438,0.6254672897196262
2152,CONCORD AVE OPP FAWCETT ST,428,520.2,35.8,2805.6000015387203,0.463,1.2154205607476636
2153,CONCORD AVE OPP WHEELER ST,428,799.0,45.2,868.500000125903,0.438,1.8668224299065421
2154,CONCORD AVE OPP NEW ST,428,367.6,42.8,4594.90001165049,0.455,0.8588785046728973
2155,CONCORD AVE OPP FERN ST,428,234.8,37.9,3165.6999988428356,0.455,0.5485981308411215
2156,CONCORD AVE @ ALPINE ST,428,282.0,42.8,4594.90001165049,0.455,0.6588785046728972
2158,CONCORD AVE @ WALDEN ST,428,380.1,38.6,7852.999991813203,0.441,0.8880841121495328
2159,CONCORD AVE @ HURON AVE,683,667.4,38.7,4563.099990895246,0.481,0.9771595900439238
2160,CONCORD AVE @ BUCKINGHAM ST,683,107.4,53.8,2189.3000009882485,0.477,0.15724743777452416
2161,CONCORD AVE @ PARKER ST,683,148.4,36.9,4243.400003230239,0.449,0.21727672035139092
2162,CONCORD AVE @ CRAIGIE ST,683,177.9,36.9,4243.400003230239,0.449,0.26046852122986824
2163,GARDEN ST @ CONCORD AVE,683,457.5,22.8,13007.29997825367,0.488,0.6698389458272328
2166,QUINCY ST @ BROADWAY OPP FOGG,405,392.9,26.8,9303.600029514459,0.452,0.9701234567901234
2167,QUINCY ST @ HARVARD ST,405,313.8,26.8,9303.600029514459,0.452,0.7748148148148148
2168,MASSACHUSETTS AVE @ JOHNSTON,399,1907.5,19.2,12918.600042269132,0.503,4.780701754385965
2170,GARDEN ST OPP MASON ST,684,638.8,38.9,4239.899999977411,0.486,0.9339181286549707
2172,CONCORD AVE @ CHAUNCY ST,684,491.3,22.8,13007.29997825367,0.488,0.7182748538011696
2173,CONCORD AVE OPP CRAIGIE ST,684,133.7,36.9,4243.400003230239,0.449,0.19546783625730993
2174,CONCORD AVE @ BOND ST,684,161.9,36.9,4243.400003230239,0.449,0.23669590643274854
2175,CONCORD AVE OPP BUCKINGHAM ST,684,113.6,36.9,4243.400003230239,0.449,0.16608187134502922
2176,CONCORD AVE @ HURON AVE,684,723.3,38.7,4563.099990895246,0.481,1.057456140350877
2177,CONCORD AVE @ WALDEN ST,424,388.2,38.6,7852.999991813203,0.441,0.915566037735849
2179,CONCORD AVE @ CORPORAL BURNS,424,387.5,42.8,4594.90001165049,0.455,0.9139150943396226
2180,CONCORD AVE @ BIRCH ST,424,143.8,37.9,3165.6999988428356,0.455,0.3391509433962264
2181,CONCORD AVE @ NEW ST,424,426.3,42.8,4594.90001165049,0.455,1.0054245283018868
2182,CONCORD AVE @ WHEELER ST,424,1259.3,45.2,868.500000125903,0.438,2.9700471698113207
2184,CONCORD AVE @ MOULTON ST,424,271.7,35.8,2805.6000015387203,0.463,0.6408018867924528
2185,CONCORD AVE @ SMITH PL,424,425.5,45.2,868.500000125903,0.438,1.0035377358490567
2186,CONCORD AVE @ SPINELLI PL,424,208.5,35.8,2805.6000015387203,0.463,0.49174528301886794
2187,799 CONCORD AVE,424,439.2,35.8,2805.6000015387203,0.463,1.0358490566037735
2189,BRIGHT RD @ WASHINGTON ST,225,113.1,43.4,2047.199999473577,0.488,0.5026666666666666
2190,BRIGHT RD @ GLENN RD,225,32.0,43.4,2047.199999473577,0.488,0.14222222222222222
2191,CONCORD AVE @ TROWBRIDGE ST,441,419.7,43.4,2047.199999473577,0.488,0.9517006802721089
2192,CONCORD AVE OPP EDGEMOOR RD,441,57.6,43.4,2047.199999473577,0.488,0.1306122448979592
2194,CONCORD AVE OPP ORCHARD ST,441,211.5,43.4,2047.199999473577,0.488,0.47959183673469385
2196,CONCORD AVE OPP COTTAGE ST,441,68.6,43.4,2047.199999473577,0.488,0.15555555555555553
2201,WEST SERVICE RD @ GEORGE ST,50,5.0,43.1,3182.599998033404,0.485,0.1
2203,WEST SERVICE RD @ FLORENCE AV,50,10.0,43.3,1863.2999996959584,0.49,0.2
2217,454 BROADWAY,85,241.5,32.0,8125.6000175697445,0.493,2.8411764705882354
2218,BROADWAY @ ELLERY ST,85,158.0,33.2,14665.599902298454,0.49,1.8588235294117648
2220,BROADWAY @ CRAWFORD ST,85,61.5,32.4,14970.100097123606,0.484,0.7235294117647059
2221,BROADWAY @ LEE ST,85,54.5,31.9,12924.199964694897,0.491,0.6411764705882353
2222,BROADWAY @ INMAN ST,85,43.0,32.6,10274.300023284144,0.497,0.5058823529411764
2223,BROADWAY @ INMAN ST,85,45.5,32.6,10274.300023284144,0.497,0.5352941176470588
2224,BROADWAY @ FAYETTE ST,95,51.5,31.9,12924.199964694897,0.491,0.5421052631578948
2225,BROADWAY @ HIGHLAND AVE,95,60.0,32.4,14970.100097123606,0.484,0.631578947368421
2226,BROADWAY @ ELLERY ST,95,128.5,33.2,14665.599902298454,0.49,1.3526315789473684
2228,BROADWAY @ GALILEO WAY,305,573.0,20.3,3155.6999979412744,0.45,1.8786885245901639
2231,MAIN ST @ KENDALL STATION,600,2558.5,28.9,3390.100001771255,0.57,4.264166666666667
2250,MASSACHUSETTS AVE @ DANIELS S,603,310.1,43.9,4001.8000039520143,0.457,0.5142620232172471
2251,MASSACHUSETTS AVE @ APPLETON,613,1043.7,43.9,4001.8000039520143,0.457,1.702610114192496
2252,MASSACHUSETTS AVE @ QUINCY ST,613,687.1,43.9,4001.8000039520143,0.457,1.1208809135399673
2254,MASSACHUSETTS AVE @ MENOTOMY,613,624.2,39.5,4699.200001521266,0.49,1.0182707993474716
2255,MASSACHUSETTS AVE @ MT VERNON,613,464.5,39.5,4699.200001521266,0.49,0.7577487765089723
2256,MASSACHUSETTS AVE @ LOCKELAND,613,970.8,38.3,2758.900002631436,0.458,1.5836867862969004
2257,MASSACHUSETTS AVE @ NEWMAN WA,613,800.7,38.3,2758.900002631436,0.458,1.306199021207178
2258,MASSACHUSETTS AVE @ ACADEMY S,733,770.2,56.2,3739.899996307294,0.443,1.0507503410641201
2259,MASSACHUSETTS AVE @ PEG SPENG,733,786.3,56.2,3739.899996307294,0.443,1.0727148703956344
2260,MASSACHUSETTS AVE @ BROADWAY,781,2070.3,40.1,6271.899994218052,0.474,2.6508322663252244
2261,MASSACHUSETTS AVE @ AVON PL,781,441.4,40.1,6271.899994218052,0.474,0.5651728553137003
2262,MASSACHUSETTS AVE @ WYMAN TER,781,363.5,40.1,6271.899994218052,0.474,0.4654289372599232
2263,MASSACHUSETTS AVE @ LINWOOD S,781,685.4,40.1,6271.899994218052,0.474,0.8775928297055058
2264,260 MASSACHUSETTS AVE,781,832.3,40.6,6117.499972794287,0.467,1.065685019206146
2265,MASSACHUSETTS AVE @ LAKE ST,781,1136.5,38.2,6279.399988015535,0.448,1.4551856594110115
2266,MASSACHUSETTS AVE @ MILTON ST,781,674.3,35.9,4800.399999646286,0.499,0.8633802816901408
2268,MASSACHUSETTS AVE @ MAGOUN ST,613,275.2,34.9,4981.200003461454,0.513,0.4489396411092985
2269,MASSACHUSETTS AVE @ COTTAGE P,613,623.6,37.5,7333.300015090687,0.471,1.0172920065252855
2270,MASSACHUSETTS AVE @ CEDAR ST,613,584.3,37.5,7333.300015090687,0.471,0.9531810766721043
2271,MASSACHUSETTS AVE @ CAMERON A,603,576.0,34.7,8020.500021425092,0.478,0.9552238805970149
2273,MASSACHUSETTS AVE @ CHURCHILL,603,678.0,37.5,7333.300015090687,0.471,1.1243781094527363
2274,MASSACHUSETTS AVE @ GLADSTONE,603,180.1,37.5,7333.300015090687,0.471,0.2986733001658375
2275,MASSACHUSETTS AVE @ TEEL ST,784,472.6,35.9,4800.399999646286,0.499,0.6028061224489796
2276,MASSACHUSETTS AVE @ TROWBRIDG,784,734.7,35.9,4800.399999646286,0.499,0.9371173469387756
2277,MASSACHUSETTS AVE OPP LAKE ST,784,1055.5,38.2,6279.399988015535,0.448,1.3463010204081634
2278,MASSACHUSETTS AVE @ HARLOW ST,784,687.5,40.6,6117.499972794287,0.467,0.8769132653061225
2279,MASSACHUSETTS AVE @ FOSTER ST,784,538.2,40.1,6271.899994218052,0.474,0.6864795918367348
2280,MASSACHUSETTS AVE @ WYMAN ST,784,473.8,40.1,6271.899994218052,0.474,0.6043367346938776
2281,MASSACHUSETTS AVE @ FRANKLIN,784,426.8,40.1,6271.899994218052,0.474,0.5443877551020408
2282,MASSACHUSETTS AVE @ MEDFORD S,784,2090.3,36.6,4636.799986777641,0.511,2.666198979591837
2283,MASSACHUSETTS AVE @ MYSTIC ST,723,844.4,56.2,3739.899996307294,0.443,1.167911479944675
2284,MASSACHUSETTS AVE @ CENTRAL S,723,729.6,56.2,3739.899996307294,0.443,1.0091286307053942
2285,MASSACHUSETTS AVE @ WILLOW CT,603,1044.2,38.3,2758.900002631436,0.458,1.7316749585406304
2286,905 MASSACHUSETTS AVE,603,1256.3,38.3,2758.900002631436,0.458,2.0834162520729684
2287,MASSACHUSETTS AVE @ PRENTISS,603,328.9,39.5,4699.200001521266,0.49,0.5454394693200663
2288,MASSACHUSETTS AVE @ BRATTLE S,603,642.8,39.5,4699.200001521266,0.49,1.0660033167495853
2290,MASSACHUSETTS AVE @ HOBBS CT,603,723.9,43.9,4001.8000039520143,0.457,1.200497512437811
2291,MASSACHUSETTS AVE OPP APPLETO,603,943.0,43.9,4001.8000039520143,0.457,1.5638474295190714
2292,MASSACHUSETTS AVE OPP DANIELS,603,342.6,43.9,4001.8000039520143,0.457,0.5681592039800996
2293,MASSACHUSETTS AVE @ PARK AVE,603,1024.5,43.9,4001.8000039520143,0.457,1.699004975124378
2296,MASSACHUSETTS AVE @ NORRIS ST,613,429.5,34.7,8020.500021425092,0.478,0.700652528548124
2297,MASSACHUSETTS AVE @ HASKELL S,613,525.4,33.6,8182.499999527352,0.506,0.8570962479608483
2298,MASSACHUSETTS AVE @ RINDGE AV,613,424.7,33.6,8182.499999527352,0.506,0.6928221859706362
2299,MASSACHUSETTS AVE @ WALDEN ST,843,713.2,31.5,6883.399995463125,0.485,0.8460260972716489
2300,MASSACHUSETTS AVE OPP BEECH S,1016,565.9,31.5,6883.399995463125,0.485,0.5569881889763779
2304,MASSACHUSETTS AVE @ LINNAEAN,786,807.4,33.6,10768.600005118376,0.457,1.0272264631043257
2305,MASSACHUSETTS AVE @ SHEPARD S,786,958.2,33.6,10768.600005118376,0.457,1.219083969465649
2307,MASSACHUSETTS AVE @ WATERHOUS,786,1217.9,24.6,5328.799997133836,0.467,1.5494910941475828
2310,MASSACHUSETTS AVE OPP WATERHO,796,1135.1,24.6,5328.799997133836,0.467,1.426005025125628
2312,MASSACHUSETTS AVE @ WENDELL S,796,894.8,24.6,5328.799997133836,0.467,1.1241206030150752
2314,MASSACHUSETTS AVE @ EXETER PA,796,640.7,31.6,8558.099982615968,0.457,0.8048994974874373
2316,MASSACHUSETTS AVE @ DAVENPORT,1027,1952.6,31.5,6883.399995463125,0.485,1.90126582278481
2318,MASSACHUSETTS AVE OPP WALDEN,844,624.2,31.5,6883.399995463125,0.485,0.7395734597156398
2319,MASSACHUSETTS AVE OPP RINDGE,603,422.5,34.7,8020.500021425092,0.478,0.7006633499170812
2320,MASSACHUSETTS AVE @ DOVER ST,603,647.8,34.7,8020.500021425092,0.478,1.074295190713101
2323,PARK CIRCLE @ PARK AVE,420,91.9,43.1,3182.599998033404,0.485,0.21880952380952381
2324,PARK AVE @ WACHUSETT AVE,329,14.0,43.1,3182.599998033404,0.485,0.0425531914893617
2326,EAST SERVICE RD @ PARK AVE,379,113.9,45.0,1115.9999999200338,0.495,0.30052770448548816
2327,EAST SERVICE RD @ LAMOINE ST,379,3.5,45.0,1115.9999999200338,0.495,0.009234828496042216
2328,EAST SERVICE RD @ CLIFTON ST,379,92.9,45.0,1115.9999999200338,0.495,0.24511873350923485
2329,EAST SERVICE RD @ RADCLIFFE R,379,26.0,44.9,1634.2000009134317,0.491,0.06860158311345646
2331,EAST SERVICE RD @ PLEASANT ST,379,56.9,44.9,1634.2000009134317,0.491,0.15013192612137202
2332,BRIGHTON ST @ PLEASANT ST,212,57.7,44.3,2767.200001725066,0.479,0.27216981132075474
2334,BRIGHTON ST @ CROSS ST,212,30.7,44.3,2767.200001725066,0.479,0.14481132075471698
2335,BRIGHTON ST @ COOLIDGE RD,212,57.5,42.3,2864.500001746043,0.492,0.27122641509433965
2336,BRIGHTON ST @ ELIOT RD,212,48.5,37.0,4284.899999618438,0.488,0.22877358490566038
2338,BRIGHTON ST @ HITTINGER ST,212,161.3,43.4,2047.199999473577,0.488,0.7608490566037737
2339,BLANCHARD RD @ HAMILTON RD,212,114.3,35.8,2805.6000015387203,0.463,0.5391509433962264
2340,BLANCHARD RD @ MERRILL AVE,212,29.7,43.4,2047.199999473577,0.488,0.1400943396226415
2341,BLANCHARD RD OPP MERRILL AVE,208,18.3,43.4,2047.199999473577,0.488,0.08798076923076924
2342,BLANCHARD RD @ NORMANDY AVE,208,98.8,35.8,2805.6000015387203,0.463,0.475
2343,BRIGHTON ST OPP HITTINGER ST,208,191.8,43.4,2047.199999473577,0.488,0.9221153846153847
2345,BRIGHTON ST OPP STATLER RD,208,34.8,37.0,4284.899999618438,0.488,0.1673076923076923
2346,BRIGHTON ST @ OLIVER RD,208,36.8,42.3,2864.500001746043,0.492,0.1769230769230769
2347,CROSS ST @ STAUNTON RD,208,43.7,37.0,4284.899999618438,0.488,0.21009615384615385
2349,CROSS ST @ GILMORE RD,208,29.2,37.0,4284.899999618438,0.488,0.14038461538461539
2353,WEST SERVICE RD @ VENNER RD,375,111.2,44.7,2748.2000012275294,0.504,0.2965333333333333
2354,WEST SERVICE RD @ HIGHLAND AV,375,86.3,45.3,1948.299998535402,0.478,0.23013333333333333
2355,WEST SERVICE RD @ PEDESTRIAN,375,46.6,45.1,3086.600005653307,0.475,0.12426666666666666
2356,WEST SERVICE RD @ HILLCREST S,375,16.9,45.1,3086.600005653307,0.475,0.045066666666666665
2357,WEST SERVICE RD @ BELLINGTON,375,29.0,45.1,3086.600005653307,0.475,0.07733333333333334
2358,WEST SERVICE RD @ PARK AVE,375,90.2,45.1,3086.600005653307,0.475,0.24053333333333335
2359,PARK AVE @ CEDAR AVE,325,27.3,45.1,3086.600005653307,0.475,0.084
2360,PARK AVE OPP WACHUSETT AVE,325,3.0,43.1,3182.599998033404,0.485,0.009230769230769232
2361,PARK CIRCLE @ EASTERN AVE,420,106.9,45.0,4119.900009775855,0.465,0.25452380952380954
2362,MEDFORD ST @ MASSACHUSETTS AV,606,2333.2,36.6,4636.799986777641,0.511,3.85016501650165
2363,MEDFORD ST @ LEWIS AVE,303,56.9,42.3,4972.000003464532,0.46,0.18778877887788778
2365,MEDFORD ST @ HAMLET ST,303,46.1,46.7,2328.2999981577536,0.432,0.15214521452145216
2366,MEDFORD ST OPP HAYES ST,303,17.1,46.7,2328.2999981577536,0.432,0.05643564356435644
2367,HIGH ST @ JEROME ST,303,60.5,39.2,4225.299999510441,0.479,0.19966996699669967
2368,HIGH ST @ MONUMENT ST,303,47.3,39.2,4225.299999510441,0.479,0.1561056105610561
2369,BOSTON AVE @ HARVARD AVE,383,286.5,39.2,4225.299999510441,0.479,0.7480417754569191
2370,BOSTON AVE @ HOLTON ST,383,110.7,40.7,4553.600005104672,0.46,0.28903394255874676
2371,BOSTON AVE @ ARLINGTON ST,383,206.9,40.7,4553.600005104672,0.46,0.5402088772845953
2372,BOSTON AVE @ MYSTIC VALLEY PK,383,252.3,36.7,5307.999997159229,0.45,0.6587467362924282
2373,BOSTON AVE @ HARRIS RD,383,256.3,31.9,6240.799990348268,0.496,0.6691906005221933
2374,BOSTON AVE @ NORTH ST,383,256.6,31.9,6240.799990348268,0.496,0.6699738903394257
2375,BOSTON AVE @ HILLSDALE RD,383,136.0,31.4,6970.099977506982,0.494,0.35509138381201044
2376,BOSTON AVE @ WINTHROP ST,536,561.3,20.9,5499.100003683954,0.494,1.0472014925373134
2378,BOSTON AVE @ TUFTS GARAGE,536,579.4,20.9,5499.100003683954,0.494,1.0809701492537314
2379,COLLEGE AVE @ BOSTON AVE,536,385.7,20.9,5499.100003683954,0.494,0.7195895522388059
2380,COLLEGE AVE @ PROFESSORS ROW,536,366.9,27.4,11292.10004787786,0.475,0.6845149253731343
2381,COLLEGE AVE @ POWDER HOUSE SQ,536,192.2,19.9,8888.199993712811,0.44,0.3585820895522388
2385,MEDFORD ST @ CENTRAL ST,182,56.6,32.8,10148.099999422133,0.494,0.310989010989011
2386,MEDFORD ST @ SYCAMORE ST,182,73.3,33.7,7961.90001627253,0.512,0.4027472527472527
2388,MEDFORD ST @ SCHOOL ST,182,113.3,33.7,7961.90001627253,0.512,0.6225274725274725
2389,PEARL ST @ SKILTON AVE,182,74.7,32.9,12182.2999731017,0.48,0.4104395604395605
2390,PEARL ST @ WALNUT ST,182,114.5,35.7,11764.200045797714,0.517,0.6291208791208791
2391,PEARL ST @ MCGRATH HWY,182,171.4,35.7,11764.200045797714,0.517,0.9417582417582417
2392,CROSS ST @ ALSTON ST,298,25.2,32.3,8256.900021410776,0.521,0.08456375838926174
2394,PEARL ST @ CROSS ST,181,211.0,35.7,11764.200045797714,0.517,1.1657458563535912
2395,PEARL ST @ MCGRATH HWY,181,33.7,32.0,12574.900019449029,0.536,0.18618784530386742
2396,PEARL ST @ WALNUT ST,181,132.5,35.7,11764.200045797714,0.517,0.7320441988950276
2397,PEARL ST @ BRADLEY ST,181,73.9,32.9,12182.2999731017,0.48,0.4082872928176796
2398,MEDFORD ST @ SCHOOL ST,181,114.4,33.7,7961.90001627253,0.512,0.6320441988950276
2400,MEDFORD ST @ SYCAMORE ST,181,75.5,33.7,7961.90001627253,0.512,0.4171270718232044
2401,MEDFORD ST @ CENTRAL ST,181,53.8,32.8,10148.099999422133,0.494,0.2972375690607735
2402,MEDFORD ST @ BARTLETT ST,181,63.8,32.8,10148.099999422133,0.494,0.35248618784530383
2404,MEDFORD ST @ BROADWAY,181,191.7,34.0,7623.099978328373,0.501,1.0591160220994476
2405,COLLEGE AVE @ WARNER ST,550,179.3,19.9,8888.199993712811,0.44,0.326
2406,COLLEGE AVE @ DEARBORN RD,550,336.9,27.4,11292.10004787786,0.475,0.6125454545454545
2407,COLLEGE AVE @ BOSTON AVE,550,419.3,20.9,5499.100003683954,0.494,0.7623636363636364
2408,BOSTON AVE @ TUFTS GARAGE,550,423.6,20.9,5499.100003683954,0.494,0.7701818181818182
2410,BOSTON AVE @ WINTHROP ST,550,647.6,20.9,5499.100003683954,0.494,1.1774545454545455
2411,BOSTON AVE @ PIGGOTT RD,367,85.5,29.0,7152.899970914762,0.498,0.2329700272479564
2412,BOSTON AVE @ NORTH ST,367,279.2,31.4,6970.099977506982,0.494,0.7607629427792916
2413,196 BOSTON AVE OPP STOUGHTON,367,231.5,31.9,6240.799990348268,0.496,0.6307901907356949
2414,BOSTON AVE @ MYSTIC VALLEY PK,367,171.9,36.7,5307.999997159229,0.45,0.4683923705722071
2415,BOSTON AVE @ ARLINGTON ST,367,191.7,45.3,3926.9999999331576,0.475,0.5223433242506812
2416,BOSTON AVE @ HOLTON ST,367,104.9,40.7,4553.600005104672,0.46,0.28583106267029973
2417,BOSTON AVE @ HARVARD AVE,367,234.6,40.7,4553.600005104672,0.46,0.6392370572207084
2418,BOSTON AVE @ HIGH ST,367,156.1,39.2,4225.299999510441,0.479,0.4253405994550409
2419,HIGH ST @ PITCHER AVE,303,46.9,45.7,1318.400000233841,0.492,0.1547854785478548
2420,HIGH ST @ MYSTIC VALLEY PKWY,303,49.0,45.7,1318.400000233841,0.492,0.1617161716171617
2421,MEDFORD ST @ HAYES ST,303,20.1,46.7,2328.2999981577536,0.432,0.06633663366336634
2422,MEDFORD ST @ WEBCOWET RD,303,25.0,46.7,2328.2999981577536,0.432,0.08250825082508251
2424,MEDFORD ST OPP WARREN ST,303,110.3,46.7,2328.2999981577536,0.432,0.36402640264026404
2425,RINDGE AVE @ RUSSELL FIELD,471,1623.5,38.0,4066.8999989342133,0.476,3.44692144373673
2426,RINDGE AVE OPP CLIFTON ST,230,206.1,38.0,4066.8999989342133,0.476,0.8960869565217391
2427,RINDGE AVE OPP CLAY ST,230,122.6,35.3,8978.30000696724,0.453,0.5330434782608695
2428,RINDGE AVE @ MIDDLESEX ST,230,162.6,33.6,8182.499999527352,0.506,0.7069565217391304
2429,RINDGE AVE @ PEMBERTON ST,230,150.5,33.6,8182.499999527352,0.506,0.6543478260869565
2430,SOMERVILLE AVE @ MASSACHUSETT,230,611.6,31.5,6883.399995463125,0.485,2.659130434782609
2431,SOMERVILLE AVE OPP BEACON TER,230,31.1,30.3,9983.600009152833,0.475,0.13521739130434784
2432,SOMERVILLE AVE OPP ELM ST,230,60.6,29.4,9849.700057193062,0.496,0.2634782608695652
2433,PARK ST @ BEACON ST,230,129.9,30.5,9923.400019218048,0.497,0.5647826086956522
2435,BEACON ST @ WASHINGTON ST,230,269.6,30.5,9923.400019218048,0.497,1.1721739130434783
2436,BEACON ST @ SMITH AVE,230,116.7,29.1,14062.099963762652,0.487,0.5073913043478261
2437,BEACON ST @ COONEY ST,230,195.0,29.7,14834.40002025551,0.509,0.8478260869565217
2438,BEACON ST OPP CONCORD AVE,230,153.7,32.0,10626.799968934354,0.492,0.6682608695652174
2439,HAMPSHIRE ST @ INMAN ST,230,477.0,30.0,13076.799970197062,0.483,2.0739130434782607
2440,PROSPECT ST @ ST MARY RD,432,107.6,31.1,13831.700035203434,0.513,0.24907407407407406
2441,PROSPECT ST @ BROADWAY,432,209.2,32.6,10274.300023284144,0.497,0.4842592592592592
2442,PROSPECT ST @ HARVARD ST,577,557.5,31.9,12924.199964694897,0.491,0.9662045060658578
2443,PROSPECT ST @ BISHOP ALLEN DR,577,1755.3,31.9,12924.199964694897,0.491,3.0421143847487
2444,WESTERN AVE @ GREEN ST,1504,6986.0,31.9,14405.600037415235,0.496,4.644946808510638
2446,PROSPECT ST @ BISHOP ALLEN DR,583,1732.7,31.9,12924.199964694897,0.491,2.972041166380789
2447,PROSPECT ST @ HARVARD ST,583,548.2,31.9,12924.199964694897,0.491,0.9403087478559178
2448,PROSPECT ST @ BROADWAY,433,245.3,31.9,12924.199964694897,0.491,0.566512702078522
2449,PROSPECT ST @ GARDNER RD,433,138.5,31.1,13831.700035203434,0.513,0.31986143187066973
2451,HAMPSHIRE ST @ CAMBRIDGE ST,231,566.2,30.0,13076.799970197062,0.483,2.4510822510822514
2453,45 BEACON ST,231,331.2,29.7,14834.40002025551,0.509,1.4337662337662338
2454,BEACON ST @ CALVIN ST,231,115.1,29.1,14062.099963762652,0.487,0.49826839826839825
2455,BEACON ST @ WASHINGTON ST,231,141.6,30.5,9923.400019218048,0.497,0.612987012987013
2457,BEACON ST @ PARK ST,231,116.4,30.5,9923.400019218048,0.497,0.503896103896104
2459,SOMERVILLE AVE @ MOSSLAND ST,231,50.2,29.4,9849.700057193062,0.496,0.21731601731601732
2460,SOMERVILLE AVE @ WHITE ST (PO,231,441.0,31.5,6883.399995463125,0.485,1.9090909090909092
2461,RINDGE AVE @ MASSACHUSETTS AV,241,163.2,33.6,8182.499999527352,0.506,0.6771784232365144
2462,RINDGE AVE OPP MIDDLESEX ST,241,170.2,33.2,9153.799968593597,0.495,0.7062240663900414
2463,RINDGE AVE @ CLIFTON ST,241,222.6,38.0,4066.8999989342133,0.476,0.9236514522821576
2464,WADSWORTH RD @ DOW AVE,470,200.2,43.3,1863.2999996959584,0.49,0.4259574468085106
2465,WADSWORTH RD @ HOMER RD,262,14.7,43.3,1863.2999996959584,0.49,0.05610687022900763
2466,APPLETON ST @ LUBLIN ST,212,23.2,42.6,3740.4999947606047,0.482,0.10943396226415095
2467,APPLETON ST @ HOMER RD,212,47.9,42.6,3740.4999947606047,0.482,0.2259433962264151
2468,APPLETON ST @ KIPLING RD,212,20.8,42.6,3740.4999947606047,0.482,0.09811320754716982
2469,APPLETON ST OPP ELY RD,212,46.0,42.6,3740.4999947606047,0.482,0.2169811320754717
2470,WACHUSETT AVE @ DOW AVE,212,46.2,43.6,2948.000000427546,0.491,0.2179245283018868
2471,WACHUSETT AVE @ FLORENCE AVE,212,61.7,43.6,2948.000000427546,0.491,0.2910377358490566
2472,WACHUSETT AVE @ OAKLAND AVE,212,41.2,43.1,3182.599998033404,0.485,0.19433962264150945
2473,WACHUSETT AVE @ HILLSIDE AVE,212,22.7,43.1,3182.599998033404,0.485,0.1070754716981132
2475,LAKE ST @ PLEASANT ST,287,56.2,37.0,4284.899999618438,0.488,0.19581881533101048
2477,LAKE ST @ ALBERT AVE,287,40.7,37.0,4284.899999618438,0.488,0.1418118466898955
2478,LAKE ST @ RT 2 EAST ON RAMP,287,38.0,37.0,4284.899999618438,0.488,0.13240418118466898
2482,WEST SERVICE RD @ LAKE ST,287,120.5,43.8,1060.299999717543,0.472,0.41986062717770034
2483,WACHUSETT AVE @ HILLSIDE AVE,208,36.3,43.1,3182.599998033404,0.485,0.17451923076923076
2484,WACHUSETT AVE @ PROSPECT AVE,208,50.8,43.1,3182.599998033404,0.485,0.24423076923076922
2485,WACHUSETT AVE @ FLORENCE AVE,208,51.8,43.6,2948.000000427546,0.491,0.24903846153846151
2486,WACHUSETT AVE @ APPLETON ST,208,91.4,43.6,2948.000000427546,0.491,0.43942307692307697
2487,APPLETON ST @ ELY RD,208,44.8,42.6,3740.4999947606047,0.482,0.21538461538461537
2488,APPLETON ST @ WOLLASTON AVE,208,31.4,42.6,3740.4999947606047,0.482,0.15096153846153845
2489,APPLETON ST @ ORTONA ST,208,31.8,43.3,1863.2999996959584,0.49,0.1528846153846154
2490,APPLETON ST @ UDINE ST,208,52.8,42.6,3740.4999947606047,0.482,0.25384615384615383
2491,APPLETON ST @ LUBLIN ST,208,11.8,42.6,3740.4999947606047,0.482,0.05673076923076924
2493,SERVICE ROAD WEST @ WATERTOWN,258,83.5,47.3,678.3999999454895,0.496,0.3236434108527132
2494,EAST SERVICE RD @ GOLDEN AVE,258,25.3,43.3,1863.2999996959584,0.49,0.09806201550387597
2495,EAST SERVICE RD @ STANDISH RD,258,34.4,43.3,1863.2999996959584,0.49,0.13333333333333333
2510,SOMERVILLE AVE @ UNION SQUARE,377,585.2,32.5,7261.800000565913,0.509,1.5522546419098144
2512,25 WEBSTER AVE @ NEWTON ST,272,136.5,32.5,8289.20001476186,0.477,0.5018382352941176
2513,WEBSTER AVE @ NORFOLK ST,70,22.0,31.7,4498.799995087977,0.517,0.3142857142857143
2515,WINDSOR ST @ LINCOLN ST,70,22.5,30.0,13076.799970197062,0.483,0.32142857142857145
2516,WINDSOR ST @ HAMPSHIRE ST,70,31.5,29.2,11629.799970011729,0.512,0.45
2518,HAMPSHIRE ST @ PORTLAND ST,180,739.5,30.7,6786.39998739908,0.505,4.108333333333333
2521,HAMPSHIRE ST @ CARDINAL MEDEI,175,602.5,30.7,6786.39998739908,0.505,3.442857142857143
2524,HAMPSHIRE ST @ UNION ST,65,25.0,31.1,13831.700035203434,0.513,0.38461538461538464
2525,COLUMBIA ST @ CAMBRIDGE ST,175,527.5,30.0,13076.799970197062,0.483,3.0142857142857142
2528,WEBSTER AVE @ PROSPECT ST,65,51.5,31.7,4498.799995087977,0.517,0.7923076923076923
2531,PROSPECT ST @ UNION SQ,312,859.2,32.8,5616.099997213223,0.53,2.753846153846154
2545,WASHINGTON ST @ DANE ST,355,458.9,30.5,9923.400019218048,0.497,1.2926760563380282
2546,WASHINGTON ST @ BEACON ST,355,822.1,30.5,9923.400019218048,0.497,2.315774647887324
2547,KIRKLAND ST OPP TROWBRIDGE ST,355,397.8,32.0,8125.6000175697445,0.493,1.1205633802816901
2548,KIRKLAND ST @ KIRKLAND PLACE,355,890.8,26.8,9303.600029514459,0.452,2.509295774647887
2550,JFK ST @ ELIOT ST,1028,2910.0,21.4,21227.199934274973,0.516,2.830739299610895
2551,N HARVARD ST @ GATE 2 HARVARD,1028,1183.8,28.5,2244.6000012988216,0.522,1.151556420233463
2553,N HARVARD ST @ S CAMPUS DR,1028,1403.4,28.5,2244.6000012988216,0.522,1.3651750972762646
2554,N HARVARD ST @ FRANKLIN ST,673,2232.4,30.2,5586.099991665264,0.552,3.3170876671619616
2555,N HARVARD ST @ COOLIDGE RD,673,1250.2,30.2,5586.099991665264,0.552,1.8576523031203567
2556,N HARVARD ST @ HOOKER ST,673,970.9,30.2,5586.099991665264,0.552,1.4426448736998514
2558,N HARVARD ST @ EMPIRE ST,684,1477.7,30.2,5586.099991665264,0.552,2.160380116959064
2559,N HARVARD ST @ OXFORD ST,684,862.4,30.2,5586.099991665264,0.552,1.2608187134502924
2560,N HARVARD ST @ KINGSLEY ST,684,1180.0,30.2,5586.099991665264,0.552,1.7251461988304093
2561,N HARVARD ST @ WESTERN AVE,1039,3372.6,28.5,2244.6000012988216,0.522,3.2460057747834457
2564,N HARVARD ST OPP HARVARD STAD,1039,1268.9,28.5,2244.6000012988216,0.522,1.2212704523580367
2565,16 ELIOT ST,1039,8796.6,38.9,4239.899999977411,0.486,8.466410009624639
2567,QUINCY ST @ KIRKLAND ST,355,1090.7,26.8,9303.600029514459,0.452,3.0723943661971833
2568,KIRKLAND ST @ IRVING ST,355,267.8,34.8,6369.600003675849,0.477,0.7543661971830986
2570,WASHINGTON ST @ BEACON ST,355,796.0,30.5,9923.400019218048,0.497,2.2422535211267607
2571,WASHINGTON ST @ CALVIN ST,355,461.6,30.5,9923.400019218048,0.497,1.3002816901408452
2574,51 BOW ST,135,490.0,32.5,7261.800000565913,0.509,3.6296296296296298
2575,BROADWAY @ GARRISON AVE,668,566.1,29.0,10882.599954202802,0.47,0.8474550898203593
2576,BROADWAY @ WESTON AVE,668,493.1,34.7,7247.399997400221,0.47,0.7381736526946108
2577,BROADWAY @ HOLLAND ST,613,709.1,30.6,9423.999980809309,0.481,1.1567699836867864
2579,HOLLAND ST @ CAMERON AVE,613,398.2,30.9,10204.199997252488,0.528,0.6495921696574225
2580,HOLLAND ST @ JAY ST,613,183.1,30.9,10204.199997252488,0.528,0.29869494290375204
2581,HOLLAND ST @ DOVER ST,613,4123.2,33.0,6782.9999952307035,0.505,6.72626427406199
2582,ELM ST @ CHESTER ST,1405,1763.9,33.0,6782.9999952307035,0.505,1.2554448398576512
2583,ELM ST @ RUSSELL ST,480,157.5,30.8,10417.900004025025,0.536,0.328125
2584,ELM ST @ BEECH ST,480,149.5,30.8,10417.900004025025,0.536,0.31145833333333334
2586,ELM ST @ PORTER SQ SHOPPING C,307,933.9,30.3,9983.600009152833,0.475,3.0420195439739413
2587,ELM ST @ MOSSLAND ST,307,109.2,30.3,9983.600009152833,0.475,0.35570032573289906
2588,ELM ST OPP PORTER ST,307,99.7,30.3,9983.600009152833,0.475,0.3247557003257329
2589,SOMERVILLE AVE @ SACRAMENTO S,537,472.4,29.4,9849.700057193062,0.496,0.8797020484171322
2590,594 SOMERVILLE AVE,537,290.9,31.6,6028.700004288925,0.471,0.5417132216014897
2591,SOMERVILLE AVE OPP CENTRAL ST,537,979.1,31.6,6028.700004288925,0.471,1.8232774674115457
2593,SOMERVILLE AVE OPP LORING ST,307,333.5,31.6,6028.700004288925,0.471,1.0863192182410424
2594,SOMERVILLE AVE OPP SCHOOL ST,307,791.9,32.5,7261.800000565913,0.509,2.5794788273615636
2595,SOMERVILLE AVE @ CARLTON ST,307,286.9,32.5,7261.800000565913,0.509,0.9345276872964169
2597,SOMERVILLE AVE OPP STONE AVE,662,1737.1000000000001,32.8,5616.099997213223,0.53,2.6240181268882177
2598,SOMERVILLE AVE @ LINDEN ST,307,182.1,32.8,5616.099997213223,0.53,0.5931596091205211
2599,SOMERVILLE AVE OPP MANSFIELD,307,322.3,32.8,5616.099997213223,0.53,1.0498371335504886
2600,MCGRATH HWY @ MEDFORD ST,795,441.2,40.6,1046.6000017352228,0.5,0.5549685534591194
2601,MCGRATH HWY @ TWIN CITY PLAZA,795,1018.3,40.6,1046.6000017352228,0.5,1.280880503144654
2605,MCGRATH HWY OPP TWIN CITY PLA,778,718.3,40.6,1046.6000017352228,0.5,0.9232647814910026
2607,MCGRATH HWY @ POPLAR ST,778,478.4,40.6,1046.6000017352228,0.5,0.6149100257069409
2610,WASHINGTON ST @ WASHINGTON TE,557,134.4,31.8,8760.00001324186,0.5,0.2412926391382406
2612,SOMERVILLE AVE @ STONE AVE,968,3145.0,32.8,5616.099997213223,0.53,3.24896694214876
2613,WASHINGTON ST @ WEBSTER AVE,355,826.4,32.5,8289.20001476186,0.477,2.3278873239436617
2615,WASHINGTON ST OPP PARKER ST,355,178.0,32.5,7261.800000565913,0.509,0.5014084507042254
2617,SOMERVILLE AVE @ LORING ST,301,305.2,31.6,6028.700004288925,0.471,1.013953488372093
2618,SOMERVILLE AVE @ CENTRAL ST,532,1030.1,31.6,6028.700004288925,0.471,1.9362781954887216
2620,SOMERVILLE AVE @ SPRING ST,532,229.2,31.6,6028.700004288925,0.471,0.4308270676691729
2621,SOMERVILLE AVE @ LOWELL ST,532,432.5,29.4,9849.700057193062,0.496,0.8129699248120301
2622,ELM ST @ PORTER ST,301,122.6,30.3,9983.600009152833,0.475,0.40730897009966777
2623,ELM ST @ CEDAR ST,301,163.9,30.3,9983.600009152833,0.475,0.5445182724252492
2625,ELM ST @ HANCOCK ST,301,897.2,30.8,10417.900004025025,0.536,2.980730897009967
2626,ELM ST @ SAINT JAMES AVE,484,170.0,30.8,10417.900004025025,0.536,0.3512396694214876
2627,ELM ST @ CUTTER AVE,484,263.0,30.8,10417.900004025025,0.536,0.5433884297520661
2628,GROVE ST @ HIGHLAND AVE,1414,861.8,30.4,8966.800007935874,0.506,0.6094766619519094
2631,HOLLAND ST @ SIMPSON AVE,607,280.2,30.9,10204.199997252488,0.528,0.46161449752883027
2632,HOLLAND ST OPP CAMERON AVE,607,466.3,30.4,7029.900009177701,0.48,0.7682042833607908
2634,BROADWAY @ CURTIS ST,662,760.0,29.0,10882.599954202802,0.47,1.148036253776435
2635,BROADWAY @ DICKSON ST,662,365.8,30.6,9423.999980809309,0.481,0.5525679758308157
2636,BROADWAY @ NORTH ST,207,419.7,32.9,4366.1999894646515,0.458,2.0275362318840577
2637,CLARENDON HILL BUSWAY,1123,5609.7,38.0,19472.199871780515,0.412,4.995280498664292
2659,MCGRATH HWY @ ALSTON ST,716,674.1,32.3,8256.900021410776,0.521,0.9414804469273743
2660,HIGHLAND AVE @ MEDFORD ST,418,273.0,39.1,9847.89998111778,0.493,0.65311004784689
2661,HIGHLAND AVE @ WALNUT ST,418,592.4,39.1,9847.89998111778,0.493,1.4172248803827752
2662,75 HIGHLAND AVE OPP PUTNAM ST,428,1019.1,33.3,7643.100002215286,0.479,2.38107476635514
2664,HIGHLAND AVE @ SCHOOL ST,428,464.8,33.3,7643.100002215286,0.479,1.0859813084112149
2665,125 HIGHLAND AVE,428,185.7,34.4,9219.000004432211,0.494,0.4338785046728972
2666,HIGHLAND AVE @ CENTRAL ST,428,545.1,34.9,8081.799991089028,0.448,1.2735981308411215
2667,HIGHLAND AVE @ BENTON RD,428,192.3,35.2,8270.100028657695,0.5,0.44929906542056075
2668,HIGHLAND AVE @ LOWELL ST,428,346.3,35.2,8270.100028657695,0.5,0.8091121495327103
2669,235 HIGHLAND AVE,428,214.1,32.3,9419.000032612483,0.479,0.500233644859813
2670,263 HIGHLAND AVE,428,101.5,30.1,11408.60004130724,0.467,0.2371495327102804
2671,HIGHLAND AVE @ CEDAR ST,428,292.5,30.0,12459.300061992977,0.473,0.6834112149532711
2672,HIGHLAND AVE @ CHERRY ST,428,218.4,30.0,12459.300061992977,0.473,0.5102803738317757
2673,HIGHLAND AVE @ WILLOW AVE,428,142.0,30.4,8966.800007935874,0.506,0.3317757009345794
2674,HIGHLAND AVE @ CUTTER AVE,423,216.7,30.4,8966.800007935874,0.506,0.5122931442080378
2675,HIGHLAND AVE @ WILLOW AVE,423,153.0,30.4,8966.800007935874,0.506,0.3617021276595745
2676,HIGHLAND AVE @ CHERRY ST,423,230.5,30.0,12459.300061992977,0.473,0.5449172576832151
2677,HIGHLAND AVE @ CEDAR ST,423,291.0,32.3,9419.000032612483,0.479,0.6879432624113475
2678,HIGHLAND AVE @ CONWELL ST,423,88.6,30.1,11408.60004130724,0.467,0.2094562647754137
2679,HIGHLAND AVE @ TOWER ST,423,327.1,34.9,8081.799991089028,0.448,0.7732860520094563
2680,HIGHLAND AVE @ LOWELL ST,423,222.4,35.2,8270.100028657695,0.5,0.5257683215130023
2681,HIGHLAND AVE @ BENTON RD,423,198.4,35.2,8270.100028657695,0.5,0.4690307328605201
2682,HIGHLAND AVE @ CENTRAL ST,423,535.3,34.9,8081.799991089028,0.448,1.2654846335697398
2683,HIGHLAND AVE @ TRULL LN,423,176.9,34.4,9219.000004432211,0.494,0.4182033096926714
2684,HIGHLAND AVE @ SCHOOL ST,423,461.7,34.4,9219.000004432211,0.494,1.0914893617021277
2686,HIGHLAND AVE @ VINAL AVE,423,967.7,33.3,7643.100002215286,0.479,2.287706855791962
2687,HIGHLAND AVE @ WALNUT ST,423,640.5,33.3,7643.100002215286,0.479,1.5141843971631206
2688,MEDFORD ST @ HIGHLAND AVE,423,281.6,39.1,9847.89998111778,0.493,0.6657210401891254
2689,422 MCGRATH HWY,605,103.2,32.3,8256.900021410776,0.521,0.17057851239669422
2690,MEDFORD ST @ WASHINGTON ST,488,611.2,31.8,8760.00001324186,0.5,1.2524590163934428
2691,BROADWAY OPP PACKARD AVE,55,31.0,29.5,11010.499971773785,0.505,0.5636363636363636
2692,BROADWAY @ SIMPSON AVE,55,8.5,29.5,11010.499971773785,0.505,0.15454545454545454
2693,BROADWAY @ BILLINGHAM ST,55,1.5,29.5,11010.499971773785,0.505,0.02727272727272727
2695,BROADWAY OPP WARNER ST,563,359.6,27.4,11292.10004787786,0.475,0.638721136767318
2696,BROADWAY @ BAY STATE AVE,563,53.2,30.1,8586.099982794372,0.486,0.09449378330373003
2697,BROADWAY @ JOSEPHINE AVE,563,462.5,30.9,11227.499968026033,0.499,0.8214920071047958
2698,BROADWAY @ CEDAR ST,563,230.1,31.8,6426.000016484087,0.498,0.40870337477797514
2699,BROADWAY @ HINCKLEY ST,563,282.6,31.8,6426.000016484087,0.498,0.5019538188277087
2700,BROADWAY @ MEDFORD ST,381,690.0,34.0,7623.099978328373,0.501,1.811023622047244
2702,BROADWAY @ BARTLETT ST,381,235.6,32.8,10148.099999422133,0.494,0.6183727034120735
2703,BROADWAY OPP MAIN ST,381,583.7,33.3,9073.099965479285,0.485,1.5320209973753283
2704,BROADWAY @ THURSTON ST,695,605.1,33.3,9073.099965479285,0.485,0.8706474820143886
2706,BROADWAY @ MARSHALL ST,695,1707.8,33.6,9704.199958813306,0.541,2.45726618705036
2707,BROADWAY @ MONTGOMERY AVE,695,825.1,33.6,9704.199958813306,0.541,1.1871942446043167
2710,BROADWAY @ CROSS ST,695,1177.4,32.3,5226.799993809618,0.528,1.6941007194244606
2711,BROADWAY @ GLEN ST,812,865.3,31.9,8240.199982549955,0.523,1.0656403940886698
2713,BROADWAY @ LINCOLN ST,812,609.3,32.3,5226.799993809618,0.528,0.7503694581280788
2714,BROADWAY @ MT VERNON ST,1169,440.7,30.8,13539.899975897371,0.499,0.376988879384089
2715,BROADWAY @ BELKNAP ST,662,617.6,34.7,7247.399997400221,0.47,0.9329305135951662
2718,BROADWAY @ AUSTIN ST,782,739.7,32.3,5226.799993809618,0.528,0.9459079283887468
2719,BROADWAY @ ILLINOIS AVE,782,710.6,32.3,5226.799993809618,0.528,0.9086956521739131
2721,BROADWAY @ CROSS ST,660,1257.8,32.3,5226.799993809618,0.528,1.9057575757575758
2723,BROADWAY @ FELLSWAY W,660,849.7,31.2,7584.900006164823,0.489,1.2874242424242426
2725,BROADWAY @ TEMPLE ST,660,1605.6,31.2,7584.900006164823,0.489,2.4327272727272726
2726,BROADWAY @ WINTER HILL PLAZA,660,467.2,31.2,11245.599964677414,0.499,0.7078787878787879
2729,BROADWAY @ MAIN ST,660,1278.6,31.2,11245.599964677414,0.499,1.937272727272727
2731,BROADWAY OPP GLENWOOD RD,376,193.9,32.8,10148.099999422133,0.494,0.5156914893617022
2733,BROADWAY @ MEDFORD ST,376,729.1,34.0,7623.099978328373,0.501,1.9390957446808512
2734,BROADWAY @ WILLIAM ST,557,200.6,31.8,6426.000016484087,0.498,0.3601436265709156
2735,BROADWAY @ ALFRED ST,557,172.1,31.8,6426.000016484087,0.498,0.3089766606822262
2736,BROADWAY @ BOSTON AVE,557,394.5,27.4,11292.10004787786,0.475,0.7082585278276481
2737,BROADWAY @ PEARSON RD,557,62.2,27.4,11292.10004787786,0.475,0.11166965888689408
2738,BROADWAY @ WARNER ST,557,215.3,27.4,11292.10004787786,0.475,0.3865350089766607
2740,BROADWAY @ WALKER ST,55,18.5,29.1,8621.499982969086,0.516,0.33636363636363636
2741,BROADWAY @ LEONARD ST,55,9.0,29.5,11010.499971773785,0.505,0.16363636363636364
2742,BROADWAY @ MASON ST,55,9.5,29.5,11010.499971773785,0.505,0.17272727272727273
2743,BROADWAY @ PACKARD AVE,55,34.5,29.5,11010.499971773785,0.505,0.6272727272727273
2745,CROSS ST @ PEARL ST,117,144.9,31.9,8240.199982549955,0.523,1.2384615384615385
2746,CROSS ST @ ELLSWORTH ST,117,64.7,31.9,8240.199982549955,0.523,0.552991452991453
2747,CROSS ST @ BROADWAY,117,126.1,31.9,8240.199982549955,0.523,1.0777777777777777
2748,CROSS ST @ BROADWAY,122,143.1,31.9,8240.199982549955,0.523,1.172950819672131
2749,CROSS ST @ OTIS ST,122,88.6,31.9,8240.199982549955,0.523,0.7262295081967213
2750,CROSS ST @ PEARL ST,122,167.3,31.9,8240.199982549955,0.523,1.3713114754098361
2752,CROSS ST @ FLINT ST,122,3.5,35.7,11764.200045797714,0.517,0.028688524590163935
2753,CROSS ST @ AUBURN AVE,122,83.6,32.3,8256.900021410776,0.521,0.6852459016393442
2755,GREEN ST @ PEARL ST,807,4004.2,30.4,10017.09999903774,0.521,4.96183395291202
2757,CAMBRIDGE ST @ BRIGHTON ST,557,125.4,51.0,1477.0000003745959,0.506,0.2251346499102334
2759,WASHINGTON ST @ MT VERNON ST,557,545.6,72.1,394.39999994667266,0.43,0.9795332136445243
2761,WASHINGTON ST @ TUFTS ST,667,779.7,72.1,394.39999994667266,0.43,1.1689655172413793
2762,WASHINGTON ST @ MCGRATH HWY,557,702.4,31.8,8760.00001324186,0.5,1.2610412926391381
2763,WASHINGTON ST @ BOSTON ST,557,310.0,31.8,8760.00001324186,0.5,0.5565529622980251
2773,WASHINGTON ST @ MERRIAM ST,557,382.5,32.8,5616.099997213223,0.53,0.6867145421903053
2774,WASHINGTON ST @ MEDFORD ST,557,648.9,32.8,5616.099997213223,0.53,1.1649910233393177
2776,WASHINGTON ST @ NEW WASHINGTO,667,695.3,72.1,394.39999994667266,0.43,1.0424287856071963
2777,WASHINGTON ST @ INNER BELT RD,667,624.6,34.0,9090.599983579525,0.506,0.936431784107946
2778,WASHINGTON ST OPP MYRTLE ST,667,723.8,34.0,9090.599983579525,0.506,1.0851574212893553
2779,CAMBRIDGE ST @ CARTER ST,557,251.4,51.0,1477.0000003745959,0.506,0.45134649910233393
2787,WEST ST @ GWINNETT ST,153,283.4,42.0,4011.4000009106853,0.463,1.8522875816993463
2788,243 WEST ST OPP MYOPIA RD,153,31.2,40.8,3221.1000015985032,0.462,0.20392156862745098
2789,WEST ST @ DEFOREST ST,153,77.0,40.8,3221.1000015985032,0.462,0.5032679738562091
2790,347 WEST ST,153,32.1,23.5,2.3999999997257144,0.571,0.20980392156862746
2791,403 WEST ST,153,19.1,40.8,3221.1000015985032,0.462,0.12483660130718956
2792,POPLAR ST @ DEFOREST ST,153,44.7,40.8,3221.1000015985032,0.462,0.29215686274509806
2793,544 POPLAR ST,153,4.5,40.8,3221.1000015985032,0.462,0.029411764705882353
2794,POPLAR ST @ BEECH ST,153,202.2,42.2,4339.000007078689,0.463,1.3215686274509804
2795,POPLAR ST OPP CORNELL ST,153,139.5,42.2,4339.000007078689,0.463,0.9117647058823529
2796,POPLAR ST @ METROPOLITAN AVE,153,127.4,40.2,4546.700011040831,0.451,0.8326797385620915
2797,METROPOLITAN AVE @ HILBURN ST,153,55.3,42.2,4339.000007078689,0.463,0.361437908496732
2798,154 METROPOLITAN AVE OPP MALV,153,66.8,39.9,4908.499993285907,0.473,0.4366013071895425
2800,METROPOLITAN AVE @ KITTREDGE,153,71.1,39.9,4908.499993285907,0.473,0.46470588235294114
2801,METROPOLITAN AVE @ KITTREDGE,131,132.5,39.6,5956.700001898398,0.47,1.0114503816793894
2803,METROPOLITAN AVE @ MALVERNA R,131,71.8,39.9,4908.499993285907,0.473,0.5480916030534351
2804,METROPOLITAN AVE @ HIGHFIELD,131,50.6,39.9,4908.499993285907,0.473,0.38625954198473283
2805,POPLAR ST @ METROPOLITAN AVE,131,123.9,40.2,4546.700011040831,0.451,0.9458015267175574
2806,POPLAR ST @ CORNELL ST,131,112.8,42.2,4339.000007078689,0.463,0.8610687022900763
2807,POPLAR ST @ BEECH ST,131,198.1,42.2,4339.000007078689,0.463,1.5122137404580152
2808,529 POPLAR ST,131,3.0,40.8,3221.1000015985032,0.462,0.022900763358778626
2809,575 POPLAR ST OPP DEFOREST ST,131,46.6,40.8,3221.1000015985032,0.462,0.35572519083969467
2810,POPLAR ST @ WEST ST,131,25.7,40.8,3221.1000015985032,0.462,0.19618320610687023
2811,338 WEST ST,131,27.7,40.8,3221.1000015985032,0.462,0.21145038167938932
2812,WEST ST OPP DEFOREST ST,131,48.6,40.8,3221.1000015985032,0.462,0.3709923664122137
2813,WEST ST @ MYOPIA RD,131,60.7,40.8,3221.1000015985032,0.462,0.4633587786259542
2814,WEST ST @ SUMMER ST,131,58.2,42.0,4011.4000009106853,0.463,0.4442748091603054
2818,OPP 1344 HYDE PARK AVE,873,1624.0,48.7,3530.499997841809,0.447,1.8602520045819015
2819,HYDE PARK AVE @ PINGREE ST,1194,3791.3,48.7,3530.499997841809,0.447,3.1752931323283082
2821,MAIN ST @ BUNKER HILL ST,179,75.0,51.0,1477.0000003745959,0.506,0.41899441340782123
2822,MAIN ST @ BALDWIN ST,179,150.4,49.8,10000.10000100001,0.475,0.8402234636871508
2823,MAIN ST @ MIDDLESEX ST,179,176.3,35.7,16150.40005168128,0.464,0.9849162011173185
2824,MAIN ST @ DUNSTABLE ST,179,312.8,35.7,16150.40005168128,0.464,1.7474860335195532
2825,MAIN ST @ W SCHOOL ST,179,277.7,35.0,2944.100004066214,0.492,1.5513966480446926
2827,MAIN ST @ HARVARD ST,179,170.9,50.6,9637.500009314594,0.486,0.9547486033519553
2829,N WASHINGTON ST @ MEDFORD ST,1876,7819.4,30.7,25147.999789061625,0.43,4.168123667377398
2832,N WASHINGTON ST @ COOPER ST,1734,2742.0,30.7,25147.999789061625,0.43,1.5813148788927336
2835,WARREN ST @ WINTHROP ST,180,372.5,49.7,6595.000003334874,0.503,2.0694444444444446
2836,WARREN ST @ CHURCH ST,180,257.9,35.0,2944.100004066214,0.492,1.4327777777777777
2837,MAIN ST @ SCHOOL ST,180,189.9,35.7,16150.40005168128,0.464,1.055
2838,MAIN ST @ WALKER ST,180,215.3,33.5,14341.300015088713,0.435,1.1961111111111111
2839,MAIN ST @ OAK ST,180,133.2,49.8,10000.10000100001,0.475,0.74
2840,MAIN ST @ BALDWIN ST,180,93.8,49.8,10000.10000100001,0.475,0.5211111111111111
2841,529 MAIN ST,453,128.1,51.0,1477.0000003745959,0.506,0.2827814569536424
2844,BUNKER HILL ST @ MAIN ST,271,62.3,51.0,1477.0000003745959,0.506,0.22988929889298892
2845,BUNKER HILL ST @ BALDWIN ST,271,76.0,49.8,10000.10000100001,0.475,0.28044280442804426
2846,BUNKER HILL ST @ AUBURN ST,271,78.7,49.8,10000.10000100001,0.475,0.2904059040590406
2847,BUNKER HILL ST @ CLARKEN CT,271,151.7,49.8,10000.10000100001,0.475,0.5597785977859778
2848,BUNKER HILL ST @ SULLIVAN ST,271,324.2,34.0,17099.90001328851,0.445,1.196309963099631
2849,BUNKER HILL ST @ GREEN ST,271,623.4,33.5,14943.500122409307,0.467,2.3003690036900366
2850,BUNKER HILL ST @ CONCORD ST,276,919.8,50.0,25611.700202729575,0.486,3.3326086956521737
2851,BUNKER HILL ST @ FERRIN ST,276,902.5,50.1,11803.499979390346,0.486,3.2699275362318843
2852,BUNKER HILL ST @ VINE ST,176,715.1,50.1,11803.499979390346,0.486,4.063068181818182
2853,BUNKER HILL ST @ LOWNEY WAY,176,198.0,50.1,11803.499979390346,0.486,1.125
2854,ADAMS ST @ LOWNEY WAY,176,69.1,49.7,6595.000003334874,0.503,0.39261363636363633
2855,PARK ST @ WARREN ST,176,102.60000000000001,49.7,6595.000003334874,0.503,0.5829545454545455
2860,VINE ST @ MOULTON ST,273,1370.1,50.1,11803.499979390346,0.486,5.018681318681319
2861,121 BUNKER HILL ST OPP LEXING,273,1145.9,32.4,19949.399939652227,0.437,4.197435897435898
2862,BUNKER HILL ST @ POLK ST,273,1477.0,50.0,25611.700202729575,0.486,5.410256410256411
2863,BUNKER HILL ST @ PEARL ST,273,283.6,33.5,14943.500122409307,0.467,1.038827838827839
2864,BUNKER HILL ST @ SACKVILLE ST,273,118.5,34.0,17099.90001328851,0.445,0.4340659340659341
2865,BUNKER HILL ST @ N MEAD ST,273,107.6,49.8,10000.10000100001,0.475,0.3941391941391941
2866,BUNKER HILL ST @ ST MARTIN ST,273,110.7,49.8,10000.10000100001,0.475,0.4054945054945055
2867,BUNKER HILL ST @ MEDFORD ST,273,49.7,51.0,1477.0000003745959,0.506,0.18205128205128207
2875,MYSTIC AVE @ NORTH UNION ST,242,27.5,30.9,2470.2999997797565,0.488,0.11363636363636363
2879,MYSTIC AVE @ TEMPLE RD,242,317.5,31.2,7584.900006164823,0.489,1.31198347107438
2880,MYSTIC AVE @ SHORE DR,242,346.8,31.7,9577.199987446835,0.454,1.4330578512396694
2883,MYSTIC AVE @ FULBRIGHT ST,242,113.2,33.5,965.9999993441836,0.502,0.46776859504132234
2884,MYSTIC AVE OPP HARVARD ST,242,52.0,34.7,6188.90002288167,0.483,0.21487603305785125
2885,MYSTIC AVE OPP BILLINGS AVE,242,92.4,34.7,6188.90002288167,0.483,0.38181818181818183
2886,MYSTIC AVE @ REARDON RD,242,84.4,35.4,3508.3999982556256,0.473,0.3487603305785124
2887,MYSTIC AVE @ JAMES ST,242,55.9,35.4,3508.3999982556256,0.473,0.23099173553719007
2889,MYSTIC AVE @ COLUMBIA RD,235,55.2,35.4,3508.3999982556256,0.473,0.23489361702127662
2890,MYSTIC AVE OPP REARDON RD,235,51.3,35.4,3508.3999982556256,0.473,0.21829787234042553
2891,MYSTIC AVE @ WHYTE ST,235,94.6,33.5,965.9999993441836,0.502,0.4025531914893617
2892,MYSTIC AVE @ BILLINGS AVE,235,89.9,34.7,6188.90002288167,0.483,0.38255319148936173
2893,MYSTIC AVE @ GOLDEN AVE,235,45.4,33.5,965.9999993441836,0.502,0.19319148936170213
2894,MYSTIC AVE @ BONNER AVE,235,288.5,33.5,965.9999993441836,0.502,1.2276595744680852
2895,OPP 326 MYSTIC AVE,235,39.8,33.8,4304.500000996511,0.457,0.16936170212765955
2896,MYSTIC AVE OPP FULBRIGHT ST,235,56.6,33.8,4304.500000996511,0.457,0.24085106382978724
2897,MYSTIC AVE @ MORELAND ST,235,90.9,31.7,9577.199987446835,0.454,0.3868085106382979
2898,MYSTIC AVE @ MYSTIC APARTMENT,235,90.9,31.7,9577.199987446835,0.454,0.3868085106382979
2899,MYSTIC AVE OPP SHORE DR,235,394.6,31.7,9577.199987446835,0.454,1.6791489361702128
2900,MYSTIC AVE @ TEMPLE RD,235,265.4,31.2,7584.900006164823,0.489,1.1293617021276594
2901,MYSTIC AVE @ WHEATLAND ST,235,154.7,31.2,7584.900006164823,0.489,0.6582978723404255
2902,MYSTIC AVE @ GARFIELD AVE,235,279.4,32.3,5226.799993809618,0.528,1.1889361702127659
2904,COLUMBIA RD @ WOLCOTT ST,548,251.8,33.0,9620.200010476578,0.444,0.4594890510948905
2905,BOSTON ST @ ELLERY ST,423,56.5,30.6,3582.0000026371204,0.539,0.13356973995271867
2906,BOSTON ST OPP WASHBURN ST,423,88.9,28.4,1706.9000001533643,0.528,0.21016548463356977
2907,BOSTON ST @ W HOWELL ST,423,322.3,35.0,11839.099978840897,0.527,0.7619385342789599
2908,BOSTON ST OPP HARVEST ST,423,90.8,28.4,1706.9000001533643,0.528,0.21465721040189126
2909,BOSTON ST OPP MAYHEW ST,423,378.8,33.3,10011.300021188601,0.521,0.8955082742316786
2910,COLUMBIA RD @ DUDLEY ST,960,3525.4,32.7,13831.600003959486,0.488,3.6722916666666667
2911,COLUMBIA RD @ BIRD ST,548,1189.5,35.2,6916.400003423618,0.539,2.170620437956204
2912,COLUMBIA RD @ GLENDALE ST,548,805.5,31.7,9811.700000009585,0.466,1.469890510948905
2913,COLUMBIA RD @ QUINCY ST,548,1662.3,27.8,7684.5999738708715,0.423,3.0333941605839416
2914,COLUMBIA RD @ HAMILTON ST,548,886.6,27.8,7684.5999738708715,0.423,1.6178832116788322
2915,COLUMBIA RD OPP WYOLA PL,548,977.2,31.1,10319.59997571671,0.439,1.7832116788321168
2916,COLUMBIA RD @ DEVON ST,548,699.2,30.1,9883.500047758684,0.442,1.2759124087591243
2918,COLUMBIA RD @ GENEVA AVE,548,1152.9,30.1,9883.500047758684,0.442,2.1038321167883214
2919,COLUMBIA RD @ WASHINGTON ST,548,2885.3,30.6,8449.199969918016,0.423,5.26514598540146
2920,COLUMBIA RD @ SEAVER ST,548,655.2,35.4,14685.800044531723,0.439,1.1956204379562045
2922,GLEN LN @ BLUE HILL AVE,558,916.7,20.4,1337.2999997132392,0.412,1.642831541218638
2923,OLD RD @ ELLINGTON ST,548,2509.4,33.0,9620.200010476578,0.444,4.579197080291971
2924,COLUMBIA RD @ SEAVER ST,548,392.8,35.1,9335.499979852688,0.442,0.7167883211678833
2925,COLUMBIA RD @ WASHINGTON ST,548,2936.4,30.6,8449.199969918016,0.423,5.358394160583941
2926,185 COLUMBIA RD,548,1037.2,30.1,9883.500047758684,0.442,1.8927007299270073
2928,COLUMBIA RD @ DEVON ST,548,684.0,30.1,9883.500047758684,0.442,1.2481751824817517
2929,COLUMBIA RD @ INTERVALE ST,548,1017.7,31.1,10319.59997571671,0.439,1.8571167883211679
2930,COLUMBIA RD @ HAMILTON ST,548,653.2,32.1,10157.3999757801,0.488,1.191970802919708
2931,COLUMBIA RD @ QUINCY ST,548,1504.3,32.1,10157.3999757801,0.488,2.74507299270073
2932,COLUMBIA RD @ GLENDALE ST,548,743.3,33.7,11714.899989698066,0.49,1.3563868613138685
2933,COLUMBIA RD @ STOUGHTON ST,951,1934.6,35.2,6916.400003423618,0.539,2.034279705573081
2934,COLUMBIA RD @ ANNABEL ST,951,1073.7,35.2,6916.400003423618,0.539,1.1290220820189274
2935,COLUMBIA RD @ MASSACHUSETTS A,515,422.8,32.7,11135.299983928086,0.502,0.8209708737864078
2936,MYSTIC AVE @ I 93 UNDERPASS,242,182.6,30.9,2470.2999997797565,0.488,0.7545454545454545
2937,BOSTON ST @ MAYHEW ST,420,299.7,33.3,10011.300021188601,0.521,0.7135714285714285
2938,BOSTON ST @ DORSET ST,420,164.4,28.4,1706.9000001533643,0.528,0.39142857142857146
2939,BOSTON ST @ HOWELL ST,420,370.40000000000003,35.0,11839.099978840897,0.527,0.881904761904762
2940,BOSTON ST @ RAWSON ST,420,45.7,28.4,1706.9000001533643,0.528,0.10880952380952381
2941,WATERTOWN ST @ PEACOCK FARM R,50,15.5,47.3,678.3999999454895,0.496,0.31
2943,48 PLEASANT ST,50,5.5,47.3,678.3999999454895,0.496,0.11
2944,PLEASANT ST OPP FERN ST,50,24.0,47.3,678.3999999454895,0.496,0.48
3019,HANCOCK ST OPP GLOVER AVE,126,44.8,38.9,5305.499995980101,0.526,0.3555555555555555
3020,HANCOCK ST @ BILLINGS RD,126,99.0,38.9,5305.499995980101,0.526,0.7857142857142857
3022,HANCOCK ST OPP ALBION RD,126,112.7,40.1,5416.400008532422,0.483,0.8944444444444445
3023,HANCOCK ST @ LINDEN ST,126,59.6,40.1,5416.400008532422,0.483,0.473015873015873
3024,HANCOCK ST @ CHESTER ST,126,0.5,45.7,5696.199988699146,0.507,0.003968253968253968
3025,HANCOCK ST @ WOODBINE ST,126,44.5,40.1,5416.400008532422,0.483,0.3531746031746032
3026,HANCOCK ST @ BEALE ST,126,76.5,45.7,5696.199988699146,0.507,0.6071428571428571
3027,HANCOCK ST @ WENTWORTH RD,146,147.5,38.0,6384.199996898037,0.483,1.0102739726027397
3028,757 HANCOCK ST,146,0.5,47.6,4477.999996500525,0.484,0.003424657534246575
3029,HANCOCK ST @ CLAY ST,146,21.4,47.6,4477.999996500525,0.484,0.1465753424657534
3031,HANCOCK ST @ SAINT ANNS RD,151,185.9,40.4,875.9000002307139,0.475,1.2311258278145696
3032,HANCOCK ST @ CARRUTH ST,151,32.5,47.6,4477.999996500525,0.484,0.2152317880794702
3033,HANCOCK ST @ FURNACE BROOK PK,151,13.9,36.5,5862.7999933046885,0.483,0.09205298013245033
3034,HANCOCK ST OPP BUTLER RD,151,78.8,36.5,5862.7999933046885,0.483,0.5218543046357615
3035,HANCOCK ST OPP MERRYMOUNT RD,151,25.5,36.5,5862.7999933046885,0.483,0.16887417218543047
3036,HANCOCK ST OPP GREENLEAF ST,151,39.9,36.5,5862.7999933046885,0.483,0.2642384105960265
3038,1250 HANCOCK ST,794,926.1,33.7,3269.600001264692,0.507,1.1663727959697734
3041,HANCOCK ST @ GREENLEAF ST,144,39.8,33.7,3269.600001264692,0.507,0.27638888888888885
3042,HANCOCK ST @ MERRYMOUNT RD,144,17.4,36.5,5862.7999933046885,0.483,0.12083333333333332
3043,HANCOCK ST @ BUTLER RD,144,89.5,36.5,5862.7999933046885,0.483,0.6215277777777778
3045,HANCOCK ST OPP GILMORE ST,144,39.3,47.6,4477.999996500525,0.484,0.27291666666666664
3046,HANCOCK ST OPP SAINT ANNS RD,144,90.4,47.6,4477.999996500525,0.484,0.6277777777777778
3047,HANCOCK ST OPP STANDISH AVE,144,23.8,47.6,4477.999996500525,0.484,0.16527777777777777
3048,HANCOCK ST @ FENNO ST,144,24.4,47.6,4477.999996500525,0.484,0.16944444444444443
3049,HANCOCK ST @ MERRYMOUNT AVE,144,71.2,47.6,4477.999996500525,0.484,0.49444444444444446
3050,HANCOCK ST @ BASS ST,124,62.7,47.6,4477.999996500525,0.484,0.5056451612903226
3051,HANCOCK ST @ BEACH ST,124,62.7,45.7,5696.199988699146,0.507,0.5056451612903226
3052,HANCOCK ST @ WILLET ST,124,35.0,40.1,5416.400008532422,0.483,0.28225806451612906
3054,HANCOCK ST OPP LINDEN ST,124,68.5,40.1,5416.400008532422,0.483,0.5524193548387096
3055,HANCOCK ST @ ALBION RD,124,110.2,40.1,5416.400008532422,0.483,0.8887096774193549
3057,HANCOCK ST @ BILLINGS RD,144,99.7,36.9,7334.499989711587,0.493,0.6923611111111111
3058,HANCOCK ST @ GLOVER AVE,144,47.2,38.9,5305.499995980101,0.526,0.3277777777777778
3065,GIBSON ST @ DORCHESTER AVE,403,190.9,34.8,4489.099992565505,0.505,0.47369727047146404
3066,GIBSON ST @ ADAMS ST,403,66.9,34.8,4489.099992565505,0.505,0.16600496277915633
3067,NEPONSET AVE @ ADAMS ST KING,333,209.8,34.8,4489.099992565505,0.505,0.6300300300300301
3068,NEPONSET AVE @ VICTORY RD,260,167.8,35.2,6195.700012979938,0.471,0.6453846153846154
3069,NEPONSET AVE @ KING ST,260,170.6,34.7,6585.000013721422,0.5,0.6561538461538461
3070,NEPONSET AVE @ S MONROE TER,260,410.7,34.7,6585.000013721422,0.5,1.5796153846153846
3071,NEPONSET AVE @ ASHMONT ST,260,196.4,35.1,3311.5999999866017,0.476,0.7553846153846154
3073,NEPONSET AVE OPP TOLMAN ST,333,274.0,35.1,3311.5999999866017,0.476,0.8228228228228228
3075,NEPONSET AVE @ MINOT ST,333,636.2,51.2,1612.6999996984189,0.468,1.9105105105105107
3077,GALLIVAN BLVD @ OPP MARSH ST,221,67.0,40.6,3890.799990610489,0.511,0.3031674208144796
3078,GALLIVAN BLVD @ ROSS RD,356,411.0,34.9,6241.600017128319,0.497,1.154494382022472
3079,ADAMS ST @ MINOT ST,233,216.2,35.5,6754.8999891000485,0.489,0.9278969957081544
3080,ADAMS ST @ FRANCONIA ST,233,71.1,35.5,6754.8999891000485,0.489,0.30515021459227465
3081,ADAMS ST @ OAKTON AVE.,233,79.3,37.8,7180.299991618844,0.478,0.340343347639485
3082,ADAMS ST @ ASHMONT ST,233,228.6,37.8,7180.299991618844,0.478,0.9811158798283262
3083,ADAMS ST OPP MSGR. LYDON WAY,233,60.0,35.5,6345.499984606287,0.487,0.2575107296137339
3084,ADAMS ST OPP LONSDALE ST,233,201.8,34.8,12159.699972299835,0.471,0.8660944206008584
3085,ADAMS ST @ KING ST,233,94.9,34.8,12159.699972299835,0.471,0.40729613733905584
3086,ADAMS ST @ ELMDALE ST,233,144.3,34.4,12180.899984807736,0.485,0.6193133047210301
3087,NEPONSET AVE @ ADAMS ST,160,49.5,34.8,4489.099992565505,0.505,0.309375
3088,GIBSON ST @ ADAMS ST,393,47.7,34.8,4489.099992565505,0.505,0.12137404580152672
3089,GIBSON ST @ DORCHESTER AVE,393,96.2,39.9,4974.60000966055,0.505,0.24478371501272264
3093,ADAMS ST @ ALLEYNE ST,155,60.9,36.5,5862.7999933046885,0.483,0.3929032258064516
3094,NEWPORT AVE @ FURNACE BROOK P,130,31.5,41.5,2169.600001380825,0.487,0.2423076923076923
3096,NEWPORT AVE OPP WILLOW AVE,130,216.7,47.6,4477.999996500525,0.484,1.6669230769230767
3106,HIGHLAND AVE @ ELMWOOD AVE,150,52.8,39.8,6721.099982058081,0.51,0.352
3107,HIGHLAND AVE @ N CENTRAL AVE,150,66.3,39.8,6721.099982058081,0.51,0.442
3108,HIGHLAND AVE @ HOBART AVE,150,23.9,42.8,3645.8000048012696,0.469,0.15933333333333333
3109,HIGHLAND AVE @ WILSON AVE,150,36.7,42.8,3645.8000048012696,0.469,0.2446666666666667
3110,WILSON AVE @ BELMONT ST,150,4.0,42.8,3645.8000048012696,0.469,0.02666666666666667
3111,WILSON AVE OPP MASCOMA ST,150,7.7,42.8,3645.8000048012696,0.469,0.051333333333333335
3113,WILSON AVE @ BOWDOIN AVE,150,41.9,44.2,3742.3999926591823,0.478,0.2793333333333333
3114,WILSON AVE @ HARVARD ST,150,61.6,44.2,3742.3999926591823,0.478,0.4106666666666667
3115,HARVARD ST @ HAMILTON AVE,150,46.8,42.2,3404.899997777529,0.454,0.312
3116,HARVARD ST @ ELLIOT AVE,150,0.0,44.2,3742.3999926591823,0.478,0.0
3117,HARVARD ST @ HOLBROOK RD.,150,80.2,44.2,3742.3999926591823,0.478,0.5346666666666667
3118,W SQUANTUM ST @ HARVARD ST,156,41.2,38.1,4543.600004744933,0.502,0.2641025641025641
3119,W SQUANTUM ST @ BOWDOIN ST,156,9.8,38.1,4543.600004744933,0.502,0.06282051282051282
3121,W SQUANTUM ST OPP HARRIET AVE,156,67.0,38.1,4543.600004744933,0.502,0.42948717948717946
3122,W SQUANTUN ST OPP DIVISION ST,156,30.5,36.7,4040.3000017924646,0.487,0.1955128205128205
3123,W SQUANTUM @ SMALL ST,156,2.0,36.7,4040.3000017924646,0.487,0.01282051282051282
3124,W SQUANTUM ST @ FARRINGTON ST,156,40.6,38.1,4543.600004744933,0.502,0.2602564102564103
3125,NORTH QUINCY BUSWAY,571,2853.1,34.9,3515.699995738334,0.505,4.996672504378283
3126,E SQUANTUM ST @ HANCOCK ST,135,25.1,34.9,3515.699995738334,0.505,0.18592592592592594
3128,E SQUANTUM ST @ NEWBURY AVE,135,28.7,34.9,3515.699995738334,0.505,0.21259259259259258
3129,E SQUANTUM ST @ FAXON RD.,135,77.5,34.9,3515.699995738334,0.505,0.5740740740740741
3131,E SQUANTUM ST @ APPLETON ST,135,75.3,36.4,7253.299986264452,0.49,0.5577777777777777
3133,E SQUANTUM ST @ ATLANTIC ST,135,91.3,42.4,5375.500003605058,0.493,0.6762962962962963
3134,E SQUANTUM ST @ OCEAN ST,135,53.3,38.8,4971.100008003658,0.472,0.3948148148148148
3135,E SQUANTUM ST OPP DITMAR ST,135,70.0,38.8,4971.100008003658,0.472,0.5185185185185185
3136,E SQUANTUM ST @ HUMMOCK RD,135,141.2,38.8,4971.100008003658,0.472,1.045925925925926
3140,E SQUANTUM ST @ DEERFIELD ST,135,43.3,51.1,1380.1000009187571,0.498,0.3207407407407407
3141,E SQUANTUM ST @ ESSEX ST,5,3.5,53.2,2058.799999630766,0.453,0.7
3143,HUCKINS AVE @ E SQUANTUM ST,139,199.1,51.1,1380.1000009187571,0.498,1.4323741007194244
3144,HUCKINS AVE @ STANDISH RD,139,137.7,46.4,2876.0000041047138,0.46,0.9906474820143885
3145,HUCKINS AVE @ BELLEVUE RD,139,99.2,46.4,2876.0000041047138,0.46,0.7136690647482015
3147,BELLEVUE RD @ WEGDEWOOD ST,139,43.1,48.8,1694.8000008994075,0.496,0.3100719424460432
3148,BELLEVUE RD @ STANDISH RD,139,64.8,48.8,1694.8000008994075,0.496,0.4661870503597122
3149,BELLEVUE RD @ DORCHESTER ST,139,4.4,48.8,1694.8000008994075,0.496,0.031654676258992806
3150,DORCHESTER ST OPP PRATT RD,139,25.2,53.2,2058.799999630766,0.453,0.18129496402877698
3151,DORCHESTER ST @ E SQUANTUM ST,139,35.5,53.2,2058.799999630766,0.453,0.25539568345323743
3152,E SQUANTUM ST OPP ESSEX ST,134,24.7,53.2,2058.799999630766,0.453,0.1843283582089552
3153,E SQUANTUM ST OPP HEATH ST,134,19.5,53.2,2058.799999630766,0.453,0.1455223880597015
3157,E SQUANTUM ST OPP HUMMOCK RD,134,142.4,38.8,4971.100008003658,0.472,1.0626865671641792
3158,E SQUANTUM @ DITMAR ST,134,0.0,38.8,4971.100008003658,0.472,0.0
3159,E SQUANTUM ST @ EDGEWORTH RD,134,115.2,38.8,4971.100008003658,0.472,0.8597014925373134
3160,E SQUANTUN ST @ ATLANTIC ST,134,108.9,36.4,7253.299986264452,0.49,0.8126865671641792
3162,E SQUANTUM ST @ HOLYOKE ST,134,78.4,42.4,5375.500003605058,0.493,0.5850746268656717
3164,E SQUANTUM ST @ THOREAU RD,134,84.8,34.9,3515.699995738334,0.505,0.6328358208955224
3165,E SQUANTUM ST @ NEWBURY AVE,134,86.9,34.9,3515.699995738334,0.505,0.6485074626865672
3167,E SQUANTUM ST @ HANCOCK ST,134,29.1,34.9,3515.699995738334,0.505,0.21716417910447763
3168,W SQUANTUM ST OPP FARRINGTON,165,43.4,38.1,4543.600004744933,0.502,0.263030303030303
3170,W SQUANTUM ST @ DIVISION ST,165,34.9,36.7,4040.3000017924646,0.487,0.21151515151515152
3172,W SQUANTUM ST @ MONTCLAIR AVE,165,69.4,38.1,4543.600004744933,0.502,0.42060606060606065
3174,W SQUANTUM ST @ EVANS ST,165,27.1,38.1,4543.600004744933,0.502,0.16424242424242425
3175,HARVARD ST @ HOLBROOK RD,159,67.7,42.2,3404.899997777529,0.454,0.4257861635220126
3176,DORCHESTER AVE @ HECLA ST,53,29.6,45.0,6972.099990340606,0.515,0.5584905660377358
3177,HARVARD ST @ HAMILTON AVE,159,11.5,42.2,3404.899997777529,0.454,0.07232704402515723
3178,HARVARD ST @ WILSON AVE,159,90.7,42.2,3404.899997777529,0.454,0.570440251572327
3179,WILSON AVE @ BOWDOIN ST,159,39.6,44.2,3742.3999926591823,0.478,0.2490566037735849
3181,WILSON AVE @ MASCOMA ST,159,19.6,42.8,3645.8000048012696,0.469,0.12327044025157234
3182,WILSON AVE @ HIGHLAND AVE,159,36.4,42.8,3645.8000048012696,0.469,0.2289308176100629
3184,HIGHLAND AVE @ HOBART ST,159,24.6,42.8,3645.8000048012696,0.469,0.1547169811320755
3185,HIGHLAND AVE @ N CENTRAL AVE,159,84.2,42.8,3645.8000048012696,0.469,0.529559748427673
3186,HIGHLAND AVE @ ELMWOOD AVE,159,56.5,39.8,6721.099982058081,0.51,0.3553459119496855
3191,NEWPORT AVE @ BEALE ST,139,48.3,35.5,5414.999981194041,0.515,0.3474820143884892
3193,NEWPORT AVE @ LINCOLN AVE,134,22.9,35.5,5414.999981194041,0.515,0.1708955223880597
3194,NEWPORT AVE @ WARREN AVE,134,3.7,39.2,3888.400007992019,0.495,0.027611940298507463
3195,NEWPORT AVE @ OAKLAND AVE,134,139.4,47.6,4477.999996500525,0.484,1.0402985074626867
3196,NEWPORT AVE @ GEORGE RD,134,19.7,47.6,4477.999996500525,0.484,0.14701492537313432
3197,NEWPORT AVE @ LILLIAN RD,134,2.0,47.6,4477.999996500525,0.484,0.014925373134328358
3198,NEWPORT AVE @ FURNACE BROOK P,134,11.0,47.6,4477.999996500525,0.484,0.08208955223880597
3199,ADAMS ST OPP ALLEYNE ST,159,43.5,36.5,5862.7999933046885,0.483,0.27358490566037735
3201,ELM AVE @ BRIGGS ST,20,4.5,38.0,6384.199996898037,0.483,0.225
3202,ELM AVE @ GREENE ST,20,0.5,38.0,6384.199996898037,0.483,0.025
3203,ELM AVE @ MARLBORO ST,20,0.0,38.0,6384.199996898037,0.483,0.0
3204,ELM AVE @ WILLOW ST,20,4.0,38.0,6384.199996898037,0.483,0.2
3205,ELM AVE @ E ELM AVE,20,1.0,32.0,6038.499995190674,0.486,0.05
3206,W ELM AVE @ GOULD ST,20,1.0,45.7,5696.199988699146,0.507,0.05
3207,W ELM AVE OPP MASON ST,20,3.0,32.0,6038.499995190674,0.486,0.15
3208,W ELM AVE @ FRANKLIN AVE,20,0.0,32.0,6038.499995190674,0.486,0.0
3209,W ELM AVE @ BILLINGS RD,20,4.0,32.0,6038.499995190674,0.486,0.2
3210,BILLINGS RD @ BEACH ST,20,1.0,32.0,6038.499995190674,0.486,0.05
3211,BILLINGS RD @ VASSAL ST,20,8.0,32.0,6038.499995190674,0.486,0.4
3212,BILLINGS RD @ APTHORP ST,20,12.0,36.9,7334.499989711587,0.493,0.6
3213,BILLINGS RD @ FRENCH ST,20,10.5,36.9,7334.499989711587,0.493,0.525
3214,BILLINGS RD @ FAXON RD,20,5.0,36.9,7334.499989711587,0.493,0.25
3215,BILLINGS RD OPP TYLER ST,20,3.0,36.9,7334.499989711587,0.493,0.15
3216,BILLINGS RD @ FELTON ST,20,5.5,36.9,7334.499989711587,0.493,0.275
3218,HOLMES ST OPP MOSCOW ST,20,0.5,38.9,5305.499995980101,0.526,0.025
3219,HOLMES ST @ BILLINGS RD,20,2.5,38.9,5305.499995980101,0.526,0.125
3221,BILLINGS RD @ LUNT ST,20,0.5,36.9,7334.499989711587,0.493,0.025
3222,BILLINGS RD @ TYLER ST,20,1.0,36.9,7334.499989711587,0.493,0.05
3223,BILLINGS RD @ FREEMAN ST,20,3.5,38.9,5305.499995980101,0.526,0.175
3224,BILLINGS RD @ ROYAL ST,20,7.0,36.9,7334.499989711587,0.493,0.35
3225,BILLINGS RD @ CALUMET ST,20,4.0,36.9,7334.499989711587,0.493,0.2
3226,BILLINGS RD @ VASSAL ST,20,2.0,36.9,7334.499989711587,0.493,0.1
3227,BILLINGS RD @ BEACH ST,20,1.0,32.0,6038.499995190674,0.486,0.05
3228,BILLINGS RD @ W ELM AVE,20,8.0,32.0,6038.499995190674,0.486,0.4
3229,W ELM AVE OPP FRANKLIN AVE,20,0.5,32.0,6038.499995190674,0.486,0.025
3230,W ELM AVE @ MASON ST,20,5.5,32.0,6038.499995190674,0.486,0.275
3231,W ELM AVE @ GOULD ST,20,3.5,32.0,6038.499995190674,0.486,0.175
3232,ELM AVE @ STAUNTON ST,20,0.0,45.7,5696.199988699146,0.507,0.0
3234,ELM AVE @ MARLBORO ST,20,2.5,38.0,6384.199996898037,0.483,0.125
3235,ELM AVE OPP GREENE ST,20,2.5,38.0,6384.199996898037,0.483,0.125
3236,ELM AVE @ HANCOCK ST,20,5.0,38.0,6384.199996898037,0.483,0.25
3237,CODDINGTON ST @ WASHINGTON ST,324,211.0,33.7,3269.600001264692,0.507,0.6512345679012346
3239,CODDINGTON ST @ QUINCY YMCA,329,624.2,33.7,3269.600001264692,0.507,1.8972644376899697
3240,55 SEA ST,367,68.2,37.0,1163.9999997261175,0.496,0.18583106267029972
3241,SEA ST OPP OVERLOOK RD,367,104.1,44.6,2020.1999992549784,0.485,0.2836512261580381
3242,SEA ST OPP SAMOSET AVE,367,50.8,37.0,1163.9999997261175,0.496,0.13841961852861034
3243,227 SEA ST,367,30.7,37.0,1163.9999997261175,0.496,0.08365122615803815
3244,SEA ST @ BARBOUR TERR,367,33.7,37.0,1163.9999997261175,0.496,0.09182561307901908
3245,405 SEA ST,377,80.4,37.0,1163.9999997261175,0.496,0.21326259946949602
3246,455 SEA ST,377,64.1,37.0,1163.9999997261175,0.496,0.170026525198939
3247,SEA ST @ BRAINTREE AVE,377,117.7,44.1,2774.1999981268464,0.491,0.3122015915119363
3248,SEA ST @ PALMER ST,5,0.0,44.1,2774.1999981268464,0.491,0.0
3249,565 SEA ST,372,0.5,44.1,2774.1999981268464,0.491,0.0013440860215053765
3250,SEA ST @ LEE ST,372,16.5,44.1,2774.1999981268464,0.491,0.04435483870967742
3251,OPP 700 SEA ST,372,6.1,44.1,2774.1999981268464,0.491,0.01639784946236559
3252,749 SEA ST,372,19.0,44.1,2774.1999981268464,0.491,0.051075268817204304
3253,SEA ST @ BABCOCK ST,372,14.0,46.7,3373.6999983888,0.489,0.03763440860215054
3254,SEA ST OPP MANET AVE,372,46.3,46.7,3373.6999983888,0.489,0.12446236559139784
3255,SEA ST OPP NEWTON ST,372,84.0,46.7,3373.6999983888,0.489,0.22580645161290322
3256,SEA ST OPP MALVERN ST,372,53.7,46.7,3373.6999983888,0.489,0.1443548387096774
3257,SEA ST @ ROCKLAND ST,372,192.3,46.7,3373.6999983888,0.489,0.5169354838709678
3258,SEA ST @ DARROW ST,372,28.1,43.5,1780.2000010609552,0.488,0.07553763440860216
3259,SEA ST @ MANET AVE,372,116.3,43.5,1780.2000010609552,0.488,0.3126344086021505
3260,SEA ST @ WALL ST,372,210.8,46.2,2469.500000173258,0.495,0.5666666666666667
3261,SEA ST @ BELL ST,372,119.3,46.2,2469.500000173258,0.495,0.3206989247311828
3262,SEA ST @ THOMAS ST,372,86.8,46.2,2469.500000173258,0.495,0.23333333333333334
3265,SEA ST @ FENSMERE AVE,734,268.0,46.2,2469.500000173258,0.495,0.3651226158038147
3266,SEA ST @ BAY VIEW AVE,362,53.9,46.2,2469.500000173258,0.495,0.1488950276243094
3267,SEA ST @ WINTHROP ST,362,54.9,46.2,2469.500000173258,0.495,0.1516574585635359
3268,SEA ST OPP MACY ST,362,31.3,46.2,2469.500000173258,0.495,0.08646408839779006
3269,SEA ST @ MANET AVE,362,101.8,43.5,1780.2000010609552,0.488,0.28121546961325966
3270,SEA ST OPP DARROW ST,362,12.6,43.5,1780.2000010609552,0.488,0.034806629834254144
3271,SEA ST @ WINTHROP ST,362,66.8,43.5,1780.2000010609552,0.488,0.18453038674033148
3272,SEA ST @ MALVERN ST,362,40.9,46.7,3373.6999983888,0.489,0.11298342541436464
3273,SEA ST @ NEWTON ST,362,74.1,46.7,3373.6999983888,0.489,0.20469613259668507
3274,SEA ST @ MANET AVE,362,48.9,46.7,3373.6999983888,0.489,0.13508287292817678
3276,SEA ST OPP PETERSON RD,362,0.5,44.1,2774.1999981268464,0.491,0.0013812154696132596
3277,700 SEA ST,362,12.7,44.1,2774.1999981268464,0.491,0.03508287292817679
3278,SEA ST @ POST ISLAND RD,362,19.3,44.1,2774.1999981268464,0.491,0.05331491712707183
3279,576 SEA ST,362,16.6,44.1,2774.1999981268464,0.491,0.04585635359116023
3280,SEA ST @ GANNETT RD,362,343.8,44.1,2774.1999981268464,0.491,0.9497237569060774
3281,SEA ST @ ALBATROSS RD,362,11.0,44.1,2774.1999981268464,0.491,0.03038674033149171
3283,410 SEA ST,362,96.3,37.0,1163.9999997261175,0.496,0.2660220994475138
3284,SEA ST @ ALGONQUIN RD,362,31.6,37.0,1163.9999997261175,0.496,0.08729281767955802
3286,SEA ST @ SAMOSET AVE,362,142.0,37.0,1163.9999997261175,0.496,0.39226519337016574
3287,SEA ST @ OVERLOOK RD,362,97.8,37.0,1163.9999997261175,0.496,0.27016574585635356
3288,SEA ST @ CEMETERY,362,20.8,44.6,2020.1999992549784,0.485,0.057458563535911604
3289,CODDINGTON ST @ SOUTHERN ARTE,319,231.5,33.7,3269.600001264692,0.507,0.725705329153605
3290,CODDINGTON ST @ QUINCY HIGH S,319,470.5,33.7,3269.600001264692,0.507,1.474921630094044
3292,PALMER ST @ SEA ST,372,159.9,44.1,2774.1999981268464,0.491,0.4298387096774194
3295,PALMER ST @ OAKWOOD RD,372,173.6,46.0,6191.999998337718,0.469,0.4666666666666667
3298,PALMER ST @ FORBUSH AVE,372,56.3,37.5,1773.599999135691,0.471,0.15134408602150537
3299,PALMER ST OPP BROCKTON AVE,372,78.8,46.0,6191.999998337718,0.469,0.2118279569892473
3300,PALMER ST OPP ROACH ST,372,96.8,46.0,6191.999998337718,0.469,0.26021505376344084
3301,PALMER ST OPP BOWES AVE,372,34.4,46.0,6191.999998337718,0.469,0.09247311827956989
3303,375 PALMER ST,372,1202.9,46.0,6191.999998337718,0.469,3.2336021505376347
3304,PALMER ST @ TAFFRAIL RD,372,577.2,46.0,6191.999998337718,0.469,1.5516129032258066
3305,26 TAFFRAIL RD,372,302.8,46.0,6191.999998337718,0.469,0.8139784946236559
3306,TAFFRAIL RD @ BICKNELL ST,372,251.1,46.0,6191.999998337718,0.469,0.6749999999999999
3307,BICKNELL ST @ O'BRIEN TOWERS,372,52.2,37.5,1773.599999135691,0.471,0.1403225806451613
3308,O'BRIEN TOWERS,372,1153.5,46.0,6191.999998337718,0.469,3.100806451612903
3310,BICKNELL ST @ BINNACLE LANE,367,81.8,37.5,1773.599999135691,0.471,0.22288828337874658
3311,BICKNELL ST @ YARDARM LN,367,220.9,37.5,1773.599999135691,0.471,0.6019073569482289
3312,PALMER ST @ SHED ST,367,373.5,37.5,1773.599999135691,0.471,1.0177111716621254
3314,PALMER ST @ BOWES AVE,367,15.7,46.0,6191.999998337718,0.469,0.042779291553133515
3315,PALMER ST @ ROACH ST,367,49.7,46.0,6191.999998337718,0.469,0.13542234332425068
3316,PALMER ST @ BROCKTON AVE,367,34.7,46.0,6191.999998337718,0.469,0.09455040871934606
3317,PALMER ST @ EMPIRE ST,367,25.0,46.0,6191.999998337718,0.469,0.0681198910081744
3320,PALMER ST OPP OAKWOOD RD,367,43.5,46.0,6191.999998337718,0.469,0.11852861035422343
3321,PALMER ST OPP WILGUS RD,367,54.0,46.0,6191.999998337718,0.469,0.14713896457765668
3322,PALMER ST OPP UTICA ST,367,40.6,44.1,2774.1999981268464,0.491,0.11062670299727521
3323,PALMER ST @ SEA ST,367,44.3,44.1,2774.1999981268464,0.491,0.120708446866485
3326,1445 HANCOCK ST,905,789.3,36.5,4078.599998303673,0.461,0.8721546961325967
3327,SCHOOL ST @ HANCOCK ST,630,488.8,36.5,4078.599998303673,0.461,0.7758730158730159
3328,SCHOOL ST OPP GAY ST,630,276.8,35.5,5508.599998200869,0.49,0.4393650793650794
3330,FRANKLIN ST @ WATER ST,630,414.5,36.4,3724.2000010881097,0.497,0.6579365079365079
3331,WATER ST @ PLEASANT ST,209,65.9,36.4,3724.2000010881097,0.497,0.31531100478468904
3332,WATER ST @ LINCOLN HANCOCK CO,209,121.8,36.9,4077.800002195131,0.497,0.5827751196172248
3333,WATER ST @ QUINCY ST,209,123.2,36.4,3724.2000010881097,0.497,0.5894736842105264
3335,WATER ST @ GORDON TER,209,69.2,36.9,4077.800002195131,0.497,0.33110047846889956
3336,COPELAND ST @ GRANITE ST,209,369.7,36.9,4077.800002195131,0.497,1.7688995215311005
3337,35 COPELAND ST,209,49.300000000000004,36.9,4077.800002195131,0.497,0.23588516746411486
3338,COPELAND ST @ BUCKLEY ST,209,178.1,36.9,4077.800002195131,0.497,0.8521531100478469
3339,165 COPELAND ST,209,264.6,37.0,2903.300001066087,0.486,1.2660287081339714
3341,COPELAND ST @ FURNACE BROOK P,209,115.4,37.0,2903.300001066087,0.486,0.552153110047847
3342,COPELAND ST @ CROSS ST,17,2.1,37.0,2903.300001066087,0.486,0.12352941176470589
3343,COPELAND ST OPP FURNACE AVE,209,65.0,37.0,2903.300001066087,0.486,0.31100478468899523
3344,COPELAND ST @ BADGERS LN,209,85.4,37.0,2903.300001066087,0.486,0.4086124401913876
3345,WILLARD ST @ COPELAND ST,209,142.7,37.0,2903.300001066087,0.486,0.6827751196172248
3347,WILLARD ST OPP CALIFORNIA AVE,209,194.8,37.0,2903.300001066087,0.486,0.9320574162679426
3348,WILLARD ST @ ROGERS ST,209,96.0,37.0,2903.300001066087,0.486,0.45933014354066987
3349,WILLARD ST @ ROBERTSON ST,209,120.9,37.0,2903.300001066087,0.486,0.5784688995215311
3350,ROBERTSON ST @ QUARRY ST,249,167.5,37.0,2903.300001066087,0.486,0.6726907630522089
3351,ROBERTSON ST @ CONNELL ST,249,59.3,44.0,3795.8999993915722,0.461,0.23815261044176705
3352,ROBERTSON ST OPP ELLIS ST,249,10.5,44.0,3795.8999993915722,0.461,0.04216867469879518
3353,ROBERTSON ST @ KIMBALL ST,249,25.2,44.0,3795.8999993915722,0.461,0.10120481927710843
3354,ROBERTSON ST @ ADAMS ST,249,218.6,44.0,3795.8999993915722,0.461,0.8779116465863454
3356,ADAMS ST @ WASHINGTON ST,254,94.6,42.2,2814.6999994948847,0.456,0.3724409448818897
3358,ADAMS ST @ GRANITE PL,254,14.8,42.2,2814.6999994948847,0.456,0.05826771653543308
3359,ADAMS ST @ CHURCH ST,254,137.9,43.8,2856.800004457892,0.481,0.5429133858267716
3360,GRANITE AVE @ BASSETT ST,249,116.9,45.6,644.4000001419748,0.481,0.46947791164658637
3361,GRANITE AVE @ WOOD ST,204,24.7,42.2,2814.6999994948847,0.456,0.12107843137254902
3362,GRANITE AVE @ EMERSON RD,204,0.0,42.2,2814.6999994948847,0.456,0.0
3363,GRANITE AVE @ SQUANTUM ST,198,16.8,40.1,1129.700000416395,0.461,0.08484848484848485
3364,OPP 197 GRANITE AVE,198,2.0,40.1,1129.700000416395,0.461,0.010101010101010102
3365,GRANITE AVE @ HOPE AVE,198,4.0,40.1,1129.700000416395,0.461,0.020202020202020204
3366,GRANITE AVE @ THISTLE AVE,198,2.5,40.1,1129.700000416395,0.461,0.012626262626262626
3368,GRANITE AVE @ HILLTOP ST,198,48.2,44.1,1331.399999617722,0.472,0.24343434343434345
3369,GRANITE AVE @ MILTON ST,198,24.5,44.1,1331.399999617722,0.472,0.12373737373737374
3370,GALLIVAN BLVD @ KENMERE RD,198,123.8,35.5,6754.8999891000485,0.489,0.6252525252525253
3371,GALLIVAN BLVD @ FREDERIKA ST,198,6.3,37.8,5631.100009663562,0.488,0.031818181818181815
3372,GALLIVAN BLVD @ CARRUTH ST,198,3.0,44.1,1331.399999617722,0.472,0.015151515151515152
3373,GALLIVAN BLVD @ HURON CIRCLE,198,27.2,47.7,2261.300001575181,0.524,0.13737373737373737
3375,GALLIVAN BLVD @ HUTCHINSON ST,199,28.2,47.7,2261.300001575181,0.524,0.14170854271356784
3376,GALLIVAN BLVD OPP HURON CIRCL,199,0.8,47.7,2261.300001575181,0.524,0.004020100502512563
3377,GALLIVAN BLVD @ ADAMS ST,199,10.700000000000001,44.1,1331.399999617722,0.472,0.05376884422110553
3378,GRANITE AVE @ GALLIVAN BLVD,259,140.4,37.8,5631.100009663562,0.488,0.5420849420849421
3379,GRANITE AVE @ MILTON ST,259,24.2,37.8,5631.100009663562,0.488,0.09343629343629344
3380,GRANITE AVE OPP HILLTOP ST,259,30.900000000000002,44.1,1331.399999617722,0.472,0.11930501930501931
3382,GRANITE AVE OPP THISTLE AVE,199,0.0,40.1,1129.700000416395,0.461,0.0
3384,GRANITE AVE OPP HOPE AVE,199,0.0,40.1,1129.700000416395,0.461,0.0
3385,197 GRANITE AVE,199,9.0,40.1,1129.700000416395,0.461,0.04522613065326633
3386,GRANITE AVE @ SQUANTUM ST,205,17.2,40.1,1129.700000416395,0.461,0.08390243902439024
3387,GRANITE AVE OPP EMERSON RD,205,9.8,40.1,1129.700000416395,0.461,0.04780487804878049
3388,GRANITE AVE OPP WOOD ST,205,21.9,42.2,2814.6999994948847,0.456,0.10682926829268292
3389,ADAMS ST @ HOLLIS ST,250,79.2,40.4,1979.5999998616048,0.487,0.3168
3391,ADAMS ST @ MECHANIC ST,230,187.4,42.2,2814.6999994948847,0.456,0.8147826086956522
3392,ADAMS ST @ FOSTER LN,230,8.5,42.2,2814.6999994948847,0.456,0.03695652173913044
3393,ADAMS ST @ PILGRIM RD,230,50.8,42.2,2814.6999994948847,0.456,0.2208695652173913
3394,ADAMS ST @ STEDMAN ST,230,35.6,44.0,3795.8999993915722,0.461,0.1547826086956522
3395,ROBERTSON ST @ ADAMS ST,235,209.7,44.0,3795.8999993915722,0.461,0.8923404255319148
3396,ROBERTSON ST OPP KIMBALL ST,235,26.2,44.0,3795.8999993915722,0.461,0.11148936170212766
3397,77 ROBERTSON ST,235,18.5,44.0,3795.8999993915722,0.461,0.07872340425531915
3398,ROBERTSON ST @ BALLOU ST,235,111.7,44.0,3795.8999993915722,0.461,0.4753191489361702
3399,ROBERTSON ST @ QUARRY ST,235,45.9,44.0,3795.8999993915722,0.461,0.1953191489361702
3400,WILLARD ST @ ROBERTSON ST,210,156.6,37.0,2903.300001066087,0.486,0.7457142857142857
3401,WILLARD ST OPP ROGERS ST,210,61.800000000000004,37.0,2903.300001066087,0.486,0.2942857142857143
3402,WILLARD ST @ CALIFORNIA AVE,210,152.3,37.0,2903.300001066087,0.486,0.7252380952380952
3403,307 WILLARD ST,210,108.6,37.0,2903.300001066087,0.486,0.5171428571428571
3404,COPELAND ST OPP BADGERS LN,210,77.8,37.0,2903.300001066087,0.486,0.37047619047619046
3405,COPELAND ST @ FURNACE AVE,210,38.4,37.0,2903.300001066087,0.486,0.18285714285714286
3406,COPELAND ST @ CROSS ST,210,64.1,37.0,2903.300001066087,0.486,0.3052380952380952
3407,COPELAND ST @ FURNACE BROOK P,210,56.9,37.0,2903.300001066087,0.486,0.27095238095238094
3408,COPELAND ST @ CENTRE ST,210,268.0,37.0,2903.300001066087,0.486,1.276190476190476
3410,62 COPELAND ST,210,202.8,36.9,4077.800002195131,0.497,0.9657142857142857
3411,38 COPELAND ST,210,55.7,36.9,4077.800002195131,0.497,0.2652380952380953
3412,COPELAND ST @ GRANITE ST,210,378.1,36.9,4077.800002195131,0.497,1.8004761904761906
3413,WATER ST @ ROBERTS ST,210,85.4,36.9,4077.800002195131,0.497,0.4066666666666667
3415,315 WATER ST,210,124.0,36.9,4077.800002195131,0.497,0.5904761904761905
3416,WATER ST @ QUINCY ST,210,131.3,36.4,3724.2000010881097,0.497,0.6252380952380953
3417,WATER ST @ LIBERTY ST,210,42.7,36.4,3724.2000010881097,0.497,0.20333333333333334
3418,FRANKLIN ST @ WATER ST,372,256.1,36.4,3724.2000010881097,0.497,0.6884408602150538
3420,SCHOOL ST @ PHIPPS ST,648,558.0,35.5,5508.599998200869,0.49,0.8611111111111112
3422,HANCOCK ST @ WALTER J HANNON,923,626.6,36.5,4078.599998303673,0.461,0.6788732394366197
3423,HANCOCK ST @ COTTAGE AVE,923,567.7,36.5,4078.599998303673,0.461,0.615059588299025
3425,CODDINGTON ST @ SOUTHERN ARTE,329,283.6,33.7,3269.600001264692,0.507,0.8620060790273557
3426,MCGRATH HWY @ BRACKETT ST,38,96.6,33.7,3269.600001264692,0.507,2.5421052631578944
3455,BEALE ST @ FARRINGTON ST,130,27.5,35.5,5414.999981194041,0.515,0.21153846153846154
3458,BEALE ST @ N CENTRAL AVE,130,102.4,38.1,4277.799991742996,0.502,0.7876923076923077
3460,BEALE ST @ PINE ST,25,2.5,38.1,4277.799991742996,0.502,0.1
3461,385 BEALE ST OPP SUMMIT AVE,25,2.5,38.1,4277.799991742996,0.502,0.1
3462,BEALE ST @ ROCKWELL AVE,25,6.5,38.3,1862.1999987345587,0.466,0.26
3463,ADAMS ST OPP BROOK RD,20,0.5,40.4,1979.5999998616048,0.487,0.025
3464,ADAMS ST @ LIBBY RD,20,1.5,45.6,644.4000001419748,0.481,0.075
3465,ADAMS ST @ SQUANTUM ST,20,0.0,40.4,1979.5999998616048,0.487,0.0
3466,ADAMS ST @ CARY AVE,20,0.5,45.6,644.4000001419748,0.481,0.025
3468,316 ADAMS ST,20,16.5,40.4,1979.5999998616048,0.487,0.825
3470,ADAMS ST @ FORBES RD,20,0.0,42.3,1113.3999996644823,0.475,0.0
3471,224 ADAMS ST OPP CHURCHILLS L,20,0.0,42.3,1113.3999996644823,0.475,0.0
3472,OPP 191 ADAMS ST,20,0.0,42.3,1113.3999996644823,0.475,0.0
3473,ADAMS ST @ WHARF ST,20,7.5,42.3,1113.3999996644823,0.475,0.375
3474,ADAMS ST @ ELIOT ST,20,2.0,49.6,2240.299997747175,0.414,0.1
3476,BEALE ST @ ARLINGTON ST,130,60.3,35.5,5414.999981194041,0.515,0.4638461538461538
3477,ADAMS ST @ ELIOT ST,20,2.0,49.6,2240.299997747175,0.414,0.1
3478,ADAMS ST @ CANTON AVE,20,1.5,42.3,1113.3999996644823,0.475,0.075
3479,191 ADAMS ST,20,0.5,42.3,1113.3999996644823,0.475,0.025
3480,ADAMS ST @ CHURCHILLS LN,20,1.5,42.3,1113.3999996644823,0.475,0.075
3482,ADAMS ST @ FONTBONNE ACADEMY,20,16.0,42.3,1113.3999996644823,0.475,0.8
3483,321 ADAMS ST,20,0.0,40.4,1979.5999998616048,0.487,0.0
3485,ADAMS ST @ CENTRE ST,20,0.5,45.6,644.4000001419748,0.481,0.025
3486,ADAMS ST @ ROWE ST,20,0.0,40.4,1979.5999998616048,0.487,0.0
3487,ADAMS ST @ GOVERNORS RD,20,1.5,40.4,1979.5999998616048,0.487,0.075
3488,ADAMS ST @ BABCOCK ST,20,1.5,40.4,1979.5999998616048,0.487,0.075
3489,BEALE ST @ FORBES HILL RD,25,4.5,38.3,1862.1999987345587,0.466,0.18
3490,BEALE ST @ SUMMIT AVE,25,0.5,40.6,4916.80001314622,0.498,0.02
3491,BEALE ST @ PINE ST,25,0.5,38.1,4277.799991742996,0.502,0.02
3493,BEALE ST @ S CENTRAL AVE,25,9.0,38.1,4277.799991742996,0.502,0.36
3495,BEALE ST OPP SAFFORD ST,139,42.1,35.5,5414.999981194041,0.515,0.30287769784172663
3513,BOSTON AVE @ HIGH ST,383,163.7,39.2,4225.299999510441,0.479,0.42741514360313315
3515,WASHINGTON ST @ FOSTER ST,470,426.2,33.7,3269.600001264692,0.507,0.9068085106382978
3516,WASHINGTON ST @ MCGRATH HWY,432,173.5,70.3,3212.9999986971948,0.389,0.40162037037037035
3518,WASHINGTON ST @ EDWARDS ST,432,175.3,70.3,3212.9999986971948,0.389,0.40578703703703706
3520,WASHINGTON ST @ FOWLER ST,432,280.6,37.6,4976.999989980913,0.477,0.6495370370370371
3521,WASHINGTON ST @ LOWE ST,432,202.0,37.6,4976.999989980913,0.477,0.4675925925925926
3522,WASHINGTON ST @ GLENWOOD WAY,432,192.3,37.6,4976.999989980913,0.477,0.4451388888888889
3523,WASHINGTON ST @ MASSACHUSETTS,432,147.1,37.6,4976.999989980913,0.477,0.34050925925925923
3524,WASHINGTON ST @ ARNOLD ST,432,278.7,40.2,5218.799998429193,0.477,0.6451388888888888
3525,WASHINGTON ST @ RING AVE,432,436.6,50.4,6037.399981752201,0.516,1.0106481481481482
3526,WASHINGTON ST @ BEACON ST,432,370.3,55.0,6866.899991653832,0.445,0.857175925925926
3527,WASHINGTON ST @ BROADWAY,432,94.0,55.0,6866.899991653832,0.445,0.2175925925925926
3528,WASHINGTON ST @ CHUBBUCK ST,432,540.9,50.4,6037.399981752201,0.516,1.2520833333333332
3529,WASHINGTON ST @ CLEVERLY CT,432,323.7,55.0,6866.899991653832,0.445,0.7493055555555556
3530,WASHINGTON ST @ SOUTH ST,432,247.3,39.6,1285.700000129491,0.514,0.5724537037037037
3531,BRIDGE ST @ MONATIQUOT ST,432,22.2,41.4,1882.7999998135529,0.477,0.05138888888888889
3532,BRIDGE ST @ BLUFF RD,432,35.4,41.4,1882.7999998135529,0.477,0.08194444444444444
3533,BRIDGE ST @ EVANS ST,432,49.7,44.3,1935.1999979301247,0.486,0.1150462962962963
3534,BRIDGE ST @ SHERWOOD RD,432,75.7,41.4,1882.7999998135529,0.477,0.1752314814814815
3535,BRIDGE ST OPP BIRCHBROW AVE,432,147.2,41.4,1882.7999998135529,0.477,0.34074074074074073
3536,BRIDGE ST @ PRINCETON AVE,432,46.6,41.4,1882.7999998135529,0.477,0.10787037037037038
3537,309 BRIDGE ST,219,1.0,45.4,2650.8000009766106,0.474,0.0045662100456621
3538,BRIDGE ST @ FAIRLAWN AVE,432,65.0,45.4,2650.8000009766106,0.474,0.15046296296296297
3539,BRIDGE ST @ STANDISH ST,432,180.6,41.4,1882.7999998135529,0.477,0.41805555555555557
3541,BRIDGE ST OPP BLACKSTONE RD,219,43.1,41.8,1573.1999996813174,0.481,0.19680365296803654
3542,BRIDGE ST @ NORTH ST,219,89.9,41.8,1573.1999996813174,0.481,0.41050228310502285
3543,BRIDGE ST OPP LOVELL ST,219,39.6,44.4,1484.8000005164522,0.49,0.18082191780821918
3544,BRIDGE ST @ GREEN ST,219,84.9,47.2,1633.89999935142,0.483,0.38767123287671235
3545,BRIDGE ST @ RIVERWAY PLAZA,219,272.4,44.4,1484.8000005164522,0.49,1.2438356164383562
3547,LINCOLN ST @ BEAL ST,219,30.9,48.6,576.9000000379787,0.449,0.1410958904109589
3548,LINCOLN ST @ LINCOLN PLAZA,219,325.1,48.6,576.9000000379787,0.449,1.484474885844749
3549,LINCOLN ST @ SGT WILLIAM TERR,219,332.0,48.6,576.9000000379787,0.449,1.5159817351598173
3550,322 LINCOLN ST,219,39.9,43.2,884.5999998475382,0.483,0.1821917808219178
3551,LINCOLN ST OPP USS AMESBURY D,219,15.9,43.2,884.5999998475382,0.483,0.0726027397260274
3553,LINCOLN ST @ FOTTLER RD,219,26.4,43.2,884.5999998475382,0.483,0.12054794520547944
3555,LINCOLN ST @ THAXTER ST,219,41.8,43.4,1356.6000002625135,0.498,0.19086757990867578
3556,DOWNER AVE @ BROAD COVE RD,219,103.2,43.4,1356.6000002625135,0.498,0.4712328767123288
3558,DOWNER AVE OPP PLANTERS FIELD,219,3.5,43.4,1356.6000002625135,0.498,0.01598173515981735
3560,DOWNER AVE @ OTIS ST,219,8.5,43.4,1356.6000002625135,0.498,0.03881278538812785
3561,OTIS ST @ GOVERNOR LONG RD,219,0.0,43.4,1356.6000002625135,0.498,0.0
3565,OTIS ST @ SHIP ST,219,2.2,46.4,898.1999996416093,0.478,0.010045662100456623
3566,NORTH ST @ OTIS ST,219,120.1,46.4,898.1999996416093,0.478,0.5484018264840183
3567,NORTH ST OPP STATION ST,219,110.2,46.4,898.1999996416093,0.478,0.5031963470319635
3569,NORTH ST @ SOUTH ST,15,1.5,46.4,898.1999996416093,0.478,0.1
3571,MAIN ST @ ELM ST,15,2.0,46.4,898.1999996416093,0.478,0.13333333333333333
3572,MAIN ST OPP CLARK RD,15,0.0,46.4,898.1999996416093,0.478,0.0
3573,MAIN ST @ PLAYGROUND,15,2.5,46.4,898.1999996416093,0.478,0.16666666666666666
3574,MAIN ST @ FIREHOUSE,15,0.5,46.4,898.1999996416093,0.478,0.03333333333333333
3575,CENTRAL ST @ MAIN ST,15,2.0,40.0,1038.0999994815495,0.494,0.13333333333333333
3576,CENTRAL ST @ CENTRAL JR HS,15,0.5,40.0,1038.0999994815495,0.494,0.03333333333333333
3577,CENTRAL ST @ GARRISON RD,15,0.5,40.0,1038.0999994815495,0.494,0.03333333333333333
3578,CENTRAL ST @ WESTON RD,15,0.0,40.0,1038.0999994815495,0.494,0.0
3579,CENTRAL ST @ ELM ST,15,4.5,40.0,1038.0999994815495,0.494,0.3
3580,CENTRAL ST @ SOUTH ST,15,0.0,46.4,898.1999996416093,0.478,0.0
3582,STATION ST HINGHAM DEPOT,438,812.9,46.4,898.1999996416093,0.478,1.8559360730593606
3589,NORTH ST @ OTIS ST,219,24.6,46.4,898.1999996416093,0.478,0.11232876712328768
3590,OTIS ST OPP SHIP ST,219,9.7,46.4,898.1999996416093,0.478,0.04429223744292237
3594,OTIS ST OPP GOVERNOR LONG RD,219,4.5,43.4,1356.6000002625135,0.498,0.02054794520547945
3595,OTIS ST @ DOWNER AVE,219,10.0,43.4,1356.6000002625135,0.498,0.045662100456621
3597,DOWNER AVE @ PLANTERS FIELD L,219,2.0,43.4,1356.6000002625135,0.498,0.0091324200913242
3598,DOWNER AVE @ CONDITO RD,219,35.4,43.4,1356.6000002625135,0.498,0.16164383561643836
3599,DOWNER AVE @ LINCOLN ST,219,72.5,43.4,1356.6000002625135,0.498,0.3310502283105023
3600,LINCOLN ST OPP BULOW RD,219,31.1,43.2,884.5999998475382,0.483,0.14200913242009133
3602,LINCOLN ST @ BRADLEY WOODS DR,219,19.4,43.2,884.5999998475382,0.483,0.08858447488584474
3603,349 LINCOLN ST,219,397.2,48.6,576.9000000379787,0.449,1.8136986301369862
3604,LINCOLN ST @ USS AMESBURY DR,219,13.2,43.2,884.5999998475382,0.483,0.06027397260273972
3605,319 LINCOLN ST,219,35.2,43.2,884.5999998475382,0.483,0.16073059360730596
3607,LINCOLN ST OPP LINCOLN PLAZA,219,235.5,48.6,576.9000000379787,0.449,1.0753424657534247
3608,LINCOLN ST OPP BEAL ST,219,11.4,48.6,576.9000000379787,0.449,0.052054794520547946
3610,BRIDGE ST OPP RIVERWAY PLAZA,219,205.7,60.2,1263.0999996505816,0.453,0.939269406392694
3611,BRIDGE ST @ NECK ST,219,129.5,44.4,1484.8000005164522,0.49,0.591324200913242
3612,BRIDGE ST @ LOVELL ST,219,63.0,44.4,1484.8000005164522,0.49,0.2876712328767123
3613,BRIDGE ST @ NORTH ST,219,76.0,44.4,1484.8000005164522,0.49,0.3470319634703196
3614,BRIDGE ST @ BLACKSTONE RD,219,18.2,41.8,1573.1999996813174,0.481,0.08310502283105023
3616,BRIDGE ST @ NEWTON ST,432,200.9,41.4,1882.7999998135529,0.477,0.4650462962962963
3617,BRIDGE ST @ PRATT AVE,432,28.5,41.4,1882.7999998135529,0.477,0.06597222222222222
3618,BRIDGE ST @ BAYVIEW ST,432,51.6,45.4,2650.8000009766106,0.474,0.11944444444444445
3620,BRIDGE ST @ BIRCHBROW AVE,432,169.4,41.4,1882.7999998135529,0.477,0.39212962962962966
3621,BRIDGE ST OPP SHERWOOD RD,432,21.2,41.4,1882.7999998135529,0.477,0.049074074074074076
3622,BRIDGE ST OPP EVANS ST,432,82.4,44.3,1935.1999979301247,0.486,0.19074074074074077
3623,BRIDGE ST OPP BLUFF RD,432,9.0,41.4,1882.7999998135529,0.477,0.020833333333333332
3624,BRIDGE ST OPP MONATIQUOT ST,432,4.4,41.4,1882.7999998135529,0.477,0.010185185185185186
3626,WASHINGTON ST @ BAKER AVE,432,330.1,39.6,1285.700000129491,0.514,0.7641203703703704
3627,WASHINGTON ST @ WASHINGTON CT,432,746.2,55.0,6866.899991653832,0.445,1.727314814814815
3629,WASHINGTON ST @ LEBANON ST,432,480.2,55.0,6866.899991653832,0.445,1.111574074074074
3630,WASHINGTON ST @ SOUTHERN ARTE,432,416.3,40.2,5218.799998429193,0.477,0.9636574074074075
3631,WASHINGTON ST @ RIVER ST,432,279.2,40.2,5218.799998429193,0.477,0.6462962962962963
3632,WASHINGTON ST @ EDISON ST,432,238.9,37.6,4976.999989980913,0.477,0.5530092592592593
3633,WASHINGTON ST @ MILL ST,432,245.5,37.6,4976.999989980913,0.477,0.5682870370370371
3634,WASHINGTON ST OPP LOWE ST,432,171.0,37.6,4976.999989980913,0.477,0.3958333333333333
3635,WASHINGTON ST @ POND ST,432,143.8,37.6,4976.999989980913,0.477,0.33287037037037037
3636,236 WASHINGTON ST OPP UNION S,432,163.5,70.3,3212.9999986971948,0.389,0.3784722222222222
3638,WASHINGTON ST @ ELM ST,432,179.7,70.3,3212.9999986971948,0.389,0.4159722222222222
3639,WASHINGTON ST @ MCGRATH HWY,432,134.6,70.3,3212.9999986971948,0.389,0.31157407407407406
3640,WASHINGTON ST @ CODDINGTON ST,475,624.9,33.7,3269.600001264692,0.507,1.315578947368421
3660,SEA ST @ PEARL ST,213,43.3,41.8,1573.1999996813174,0.481,0.20328638497652582
3661,SEA ST @ NORTH ST,213,136.7,41.8,1573.1999996813174,0.481,0.6417840375586854
3662,NORTH ST OPP CURTIS ST,213,10.7,41.8,1573.1999996813174,0.481,0.050234741784037557
3664,NORTH ST @ PEARL ST,213,15.3,41.8,1573.1999996813174,0.481,0.07183098591549296
3665,NORTH ST OPP MORELAND RD,213,1.0,41.8,1573.1999996813174,0.481,0.004694835680751174
3666,NORTH ST @ SANING RD,213,5.8,41.8,1573.1999996813174,0.481,0.027230046948356807
3667,NORTH ST OPP COLASANTI RD,213,25.1,41.8,1573.1999996813174,0.481,0.11784037558685447
3668,NORTH ST @ ABIGAIL ADAMS CIRC,213,20.7,44.2,1302.6000002217734,0.485,0.09718309859154929
3669,NORTH ST @ CHURCH ST,213,38.8,44.2,1302.6000002217734,0.485,0.18215962441314554
3670,NORTH ST @ COMMERCIAL ST,213,8.4,45.3,1839.3000012072764,0.485,0.03943661971830986
3671,MIDDLE ST @ COMMERCIAL ST,213,13.5,45.3,1839.3000012072764,0.485,0.06338028169014084
3672,MIDDLE ST @ GILBERT RD,213,17.3,45.3,1839.3000012072764,0.485,0.0812206572769953
3673,MIDDLE ST @ ACADEMY AVE,213,35.7,45.3,1839.3000012072764,0.485,0.16760563380281693
3674,MIDDLE ST OPP MAPLE ST,213,50.7,40.4,2017.6000001521124,0.485,0.23802816901408452
3675,MIDDLE ST @ BROAD ST,213,183.5,40.4,2017.6000001521124,0.485,0.8615023474178404
3676,601 BROAD ST OPP CAIN AVE,213,67.0,40.6,2544.6000016497587,0.487,0.3145539906103286
3677,617 BROAD ST,213,5.5,40.6,2544.6000016497587,0.487,0.025821596244131457
3678,BROAD ST @ FAIRMOUNT AVE,213,53.0,40.6,2544.6000016497587,0.487,0.24882629107981222
3679,BROAD ST @ HILLCREST RD,213,57.9,40.6,2544.6000016497587,0.487,0.27183098591549293
3682,BROAD ST @ SHAWMUT ST,213,90.7,40.6,2544.6000016497587,0.487,0.42582159624413146
3683,PLEASANT ST @ WATER ST,213,71.2,44.6,2196.89999879074,0.492,0.3342723004694836
3684,WATER ST @ COMMERCIAL ST,214,110.6,44.6,2196.89999879074,0.492,0.516822429906542
3685,BROAD ST @ COMMERCIAL ST,213,83.7,40.6,2544.6000016497587,0.487,0.39295774647887327
3686,BROAD ST OPP SHAWMUT ST,213,55.6,40.6,2544.6000016497587,0.487,0.26103286384976526
3687,BROAD ST @ COTTAGE ST,213,0.0,40.6,2544.6000016497587,0.487,0.0
3688,BROAD ST OPP HILLCREST RD,213,48.9,40.6,2544.6000016497587,0.487,0.2295774647887324
3689,BROAD ST @ MADISON ST,213,75.7,40.6,2544.6000016497587,0.487,0.35539906103286384
3690,OPP 617 BROAD ST,213,49.0,40.6,2544.6000016497587,0.487,0.2300469483568075
3691,BROAD ST @ CAIN AVE,213,14.6,40.6,2544.6000016497587,0.487,0.06854460093896714
3692,MIDDLE ST @ BROAD ST,213,170.2,40.4,2017.6000001521124,0.485,0.7990610328638497
3693,MIDDLE ST @ MAPLE ST,213,44.6,40.4,2017.6000001521124,0.485,0.20938967136150236
3694,MIDDLE ST OPP ACADEMY AVE,213,19.8,40.4,2017.6000001521124,0.485,0.09295774647887324
3695,MIDDLE ST OPP GILBERT RD,213,25.4,45.3,1839.3000012072764,0.485,0.1192488262910798
3696,MIDDLE ST @ COMMERCIAL ST,213,12.7,45.3,1839.3000012072764,0.485,0.0596244131455399
3697,NORTH ST OPP COMMERCIAL ST,213,16.5,45.3,1839.3000012072764,0.485,0.07746478873239436
3698,NORTH ST @ GREEN ST,213,47.7,44.2,1302.6000002217734,0.485,0.223943661971831
3699,NORTH ST @ EAST ST,213,56.1,40.8,1725.8000005121003,0.495,0.2633802816901408
3700,NORTH ST @ COLASANTI RD,213,2.8,41.8,1573.1999996813174,0.481,0.013145539906103286
3701,NORTH ST OPP SANING RD,213,7.0,41.8,1573.1999996813174,0.481,0.03286384976525822
3702,NORTH ST @ MORELAND RD,213,1.0,41.8,1573.1999996813174,0.481,0.004694835680751174
3703,NORTH ST OPP PEARL ST,213,0.0,41.8,1573.1999996813174,0.481,0.0
3705,NORTH ST @ CURTIS ST,213,8.2,41.8,1573.1999996813174,0.481,0.03849765258215962
3706,SEA ST @ NORTH ST,213,105.9,41.8,1573.1999996813174,0.481,0.4971830985915493
3707,SEA ST OPP PEARL ST,213,0.0,41.8,1573.1999996813174,0.481,0.0
3708,SEA ST @ BRIDGE ST,213,43.4,41.8,1573.1999996813174,0.481,0.20375586854460093
3709,WASHINGTON ST @ RICHMOND ST,404,33.3,41.4,2522.600000738154,0.498,0.08242574257425742
3710,WASHINGTON ST @ PROSPECT ST,404,40.8,41.4,2522.600000738154,0.498,0.10099009900990098
3711,COMMERCIAL ST OPP BROOKSIDE R,404,122.7,41.4,2522.600000738154,0.498,0.3037128712871287
3713,QUINCY AVE @ WEYMOUTH LANDING,275,201.8,41.4,2990.500002327177,0.476,0.7338181818181818
3714,QUINCY AVE @ GORDON RD,275,22.8,43.2,2340.5999980707647,0.481,0.08290909090909092
3715,QUINCY AVE @ EDGE HILL RD,275,25.5,41.4,2990.500002327177,0.476,0.09272727272727273
3716,155 QUINCY AVE,275,28.5,43.2,2340.5999980707647,0.481,0.10363636363636364
3717,QUINCY AVE @ AUDUBON AVE,275,87.7,43.2,2340.5999980707647,0.481,0.3189090909090909
3718,QUINCY AVE OPP COTTON AVE,275,29.5,42.6,844.6999999424885,0.502,0.10727272727272727
3719,QUINCY AVE @ HARBOR VILLA AVE,275,125.0,42.6,844.6999999424885,0.502,0.45454545454545453
3720,QUINCY AVE OPP DEWEY RD,275,45.1,42.6,844.6999999424885,0.502,0.164
3722,QUINCY AVE @ PATTEN AVE,275,80.0,42.6,844.6999999424885,0.502,0.2909090909090909
3724,QUINCY AVE @ E HOWARD ST,275,280.0,35.1,2017.000000772553,0.487,1.018181818181818
3726,QUINCY AVE @ SOUTHERN ARTERY,275,818.9,35.1,2017.000000772553,0.487,2.977818181818182
3727,QUINCY AVE @ FAXON COMMONS,132,183.9,35.1,2017.000000772553,0.487,1.3931818181818183
3728,QUINCY AVE @ CHARLESMOUNT AVE,132,67.3,35.1,2017.000000772553,0.487,0.5098484848484848
3729,QUINCY AVE OPP PRESIDENT PLAZ,132,99.8,35.1,2017.000000772553,0.487,0.756060606060606
3731,QUINCY AVE OPP FAXON PARK RD,132,39.6,35.1,2017.000000772553,0.487,0.3
3732,QUINCY AVE @ SCAMMELL ST,275,300.5,37.0,5088.300002415876,0.505,1.0927272727272728
3733,QUINCY AVE OPP WATER ST,275,71.1,37.0,5088.300002415876,0.505,0.2585454545454545
3780,PEARL ST @ IVORY PLAZA,89,46.8,41.4,1110.2000003607088,0.503,0.5258426966292135
3781,PEARL ST @ WASHINGTON ST,89,77.7,41.4,1110.2000003607088,0.503,0.8730337078651685
3782,FRANKLIN ST @ WASHINGTON ST,89,17.8,41.4,1110.2000003607088,0.503,0.2
3783,FRANKLIN ST @ SUMMER ST,89,13.5,46.6,672.0000001203357,0.459,0.15168539325842698
3784,QUINCY AVE @ SCHOOL ST,275,261.0,37.0,5088.300002415876,0.505,0.9490909090909091
3785,QUINCY AVE @ WATER ST,275,102.8,37.0,5088.300002415876,0.505,0.3738181818181818
3786,QUINCY AVE @ BLANCHARD RD,275,114.7,37.0,5088.300002415876,0.505,0.4170909090909091
3787,QUINCY AVE @ FAXON PARK RD,132,15.9,35.5,5508.599998200869,0.49,0.12045454545454545
3788,QUINCY AVE OPP RICHARD ST,132,147.4,35.1,2017.000000772553,0.487,1.1166666666666667
3789,QUINCY AVE @ PRESIDENT PLAZA,132,6.0,35.1,2017.000000772553,0.487,0.045454545454545456
3790,QUINCY AVE OPP CHARLESMOUNT A,132,187.6,35.1,2017.000000772553,0.487,1.4212121212121211
3792,QUINCY AVE @ SOUTHERN ARTERY,275,1000.3,58.1,8375.500006476559,0.408,3.6374545454545455
3793,QUINCY AVE @ W HOWARD ST,275,271.6,58.1,8375.500006476559,0.408,0.9876363636363638
3796,QUINCY AVE @ QUIRK CHEVROLET,275,95.9,42.6,844.6999999424885,0.502,0.3487272727272728
3798,QUINCY AVE @ DEWEY RD,275,72.0,42.6,844.6999999424885,0.502,0.26181818181818184
3799,QUINCY AVE @ HAYWARD ST,275,85.5,42.6,844.6999999424885,0.502,0.3109090909090909
3800,QUINCY AVE @ COTTON AVE,275,127.5,42.6,844.6999999424885,0.502,0.4636363636363636
3801,OPP 197 QUINCY AVE,275,71.1,43.2,2340.5999980707647,0.481,0.2585454545454545
3802,QUINCY AVE @ EDGEMONT RD,275,20.5,41.4,2990.500002327177,0.476,0.07454545454545454
3803,QUINCY AVE @ CEDAR CLIFF RD,275,18.7,41.4,2990.500002327177,0.476,0.06799999999999999
3804,QUINCY AVE @ ALLEN ST,275,20.5,43.2,2340.5999980707647,0.481,0.07454545454545454
3806,QUINCY AVE @ COMMERCIAL ST,275,226.0,38.6,3027.800002314471,0.478,0.8218181818181818
3808,FRONT ST @ COMMERCIAL ST,275,96.5,41.4,2522.600000738154,0.498,0.3509090909090909
3809,FRONT ST @ ELMWOOD PK,275,15.7,41.4,2522.600000738154,0.498,0.05709090909090909
3811,FRONT ST @ GLINES AVE,275,36.7,41.4,2522.600000738154,0.498,0.13345454545454546
3812,FRONT ST @ STERLING ST,275,36.0,43.1,1999.500000031242,0.487,0.13090909090909092
3813,SUMMER ST @ WALNUT AVE,275,30.1,43.1,1999.500000031242,0.487,0.10945454545454546
3816,SUMMER ST @ HARLAND RD,275,30.7,43.1,1999.500000031242,0.487,0.11163636363636363
3817,FEDERAL ST @ SUMMER ST,275,56.3,43.1,1999.500000031242,0.487,0.20472727272727273
3819,FEDERAL ST @ FRONT ST,275,28.5,43.1,1999.500000031242,0.487,0.10363636363636364
3820,FEDERAL ST @ WASHINGTON ST,275,463.5,48.2,888.6000005093506,0.49,1.6854545454545455
3821,396 WASHINGTON ST,404,92.7,52.5,2508.399998068326,0.416,0.22945544554455446
3822,WASHINGTON ST @ KING AVE,404,35.4,48.2,888.6000005093506,0.49,0.08762376237623762
3823,WASHINGTON ST @ KENSINGTON RD,404,93.9,52.5,2508.399998068326,0.416,0.23242574257425744
3824,WASHINGTON ST @ BROAD ST,679,777.0,52.5,2508.399998068326,0.416,1.1443298969072164
3825,SCAMMELL ST @ MARTENSEN ST,143,187.1,37.0,5088.300002415876,0.505,1.3083916083916083
3826,SCAMMELL ST @ MARY ST,143,64.4,35.5,5508.599998200869,0.49,0.4503496503496504
3827,SOUTH ST @ KEATING ST,143,46.2,37.0,5088.300002415876,0.505,0.3230769230769231
3828,SOUTH ST OPP WINTHROP PK,143,19.8,37.0,5088.300002415876,0.505,0.13846153846153847
3829,SOUTH ST OPP MAIN ST,143,24.3,35.5,5508.599998200869,0.49,0.16993006993006993
3830,SOUTH ST OPP ARNOLD ST,143,0.0,35.5,5508.599998200869,0.49,0.0
3831,SOUTH ST @ SOUTHERN ARTERY,143,139.3,35.5,5508.599998200869,0.49,0.9741258741258743
3841,SOUTH ST @ SOUTHERN ARTERY,143,31.3,35.5,5508.599998200869,0.49,0.21888111888111889
3842,SOUTH ST @ MAIN ST,143,29.3,35.5,5508.599998200869,0.49,0.2048951048951049
3843,SOUTH ST @ WINTHROP PK,143,26.3,37.0,5088.300002415876,0.505,0.1839160839160839
3844,SOUTH ST OPP KEATING ST,143,89.8,37.0,5088.300002415876,0.505,0.627972027972028
3845,SCAMMELL ST @ DYSART ST,143,41.6,37.0,5088.300002415876,0.505,0.2909090909090909
3846,FRANKLIN ST OPP PEARL ST,421,70.8,36.4,3724.2000010881097,0.497,0.1681710213776722
3848,FRANKLIN ST @ PRESIDENTS AVE,320,92.7,36.4,3724.2000010881097,0.497,0.2896875
3849,INDEPENDENCE AVE @ GODDARD ST,320,49.3,36.4,3724.2000010881097,0.497,0.1540625
3850,INDEPENDENCE AVE @ LAWRY ST,320,18.5,35.8,5055.500004402681,0.483,0.0578125
3851,INDEPENDENCE AVE @ FEDERAL AV,320,14.5,36.4,3724.2000010881097,0.497,0.0453125
3852,INDEPENDENCE AVE OPP VERCHILD,320,71.5,36.4,3724.2000010881097,0.497,0.2234375
3853,INDEPENDENCE AVE OPP LURTON S,320,51.2,36.4,3724.2000010881097,0.497,0.16
3854,41 INDEPENDENCE AVE,320,9.7,50.8,2647.499998993771,0.428,0.0303125
3855,INDEPENDENCE AVE @ CENTRE ST,320,69.6,50.8,2647.499998993771,0.428,0.21749999999999997
3857,WASHINGTON ST @ COMMON ST,165,48.3,38.8,2169.799999726058,0.493,0.2927272727272727
3858,WASHINGTON ST OPP SCHOOL ST,165,8.5,38.8,2169.799999726058,0.493,0.051515151515151514
3859,WASHINGTON ST @ ELM ST,165,28.0,38.8,2169.799999726058,0.493,0.1696969696969697
3860,WASHINGTON ST OPP RIVER ST,165,78.0,38.8,2169.799999726058,0.493,0.4727272727272727
3861,WASHINGTON ST OPP SOPER HOUSE,165,0.5,38.8,2169.799999726058,0.493,0.0030303030303030303
3862,WASHINGTON ST @ HOLLLIS AVE,165,29.3,38.8,2169.799999726058,0.493,0.17757575757575758
3863,WASHINGTON ST @ MONTIQUOT AVE,165,3.0,42.2,2131.699999999093,0.512,0.01818181818181818
3864,WASHINGTON ST @ WEST ST,165,20.3,42.2,2131.699999999093,0.512,0.12303030303030303
3865,WASHINGTON ST @ ROBINSON AVE,165,21.5,42.2,2131.699999999093,0.512,0.1303030303030303
3866,WASHINGTON ST @ ACADEMY ST,165,7.5,41.7,2278.799999967904,0.493,0.045454545454545456
3867,WASHINGTON ST @ HOBART AVE,165,12.0,41.7,2278.799999967904,0.493,0.07272727272727272
3868,WASHINGTON ST OPP GILBERT L B,165,24.8,41.4,1110.2000003607088,0.503,0.1503030303030303
3870,WASHINGTON ST @ SUMMER ST,165,72.3,41.4,1110.2000003607088,0.503,0.4381818181818182
3872,HANCOCK ST @ HALL AVE,165,123.3,41.4,1110.2000003607088,0.503,0.7472727272727273
3873,HANCOCK ST @ HANCOCK AVE,165,39.1,41.4,1110.2000003607088,0.503,0.23696969696969697
3874,HANCOCK ST @ WASHINGTON ST,165,57.8,46.3,927.0999999454283,0.464,0.3503030303030303
3876,HANCOCK ST @ SMITH ST,165,14.6,46.3,927.0999999454283,0.464,0.08848484848484849
3877,HANCOCK ST @ HIGHLAND AVE,165,2.5,46.3,927.0999999454283,0.464,0.015151515151515152
3879,WASHINGTON ST OPP HANCOCK ST,165,21.0,46.3,927.0999999454283,0.464,0.12727272727272726
3881,WASHINGTON ST OPP PEACH ST,165,13.5,46.3,927.0999999454283,0.464,0.08181818181818182
3882,WASHINGTON ST OPP BELLEVUE AV,165,8.8,42.4,1247.2999999648662,0.494,0.05333333333333334
3883,WASHINGTON ST OPP MASSACHUSET,165,24.5,42.4,1247.2999999648662,0.494,0.1484848484848485
3884,WASHINGTON ST @ PLYMOUTH RD,165,1.0,42.5,954.1000001124336,0.48,0.006060606060606061
3885,WASHINGTON ST @ HILLVIEW RD,165,4.5,42.5,954.1000001124336,0.48,0.02727272727272727
3887,WASHINGTON ST @ SOUTH ST,165,78.8,42.4,1247.2999999648662,0.494,0.47757575757575754
3888,WASHINGTON ST @ OLYMPUS SPECI,165,27.2,42.4,1247.2999999648662,0.494,0.16484848484848486
3890,WASHINGTON ST @ ROOSEVELT ST,165,40.8,42.4,1247.2999999648662,0.494,0.24727272727272726
3891,N FRANKLIN ST @ W DIVISION ST,165,98.8,38.9,662.1999999517192,0.5,0.5987878787878788
3892,N FRANKLIN ST @ ROSE WAY,165,24.0,40.6,836.2000001248197,0.485,0.14545454545454545
3893,N FRANKLIN ST OPP DAMON AVE,165,0.0,40.6,836.2000001248197,0.485,0.0
3894,N FRANKLIN ST @ CEDARCREST RD,165,0.0,40.6,836.2000001248197,0.485,0.0
3895,N FRANKLIN ST @ NOONANS LANE,165,4.5,40.6,836.2000001248197,0.485,0.02727272727272727
3896,N FRANKLIN ST @ ELM AVE,165,17.5,40.6,836.2000001248197,0.485,0.10606060606060606
3897,N FRANKLIN ST @ LINFIELD ST,165,84.0,40.6,836.2000001248197,0.485,0.509090909090909
3900,N FRANKLIN ST @ JEWEL RD,175,100.5,40.6,836.2000001248197,0.485,0.5742857142857143
3901,N FRANKLIN ST @ SCHOOL ST,175,7.0,40.6,836.2000001248197,0.485,0.04
3902,N FRANKLIN ST @ BELCHER ST,175,12.3,40.6,836.2000001248197,0.485,0.07028571428571428
3903,N FRANKLIN ST OPP CEDARCREST,175,0.0,40.6,836.2000001248197,0.485,0.0
3905,N FRANKLIN ST @ DAMON AVE,175,2.5,38.9,662.1999999517192,0.5,0.014285714285714285
3906,N FRANKLIN ST OPP ROSE WAY,175,20.0,40.6,836.2000001248197,0.485,0.11428571428571428
3907,N FRANKLIN ST @ JOHNS AVE,175,116.8,40.6,836.2000001248197,0.485,0.6674285714285714
3910,WASHINGTON ST @ VIRGINIA RD,175,22.0,42.4,1247.2999999648662,0.494,0.12571428571428572
3911,WASHINGTON ST @ BREWSTER AVE,175,86.2,42.4,1247.2999999648662,0.494,0.4925714285714286
3913,WASHINGTON ST @ ARBUTUS AVE,175,9.3,42.5,954.1000001124336,0.48,0.053142857142857144
3915,WASHINGTON ST @ PARK AVE,175,20.3,42.4,1247.2999999648662,0.494,0.116
3916,WASHINGTON ST @ BELLEVUE AVE,175,8.3,42.4,1247.2999999648662,0.494,0.04742857142857143
3917,WASHINGTON ST @ PEACH ST,175,14.0,42.4,1247.2999999648662,0.494,0.08
3918,WASHINGTON ST OPP BRAXTON ST,175,19.0,46.3,927.0999999454283,0.464,0.10857142857142857
3921,HANCOCK ST OPP HIGHLAND AVE,175,5.0,46.3,927.0999999454283,0.464,0.02857142857142857
3922,HANCOCK ST OPP SMITH ST,175,11.5,46.3,927.0999999454283,0.464,0.06571428571428571
3923,HANCOCK ST @ WASHINGTON ST,175,45.8,46.3,927.0999999454283,0.464,0.2617142857142857
3925,HANCOCK ST OPP HANCOCK AVE,175,56.8,41.4,1110.2000003607088,0.503,0.32457142857142857
3926,HANCOCK ST OPP HALL AVE,175,89.5,41.4,1110.2000003607088,0.503,0.5114285714285715
3928,WASHINGTON ST OPP SUMMER ST,175,114.1,41.4,1110.2000003607088,0.503,0.6519999999999999
3930,WASHINGTON ST @ GILBERT BEAN,175,28.1,41.4,1110.2000003607088,0.503,0.1605714285714286
3931,WASHINGTON ST OPP HOBART AVE,175,400.1,41.7,2278.799999967904,0.493,2.2862857142857145
3933,WASHINGTON ST OPP ACADEMY ST,175,9.5,41.7,2278.799999967904,0.493,0.054285714285714284
3934,WASHINGTON ST @ SHERBROOKE AV,175,19.3,42.2,2131.699999999093,0.512,0.11028571428571429
3935,WASHINGTON ST OPP WEST ST,175,30.3,41.7,2278.799999967904,0.493,0.17314285714285715
3936,WASHINGTON ST @ CLARK ST,175,30.8,42.2,2131.699999999093,0.512,0.17600000000000002
3937,400 WASHINGTON ST,175,30.2,38.8,2169.799999726058,0.493,0.17257142857142857
3938,WASHINGTON ST @ RIVER ST,175,46.3,38.8,2169.799999726058,0.493,0.26457142857142857
3939,WASHINGTON ST @ ELM ST,175,29.0,38.8,2169.799999726058,0.493,0.1657142857142857
3940,WASHINGTON ST @ SCHOOL ST,175,39.0,38.8,2169.799999726058,0.493,0.22285714285714286
3941,WASHINGTON ST @ PRESIDENT RD,175,4.5,38.8,2169.799999726058,0.493,0.025714285714285714
3943,INDEPENDENCE AVE OPP CENTRE S,289,92.5,50.8,2647.499998993771,0.428,0.32006920415224915
3944,OPP 41 INDEPENDENCE AVE,337,63.3,50.8,2647.499998993771,0.428,0.18783382789317507
3945,INDEPENDENCE AVE @ LURTON ST,337,44.3,36.4,3724.2000010881097,0.497,0.1314540059347181
3946,INDEPENDENCE AVE @ VERCHILD S,337,72.0,36.4,3724.2000010881097,0.497,0.21364985163204747
3947,INDEPENDENCE AVE @ FEDERAL AV,337,34.0,36.4,3724.2000010881097,0.497,0.10089020771513353
3948,INDEPENDENCE AVE @ BENNINGTON,337,21.5,35.8,5055.500004402681,0.483,0.06379821958456973
3949,INDEPENDENCE AVE @ FRANKLIN S,337,69.5,36.4,3724.2000010881097,0.497,0.2062314540059347
3950,FRANKLIN ST @ PAYNE ST,438,95.6,36.4,3724.2000010881097,0.497,0.21826484018264838
3957,FRANKLIN ST @ INDEPENDENCE AV,101,18.5,35.8,5055.500004402681,0.483,0.18316831683168316
3959,FRANKLIN ST @ PEARL ST,438,163.7,36.4,3724.2000010881097,0.497,0.3737442922374429
3966,N FRANKLIN ST @ UNION ST,165,52.0,40.6,836.2000001248197,0.485,0.3151515151515151
3967,S FRANKLIN ST OPP NORFOLK RD,165,55.8,41.9,340.7999999678529,0.493,0.33818181818181814
3968,S FRANKLIN ST @ CHANDLER ST,165,5.8,43.0,1183.700000363162,0.47,0.03515151515151515
3969,S FRANKLIN ST @ ADAMS ST,165,12.2,43.0,1183.700000363162,0.47,0.07393939393939393
3970,S FRANKLIN ST @ TECHNICAL PAR,165,51.5,43.0,1183.700000363162,0.47,0.31212121212121213
3971,261 S FRANKLIN ST,165,67.3,41.9,340.7999999678529,0.493,0.40787878787878784
3972,S FRANKLIN ST @ KING RD,165,34.0,43.0,1183.700000363162,0.47,0.20606060606060606
3973,S FRANKLIN ST @ WALSH RD,165,10.8,41.9,340.7999999678529,0.493,0.06545454545454546
3975,S FRANKLIN ST @ DRESSER AVE,165,23.3,40.8,1253.1000010066793,0.491,0.1412121212121212
3976,S FRANKLIN ST @ HILLSDALE RD,165,41.0,41.9,340.7999999678529,0.493,0.24848484848484848
3977,549 S FRANKLIN ST,165,1.0,41.9,340.7999999678529,0.493,0.006060606060606061
3978,S FRANKLIN ST OPP QUINCY ST,165,9.5,41.9,340.7999999678529,0.493,0.05757575757575758
3979,S FRANKLIN ST @ LAUREL PK,165,4.2,42.9,806.4000000712471,0.486,0.025454545454545455
3980,716 S FRANKLIN ST,165,8.0,41.0,481.7000000314117,0.49,0.048484848484848485
3981,778 S FRANKLIN ST,165,70.5,42.9,806.4000000712471,0.486,0.42727272727272725
3982,S FRANKLIN ST @ SOUTH ST,165,90.8,41.0,481.7000000314117,0.49,0.5503030303030303
3984,S FRANKLIN ST @ UPLAND ST,165,29.5,41.0,481.7000000314117,0.49,0.1787878787878788
3985,1002 S FRANKLIN ST,165,7.0,41.0,481.7000000314117,0.49,0.04242424242424243
3986,S FRANKLIN ST @ HAMILTON WAY,165,40.5,41.0,481.7000000314117,0.49,0.24545454545454545
3988,HOWARD ST @ LISA DR,175,28.0,41.1,1106.5000000358589,0.489,0.16
3990,S FRANKLIN ST OPP HAMILTON WA,175,19.8,41.0,481.7000000314117,0.49,0.11314285714285714
3991,S FRANKLIN ST @ WOODLAWN AVE,175,5.5,41.0,481.7000000314117,0.49,0.03142857142857143
3992,S FRANKLIN ST @ EMERY ST,175,31.8,41.0,481.7000000314117,0.49,0.18171428571428572
3994,S FRANKLIN ST @ LINWOOD ST,175,57.0,41.0,481.7000000314117,0.49,0.32571428571428573
3996,S FRANKLIN ST @ DIMAN AVE,175,98.2,41.0,481.7000000314117,0.49,0.5611428571428572
3997,OPP 716 S FRANKLIN ST,175,14.3,41.0,481.7000000314117,0.49,0.08171428571428571
3998,S FRANKLIN ST OPP LAUREL PK,175,8.3,41.0,481.7000000314117,0.49,0.04742857142857143
3999,S FRANKLIN ST @ QUINCY ST,175,20.5,41.0,481.7000000314117,0.49,0.11714285714285715
4000,OPP 549 S FRANKLIN ST,175,10.2,41.9,340.7999999678529,0.493,0.05828571428571428
4001,S FRANKLIN ST OPP HILLSDALE R,175,38.5,41.9,340.7999999678529,0.493,0.22
4002,S FRANKLIN ST @ DRESSER AVE,175,47.3,40.8,1253.1000010066793,0.491,0.2702857142857143
4003,S FRANKLIN ST OPP WALSH RD,175,26.1,40.8,1253.1000010066793,0.491,0.14914285714285716
4004,S FRANKLIN ST OPP KING RD,175,36.8,43.0,1183.700000363162,0.47,0.21028571428571427
4006,S FRANKLIN ST @ HOLBROOK HS,175,129.9,43.0,1183.700000363162,0.47,0.7422857142857143
4007,S FRANKLIN ST OPP ADAMS ST,175,15.9,41.9,340.7999999678529,0.493,0.09085714285714286
4008,S FRANKLIN ST OPP CHANDLER ST,175,10.3,43.0,1183.700000363162,0.47,0.05885714285714286
4009,S FRANKLIN ST @ HOLBROOK PARK,175,4.8,43.0,1183.700000363162,0.47,0.027428571428571427
4010,S FRANKLIN ST @ PLYMOUTH ST,175,105.9,41.9,340.7999999678529,0.493,0.6051428571428572
4011,FRANKLIN ST @ TAYLOR ST,89,1.5,46.6,672.0000001203357,0.459,0.016853932584269662
4012,FRANKLIN ST @ MARSHFIELD RD,89,2.4000000000000004,46.6,672.0000001203357,0.459,0.026966292134831465
4013,FRANKLIN ST @ ELMWOOD AVE,89,7.9,46.6,672.0000001203357,0.459,0.08876404494382023
4014,FRANKLIN ST @ HOLLINGSWORTH A,89,0.0,46.6,672.0000001203357,0.459,0.0
4015,FRANKLIN ST @ REED HILL RD,89,7.0,41.7,2278.799999967904,0.493,0.07865168539325842
4016,FRANKLIN ST @ WEST ST,89,59.2,41.7,2278.799999967904,0.493,0.6651685393258427
4017,GRANITE ST @ WEST ST,251,24.5,40.4,562.6999999333665,0.487,0.09760956175298804
4019,S SHORE PLAZA @ GARAGE,495,3670.3,49.5,18.400000003396922,0.538,7.414747474747475
4020,S SHORE MALL RD @ TRAVELERS I,406,68.4,40.4,562.6999999333665,0.487,0.16847290640394091
4023,GRANITE ST @ DAVIS RD,244,19.6,49.5,18.400000003396922,0.538,0.08032786885245902
4024,GRANITE ST @ WEST ST,244,33.5,40.4,562.6999999333665,0.487,0.13729508196721313
4025,FRANKLIN ST @ GRANITE ST,89,52.2,46.6,672.0000001203357,0.459,0.5865168539325843
4026,FRANKLIN ST OPP REED HILL RD,89,2.5,41.7,2278.799999967904,0.493,0.028089887640449437
4027,FRANKLIN ST OPP HOLLINGSWORTH,89,6.4,46.6,672.0000001203357,0.459,0.07191011235955057
4028,FRANKLIN ST OPP ELMWOOD AVE,89,5.800000000000001,46.6,672.0000001203357,0.459,0.06516853932584271
4029,FRANKLIN ST @ MARSHFIELD RD,89,0.0,46.6,672.0000001203357,0.459,0.0
4030,FRANKLIN ST @ SAFFORD ST,89,1.0,46.6,672.0000001203357,0.459,0.011235955056179775
4031,FRANKLIN ST @ WASHINGTON ST,89,2.4000000000000004,46.6,672.0000001203357,0.459,0.026966292134831465
4032,579 GRANITE ST,155,83.0,46.6,672.0000001203357,0.459,0.535483870967742
4034,738 GRANITE ST OPP TOWN ST,155,254.1,40.4,562.6999999333665,0.487,1.6393548387096775
4035,GRANITE ST @ LUNDQUIST DR,155,157.9,46.6,672.0000001203357,0.459,1.018709677419355
4036,GRANITE ST @ KING HILL RD,155,42.1,46.6,672.0000001203357,0.459,0.27161290322580645
4037,POND ST @ MARGARET DR,155,3.0,41.0,473.8000000078772,0.491,0.01935483870967742
4038,531 POND ST,155,7.0,41.0,473.8000000078772,0.491,0.04516129032258064
4039,POND ST @ ROCSAM PARK RD,155,37.7,41.0,473.8000000078772,0.491,0.24322580645161293
4040,NORTH ST @ MAITLAND AVE,155,65.5,44.2,540.9000001194825,0.465,0.42258064516129035
4042,NORTH ST @ BROAD ST,155,19.0,44.2,540.9000001194825,0.465,0.12258064516129032
4043,NORTH ST @ OAK ST,155,14.5,44.2,540.9000001194825,0.465,0.0935483870967742
4044,NORTH ST @ SCANNEL RD,155,50.9,44.2,540.9000001194825,0.465,0.32838709677419353
4046,NORTH ST @ PICTUN RD,155,31.5,44.2,540.9000001194825,0.465,0.2032258064516129
4047,NORTH ST @ MCDEVITT RD,155,41.5,44.2,540.9000001194825,0.465,0.267741935483871
4049,NORTH ST @ DYER AVE,155,3.5,44.2,540.9000001194825,0.465,0.02258064516129032
4050,NORTH ST @ TRUMAN DR,155,61.9,44.2,540.9000001194825,0.465,0.3993548387096774
4051,NORTH ST @ LIBERTY ST,155,11.5,44.2,540.9000001194825,0.465,0.07419354838709677
4053,320 NORTH ST,155,14.5,40.3,467.1999999677793,0.481,0.0935483870967742
4054,NORTH ST OPP SETON WAY,155,14.0,40.3,467.1999999677793,0.481,0.09032258064516129
4055,168 NORTH ST,155,67.1,44.6,1982.0999993410992,0.464,0.4329032258064516
4056,NORTH ST @ COTTAGE ST,155,51.4,40.3,467.1999999677793,0.481,0.33161290322580644
4057,NORTH ST @ SHORT ST,155,14.9,41.8,1982.7999989883579,0.485,0.09612903225806452
4058,NORTH ST @ N MAIN ST,105,605.5,41.8,1982.7999989883579,0.485,5.766666666666667
4061,NORTH ST @ MILL ST,162,56.3,41.8,1982.7999989883579,0.485,0.3475308641975308
4062,NORTH ST @ SETON WAY,162,33.4,40.3,467.1999999677793,0.481,0.20617283950617282
4063,81 NORTH ST,162,25.4,41.8,1982.7999989883579,0.485,0.1567901234567901
4064,203 NORTH ST,162,74.7,40.3,467.1999999677793,0.481,0.46111111111111114
4065,NORTH ST @ COCHATO PK,162,19.7,40.3,467.1999999677793,0.481,0.12160493827160493
4066,327 NORTH ST,162,3.1,40.3,467.1999999677793,0.481,0.019135802469135803
4069,455 NORTH ST OPP DYER AVE,162,83.2,44.2,540.9000001194825,0.465,0.5135802469135803
4071,NORTH ST @ TEED DR,162,68.7,44.2,2622.6000002501305,0.492,0.4240740740740741
4072,NORTH ST @ CANESSA ST,162,26.900000000000002,44.2,540.9000001194825,0.465,0.1660493827160494
4074,NORTH ST OPP SCANNEL RD,162,67.3,44.2,540.9000001194825,0.465,0.4154320987654321
4075,NORTH ST @ RANDOLPH RD,162,6.4,44.2,540.9000001194825,0.465,0.03950617283950617
4076,NORTH ST OPP BROAD ST,162,20.8,44.2,540.9000001194825,0.465,0.12839506172839507
4078,NORTH ST OPP MAITLAND AVE,162,96.1,44.2,540.9000001194825,0.465,0.5932098765432099
4079,POND ST @ IDA RD,162,27.5,41.0,473.8000000078772,0.491,0.1697530864197531
4080,536 POND ST,162,0.0,41.0,473.8000000078772,0.491,0.0
4081,POND ST OPP MARGARET DR,162,1.5,41.0,473.8000000078772,0.491,0.009259259259259259
4082,GRANITE ST @ POND ST,162,37.0,41.0,473.8000000078772,0.491,0.22839506172839505
4083,GRANITE ST @ EMERALD AVE,162,157.7,40.4,562.6999999333665,0.487,0.9734567901234568
4084,GRANITE ST @ TOWN ST,162,252.2,40.4,562.6999999333665,0.487,1.55679012345679
4085,GRANITE ST @ ANDERSEN RD,162,20.3,40.4,562.6999999333665,0.487,0.12530864197530864
4086,GRANITE ST OPP PETERSON RD,162,113.1,40.4,562.6999999333665,0.487,0.6981481481481481
4087,GRANITE ST @ BRAINTREE HILL P,162,108.0,49.5,18.400000003396922,0.538,0.6666666666666666
4088,OPP 859 WILLARD ST,162,139.9,35.8,1240.8999998025756,0.488,0.8635802469135803
4089,WILLARD ST @ THISTLE RD,162,4.5,35.8,1240.8999998025756,0.488,0.027777777777777776
4092,WILLARD ST @ AMES ST,162,44.7,35.8,1240.8999998025756,0.488,0.27592592592592596
4093,WEST ST @ WILLARD ST,162,43.4,35.8,1240.8999998025756,0.488,0.2679012345679012
4094,WEST ST @ TRASK AVE,162,9.9,35.8,1240.8999998025756,0.488,0.061111111111111116
4095,WEST ST OPP HAYDEN ST,162,47.0,35.8,1240.8999998025756,0.488,0.29012345679012347
4096,WEST ST @ DOBLE ST,162,32.6,35.8,1240.8999998025756,0.488,0.2012345679012346
4097,WEST ST @ SULLIVAN RD,162,31.3,37.0,2903.300001066087,0.486,0.19320987654320987
4098,WEST ST @ HYNES AVE,162,10.4,31.8,7639.700007540428,0.483,0.06419753086419754
4099,WEST ST @ CENTRE ST,162,147.9,37.0,2903.300001066087,0.486,0.912962962962963
4100,CENTRE ST @ MCDONALD ST,162,73.1,36.9,4077.800002195131,0.497,0.4512345679012345
4101,CENTRE ST @ BARTLETT ST,162,169.0,36.9,4077.800002195131,0.497,1.0432098765432098
4102,CENTRE ST @ ALBERTINA ST,162,75.0,36.9,4077.800002195131,0.497,0.46296296296296297
4103,CENTRE ST @ INTERVALE ST,162,54.2,36.9,4077.800002195131,0.497,0.3345679012345679
4134,CENTRAL AVE @ CENTRAL AVE STA,248,565.9,49.6,2240.299997747175,0.414,2.2818548387096773
4136,CENTRAL AVE @ MAPLE ST,248,3.2,42.3,1113.3999996644823,0.475,0.012903225806451613
4137,CENTRAL AVE OPP GRIGGS LN,248,0.0,40.8,2073.9000005751923,0.473,0.0
4138,CENTRAL AVE @ VALLEY RD,248,0.0,40.8,2073.9000005751923,0.473,0.0
4139,CENTRAL AVE @ COLUMBINE RD,248,2.0,42.3,1113.3999996644823,0.475,0.008064516129032258
4140,CENTRAL AVE @ HINCKLEY RD,248,3.0,42.3,1113.3999996644823,0.475,0.012096774193548387
4141,CENTRAL AVE @ ALLERTON RD,248,3.0,42.3,1113.3999996644823,0.475,0.012096774193548387
4142,CENTRAL AVE @ RUSTLEWOOD RD,248,6.0,42.3,1113.3999996644823,0.475,0.024193548387096774
4143,CENTRAL AVE @ BROOK RD,248,39.0,42.3,1113.3999996644823,0.475,0.15725806451612903
4144,REEDSDALE RD @ CENTRAL AVE,273,18.7,38.5,1042.0000000583307,0.469,0.06849816849816849
4145,REEDSDALE RD @ WALNUT ST,273,12.9,38.5,1042.0000000583307,0.469,0.04725274725274725
4146,REEDSDALE RD @ CANTON AVE,273,64.4,38.5,1042.0000000583307,0.469,0.23589743589743592
4147,OPP 202 REEDSDALE RD @ MILTON,273,104.0,38.5,1042.0000000583307,0.469,0.38095238095238093
4149,REEDSDALE RD @ SPAFFORD RD,273,9.0,38.5,1042.0000000583307,0.469,0.03296703296703297
4152,REEDSDALE RD @ CLIFTON RD,273,17.2,38.5,1042.0000000583307,0.469,0.063003663003663
4153,RANDOLPH AVE @ REEDSDALE RD,248,49.3,40.1,969.4999999533636,0.482,0.19879032258064516
4154,RANDOLPH AVE OPP PLEASANT ST,248,5.5,40.1,969.4999999533636,0.482,0.02217741935483871
4155,RANDOLPH AVE @ REED ST,248,11.5,40.1,969.4999999533636,0.482,0.046370967741935484
4156,RANDOLPH AVE @ HIGHLAND ST,248,4.7,40.1,969.4999999533636,0.482,0.018951612903225806
4157,RANDOLPH AVE @ HALLEN AVE,248,13.5,40.1,969.4999999533636,0.482,0.05443548387096774
4158,RANDOLPH AVE OPP RIDGEWOOD RD,248,15.6,49.2,352.79999996600293,0.465,0.06290322580645161
4159,RANDOLPH AVE OPP NAHANTON AVE,248,0.0,49.2,352.79999996600293,0.465,0.0
4160,RANDOLPH AVE OPP HILLTOP ST,248,0.0,44.9,446.19999990978886,0.48,0.0
4161,RANDOLPH AVE @ HILLSIDE ST,248,16.5,44.9,446.19999990978886,0.48,0.06653225806451613
4162,RANDOLPH AVE OPP EAGER RD,183,24.7,44.9,446.19999990978886,0.48,0.13497267759562842
4163,RANDOLPH AVE @ SUSI LN,248,0.5,44.9,446.19999990978886,0.48,0.0020161290322580645
4164,RANDOLPH AVE @ CHICKATAUBUT R,248,14.7,44.9,446.19999990978886,0.48,0.059274193548387095
4165,N MAIN ST @ SCANLON DR,248,222.2,42.5,597.1999999771455,0.487,0.8959677419354838
4166,N MAIN ST @ SOREN ST,248,154.0,37.6,1919.1000001990008,0.486,0.6209677419354839
4167,N MAIN ST @ HILLS ST,248,176.9,37.6,1919.1000001990008,0.486,0.7133064516129033
4168,N MAIN ST @ STACY ST,248,169.6,42.5,597.1999999771455,0.487,0.6838709677419355
4169,N MAIN ST @ ROYAL ST,248,122.0,37.6,1919.1000001990008,0.486,0.49193548387096775
4171,N MAIN ST @ REED ST,248,443.4,37.6,1919.1000001990008,0.486,1.7879032258064516
4172,1034 N MAIN ST,248,41.2,44.2,923.7000002304934,0.49,0.16612903225806452
4173,N MAIN ST @ INTERVALE TERR,248,87.6,41.5,2547.2000011267096,0.479,0.3532258064516129
4174,N MAIN ST @ GORDON ST,248,90.8,41.5,2547.2000011267096,0.479,0.3661290322580645
4175,N MAIN ST @ CHESTNUT ST,248,910.3,44.2,923.7000002304934,0.49,3.670564516129032
4177,N MAIN ST OPP FRANCIS DR,248,170.5,41.1,2455.300000707157,0.476,0.6875
4179,OPP 721 N MAIN ST,248,8.9,41.1,2455.300000707157,0.476,0.03588709677419355
4180,OPP 641 N MAIN ST,248,221.5,41.1,2455.300000707157,0.476,0.8931451612903226
4181,564 N MAIN ST,248,51.9,41.1,2455.300000707157,0.476,0.20927419354838708
4182,N MAIN ST @ GROVE ST,248,160.8,42.6,1801.9999994819166,0.489,0.6483870967741936
4183,N MAIN ST @ JASPER LN,248,35.1,44.6,1982.0999993410992,0.464,0.14153225806451614
4184,N MAIN ST @ WALES AVE,248,63.8,44.6,1982.0999993410992,0.464,0.25725806451612904
4185,N MAIN ST OPP ROEL ST,248,104.9,44.6,1982.0999993410992,0.464,0.422983870967742
4186,N MAIN ST @ WEST ST,248,373.6,44.6,1982.0999993410992,0.464,1.506451612903226
4187,307 N MAIN ST,248,423.7,44.6,1982.0999993410992,0.464,1.708467741935484
4188,N MAIN ST @ DEPOT ST,248,75.1,44.6,1982.0999993410992,0.464,0.30282258064516127
4189,N MAIN ST @ WARREN ST,248,382.9,44.6,1982.0999993410992,0.464,1.5439516129032258
4190,N MAIN ST @ DIAUTO DR,248,338.1,39.0,2846.8999984643942,0.441,1.3633064516129034
4191,N MAIN ST OPP SHORT ST,248,364.2,39.0,2846.8999984643942,0.441,1.4685483870967742
4193,RANDOLPH AVE @ PLEASANT ST,247,0.0,40.1,969.4999999533636,0.482,0.0
4194,RANDOLPH AVE @ REEDSDALE RD,247,45.7,40.1,969.4999999533636,0.482,0.18502024291497976
4195,REEDSDALE RD OPP CLIFTON RD,272,22.5,40.1,969.4999999533636,0.482,0.08272058823529412
4198,REEDSDALE RD @ MEREDITH CIR,272,7.5,38.5,1042.0000000583307,0.469,0.027573529411764705
4200,184 REEDSDALE RD,272,96.9,38.5,1042.0000000583307,0.469,0.35625
4201,REEDSDALE RD @ ACADEMY LANE,272,57.3,38.5,1042.0000000583307,0.469,0.21066176470588235
4202,REEDSDALE RD @ WALNUT ST,272,12.0,40.8,2389.4000021958395,0.484,0.04411764705882353
4203,REEDSDALE RD @ BROOK RD,272,25.0,38.5,1042.0000000583307,0.469,0.09191176470588236
4204,CENTRAL AVE OPP RUSTLEWOOD RD,247,9.5,42.3,1113.3999996644823,0.475,0.038461538461538464
4205,324 CENTRAL AVE,247,0.0,42.3,1113.3999996644823,0.475,0.0
4206,CENTRAL AVE OPP HINCKLEY RD,247,7.6,42.3,1113.3999996644823,0.475,0.030769230769230767
4207,CENTRAL AVE @ COLUMBINE RD,247,4.0,42.3,1113.3999996644823,0.475,0.016194331983805668
4208,CENTRAL AVE @ VALLEY RD,247,0.0,40.8,2073.9000005751923,0.473,0.0
4209,CENTRAL AVE @ GRIGGS LN,247,1.0,40.8,2073.9000005751923,0.473,0.004048582995951417
4214,OPP 32 S MAIN ST,145,159.7,42.3,1416.5999998332068,0.477,1.1013793103448275
4215,S MAIN ST @ ELGIN COURT,145,13.8,39.0,2846.8999984643942,0.441,0.09517241379310346
4216,S MAIN ST @ WOODLAWN ST,145,14.3,39.0,2846.8999984643942,0.441,0.09862068965517241
4217,S MAIN ST @ FAIRVIEW AVE,145,24.8,39.0,2846.8999984643942,0.441,0.17103448275862068
4218,S MAIN ST @ FAIRMOUNT ST,145,6.0,39.0,2846.8999984643942,0.441,0.041379310344827586
4219,S MAIN ST @ COLE TERR,145,17.5,39.0,2846.8999984643942,0.441,0.1206896551724138
4220,S MAIN ST @ FITCH TERR,145,32.8,42.3,1416.5999998332068,0.477,0.22620689655172413
4221,309 S MAIN OPP RTICHARD RD,145,14.5,42.3,1416.5999998332068,0.477,0.1
4222,S MAIN ST @ STOUGHTON ST,145,38.5,44.2,1423.600000012343,0.484,0.2655172413793103
4223,S MAIN ST @ SELWYN RD,145,7.5,44.2,1423.600000012343,0.484,0.05172413793103448
4224,OPP 530 S MAIN ST,145,27.5,41.8,1577.5999999486771,0.495,0.1896551724137931
4225,S MAIN ST OPP CENTRE ST,145,21.0,41.8,1577.5999999486771,0.495,0.14482758620689656
4227,625 S MAIN ST OPP FREDERICKSO,145,28.5,44.2,1423.600000012343,0.484,0.19655172413793104
4228,701 S MAIN ST,145,16.5,44.2,1423.600000012343,0.484,0.11379310344827587
4229,N MAIN ST @ LANGLEY RD,145,27.8,44.2,1423.600000012343,0.484,0.1917241379310345
4230,MAIN ST OPP DEMARCO PARK,145,10.3,43.8,870.9999999898129,0.48,0.07103448275862069
4232,E MAIN ST @ W MAIN ST,145,150.8,43.8,870.9999999898129,0.48,1.04
4233,E MAIN ST @ E HIGH ST,143,35.5,43.8,870.9999999898129,0.48,0.24825174825174826
4234,40 N MAIN ST,143,2.0,43.8,870.9999999898129,0.48,0.013986013986013986
4235,S MAIN ST @ ACORN DR,143,26.9,44.2,1423.600000012343,0.484,0.18811188811188811
4236,702 S MAIN ST,143,8.0,44.2,1423.600000012343,0.484,0.055944055944055944
4237,S MAIN ST @ KAREN DR,143,22.1,44.2,1423.600000012343,0.484,0.15454545454545457
4238,S MAIN ST @ FREDERICKSON DR,143,22.6,44.2,1423.600000012343,0.484,0.15804195804195806
4239,S MAIN ST @ WOODLAWN RD,143,0.0,44.2,1423.600000012343,0.484,0.0
4240,S MAIN ST @ CENTRE ST,143,94.7,44.2,1423.600000012343,0.484,0.6622377622377622
4241,498 S MAIN ST,143,6.0,41.8,1577.5999999486771,0.495,0.04195804195804196
4242,S MAIN ST OPP SELWYN RD,143,7.5,44.2,1423.600000012343,0.484,0.05244755244755245
4243,S MAIN ST @ WOODLAND PKWY,143,32.7,41.8,1577.5999999486771,0.495,0.2286713286713287
4244,S MAIN ST OPP FITCH TERR,143,48.1,42.3,1416.5999998332068,0.477,0.33636363636363636
4245,S MAIN ST OPP COLE TERR,143,19.6,42.3,1416.5999998332068,0.477,0.13706293706293707
4246,S MAIN ST OPP MARTIN TERR,143,7.5,39.0,2846.8999984643942,0.441,0.05244755244755245
4247,S MAIN ST @ DARRELL DR,143,29.9,39.0,2846.8999984643942,0.441,0.20909090909090908
4248,S MAIN ST @ VAN BEAL RD,143,1.0,39.0,2846.8999984643942,0.441,0.006993006993006993
4249,S MAIN ST @ MAPLE ST,143,17.1,39.0,2846.8999984643942,0.441,0.1195804195804196
4250,32 S MAIN ST,143,161.6,42.3,1416.5999998332068,0.477,1.13006993006993
4252,UNION ST @ SOUTH ST,160,109.0,41.8,1982.7999989883579,0.485,0.68125
4253,UNION ST OPP PROSPECT AVE,160,60.0,41.8,1982.7999989883579,0.485,0.375
4254,UNION ST @ FENCOURT AVE,160,36.0,41.8,1982.7999989883579,0.485,0.225
4255,HOLBROOK@RANDOLPH COMM RAIL S,325,563.5,41.8,1982.7999989883579,0.485,1.7338461538461538
4256,316 UNION ST OPP FENCOURT AVE,165,29.5,41.8,1982.7999989883579,0.485,0.1787878787878788
4257,UNION ST @ PROSPECT AVE,165,77.0,42.3,1416.5999998332068,0.477,0.4666666666666667
4258,UNION ST @ HOWARD ST,165,29.0,41.8,1982.7999989883579,0.485,0.17575757575757575
4275,NORTH ST @ UNION ST,117,825.8,44.6,1982.0999993410992,0.464,7.058119658119658
4277,N MAIN ST OPP MEMORIAL PKWY,358,1399.9,39.0,2846.8999984643942,0.441,3.9103351955307266
4278,N MAIN ST OPP WARREN ST,263,691.5,44.6,1982.0999993410992,0.464,2.629277566539924
4279,N MAIN ST @ CREDIT UNION WAY,263,1.5,44.6,1982.0999993410992,0.464,0.005703422053231939
4280,N MAIN ST @ PLEASANT ST,263,524.5,44.6,1982.0999993410992,0.464,1.994296577946768
4281,N MAIN ST @ PARK ST,263,155.4,44.6,1982.0999993410992,0.464,0.5908745247148289
4282,N MAIN ST @ ROEL ST,263,75.6,44.6,1982.0999993410992,0.464,0.2874524714828897
4283,N MAIN ST @ MT PLEASANT SQ,263,106.3,44.6,1982.0999993410992,0.464,0.4041825095057034
4284,N MAIN ST @ SCHOOL LN,263,66.3,44.6,1982.0999993410992,0.464,0.2520912547528517
4285,N MAIN ST @ LIBERTY ST,263,155.2,42.6,1801.9999994819166,0.489,0.5901140684410646
4286,571 N MAIN ST,263,32.1,41.1,2455.300000707157,0.476,0.12205323193916351
4288,641 N MAIN ST,263,240.8,41.1,2455.300000707157,0.476,0.9155893536121673
4289,721 N MAIN ST,263,17.0,41.1,2455.300000707157,0.476,0.06463878326996197
4290,N MAIN ST @ FRANCIS DR,263,192.8,41.1,2455.300000707157,0.476,0.7330798479087453
4291,N MAIN ST @ OAK ST,263,874.9,41.1,2455.300000707157,0.476,3.326615969581749
4292,901 N MAIN ST,263,107.7,41.5,2547.2000011267096,0.479,0.4095057034220532
4293,969 N MAIN ST,263,95.1,44.2,923.7000002304934,0.49,0.36159695817490495
4294,N MAIN ST OPP INTERVALE TERR,263,124.3,41.5,2547.2000011267096,0.479,0.4726235741444867
4297,N MAIN ST @ CHARLES ST,263,90.4,37.6,1919.1000001990008,0.486,0.3437262357414449
4298,N MAIN ST @ BENNINGTON ST,263,116.5,41.5,2547.2000011267096,0.479,0.4429657794676806
4299,N MAIN ST OPP STACY ST,263,177.8,41.5,2547.2000011267096,0.479,0.6760456273764259
4300,N MAIN ST @ OLIVER ST,263,251.5,37.6,1919.1000001990008,0.486,0.9562737642585551
4301,N MAIN ST @ BALLARD ST,263,171.5,37.6,1919.1000001990008,0.486,0.6520912547528517
4303,RANDOLPH AVE @ CHICKATAUBUT R,247,12.6,44.9,446.19999990978886,0.48,0.05101214574898785
4304,1248 RANDOLPH AVE,247,0.0,44.9,446.19999990978886,0.48,0.0
4305,RANDOLPH AVE @ EAGER RD,247,27.3,44.9,446.19999990978886,0.48,0.11052631578947368
4306,RANDOLPH AVE OPP HILLSIDE ST,247,8.5,44.9,446.19999990978886,0.48,0.03441295546558704
4307,RANDOLPH AVE @ HILLTOP ST,247,4.0,49.2,352.79999996600293,0.465,0.016194331983805668
4308,RANDOLPH AVE @ NAHANTON AVE,247,0.0,49.2,352.79999996600293,0.465,0.0
4309,RANDOLPH AVE @ RIDGEWOOD RD,247,4.0,49.2,352.79999996600293,0.465,0.016194331983805668
4310,RANDOLPH AVE OPP HALLEN AVE,247,11.5,49.2,352.79999996600293,0.465,0.0465587044534413
4311,RANDOLPH AVE OPP HIGHLAND ST,247,7.5,40.1,969.4999999533636,0.482,0.030364372469635626
4312,RANDOLPH AVE @ ACCESS RD,247,13.0,40.1,969.4999999533636,0.482,0.05263157894736842
4314,WHITWELL ST @ DIXWELL AVE,25,23.0,48.2,4550.200003193773,0.45,0.92
4315,WHITWELL ST @ GLENDALE RD,25,2.0,41.5,2169.600001380825,0.487,0.08
4316,WHITWELL ST @ MAYWOOD AVE,25,0.0,41.5,2169.600001380825,0.487,0.0
4317,198 WHITWELL ST,25,0.0,41.5,2169.600001380825,0.487,0.0
4318,WHITWELL ST @ ROSELIN AVE,25,0.0,41.5,2169.600001380825,0.487,0.0
4319,WHITWELL ST OPP FARRELL ST,25,3.5,41.5,2169.600001380825,0.487,0.14
4320,52 WHITWELL ST,25,3.0,41.5,2169.600001380825,0.487,0.12
4326,529 ADAMS ST,30,9.5,44.0,3795.8999993915722,0.461,0.31666666666666665
4327,ADAMS ST @ RESERVOIR RD,30,19.5,44.0,3795.8999993915722,0.461,0.65
4328,ADAMS ST OPP WHITE ST,30,5.5,44.0,3795.8999993915722,0.461,0.18333333333333332
4329,ADAMS ST @ GREENVIEW ST,30,26.0,44.0,3795.8999993915722,0.461,0.8666666666666667
4331,EDGE HILL RD OPP GRAFTON AVE,25,1.0,37.9,1482.2000003512496,0.485,0.04
4332,EDGE HILL RD @ RESERVATION RD,25,0.0,40.4,1979.5999998616048,0.487,0.0
4333,EDGE HILL RD @ OTIS ST,25,1.0,40.4,1979.5999998616048,0.487,0.04
4334,EDGE HILL RD @ WESTVALE RD,25,0.0,41.5,1929.5000010260037,0.483,0.0
4336,80 EDGE HILL RD,25,1.0,41.5,1929.5000010260037,0.483,0.04
4337,EDGE HILL RD @ PLEASANT ST,25,1.0,40.1,969.4999999533636,0.482,0.04
4338,PLEASANT ST @ HAZEL ST,25,6.5,40.1,969.4999999533636,0.482,0.26
4340,PLEASANT ST @ BADGER CIR,25,3.0,40.1,969.4999999533636,0.482,0.12
4341,PLEASANT ST @ GUN HILL ST,25,0.0,40.1,969.4999999533636,0.482,0.0
4342,PLEASANT ST @ LODGE ST,25,1.0,40.1,969.4999999533636,0.482,0.04
4343,PLEASANT ST @ REEDSDALE RD,25,1.0,40.1,969.4999999533636,0.482,0.04
4344,REEDSDALE RD @ RANDOLPH AVE,25,7.0,40.1,969.4999999533636,0.482,0.28
4346,BROOK RD @ STANDISH RD,25,2.0,42.3,1113.3999996644823,0.475,0.08
4347,BROOK RD @ WINDSOR RD,25,0.0,37.3,3829.8000043151947,0.497,0.0
4348,250 BROOK RD,25,3.0,37.3,3829.8000043151947,0.497,0.12
4349,BROOK RD @ BRANDON RD,25,2.5,37.3,3829.8000043151947,0.497,0.1
4350,BROOK RD @ BRIARFIELD RD,25,0.0,43.0,3100.6999948942766,0.463,0.0
4351,116 BLUE HILLS PKWY,25,4.0,43.0,3100.6999948942766,0.463,0.16
4355,BLUE HILLS PKWY @ BLUE HILL A,25,0.5,39.7,4530.700007239514,0.458,0.02
4358,BROOK RD @ SAINT MARYS RD,25,1.0,37.3,3829.8000043151947,0.497,0.04
4359,OPP 250 BROOK RD,25,2.0,37.3,3829.8000043151947,0.497,0.08
4360,BROOK RD OPP WINDSOR RD,25,1.0,37.3,3829.8000043151947,0.497,0.04
4362,BROOK RD @ LINCOLN ST,25,4.0,42.3,1113.3999996644823,0.475,0.16
4364,REEDSDALE RD @ RANDOLPH AVE,25,4.0,40.1,969.4999999533636,0.482,0.16
4365,PLEASANT ST @ REEDSDALE RD,25,0.0,40.1,969.4999999533636,0.482,0.0
4366,PLEASANT ST @ BAILEY AVE,25,3.5,40.1,969.4999999533636,0.482,0.14
4367,PLEASANT ST @ MATHAURS ST,25,1.0,40.1,969.4999999533636,0.482,0.04
4368,PLEASANT ST @ NANCY RD,25,7.0,40.1,969.4999999533636,0.482,0.28
4370,PLEASANT ST @ HORTON PL,25,5.0,40.1,969.4999999533636,0.482,0.2
4371,PLEASANT ST @ LAWRENCE RD,25,3.5,40.1,969.4999999533636,0.482,0.14
4372,OPP 80 EDGE HILL RD,25,0.0,41.5,1929.5000010260037,0.483,0.0
4373,EDGE HILL RD OPP WESTVALE RD,25,1.0,41.5,1929.5000010260037,0.483,0.04
4374,WASHINGTON ST @ LITHGOW ST,231,178.8,33.4,10502.29997406865,0.453,0.7740259740259741
4375,EDGE HILL RD @ CEDAR RD,25,0.0,41.5,1929.5000010260037,0.483,0.0
4376,EDGE HILL RD @ HUNTINGTON RD,25,0.5,37.9,1482.2000003512496,0.485,0.02
4378,EDGE HILL RD @ GRAFTON AVE,25,1.0,37.9,1482.2000003512496,0.485,0.04
4379,ADAMS ST @ ROBERTSON ST,25,2.5,44.0,3795.8999993915722,0.461,0.1
4380,ADAMS ST @ CAMPBELL ST,25,4.0,44.0,3795.8999993915722,0.461,0.16
4381,ADAMS ST @ WHITE ST,25,0.5,44.0,3795.8999993915722,0.461,0.02
4382,ADAMS ST @ ALRICK RD,25,6.5,44.0,3795.8999993915722,0.461,0.26
4383,ADAMS ST @ ADAMS PLAZA,25,2.0,44.0,3795.8999993915722,0.461,0.08
4390,OPP 52 WHITWELL ST,30,1.5,41.5,2169.600001380825,0.487,0.05
4391,WHITWELL ST @ FARRELL ST,30,2.0,41.5,2169.600001380825,0.487,0.06666666666666667
4392,WHITWELL ST @ CRANCH ST,30,10.5,41.5,2169.600001380825,0.487,0.35
4393,197 WHITWELL ST,30,0.5,41.5,2169.600001380825,0.487,0.016666666666666666
4394,WHITWELL ST OPP MAYWOOD AVE,30,2.0,41.5,2169.600001380825,0.487,0.06666666666666667
4395,WHITWELL ST @ DELDORF ST,30,6.0,41.5,2169.600001380825,0.487,0.2
4396,WHITWELL ST @ GRANITE ST,30,6.0,48.2,4550.200003193773,0.45,0.2
4404,BROOK RD @ CENTRAL AVE,25,0.5,42.3,1113.3999996644823,0.475,0.02
4451,MARKET SQUARE @ WESTERN AVE,403,1635.1,31.3,11883.100020734691,0.481,4.057320099255583
4453,NORTH ST @ ESSEX ST,428,602.0,40.2,4459.999992883497,0.466,1.4065420560747663
4455,ESSEX ST @ BECKFORD ST,189,10.4,41.7,4239.59999649012,0.499,0.05502645502645503
4456,ESSEX ST @ MONROE ST,189,33.9,40.2,4459.999992883497,0.466,0.17936507936507937
4457,ESSEX ST @ FLINT ST,189,45.9,34.9,4013.799993399859,0.456,0.24285714285714285
4458,ESSEX ST OPP WARREN ST,189,232.8,41.7,4239.59999649012,0.499,1.2317460317460318
4459,HIGHLAND AVE @ PROCTOR ST,189,121.9,38.0,2399.3000002373615,0.452,0.644973544973545
4462,HIGHLAND AVE @ CHERRY HILL AV,189,51.8,39.8,1969.300000311476,0.489,0.2740740740740741
4463,HIGHLAND AVE @ VALLEY ST,189,27.7,52.3,800.7000001448233,0.458,0.14656084656084656
4465,HIGHLAND AVE @ MARLBOROUGH RD,189,347.4,39.8,1969.300000311476,0.489,1.838095238095238
4467,HIGHLAND AVE @ THOMAS CIRCLE,189,72.8,36.6,708.4000001307816,0.423,0.3851851851851852
4470,HIGHLAND AVE @ 400 HIGHLAND P,189,103.2,36.6,708.4000001307816,0.423,0.5460317460317461
4472,HIGHLAND AVE @ BELLEAIRE AVE,189,58.2,44.0,1947.200000435381,0.486,0.30793650793650795
4473,WESTERN AVE @ FAYS AVE,189,131.1,40.8,2958.30000122788,0.469,0.6936507936507936
4474,WESTERN AVE OPP VICTORY RD,189,28.6,40.8,2958.30000122788,0.469,0.15132275132275133
4475,WESTERN AVE OPP EASTERN AVE,189,165.6,36.8,5408.599988223958,0.512,0.8761904761904762
4477,WESTERN AVE @ MAPLE ST,184,160.4,36.8,5408.599988223958,0.512,0.8717391304347827
4479,WESTERN AVE @ CHATHAM ST,184,304.8,36.8,5408.599988223958,0.512,1.6565217391304348
4480,WESTERN AVE OPP TRACEY AVE,184,138.3,33.9,7669.700011544164,0.475,0.7516304347826087
4481,WESTERN AVE @ CROSS ST,184,118.5,33.9,7669.700011544164,0.475,0.6440217391304348
4482,WESTERN AVE @ CHESTNUT ST,184,433.7,33.9,7669.700011544164,0.475,2.3570652173913045
4483,WESTERN AVE @ CONGRESS ST,184,278.8,29.8,17302.599974674213,0.488,1.5152173913043478
4484,WESTERN AVE @ PARK ST,184,227.9,29.8,12359.99996754552,0.492,1.2385869565217391
4485,WESTERN AVE @ MALL ST,184,248.0,31.3,11883.100020734691,0.481,1.3478260869565217
4486,WESTERN AVE @ MARKET SQUARE,184,421.8,31.3,11883.100020734691,0.481,2.2923913043478263
4487,743 WESTERN AVE,587,843.9,29.6,9532.100019065407,0.495,1.437649063032368
4488,WESTERN AVE @ BREED SQUARE,587,947.2,29.6,9532.100019065407,0.495,1.6136286201022148
4489,WESTERN AVE @ SUMMER ST,428,1009.0,31.1,12524.400066028637,0.547,2.357476635514019
4490,WESTERN AVE @ ALBION ST,428,301.5,30.4,663.9000001374728,0.507,0.7044392523364486
4491,WESTERN AVE @ IDA ST,428,115.8,34.8,3039.1999977006835,0.49,0.27056074766355137
4492,WESTERN AVE @ MBTA LYNN GARAG,442,457.6,34.8,3039.1999977006835,0.49,1.035294117647059
4494,WESTERN AVE @ COOPER ST,417,174.3,34.8,3039.1999977006835,0.49,0.4179856115107914
4495,SALEM TNPK @ BALLARD ST,417,183.7,45.7,1636.9999991357017,0.476,0.44052757793764985
4497,BROADWAY @ WARD ST,417,843.2,34.6,3802.600006912736,0.499,2.022062350119904
4498,462 AMERICAN LEGION HWY,461,348.2,39.9,5617.799993200465,0.519,0.7553145336225596
4500,AMERICAN LEGION HWY @ REVERE,210,238.4,36.3,7365.400003630556,0.468,1.1352380952380952
4510,CAMBRIDGE ST @ GOVERNMENT CTR,93,242.5,32.7,3863.000003707977,0.56,2.60752688172043
4511,SUDBURY ST @ CONGRESS ST,80,124.5,32.7,3863.000003707977,0.56,1.55625
4512,AMERICAN LEGION HWY @ REVERE,437,424.4,37.4,4664.099994907935,0.478,0.9711670480549198
4513,AMERICAN LEGION HWY @ HUTCHIN,437,106.8,36.3,7365.400003630556,0.468,0.24439359267734553
4515,BROWN CIRCLE ROTARY,437,716.1,36.5,997.3000000080611,0.499,1.6386727688787186
4516,SALEM TNPK @ BALLARD ST,383,200.1,39.2,423.2999999284931,0.496,0.5224543080939947
4518,WESTERN AVE OPP COOPER ST,383,230.1,34.8,3039.1999977006835,0.49,0.6007832898172324
4520,WESTERN AVE OPP LYNN GARAGE,437,400.1,34.8,3039.1999977006835,0.49,0.9155606407322655
4521,WESTERN AVE @ MINOT ST,616,678.6,31.1,12524.400066028637,0.547,1.1016233766233767
4522,WESTERN AVE @ SUMMER ST,616,1347.8,28.7,10979.000043655024,0.499,2.187987012987013
4523,WESTERN AVE @ WALDEN ST,616,776.6,28.7,10979.000043655024,0.499,1.2607142857142857
4524,760 WESTERN AVE,616,378.5,29.6,9532.100019065407,0.495,0.614448051948052
4525,MARKET SQUARE @ WESTERN AVE,407,1969.6,31.3,11883.100020734691,0.481,4.8393120393120395
4526,AMERICAN LEGION HWY @ BELL CI,206,363.0,41.5,2832.3999989914328,0.474,1.7621359223300972
4527,WESTERN AVE @ MARKET SQUARE,209,763.1,31.3,11883.100020734691,0.481,3.6511961722488038
4528,WESTERN AVE OPP BARRETT ST,209,332.3,31.3,11883.100020734691,0.481,1.589952153110048
4529,WESTERN AVE @ PARK ST,209,71.5,31.3,11883.100020734691,0.481,0.34210526315789475
4530,WESTERN AVE @ BRIMBLECOM ST,209,301.3,29.8,17302.599974674213,0.488,1.4416267942583734
4531,WESTERN AVE @ FRANKLIN ST,209,354.3,29.8,12359.99996754552,0.492,1.6952153110047847
4532,WESTERN AVE @ WASHINGTON ST,209,490.3,31.2,7072.39999496174,0.483,2.345933014354067
4533,WESTERN AVE @ WEST COLONY RD,209,153.0,33.9,7669.700011544164,0.475,0.7320574162679426
4534,WESTERN AVE @ TRACY AVE,209,109.7,33.9,7669.700011544164,0.475,0.5248803827751196
4535,WESTERN AVE @ CHATHAM ST,209,340.9,33.9,7669.700011544164,0.475,1.6311004784688994
4537,WESTERN AVE @ WAITT AVE,179,145.8,36.8,5408.599988223958,0.512,0.8145251396648046
4538,WESTERN AVE @ LINTON RD,204,150.4,36.8,5408.599988223958,0.512,0.7372549019607844
4539,WESTERN AVE @ VICTORY RD,204,30.6,40.8,2958.30000122788,0.469,0.15
4540,WESTERN AVE @ FAYS AVE,204,92.9,40.8,2958.30000122788,0.469,0.45539215686274515
4541,WESTERN AVE @ BUCHANAN CIRCLE,204,40.3,44.0,1947.200000435381,0.486,0.19754901960784313
4544,HIGHLAND AVE OPP WALMART,204,290.2,36.6,708.4000001307816,0.423,1.4225490196078432
4546,HIGHLAND AVE @ CEDAR RD,204,56.4,36.6,708.4000001307816,0.423,0.27647058823529413
4547,HIGHLAND AVE @ GREENLEDGE ST,204,302.9,36.6,708.4000001307816,0.423,1.4848039215686273
4553,81 HIGHLAND AVE @ SALEM HOSPI,204,341.9,39.8,1969.300000311476,0.489,1.6759803921568626
4554,OPP 30 HIGHLAND AVE,204,3.5,38.0,2399.3000002373615,0.452,0.01715686274509804
4555,ESSEX ST @ WARREN ST,204,176.5,41.7,4239.59999649012,0.499,0.8651960784313726
4557,ESSEX ST @ FLINT ST,204,63.0,34.9,4013.799993399859,0.456,0.3088235294117647
4558,ESSEX ST OPP MONROE ST,204,16.3,40.2,4459.999992883497,0.466,0.07990196078431373
4559,ESSEX ST @ HAMILTON ST,204,7.2,41.7,4239.59999649012,0.499,0.03529411764705882
4560,ESSEX ST @ SUMMER ST,204,259.0,40.2,4459.999992883497,0.466,1.2696078431372548
4561,10 SYLVAN ST,171,218.5,43.1,1602.5999999635774,0.468,1.2777777777777777
4562,WASHINGTON ST @ NEW DERBY ST,204,593.3,45.7,4866.199994861458,0.44,2.908333333333333
4563,WASHINGTON ST @ CHURCH ST,448,585.5,44.2,4683.3999977701105,0.456,1.3069196428571428
4570,LYNNFIELD ST @ BARTHOLOMEW ST,78,12.1,41.5,1008.6999998940422,0.489,0.15512820512820513
4572,FIRST AVE @ LYNNFIELD ST,78,69.4,40.8,1417.0000001978278,0.466,0.8897435897435898
4573,CENTENNIAL DR @ FIRST AVE,78,101.4,48.0,438.89999997879477,0.467,1.3
4574,5 CENTENNIAL DR,78,57.2,48.0,438.89999997879477,0.467,0.7333333333333334
4576,CENTENNIAL DR @ CORPORATION W,78,33.0,48.0,438.89999997879477,0.467,0.4230769230769231
4577,CENTENNIAL DR OPP MARRIOTT DR,78,15.0,48.0,438.89999997879477,0.467,0.19230769230769232
4578,CENTENNIAL DR OPP RT128 RAMP,78,30.0,48.0,438.89999997879477,0.467,0.38461538461538464
4581,ESSEX CTR DR @ ESSEX GREEN DR,148,251.4,43.1,1602.5999999635774,0.468,1.6986486486486487
4583,ESSEX CTR DR OPP ESSEX GREEN,191,245.1,43.1,1602.5999999635774,0.468,1.2832460732984292
4587,OPP 11 CENTENNIAL DR,78,49.9,48.0,438.89999997879477,0.467,0.6397435897435897
4588,CENTENNIAL DR OPP CORPORATION,78,37.3,48.0,438.89999997879477,0.467,0.47820512820512817
4590,2 CENTENNIAL DR,78,45.1,48.0,438.89999997879477,0.467,0.5782051282051283
4591,FIRST AVE OPP CENTENNIAL DR,78,79.2,48.0,438.89999997879477,0.467,1.0153846153846153
4592,FIRST AVE @ LYNNFIELD ST,78,48.7,40.8,1417.0000001978278,0.466,0.6243589743589744
4594,LYNNFIELD ST OPP BARTHOLOMEW,78,7.9,41.5,1008.6999998940422,0.489,0.10128205128205128
4596,OPP 10 SYLVAN ST,171,272.3,43.1,1602.5999999635774,0.468,1.5923976608187136
4597,ENDICOTT ST @ COMMONWEALTH AV,171,497.7,44.0,936.2999997353771,0.467,2.9105263157894736
4601,NORTH ST OPP MASON ST,107,19.9,42.3,1398.5999989256773,0.479,0.18598130841121494
4602,NORTH ST @ DEARBORN ST,107,6.0,37.8,3577.300000513516,0.478,0.056074766355140186
4603,NORTH ST @ ORNE ST,107,5.4,37.4,5598.899999520181,0.484,0.05046728971962617
4604,NORTH ST @ LIBERTY HILL AVE,107,16.7,37.4,5598.899999520181,0.484,0.15607476635514017
4605,NORTH ST @ GARDEN TERR,107,3.0,37.4,5598.899999520181,0.484,0.028037383177570093
4606,NORTH ST @ WOODSIDE ST,107,9.0,40.6,820.5000002198615,0.466,0.08411214953271028
4607,NORTH ST OPP CUSHING ST,107,0.0,37.4,5598.899999520181,0.484,0.0
4608,NORTH ST @ HIGHLAND ST,107,1.0,40.6,820.5000002198615,0.466,0.009345794392523364
4609,MARGIN ST OPP MARGIN ST CT,107,23.4,42.6,2453.79999722564,0.467,0.21869158878504671
4610,176 WATER ST,107,0.0,51.0,1783.000001670508,0.478,0.0
4611,WATER ST @ S LIBERTY ST,107,8.4,51.0,1783.000001670508,0.478,0.07850467289719626
4614,ENDICOTT ST @ MARKET BASKET,107,273.7,54.7,742.2000001972754,0.444,2.5579439252336447
4615,COMMONWEALTH AVE @ ENDICOTT S,171,129.4,44.0,936.2999997353771,0.467,0.7567251461988305
4662,WATER ST @ BROAD ST,107,27.2,51.0,1783.000001670508,0.478,0.2542056074766355
4664,WATER ST @ S LIBERTY ST,107,8.0,51.0,1783.000001670508,0.478,0.07476635514018691
4665,OPP 176 WATER ST,107,0.0,51.0,1783.000001670508,0.478,0.0
4666,MARGIN ST @ MARGIN ST CT,107,12.2,42.6,2453.79999722564,0.467,0.11401869158878504
4667,NORTH ST @ HIGHLAND ST,107,0.0,40.6,820.5000002198615,0.466,0.0
4668,NORTH ST @ CUSHING ST,107,0.0,37.4,5598.899999520181,0.484,0.0
4669,NORTH ST OPP NURSERY ST,107,4.5,40.6,820.5000002198615,0.466,0.04205607476635514
4670,NORTH ST @ CRESSEY AVE,107,3.2,37.4,5598.899999520181,0.484,0.029906542056074768
4671,NORTH ST @ SYMONDS AVE,107,10.7,37.4,5598.899999520181,0.484,0.09999999999999999
4672,NORTH ST @ SCHOOL ST,107,22.7,37.4,5598.899999520181,0.484,0.21214953271028036
4673,NORTH ST OPP DEARBORN ST,107,8.7,37.8,3577.300000513516,0.478,0.08130841121495326
4674,NORTH ST @ MASON ST,107,31.1,42.3,1398.5999989256773,0.479,0.2906542056074766
4701,LYNNWAY @ PLEASANT ST,334,141.3,62.4,1695.3999993021832,0.453,0.4230538922155689
4702,333 LYNNWAY,334,208.9,62.4,1695.3999993021832,0.453,0.6254491017964072
4703,LYNNWAY @ SHEPARD ST,334,285.7,62.4,1695.3999993021832,0.453,0.8553892215568862
4704,LYNNWAY @ COMMERCIAL ST,334,424.7,30.4,663.9000001374728,0.507,1.2715568862275448
4705,621 LYNNWAY,334,35.0,30.4,663.9000001374728,0.507,0.10479041916167664
4706,715 LYNNWAY,334,135.1,30.4,663.9000001374728,0.507,0.40449101796407183
4707,777 LYNNWAY,334,992.0,30.4,663.9000001374728,0.507,2.970059880239521
4708,LYNNWAY @ GENERAL EDWARDS BRI,334,13.1,30.4,663.9000001374728,0.507,0.03922155688622754
4709,POINT OF PINES,579,596.5,42.5,2384.5999973090857,0.474,1.0302245250431779
4710,N SHORE RD @ TOBIN AVE,334,292.6,42.5,2384.5999973090857,0.474,0.8760479041916168
4712,N SHORE RD @ OAK ISLAND ST,334,468.9,50.0,4208.799998441798,0.445,1.4038922155688622
4714,N SHORE RD @ FREEMAN ST,334,211.7,42.6,4702.499993561064,0.488,0.6338323353293412
4717,BEACH ST @ SHIRLEY AVE,759,1667.2,32.3,7552.4000033814955,0.513,2.196574440052701
4718,230 BURBANK HWY,120,64.5,46.5,5.499999998821428,1.0,0.5375
4720,MCCLELLAN HIGHWAY OPP TOMASEL,120,14.0,36.0,1829.0000009413718,0.422,0.11666666666666667
4721,MCCLELLAN HIGHWAY @ BOARDMAN,120,119.5,36.0,1829.0000009413718,0.422,0.9958333333333333
4722,MCCLELLAN HIGHWAY OPP ADDISON,120,97.0,36.0,1829.0000009413718,0.422,0.8083333333333333
4727,MCCLELLAN HIGHWAY @ ADDISON S,120,74.0,36.0,1829.0000009413718,0.422,0.6166666666666667
4728,MCCLELLAN HIGHWAY @ BOARDMAN,339,305.7,34.7,6433.4999955341455,0.482,0.9017699115044248
4730,BURBANK HWY @ SUFFOLK DOWNS,120,0.0,46.5,5.499999998821428,1.0,0.0
4731,OPP 40 BURBANK HWY,120,10.0,46.5,5.499999998821428,1.0,0.08333333333333333
4732,281 BURBANK HWY,120,55.5,46.5,5.499999998821428,1.0,0.4625
4733,BEACH ST @ UPHAM ST,761,1497.7,41.5,2832.3999989914328,0.474,1.9680683311432325
4736,N SHORE RD @ REVERE ST,368,227.6,34.5,6628.300008975128,0.506,0.6184782608695653
4738,N SHORE RD OPP MILLS AVE,325,40.5,42.5,2384.5999973090857,0.474,0.12461538461538461
4739,N SHORE RD @ JOHN AVE EXT,325,301.4,42.5,2384.5999973090857,0.474,0.9273846153846154
4741,LYNNWAY @ GENERAL EDWARDS BRI,325,39.8,30.4,663.9000001374728,0.507,0.12246153846153846
4742,LYNNWAY @ HANSON ST,325,1151.3,30.4,663.9000001374728,0.507,3.5424615384615383
4743,LYNNWAY @ HARDING ST,325,176.9,30.4,663.9000001374728,0.507,0.5443076923076923
4744,626 LYNNWAY,325,120.9,30.4,663.9000001374728,0.507,0.372
4745,LYNNWAY @ COMMERCIAL ST,325,559.3,30.4,663.9000001374728,0.507,1.7209230769230768
4746,LYNNWAY OPP SHEPARD ST,325,155.3,62.4,1695.3999993021832,0.453,0.47784615384615386
4747,LYNNWAY @ BLOSSOM ST,325,431.5,30.4,663.9000001374728,0.507,1.3276923076923077
4749,BROAD ST @ NAHANT ST,329,731.1,43.1,6963.40000116004,0.487,2.222188449848024
4751,LEWIS ST @ ATLANTIC ST,329,470.3,43.1,6963.40000116004,0.487,1.429483282674772
4752,LEWIS ST @ CHERRY ST,329,639.7,36.8,8908.20002902837,0.469,1.9443768996960489
4755,OCEAN ST OPP MICHIGAN AVE,329,501.4,34.8,9548.30000953763,0.508,1.5240121580547112
4757,NEW OCEAN ST @ ROCK AVE,104,22.7,40.4,3988.09999558034,0.458,0.21826923076923077
4758,NEW OCEAN ST @ BURRILL ST,104,73.3,40.4,3988.09999558034,0.458,0.7048076923076922
4759,PARADISE RD @ SHAW RD,104,7.5,38.7,4909.099999339418,0.493,0.07211538461538461
4760,PARADISE RD @ ANDREW RD,104,6.5,38.7,4909.099999339418,0.493,0.0625
4761,JACK SATTER HOUSE @ REVERE BE,92,237.5,50.0,4208.799998441798,0.445,2.5815217391304346
4762,PARADISE RD @ ELLIS RD,104,5.0,38.7,4909.099999339418,0.493,0.04807692307692308
4763,PARADISE RD @ FARRAGUT RD,104,5.5,51.7,753.3000002875191,0.453,0.052884615384615384
4764,PARADISE RD OPP FRANKLIN AVE,104,1.5,43.1,2880.0999984180485,0.492,0.014423076923076924
4765,PARADISE RD @ WALKER RD,104,3.5,43.1,2880.0999984180485,0.492,0.03365384615384615
4766,PARADISE RD @ PARSONS DR,104,8.5,51.7,753.3000002875191,0.453,0.08173076923076923
4768,PARADISE RD OPP LONGWOOD DR,104,7.3,43.1,2880.0999984180485,0.492,0.07019230769230769
4769,331 PARADISE RD,104,44.4,51.7,753.3000002875191,0.453,0.4269230769230769
4770,383 PARADISE RD,104,137.3,52.3,4883.199994164113,0.421,1.3201923076923079
4771,PARADISE RD @ VINNIN ST,104,175.2,63.5,3478.7999945093484,0.393,1.6846153846153844
4772,SALEM ST @ SUNBEAM LN,104,32.9,51.7,753.3000002875191,0.453,0.31634615384615383
4777,SALEM ST @ HUMPHREY ST,104,30.3,41.6,1909.7000008661316,0.466,0.29134615384615387
4779,HUMPHREY ST @ BEACH BLUFF AVE,262,1.4,41.6,1909.7000008661316,0.466,0.0053435114503816794
4781,HUMPHREY ST @ SEAVIEW AVE,262,27.0,46.4,1655.0999991520832,0.464,0.10305343511450382
4782,HUMPHREY ST @ MAY ST,262,5.0,46.4,1655.0999991520832,0.464,0.019083969465648856
4784,HUMPHREY ST OPP RUBY AVE,262,13.3,46.4,1655.0999991520832,0.464,0.05076335877862596
4785,HUMPHREY ST @ ROCKAWAY AVE,262,29.0,43.1,2720.900001309829,0.49,0.11068702290076336
4786,HUMPHREY ST @ CLIFTON AVE,262,3.5,43.1,2720.900001309829,0.49,0.013358778625954198
4787,HUMPHREY ST @ WARE LN,262,4.0,43.1,2720.900001309829,0.49,0.015267175572519083
4788,HUMPHREY ST @ HEREFORD RD,262,17.3,43.1,2720.900001309829,0.49,0.06603053435114505
4789,HUMPHREY ST @ GLENDALE RD,262,25.0,41.6,1753.7000011465334,0.508,0.09541984732824428
4790,HUMPHREY ST @ SEVINOR RD,262,8.5,49.9,1615.9000008090713,0.478,0.03244274809160305
4791,HUMPHREY ST @ SHELDON RD,262,11.8,43.6,1989.7000000504113,0.482,0.0450381679389313
4792,HUMPHREY ST @ COUNTRYSIDE LN,262,94.9,43.6,1989.7000000504113,0.482,0.3622137404580153
4793,HUMPHREY ST @ LAFAYETTE ST,262,92.4,49.9,1615.9000008090713,0.478,0.3526717557251909
4794,PLEASANT ST @ SMITH ST,262,66.2,43.6,1989.7000000504113,0.482,0.25267175572519085
4795,PLEASANT ST @ DEVEREUX ST,262,11.9,50.3,2992.2000020853334,0.437,0.04541984732824428
4796,PLEASANT ST @ BUBIER RD,262,58.0,50.3,2992.2000020853334,0.437,0.22137404580152673
4797,PLEASANT ST @ GERRY ST,262,77.6,48.1,1656.3999995126362,0.498,0.2961832061068702
4799,PLEASANT ST OPP BESSOM ST,262,167.3,50.3,2992.2000020853334,0.437,0.6385496183206107
4800,PLEASANT ST OPP ANDERSON ST,262,165.2,44.8,2780.399996424925,0.458,0.6305343511450381
4801,PLEASANT ST @ ESSEX ST,262,359.7,44.8,2780.399996424925,0.458,1.3729007633587786
4802,PLEASANT ST @ ROCKAWAY ST,262,110.9,44.8,2780.399996424925,0.458,0.4232824427480916
4803,PLEASANT ST @ WASHINGTON ST,262,135.1,55.1,4133.60000469805,0.448,0.515648854961832
4804,WASHINGTON ST @ STATE ST,262,49.0,53.3,2955.1000008403857,0.452,0.18702290076335878
4805,WASHINGTON ST @ PICKETT ST,262,33.6,53.3,2955.1000008403857,0.452,0.1282442748091603
4806,OPP 27 WASHINGTON ST,262,20.5,53.3,2955.1000008403857,0.452,0.07824427480916031
4807,7 FRANKLIN ST @ FIRE HOUSE,509,385.5,53.3,2955.1000008403857,0.452,0.7573673870333988
4811,OPP 56 HUMPHREY ST,158,46.8,40.4,3988.09999558034,0.458,0.2962025316455696
4813,OPP 174 HUMPHREY ST,158,64.1,49.4,2696.6999997991966,0.46,0.4056962025316455
4814,281 HUMPHREY ST,158,15.1,49.4,2696.6999997991966,0.46,0.09556962025316455
4815,HUMPHREY ST @ GREENWOOD AVE,158,26.0,49.4,2696.6999997991966,0.46,0.16455696202531644
4816,HUMPHREY ST @ MARSHALL ST,158,12.0,49.4,2696.6999997991966,0.46,0.0759493670886076
4817,509 HUMPHREY ST,158,4.5,43.9,2723.4999992607263,0.513,0.028481012658227847
4818,HUMPHREY ST OPP MILLETT RD,158,11.4,43.9,2723.4999992607263,0.513,0.07215189873417721
4819,HUMPHREY ST OPP PLEASANT ST,158,25.0,43.9,2723.4999992607263,0.513,0.15822784810126583
4820,HUMPHREY ST @ BATES RD,158,18.7,49.4,2696.6999997991966,0.46,0.11835443037974683
4821,HUMPHREY ST @ SHELTON RD,158,3.0,47.7,1201.2999996290002,0.486,0.0189873417721519
4822,HUMPHREY ST @ PURITAN RD,158,40.5,42.7,1623.499999113524,0.489,0.2563291139240506
4823,HUMPHREY ST OPP ORCHARD RD,158,18.0,42.7,1623.499999113524,0.489,0.11392405063291139
4824,HUMPHREY ST @ PALMER AVE,158,8.0,42.7,1623.499999113524,0.489,0.05063291139240506
4825,HUMPHREY ST @ OCEAN AVE,158,4.5,42.7,1623.499999113524,0.489,0.028481012658227847
4826,HUMPHREY ST OPP SALEM ST,158,27.0,51.7,753.3000002875191,0.453,0.17088607594936708
4834,WASHINGTON ST @ PEARL ST,247,15.0,53.3,2955.1000008403857,0.452,0.06072874493927125
4835,MUGFORD ST @ WASHINGTON ST,247,108.3,55.1,4133.60000469805,0.448,0.43846153846153846
4836,27 MUGFORD ST,247,3.5,55.1,4133.60000469805,0.448,0.01417004048582996
4837,ELM ST @ HARRIS ST,247,11.5,55.1,4133.60000469805,0.448,0.0465587044534413
4838,ELM ST @ CREESY ST,247,72.0,47.6,2238.1999988989446,0.468,0.291497975708502
4839,PLEASANT ST @ SPRING ST,247,354.8,44.8,2780.399996424925,0.458,1.436437246963563
4840,PLEASANT ST @ ANDERSON ST,247,86.0,44.8,2780.399996424925,0.458,0.3481781376518219
4841,PLEASANT ST @ BESSOM ST,247,233.0,50.3,2992.2000020853334,0.437,0.9433198380566802
4843,PLEASANT ST OPP GERRY ST,247,50.6,48.1,1656.3999995126362,0.498,0.2048582995951417
4844,PLEASANT ST @ MAVERICK ST,247,75.0,50.3,2992.2000020853334,0.437,0.30364372469635625
4845,PLEASANT ST @ DEVEREUX TERR,247,12.5,48.1,1656.3999995126362,0.498,0.05060728744939271
4846,PLEASANT ST @ BALDWIN RD,247,49.9,48.1,1656.3999995126362,0.498,0.2020242914979757
4847,HUMPHREY ST @ LAFAYETTE ST,247,91.3,49.9,1615.9000008090713,0.478,0.3696356275303644
4848,HUMPHREY ST @ LAUREL ST,247,105.0,43.6,1989.7000000504113,0.482,0.4251012145748988
4849,HUMPHREY ST @ BIRCH ST,247,2.5,43.6,1989.7000000504113,0.482,0.010121457489878543
4850,HUMPHREY ST OPP SEVINOR RD,247,20.6,49.9,1615.9000008090713,0.478,0.0834008097165992
4851,HUMPHREY ST OPP GLENDALE RD,247,26.0,43.6,1989.7000000504113,0.482,0.10526315789473684
4852,HUMPHREY ST @ CHARLOTTE RD,247,16.0,41.6,1753.7000011465334,0.508,0.06477732793522267
4853,HUMPHREY ST @ PALMER RD,247,7.5,43.1,2720.900001309829,0.49,0.030364372469635626
4855,N SHORE RD @ YORK ST,368,70.5,42.6,4702.499993561064,0.488,0.19157608695652173
4856,N SHORE RD @ OAK ISLAND ST,368,525.5,42.6,4702.499993561064,0.488,1.4279891304347827
4857,HUMPHREY ST @ CLIFTON AVE,247,1.5,43.1,2720.900001309829,0.49,0.006072874493927126
4858,HUMPHREY ST @ TUFTS ST,247,44.2,41.6,1753.7000011465334,0.508,0.17894736842105263
4859,HUMPHREY ST @ RUBY AVE,247,44.0,46.4,1655.0999991520832,0.464,0.17813765182186234
4860,HUMPHREY ST @ WEST ST,247,15.4,42.5,2560.6000014760284,0.482,0.062348178137651825
4861,HUMPHREY ST @ CROSSMAN AVE,247,1.5,41.6,1909.7000008661316,0.466,0.006072874493927126
4862,HUMPHREY ST @ STANLEY RD,247,4.0,41.6,1909.7000008661316,0.466,0.016194331983805668
4864,HUMPHREY ST @ SALEM ST,153,24.1,51.7,753.3000002875191,0.453,0.15751633986928104
4865,SALEM ST @ HUMPHREY ST,94,19.9,41.6,1909.7000008661316,0.466,0.21170212765957444
4870,SALEM ST @ SUNBEAM LN,94,28.6,41.6,1909.7000008661316,0.466,0.30425531914893617
4872,1000 PARADISE RD,94,89.4,51.7,753.3000002875191,0.453,0.9510638297872341
4873,500 PARADISE RD,94,108.1,63.5,3478.7999945093484,0.393,1.15
4874,PARADISE RD @ SWAMPSCOTT MALL,94,0.0,51.7,753.3000002875191,0.453,0.0
4875,OPP 383 PARADISE RD,94,85.7,52.3,4883.199994164113,0.421,0.9117021276595745
4876,PARADISE RD @ LONGWOOD DR,94,22.3,52.3,4883.199994164113,0.421,0.2372340425531915
4877,306 PARADISE RD OPP WALKER RD,94,5.4,51.7,753.3000002875191,0.453,0.057446808510638304
4878,PARADISE RD @ FRANKLIN AVE,94,7.0,43.1,2880.0999984180485,0.492,0.07446808510638298
4879,PARADISE RD @ NORFOLK AVE,94,12.9,38.7,4909.099999339418,0.493,0.1372340425531915
4880,PARADISE RD @ ELLIS RD,94,6.5,44.5,3104.099997442378,0.464,0.06914893617021277
4881,PARADISE RD OPP ANDREW RD,94,1.0,38.7,4909.099999339418,0.493,0.010638297872340425
4882,PARADISE RD @ BERKSHIRE ST,94,0.0,38.7,4909.099999339418,0.493,0.0
4883,PARADISE RD @ BURRILL ST,94,64.5,38.7,4909.099999339418,0.493,0.6861702127659575
4885,NEW OCEAN ST OPP ROCK AVE,94,22.4,40.4,3988.09999558034,0.458,0.23829787234042552
4886,OCEAN ST @ MICHIGAN AVE,320,392.6,41.1,6649.899990937311,0.479,1.2268750000000002
4891,LEWIS ST @ LAFAYETTE PARK,320,413.1,34.8,9548.30000953763,0.508,1.2909375
4892,LEWIS ST @ CHESTNUT ST,320,630.4,36.8,8908.20002902837,0.469,1.97
4895,BROAD ST @ SILSBEE ST,320,747.3,34.4,14352.0000229632,0.46,2.3353124999999997
4901,HUMPHREY ST @ ORCHARD CIRCLE,153,17.2,42.7,1623.499999113524,0.489,0.11241830065359476
4902,HUMPHREY ST @ ORCHARD RD,153,11.0,42.7,1623.499999113524,0.489,0.0718954248366013
4903,HUMPHREY ST OPP PURITAN RD,153,27.5,42.7,1623.499999113524,0.489,0.17973856209150327
4904,HUMPHREY ST @ PHILLIPS CIRCLE,153,2.0,47.7,1201.2999996290002,0.486,0.013071895424836602
4905,HUMPHREY ST OPP SHELTON RD,153,15.6,47.7,1201.2999996290002,0.486,0.10196078431372549
4906,HUMPHREY ST @ PLEASANT ST,153,43.5,43.9,2723.4999992607263,0.513,0.28431372549019607
4907,HUMPHREY ST @ MILLETT RD,153,20.2,49.4,2696.6999997991966,0.46,0.13202614379084968
4908,508 HUMPHREY ST,153,0.0,43.9,2723.4999992607263,0.513,0.0
4909,HUMPHREY ST @ CEDAR HILL TERR,153,11.5,49.4,2696.6999997991966,0.46,0.07516339869281045
4911,HUMPHREY ST @ GREENWOOD AVE,153,20.3,49.4,2696.6999997991966,0.46,0.1326797385620915
4912,260 HUMPHREY ST,153,0.0,49.4,2696.6999997991966,0.46,0.0
4913,198 HUMPHREY ST,153,23.4,49.4,2696.6999997991966,0.46,0.15294117647058822
4914,HUMPHREY ST @ MONUMENT AVE,153,58.3,49.4,2696.6999997991966,0.46,0.3810457516339869
4915,50 HUMPHREY ST,153,4.5,40.4,3988.09999558034,0.458,0.029411764705882353
4916,HUMPHREY ST @ EASTERN AVE,153,7.7,40.4,3988.09999558034,0.458,0.05032679738562092
4919,LYNN ST OPP FAIRVIEW AVE,113,75.6,41.5,1008.6999998940422,0.489,0.6690265486725663
4920,LYNN ST @ MACARTHUR RD,113,28.6,43.9,2143.0999991086496,0.496,0.2530973451327434
4921,LYNN ST @ COOLIDGE AVE,113,45.5,43.9,2143.0999991086496,0.496,0.4026548672566372
4922,LYNN ST @ RAINBOW RD,113,32.9,40.8,1417.0000001978278,0.466,0.2911504424778761
4923,LYNN ST OPP LYNN ST CT,113,13.2,40.8,1417.0000001978278,0.466,0.1168141592920354
4924,WASHINGTON ST @ GRANITE ST,113,29.400000000000002,40.8,1417.0000001978278,0.466,0.2601769911504425
4925,WASHINGTON ST @ HINGSTON ST,113,10.3,40.9,1471.299999932494,0.463,0.09115044247787611
4926,WASHINGTON ST @ BRESNAHAN ST,113,55.2,38.5,4113.299997286063,0.509,0.488495575221239
4927,WASHINGTON ST @ ABORN ST,113,45.7,38.5,4113.299997286063,0.509,0.404424778761062
4928,WASHINGTON ST @ MAIN ST,113,214.5,34.5,5271.199988329901,0.487,1.8982300884955752
4929,CENTRAL ST @ WALNUT ST,113,265.4,40.8,4364.399996397972,0.458,2.348672566371681
4930,CENTRAL ST @ COMMUNITY LIFE C,113,48.0,49.2,3097.3000005604877,0.472,0.4247787610619469
4931,ANDOVER ST @ POUND LN,113,40.9,40.9,2967.600000368711,0.479,0.36194690265486723
4932,ANDOVER ST OPP BUTTONWOOD LN,113,19.8,40.9,2967.600000368711,0.479,0.1752212389380531
4933,ANDOVER ST @ BUTTONWOOD LN,113,22.3,40.4,1183.6999995761332,0.482,0.19734513274336285
4934,86 CENTRAL ST,113,68.1,49.2,3097.3000005604877,0.472,0.6026548672566371
4935,CENTRAL ST OPP WALNUT ST,113,168.5,39.6,6292.099998002596,0.471,1.491150442477876
4936,WASHINGTON ST @ MAIN ST,113,241.1,34.5,5271.199988329901,0.487,2.1336283185840705
4937,WASHINGTON ST @ LOWE ST,113,57.8,38.5,4113.299997286063,0.509,0.511504424778761
4938,WASHINGTON ST OPP BLANEY ST,113,40.9,40.9,1471.299999932494,0.463,0.36194690265486723
4939,WASHINGTON ST @ ALLENS LN,113,8.2,40.9,1471.299999932494,0.463,0.07256637168141593
4940,WASHINGTON ST OPP GRANITE ST,113,20.1,40.9,1471.299999932494,0.463,0.17787610619469027
4941,23 LYNN ST,113,12.4,43.2,1358.5000000529892,0.475,0.10973451327433628
4942,LYNN ST @ BROWN ST,113,34.8,40.8,1417.0000001978278,0.466,0.3079646017699115
4943,LYNN ST @ WINNEGANCE AVE,113,46.4,43.2,1358.5000000529892,0.475,0.41061946902654867
4945,LYNN ST @ FAIRVIEW AVE,113,99.2,41.5,1008.6999998940422,0.489,0.8778761061946903
4948,MARGIN ST @ DOBBS RD,107,5.0,40.7,2367.099999921345,0.467,0.04672897196261682
4949,MARGIN ST @ ROYCROFT RD,107,14.1,40.7,2367.099999921345,0.467,0.13177570093457944
4950,MARGIN ST @ DRISCOLL ST,107,6.0,40.7,2367.099999921345,0.467,0.056074766355140186
4951,MARGIN ST OPP DRISCOLL ST,107,7.0,40.7,2367.099999921345,0.467,0.06542056074766354
4952,MARGIN ST OPP ROYCROFT RD,107,6.9,49.2,3097.3000005604877,0.472,0.06448598130841122
4982,BOW ST @ MONTVALE AVE,85,19.0,41.3,2185.799998676362,0.506,0.2235294117647059
5002,SALEM ST OPP RIVER ST,1071,2006.1,41.5,3868.499998751611,0.456,1.873109243697479
5003,HIGH ST @ HILLSIDE AVE,604,218.8,64.7,5047.500001695395,0.427,0.3622516556291391
5004,HIGH ST @ POWDER HOUSE RD,604,145.7,64.7,5047.500001695395,0.427,0.2412251655629139
5005,HIGH ST @ RURAL AVE,604,259.8,47.0,2573.7000025090624,0.49,0.43013245033112585
5006,305 WINTHROP ST,196,27.4,51.2,2578.60000021671,0.456,0.13979591836734692
5008,300 WINTHROP ST,194,35.2,46.9,3566.700002219634,0.485,0.1814432989690722
5012,COLLEGE AVE @ BROADWAY,675,252.1,29.1,8621.499982969086,0.516,0.37348148148148147
5014,COLLEGE AVE @ WILLIAM ST,675,115.2,29.1,8621.499982969086,0.516,0.17066666666666666
5015,COLLEGE AVE @ HIGHLAND AVE,675,4456.2,33.4,8469.60002373533,0.488,6.6017777777777775
5019,COLLEGE AVE @ FRANCESCA AVE,695,130.0,29.1,8621.499982969086,0.516,0.18705035971223022
5021,COLLEGE AVE @ BROADWAY,369,162.6,29.1,8621.499982969086,0.516,0.440650406504065
5031,MAIN ST @ HIGH ST,702,1433.1,64.7,5047.500001695395,0.427,2.0414529914529913
5032,MAIN ST @ EMERSON ST,467,245.2,35.4,3508.3999982556256,0.473,0.5250535331905781
5034,GEORGE ST @ MAIN ST,188,111.0,35.4,3508.3999982556256,0.473,0.5904255319148937
5035,55 GEORGE ST OPP WEDGEMERE RD,188,64.0,35.8,5231.500008636285,0.478,0.3404255319148936
5036,GEORGE ST @ MARSTON ST,188,135.3,35.8,5231.500008636285,0.478,0.7196808510638298
5037,GEORGE ST @ WINTHROP ST,188,165.7,35.8,5231.500008636285,0.478,0.8813829787234042
5038,GEORGE ST @ WINTHROP ST,203,155.4,35.8,5231.500008636285,0.478,0.7655172413793103
5039,GEORGE ST @ WEDGEMERE RD,203,65.0,35.8,5231.500008636285,0.478,0.32019704433497537
5040,GEORGE ST @ MAIN ST,203,171.9,35.4,3508.3999982556256,0.473,0.8467980295566503
5045,MARKET BASKET,342,2410.5,31.9,1166.1999996071747,0.501,7.048245614035087
5047,BELMONT ST @ MAIN ST,98,98.0,35.7,11814.100003423373,0.49,1.0
5048,BELMONT ST @ KINSMAN ST,98,35.4,35.2,7787.900007978381,0.493,0.36122448979591837
5049,HANCOCK ST @ BELMONT ST,98,134.7,35.1,11634.300002557884,0.492,1.3744897959183673
5050,HANCOCK ST @ TAPPAN ST,98,184.1,35.1,11634.300002557884,0.492,1.8785714285714286
5051,HANCOCK ST @ DEAN ST,98,170.7,35.0,11307.60001500827,0.508,1.7418367346938775
5054,HANCOCK ST @ GLENDALE RD,98,202.6,35.0,11307.60001500827,0.508,2.0673469387755103
5055,HANCOCK ST @ CENTRAL AVE,98,220.1,35.1,11634.300002557884,0.492,2.2459183673469387
5056,HANCOCK ST @ BELMONT ST,98,153.0,35.1,11634.300002557884,0.492,1.5612244897959184
5057,62 BELMONT ST OPP KINSMAN ST,98,36.9,35.2,7787.900007978381,0.493,0.3765306122448979
5058,BELMONT ST @ MAIN ST,98,122.6,35.7,11814.100003423373,0.49,1.2510204081632652
5059,HIGHLAND AVE @ RITA DR,141,40.1,41.2,3852.2999918727114,0.481,0.2843971631205674
5060,HIGHLAND AVE OPP CIRCLE RD,141,44.6,41.2,3852.2999918727114,0.481,0.31631205673758866
5061,HIGHLAND AVE @ WILEY ST,141,28.7,35.8,6222.899988576671,0.517,0.20354609929078013
5062,HIGHLAND AVE @ PINE ST,141,52.4,35.8,6222.899988576671,0.517,0.37163120567375885
5066,CLIFTON ST @ DEXTER ST,141,51.6,35.8,6222.899988576671,0.517,0.36595744680851067
5067,CLIFTON ST @ CEDAR ST,141,7.0,35.8,6222.899988576671,0.517,0.04964539007092199
5068,SUMMER ST @ CLIFTON ST,278,49.7,36.4,5297.600003636989,0.488,0.1787769784172662
5069,SUMMER ST @ CHESTNUT ST,278,26.0,36.4,5297.600003636989,0.488,0.09352517985611511
5070,14 SUMMER ST,278,23.3,29.7,10326.399968929318,0.52,0.08381294964028778
5072,MALDEN CENTER WEST BUSWAY,1199,11644.8,38.3,6648.299997889105,0.507,9.71209341117598
5074,SUMMER ST @ LINCOLN ST,261,48.9,36.4,5297.600003636989,0.488,0.18735632183908046
5075,SUMMER ST @ CLIFTON ST,261,97.2,36.4,5297.600003636989,0.488,0.3724137931034483
5076,CLIFTON ST @ KERNWOOD ST,135,18.8,35.8,6222.899988576671,0.517,0.13925925925925928
5077,CLIFTON ST @ DEXTER ST,135,29.4,35.8,6222.899988576671,0.517,0.21777777777777776
5078,CLIFTON ST @ HIGHLAND AVE,135,87.6,35.8,6222.899988576671,0.517,0.6488888888888888
5079,SAVIN ST @ FELLSWAY E,271,35.6,36.4,5297.600003636989,0.488,0.13136531365313653
5080,HOSPITAL RD @ SAVIN ST,263,112.7,36.4,5297.600003636989,0.488,0.4285171102661597
5081,SAVIN ST @ FELLSWAY E,266,9.5,36.4,5297.600003636989,0.488,0.03571428571428571
5083,617 HIGHLAND AVE,125,23.7,35.8,6222.899988576671,0.517,0.1896
5084,HIGHLAND AVE @ GLENWOOD ST,125,1.0,41.2,3852.2999918727114,0.481,0.008
5085,HIGHLAND AVE @ CIRCLE RD,135,29.4,44.1,1924.9000001265686,0.498,0.21777777777777776
5086,HIGHLAND AVE @ MCCORMACK ST,135,10.6,41.2,3852.2999918727114,0.481,0.07851851851851852
5087,HIGHLAND AVE @ BLOMERTH ST,135,45.6,48.8,3001.2000054881405,0.499,0.3377777777777778
5088,HIGHLAND AVE @ TUCKER ST,135,60.7,48.8,3001.2000054881405,0.499,0.44962962962962966
5089,91 E CONCORD ST,644,2309.0,34.3,8027.4999979900795,0.487,3.5854037267080745
5091,E NEWTON ST @ HARRISON AVE,257,351.1,39.7,17400.30012373081,0.471,1.366147859922179
5093,WASHINGTON ST @ UNION PK,1417,4566.9,39.5,15955.800116076218,0.516,3.2229357798165137
5095,WASHINGTON ST @ E BERKELEY ST,1417,5237.8,39.5,15955.800116076218,0.516,3.6964008468595626
5098,WASHINGTON ST @ E BERKELEY ST,1411,5769.3,39.5,15955.800116076218,0.516,4.08880226789511
5100,WASHINGTON ST @ W DEDHAM ST,1411,5297.3,35.3,20698.29996682896,0.397,3.7542877391920624
5104,DAVIS BUSWAY,2043,11652.4,33.4,8469.60002373533,0.488,5.70357317670093
5201,PREBLE ST @ OLD COLONY AVE,174,193.6,30.6,3582.0000026371204,0.539,1.1126436781609195
5210,PARK ST @ SAVILLE ST,161,23.1,45.7,2953.099999845298,0.464,0.14347826086956522
5211,PARK ST OPP GERTRUDE RD,161,22.1,45.7,2953.099999845298,0.464,0.13726708074534164
5212,230 PARK ST OPP GILMORE TERR,161,30.6,46.7,3021.4999968552293,0.469,0.19006211180124225
5213,ANAWAN AVE @ ALLENWOOD ST,161,20.1,46.7,3021.4999968552293,0.469,0.12484472049689442
5214,ANAWAN AVE @ W ROXBURY PKWY,161,31.6,46.7,3021.4999968552293,0.469,0.19627329192546586
5215,FELLSWAY @ RIVERSIDE AVE,459,685.8,39.0,1601.6000005503486,0.492,1.4941176470588233
5217,CENTRE ST @ SOUTH ST,171,18.1,49.1,3163.7000036843715,0.473,0.10584795321637427
5218,CENTRE ST @ GUERNSEY ST,171,44.6,41.2,5077.399996616548,0.456,0.2608187134502924
5219,CENTRE ST @ BRADFIELD AVE,171,22.5,41.2,5077.399996616548,0.456,0.13157894736842105
5220,CENTRE ST @ FLETCHER ST,171,49.7,41.2,5077.399996616548,0.456,0.2906432748538012
5221,CENTRE ST @ HEWLETT ST,171,42.1,49.1,3163.7000036843715,0.473,0.24619883040935672
5222,CENTRE ST @ ARDALE ST,171,70.8,49.1,3163.7000036843715,0.473,0.41403508771929826
5223,CENTRE ST @ WELD ST,171,39.6,62.7,3694.599998122744,0.438,0.23157894736842105
5224,CENTRE ST OPP BUCHANAN RD,171,6.5,62.7,3694.599998122744,0.438,0.038011695906432746
5225,1200 CENTRE ST OPP VFW PKWY,171,194.4,62.7,3694.599998122744,0.438,1.1368421052631579
5226,CENTRE ST @ WALTER ST,171,6.5,62.7,3694.599998122744,0.438,0.038011695906432746
5227,CENTRE ST OPP FAULKNER HOSPIT,171,235.3,14.3,9.699999996208183,0.545,1.3760233918128655
5228,CENTRE ST @ WESTCHESTER RD,171,20.1,14.3,9.699999996208183,0.545,0.11754385964912281
5229,CENTRE ST OPP RAMBLER RD,171,7.6,14.3,9.699999996208183,0.545,0.04444444444444444
5230,CENTRE ST OPP LOUDERS LN,171,15.5,53.0,1932.8000012455395,0.448,0.09064327485380116
5231,CENTRE ST @ ARBORWAY ROTARY,171,36.1,53.0,1932.8000012455395,0.448,0.2111111111111111
5232,MORTON ST OPP SHATTUCK HOSPIT,978,335.2,14.0,6.0,0.667,0.3427402862985685
5233,WASHINGTON ST @ ARBORWAY GARA,320,49.0,31.4,5052.699997540542,0.48,0.153125
5234,WASHINGTON ST @ BROOKLEY RD,320,71.5,31.4,5052.699997540542,0.48,0.2234375
5235,WASHINGTON ST @ ROSSMORE RD,320,382.0,31.4,5052.699997540542,0.48,1.19375
5236,WASHINGTON ST @ GLEN RD,320,406.0,33.8,5764.80000307456,0.467,1.26875
5241,CENTRE ST @ HILLCROFT RD,176,72.7,53.0,1932.8000012455395,0.448,0.41306818181818183
5243,CENTRE ST @ RAMBLER RD,176,13.1,51.1,972.800000195068,0.375,0.07443181818181818
5244,CENTRE ST @ WESTCHESTER RD,176,31.6,51.1,972.800000195068,0.375,0.17954545454545456
5245,CENTRE ST @ FAULKNER HOSPITAL,176,311.4,51.1,972.800000195068,0.375,1.7693181818181818
5246,CENTRE ST OPP WALTER ST,176,48.7,62.7,3694.599998122744,0.438,0.2767045454545455
5247,CENTRE ST @ VFW PKWY,176,233.4,62.7,3694.599998122744,0.438,1.3261363636363637
5248,CENTRE ST @ BUCHANAN RD,176,20.6,62.7,3694.599998122744,0.438,0.11704545454545455
5249,CENTRE ST @ WELD ST,176,39.6,49.1,3163.7000036843715,0.473,0.225
5250,1437 CENTRE ST OPP ARDALE ST,176,97.9,49.1,3163.7000036843715,0.473,0.55625
5251,1467 CENTRE ST OPP HEWLETT ST,176,31.1,49.1,3163.7000036843715,0.473,0.17670454545454548
5252,CENTRE ST @ FLETCHER ST,176,47.1,49.1,3163.7000036843715,0.473,0.2676136363636364
5253,1539 CENTRE ST OPP BRADFIELD,176,17.6,41.2,5077.399996616548,0.456,0.1
5254,CENTRE ST @ MONTCLAIR AVE,176,50.1,41.2,5077.399996616548,0.456,0.2846590909090909
5255,CENTRE ST @ CHURCH ST,176,29.6,41.2,5077.399996616548,0.456,0.16818181818181818
5256,CENTRE ST @ W ROXBURY PKWY,176,54.7,41.2,5077.399996616548,0.456,0.31079545454545454
5257,W ROXBURY PKWY @ BEECH ST,171,65.7,46.7,3021.4999968552293,0.469,0.3842105263157895
5258,ANAWAN AVE @ W ROXBURY PKWY,171,8.6,46.7,3021.4999968552293,0.469,0.050292397660818715
5259,101 ANAWAN AVE OPP ALLENWOOD,171,14.0,46.7,3021.4999968552293,0.469,0.08187134502923976
5260,PARK ST @ GILMORE TERR,171,35.1,46.7,3021.4999968552293,0.469,0.20526315789473684
5261,PARK ST @ GERTRUDE RD,171,35.5,45.7,2953.099999845298,0.464,0.20760233918128654
5262,PARK ST @ WOODARD RD,171,15.5,45.7,2953.099999845298,0.464,0.09064327485380116
5263,WOODARD RD @ WREN ST,332,259.7,45.7,2953.099999845298,0.464,0.7822289156626505
5264,FELLSWAY W @ SALEM ST,263,240.9,35.3,5028.499996154815,0.478,0.9159695817490494
5265,1250 FELLSWAY,263,92.7,38.9,6338.899993276824,0.495,0.35247148288973384
5266,FELLSWAY @ EMERALD ST,263,39.5,38.9,6338.899993276824,0.495,0.15019011406844107
5267,FELLSWAY @ CENTRAL AVE,263,209.8,35.1,6017.399993187402,0.493,0.7977186311787072
5268,FELLSWAY @ MALDEN ST,263,67.8,36.6,6564.300015832783,0.513,0.25779467680608364
5269,FELLSWAY @ MYRTLE ST,263,212.1,35.1,6017.399993187402,0.493,0.8064638783269962
5270,FELLSWAY @ SECOND ST,263,96.4,39.0,1601.6000005503486,0.492,0.3665399239543726
5271,WELLINGTON STATION BUSWAY,2949,26439.9,29.6,3318.699998200329,0.498,8.965717192268565
5274,FELLSWAY @ SECOND ST,261,124.3,36.4,3495.399997608875,0.519,0.4762452107279693
5275,FELLSWAY @ MYRTLE ST,261,244.3,35.1,6017.399993187402,0.493,0.9360153256704982
5276,FELLSWAY @ MEDFORD ST,261,186.2,36.6,6564.300015832783,0.513,0.7134099616858237
5277,FELLSWAY @ MALDEN ST,261,74.9,38.9,6338.899993276824,0.495,0.28697318007662836
5279,FELLSWAY @ WATTS ST,261,132.0,38.9,6338.899993276824,0.495,0.5057471264367817
5282,SALEM ST @ GRANT AVE,309,529.6,38.5,5501.699992478425,0.472,1.713915857605178
5283,390 SALEM ST,309,149.8,38.5,5501.699992478425,0.472,0.484789644012945
5284,SALEM ST @ ALMONT ST,309,126.8,32.8,9159.9999765213,0.49,0.4103559870550162
5285,SALEM ST @ PARIS ST,309,241.6,38.5,5501.699992478425,0.472,0.7818770226537216
5286,SALEM ST @ COURT ST,309,175.6,34.7,6460.800010948351,0.474,0.568284789644013
5287,SALEM ST @ ALLEN CT,309,343.4,35.6,4024.6000016372805,0.517,1.111326860841424
5289,CENTRE ST @ STOP & SHOP,1589,2507.4,26.3,2089.9000009984084,0.551,1.5779735682819385
5290,MAIN ST @ SUMMER ST,467,229.0,35.4,3508.3999982556256,0.473,0.49036402569593146
5291,MAIN ST @ GEORGE ST,314,124.0,35.4,3508.3999982556256,0.473,0.39490445859872614
5292,MAIN ST @ STEARNS AVE,314,155.8,30.5,4122.100001305983,0.487,0.49617834394904464
5293,MAIN ST @ WINDSOR RD,314,128.1,30.5,4122.100001305983,0.487,0.4079617834394904
5294,MAIN ST @ WELLESLEY ST,314,96.2,33.5,965.9999993441836,0.502,0.30636942675159234
5295,MAIN ST @ PRINCETON ST,314,129.2,30.6,7315.299992579727,0.482,0.4114649681528662
5296,MAIN ST @ HARVARD ST,314,276.9,30.4,7493.700027652502,0.492,0.8818471337579618
5297,MAIN ST @ MARION ST,314,324.4,33.8,4304.500000996511,0.457,1.0331210191082802
5298,MAIN ST @ MEDFORD ST,314,316.6,30.4,5459.399993289407,0.499,1.0082802547770702
5299,MAIN ST @ ALBION ST,314,202.6,32.1,8742.999969315717,0.499,0.6452229299363057
5300,MAIN ST @ DEXTER ST,314,284.8,32.1,8742.999969315717,0.499,0.9070063694267516
5301,MAIN ST @ BOW ST,314,195.0,32.4,10413.00002363687,0.509,0.6210191082802548
5302,MAIN ST OPP MORELAND ST,314,93.3,31.7,9577.199987446835,0.454,0.29713375796178343
5303,MAIN ST @ BROADWAY,314,301.2,31.2,11245.599964677414,0.499,0.9592356687898089
5305,MAIN ST @ MORELAND ST,284,127.7,31.2,11245.599964677414,0.499,0.4496478873239437
5306,MAIN ST @ HENRY ST,299,186.1,32.4,10413.00002363687,0.509,0.6224080267558528
5307,MAIN ST @ DEXTER ST,299,284.7,32.1,8742.999969315717,0.499,0.9521739130434782
5308,MAIN ST OPP ALBION ST,299,173.3,32.1,8742.999969315717,0.499,0.5795986622073579
5309,MAIN ST @ MEDFORD ST,299,273.0,30.4,5459.399993289407,0.499,0.9130434782608695
5310,MAIN ST @ MAYBERRY AVE,299,212.6,33.8,4304.500000996511,0.457,0.7110367892976588
5311,MAIN ST @ HARVARD ST,299,349.2,30.4,7493.700027652502,0.492,1.1678929765886288
5312,MAIN ST @ BOWEN AVE,299,219.0,34.7,6188.90002288167,0.483,0.7324414715719063
5314,MAIN ST @ HANCOCK ST,299,256.8,30.5,4122.100001305983,0.487,0.8588628762541807
5315,MAIN ST @ HANCOCK AVE,299,19.5,35.4,3508.3999982556256,0.473,0.06521739130434782
5316,MAIN ST OPP GEORGE ST,299,152.2,35.4,3508.3999982556256,0.473,0.5090301003344482
5317,160 MAIN ST,467,289.4,35.4,3508.3999982556256,0.473,0.6197002141327622
5319,MAIN ST @ MYSTIC AVE,709,254.8,35.4,3508.3999982556256,0.473,0.3593794076163611
5321,SALEM ST @ HADLEY PL,294,267.3,34.7,6460.800010948351,0.474,0.9091836734693878
5322,SALEM ST @ PARK ST,294,242.0,34.7,6460.800010948351,0.474,0.8231292517006803
5323,SALEM ST @ DUDLEY ST,294,178.1,38.5,5501.699992478425,0.472,0.60578231292517
5324,SALEM ST @ GARFIELD AVE,294,143.7,38.5,5501.699992478425,0.472,0.4887755102040816
5325,SALEM ST @ GRANT AVE,294,546.3,32.8,9159.9999765213,0.49,1.8581632653061222
5327,MALDEN CENTER EAST BUSWAY 2,666,3840.8,26.3,2089.9000009984084,0.551,5.766966966966967
5328,PLEASANT ST @ ELM ST,502,169.4,38.3,6648.299997889105,0.507,0.33745019920318725
5330,PLEASANT ST @ PROSPECT ST,294,118.7,36.8,7404.199991157624,0.529,0.40374149659863945
5331,PLEASANT ST OPP WEST ST,294,179.20000000000002,36.8,7404.199991157624,0.529,0.6095238095238096
5332,PLEASANT ST @ FELLSWAY E,294,102.7,36.4,5297.600003636989,0.488,0.34931972789115645
5333,SALEM ST @ FELLSWAY GARAGE,309,724.8,32.8,9159.9999765213,0.49,2.3456310679611647
5334,PLEASANT ST @ FELLSWAY E,284,128.6,36.4,5297.600003636989,0.488,0.4528169014084507
5335,PLEASANT ST @ GALE ST,284,382.8,36.4,5297.600003636989,0.488,1.347887323943662
5336,PLEASANT ST @ TALBOT ST,284,114.2,36.4,5297.600003636989,0.488,0.40211267605633805
5337,PLEASANT ST @ RUSSELL ST,482,152.6,29.7,10326.399968929318,0.52,0.31659751037344397
5338,CENTRE ST @ PLEASANT ST,482,138.0,38.3,6648.299997889105,0.507,0.2863070539419087
5342,MAIN ST OPP PLEASANT ST,1762,2774.3,26.3,2089.9000009984084,0.551,1.574517593643587
5343,FERRY ST @ IRVING ST,392,354.1,33.7,2166.7999998100186,0.45,0.9033163265306123
5344,FERRY ST @ EASTERN AVE,392,424.3,33.7,2166.7999998100186,0.45,1.0823979591836734
5345,FERRY ST OPP CLAYTON ST,392,879.2,35.2,8122.499964447197,0.526,2.242857142857143
5347,FERRY ST @ CROSS ST,392,688.6,36.6,9366.800016638335,0.511,1.7566326530612246
5348,FERRY ST @ WINTHROP ST,392,565.6,36.6,9366.800016638335,0.511,1.4428571428571428
5349,FERRY ST @ BELMONT ST,392,865.2,35.2,8122.499964447197,0.526,2.2071428571428573
5350,FERRY ST @ BENNETT ST,392,369.7,33.5,10582.099997217963,0.508,0.9431122448979592
5351,FERRY ST @ CENTRAL AVE,392,744.6,33.5,10582.099997217963,0.508,1.8994897959183674
5352,FERRY ST @ GLENDALE ST,392,475.5,32.5,12534.700031431825,0.495,1.2130102040816326
5353,FERRY ST @ WALNUT ST,392,281.5,38.9,12050.800030403761,0.48,0.7181122448979592
5354,FERRY ST @ BROADWAY,392,1440.0,32.5,12534.700031431825,0.495,3.673469387755102
5357,FERRY ST @ ROCK VALLEY AVE,369,1229.0,33.5,10582.099997217963,0.508,3.330623306233062
5359,FERRY ST @ RICH ST,369,921.5,35.0,8513.499993155147,0.491,2.497289972899729
5360,FERRY ST @ HARVARD ST,369,450.5,36.6,9366.800016638335,0.511,1.2208672086720866
5361,FERRY ST @ CROSS ST,369,530.6,36.6,9366.800016638335,0.511,1.4379403794037942
5362,FERRY ST @ MAGNOLIA ST,369,525.3,35.2,8122.499964447197,0.526,1.4235772357723575
5363,FERRY ST @ HOLYOKE ST,369,424.2,32.7,11441.700022855926,0.499,1.1495934959349594
5364,FERRY ST @ EASTERN AVE,369,256.9,32.7,11441.700022855926,0.499,0.6962059620596205
5365,EASTERN AVE @ MAIN ST,470,343.8,33.7,2166.7999998100186,0.45,0.7314893617021276
5366,MAIN ST @ CENTRE ST,605,435.7,33.7,2166.7999998100186,0.45,0.7201652892561984
5369,FLORENCE ST @ WASHINGTON ST,605,104.0,32.8,20521.900023682716,0.504,0.171900826446281
5373,310 MAIN ST,432,273.5,33.7,2166.7999998100186,0.45,0.6331018518518519
5374,MAIN ST @ MADISON ST,331,166.0,35.8,8732.700011034174,0.495,0.5015105740181269
5375,EASTERN AVE @ FERRY ST,101,59.5,33.7,2166.7999998100186,0.45,0.5891089108910891
5376,EASTERN AVE @ PHILLIPS CT,101,16.1,33.7,2166.7999998100186,0.45,0.1594059405940594
5377,EASTERN AVE @ FRANKLIN ST,101,95.3,36.1,9985.00003069997,0.479,0.9435643564356435
5378,435 EASTERN AVE,101,13.1,34.7,5404.800004375551,0.51,0.1297029702970297
5379,210 LYME ST,101,37.5,34.1,6721.600005596378,0.502,0.3712871287128713
5380,WILLOW ST @ DANIELS ST,101,78.4,34.1,6721.600005596378,0.502,0.7762376237623763
5381,23 BOWDOIN ST,101,82.0,40.3,2954.6999983531896,0.444,0.8118811881188119
5382,BOWDOIN ST @ HARVARD ST,101,44.3,40.3,2954.6999983531896,0.444,0.43861386138613856
5383,BOWDOIN ST @ NEWLAND ST,101,212.1,37.9,6732.499991224089,0.48,2.1
5384,NEWLAND ST @ ALDEN ST,101,135.6,37.9,6732.499991224089,0.48,1.3425742574257424
5385,NEWLAND ST @ BRYANT ST,101,113.9,37.9,6732.499991224089,0.48,1.1277227722772278
5386,BRYANT ST @ HARVARD ST,101,67.6,37.9,6732.499991224089,0.48,0.6693069306930692
5387,BRYANT ST @ WILLOW ST,101,99.4,39.9,7716.30002088174,0.493,0.9841584158415843
5388,CROSS ST @ HENRY ST,101,88.1,39.9,7716.30002088174,0.493,0.8722772277227723
5389,CROSS ST @ FERRY ST,101,102.1,36.6,9366.800016638335,0.511,1.010891089108911
5391,CROSS ST @ WALNUT ST,101,67.5,34.0,11398.499957405606,0.51,0.6683168316831684
5392,CROSS ST @ PELHAM ST,101,48.8,35.2,7787.900007978381,0.493,0.48316831683168315
5393,CROSS ST @ HIGH ST,101,74.1,35.2,7787.900007978381,0.493,0.7336633663366336
5394,CROSS ST @ MAIN ST,101,52.4,35.2,7787.900007978381,0.493,0.5188118811881188
5395,MAIN ST @ CONVERSE AVE,530,653.2,35.2,7787.900007978381,0.493,1.2324528301886792
5396,MAIN ST @ PEIRCE AVE,432,586.7,35.7,11814.100003423373,0.49,1.358101851851852
5397,MAIN ST @ FLOYD ST,432,533.9,35.7,11814.100003423373,0.49,1.2358796296296295
5398,MAIN ST @ EVERETT ST,432,503.7,34.1,11190.099982789146,0.505,1.1659722222222222
5399,MAIN ST @ PRESCOTT ST,432,532.4,35.7,11801.800013470178,0.494,1.2324074074074074
5400,MAIN ST @ BALDWIN AVE,432,548.3,35.7,11814.100003423373,0.49,1.269212962962963
5401,202 MAIN ST,432,415.6,36.3,9281.699993148273,0.495,0.9620370370370371
5403,MAIN ST @ TILESTON ST,432,334.0,37.0,10201.00001998883,0.501,0.7731481481481481
5404,MAIN ST @ WEST ST,432,380.2,36.3,9281.699993148273,0.495,0.8800925925925925
5405,MAIN ST @ ELMWOOD ST,422,347.9,36.3,9281.699993148273,0.495,0.8244075829383886
5406,MAIN ST @ OAKES ST,422,260.8,37.0,10201.00001998883,0.501,0.6180094786729858
5408,MAIN ST @ BALDWIN AVE,422,528.8,35.7,11814.100003423373,0.49,1.253080568720379
5409,MAIN ST @ CLARK ST,422,410.4,35.7,11801.800013470178,0.494,0.9725118483412322
5410,MAIN ST @ DYER AVE,422,526.7,34.1,11190.099982789146,0.505,1.2481042654028438
5411,MAIN ST @ BRADFORD ST,422,685.0,35.7,11814.100003423373,0.49,1.6232227488151658
5412,MAIN ST @ BELMONT ST,422,476.1,35.7,11814.100003423373,0.49,1.1281990521327014
5413,MAIN ST @ CLARENDON ST,520,486.0,35.2,7787.900007978381,0.493,0.9346153846153846
5414,CROSS ST @ MAIN ST,101,46.4,35.2,7787.900007978381,0.493,0.45940594059405937
5415,CROSS ST @ STEVENS ST,101,63.5,35.2,7787.900007978381,0.493,0.6287128712871287
5416,CROSS ST @ PRATT ST,101,9.5,35.2,7787.900007978381,0.493,0.09405940594059406
5417,CROSS ST @ WALNUT ST,101,55.2,34.0,11398.499957405606,0.51,0.5465346534653466
5418,CROSS ST @ FERRY ST,101,89.1,36.6,9366.800016638335,0.511,0.8821782178217821
5419,CROSS ST @ HENRY ST,101,76.3,39.9,7716.30002088174,0.493,0.7554455445544555
5420,OPP 314 BRYANT ST @ SUFFOLK M,101,147.7,39.9,7716.30002088174,0.493,1.4623762376237623
5421,BRYANT ST @ HARVARD ST,101,61.9,37.9,6732.499991224089,0.48,0.6128712871287129
5422,NEWLAND ST @ BRYANT ST,101,135.6,37.9,6732.499991224089,0.48,1.3425742574257424
5423,218 NEWLAND ST,101,201.8,37.9,6732.499991224089,0.48,1.9980198019801982
5424,172 BOWDOIN ST,101,204.8,37.9,6732.499991224089,0.48,2.0277227722772277
5425,BOWDOIN ST OPP HARVARD ST,101,128.8,40.3,2954.6999983531896,0.444,1.2752475247524753
5426,BOWDOIN ST @ WILLOW ST,101,137.4,40.3,2954.6999983531896,0.444,1.3603960396039605
5427,WILLOW ST @ LYME ST,101,36.7,34.1,6721.600005596378,0.502,0.3633663366336634
5428,LYME ST @ CROSS ST,101,41.7,34.1,6721.600005596378,0.502,0.4128712871287129
5429,420 EASTERN AVE,101,19.6,34.7,5404.800004375551,0.51,0.19405940594059407
5430,EASTERN AVE @ FRANKLIN ST,101,57.4,36.1,9985.00003069997,0.479,0.5683168316831683
5431,EASTERN AVE @ PHILLIPS CT,101,58.9,33.7,2166.7999998100186,0.45,0.5831683168316831
5432,LEBANON ST @ WILBUR ST,29,1.9,38.5,3526.4999985101335,0.482,0.06551724137931034
5433,LEBANON ST @ SYLVAN ST,29,0.0,38.5,3526.4999985101335,0.482,0.0
5434,LEBANON ST @ CHERRY ST,199,234.4,38.5,3526.4999985101335,0.482,1.177889447236181
5435,LEBANON ST @ ORCHARD ST,199,219.3,38.5,3526.4999985101335,0.482,1.1020100502512564
5436,LEBANON ST @ SALEM ST,199,356.2,38.5,3526.4999985101335,0.482,1.7899497487437186
5440,468 SALEM ST OPP DELL ST,626,705.1,34.5,3812.8999977610742,0.498,1.1263578274760384
5441,SALEM ST @ GRANVILLE AVE,626,447.2,34.5,3812.8999977610742,0.498,0.7143769968051118
5442,SALEM ST @ PIERCE ST,626,764.5,34.7,5404.800004375551,0.51,1.2212460063897763
5443,SALEM ST @ WOLCOTT ST,626,1141.5,34.7,5404.800004375551,0.51,1.823482428115016
5444,SALEM ST @ TREMONT ST,626,265.3,34.0,11222.600049757231,0.51,0.42380191693290736
5445,SALEM ST @ PARK ST,626,2343.4,33.7,2166.7999998100186,0.45,3.743450479233227
5447,MAIN ST @ BROWN TERR,331,170.3,36.1,8302.200018119434,0.476,0.5145015105740182
5449,MAIN ST @ WIGGLESWORTH ST,331,428.7,34.0,11398.499957405606,0.51,1.295166163141994
5450,EAGLE ST @ LEXINGTON ST,55,82.0,30.8,2991.0000000778095,0.536,1.490909090909091
5451,MAIN ST @ CROSS ST,321,373.9,35.8,8732.700011034174,0.495,1.1647975077881618
5452,MAIN ST @ WILSON AVE,321,145.2,35.8,8732.700011034174,0.495,0.4523364485981308
5453,MAIN ST @ NEWHALL ST,321,150.5,36.1,8302.200018119434,0.476,0.4688473520249221
5454,MAIN ST @ EASTERN AVE,321,110.6,35.8,8732.700011034174,0.495,0.3445482866043614
5457,SALEM ST OPP SPRAGUE ST,616,1962.9,33.7,2166.7999998100186,0.45,3.186525974025974
5459,SALEM ST @ RICHARDSON ST,616,1052.5,34.0,11222.600049757231,0.51,1.708603896103896
5460,SALEM ST @ SALEM PL,616,357.7,34.7,5404.800004375551,0.51,0.5806818181818182
5461,SALEM ST @ HARDING AVE,616,619.3,34.7,5404.800004375551,0.51,1.0053571428571428
5462,SALEM ST @ CROSS ST,616,546.1,34.5,3812.8999977610742,0.498,0.8865259740259741
5463,SALEM ST @ DELL ST,616,522.8,41.1,4900.199993076897,0.51,0.8487012987012986
5464,SALEM ST @ BRANCH ST,616,535.8,34.5,3812.8999977610742,0.498,0.8698051948051947
5466,LEBANON ST @ SALEM ST,200,435.6,38.5,3526.4999985101335,0.482,2.178
5467,LEBANON ST @ GRANITE ST,200,178.2,38.5,3526.4999985101335,0.482,0.8909999999999999
5468,LEBANON ST @ VALLEY ST,200,254.7,44.9,7325.89998681338,0.455,1.2734999999999999
5469,LEBANON ST @ MARSHALL AVE,200,179.3,38.5,3526.4999985101335,0.482,0.8965000000000001
5472,LEBANON ST LOOP,399,509.8,38.5,3526.4999985101335,0.482,1.2776942355889724
5473,EASTERN AVE @ LYNN ST,387,121.1,38.3,1669.9000008918067,0.503,0.31291989664082687
5474,EASTERN AVE @ CLAPP ST,387,133.2,38.3,1669.9000008918067,0.503,0.3441860465116279
5475,1388 EASTERN AVE OPP BELLVALE,387,173.5,38.3,1669.9000008918067,0.503,0.4483204134366925
5476,1332 EASTERN AVE OPP PRENTISS,387,12.6,38.3,1669.9000008918067,0.503,0.03255813953488372
5478,BROADWAY @ EASTERN AVE,387,627.3,40.3,2954.6999983531896,0.444,1.6209302325581394
5480,BROADWAY @ SHEAFE ST,387,153.1,40.3,2954.6999983531896,0.444,0.3956072351421189
5481,BROADWAY @ BROADWAY PLAZA,387,654.5,38.3,1669.9000008918067,0.503,1.6912144702842378
5482,990 BROADWAY OPP GROVER ST,387,235.4,37.9,6732.499991224089,0.48,0.6082687338501293
5483,BROADWAY @ SHUTE ST,387,410.8,37.7,7274.199991393875,0.483,1.061498708010336
5484,BROADWAY @ CAMERON ST,387,550.9,37.7,7274.199991393875,0.483,1.423514211886305
5485,BROADWAY @ KENWOOD RD,387,345.7,43.1,10165.299961504374,0.483,0.89328165374677
5486,BROADWAY @ EDITH AVE,387,371.1,38.9,12050.800030403761,0.48,0.9589147286821706
5487,BROADWAY @ MARIE AVE,387,565.4,31.0,6584.399989694146,0.473,1.4609819121447027
5488,BROADWAY @ FERRY ST,387,830.6,38.9,12050.800030403761,0.48,2.1462532299741603
5490,BROADWAY @ RAYMOND ST,779,1989.7,32.8,14177.399967446843,0.491,2.554172015404365
5495,BROADWAY @ CHURCH ST,877,1415.3,35.0,7843.500022955953,0.489,1.6137970353477764
5496,BROADWAY @ NORWOOD ST,1323,5615.0,36.3,7624.000009588371,0.491,4.244142101284958
5497,BROADWAY @ BOWDOIN ST,880,574.1,31.5,1446.6999995942565,0.529,0.6523863636363637
5498,BROADWAY OPP BEACHAM ST,880,767.4,31.5,1446.6999995942565,0.529,0.8720454545454546
5499,BROADWAY OPP THORNDIKE ST,880,755.8,31.5,1446.6999995942565,0.529,0.8588636363636363
5500,BROADWAY @ HORIZON WAY,880,1647.1,31.5,1446.6999995942565,0.529,1.8717045454545453
5501,OPP 173 ALFORD ST,880,3.5,51.0,1477.0000003745959,0.506,0.003977272727272727
5502,ALFORD ST @ WEST ST,880,4.5,51.0,1477.0000003745959,0.506,0.005113636363636364
5504,ALFORD ST @ MAIN ST,842,141.8,51.0,1477.0000003745959,0.506,0.1684085510688836
5505,173 ALFORD ST,842,29.9,51.0,1477.0000003745959,0.506,0.03551068883610451
5506,BROADWAY @ DEXTER ST,842,1708.7,51.0,1477.0000003745959,0.506,2.029334916864608
5507,BROADWAY @ THORNDIKE ST,842,807.0,31.5,1446.6999995942565,0.529,0.9584323040380047
5508,BROADWAY @ LANGDON ST,842,859.8,31.5,1446.6999995942565,0.529,1.0211401425178146
5509,BROADWAY ST @ BARTLETT ST,842,350.0,31.5,1446.6999995942565,0.529,0.4156769596199525
5510,BROADWAY @ MANSFIELD ST,839,2111.7,35.0,7843.500022955953,0.489,2.5169249106078664
5513,BROADWAY @ HIGH ST,839,2380.9,35.0,7843.500022955953,0.489,2.8377830750893924
5514,BROADWAY @ LEXINGTON ST,741,1829.7,37.0,14538.199943573276,0.506,2.4692307692307693
5515,BROADWAY @ GLEDHILL ST,372,346.6,31.0,6584.399989694146,0.473,0.9317204301075269
5517,BROADWAY @ OAKLAND AVE,372,1260.2,32.8,14177.399967446843,0.491,3.3876344086021506
5519,BROADWAY @ COBURN TERR,372,472.3,31.0,6584.399989694146,0.473,1.2696236559139786
5520,BROADWAY @ SUMMIT AVE,372,358.9,38.9,12050.800030403761,0.48,0.9647849462365591
5521,BROADWAY @ LYNN ST,372,428.3,37.7,7274.199991393875,0.483,1.1513440860215054
5522,BROADWAY @ SHUTE ST,372,466.2,37.7,7274.199991393875,0.483,1.2532258064516129
5523,BROADWAY @ ESTES ST,372,338.3,37.7,7274.199991393875,0.483,0.9094086021505376
5524,53 BROADWAY,372,518.9,38.3,1669.9000008918067,0.503,1.3948924731182795
5525,BROADWAY OPP SHEAFE ST,372,249.5,40.3,2954.6999983531896,0.444,0.6706989247311828
5527,EASTERN AVE @ BROADWAY,372,624.9,38.3,1669.9000008918067,0.503,1.6798387096774192
5529,EASTERN AVE @ PRENTISS ST,372,24.2,38.3,1669.9000008918067,0.503,0.06505376344086021
5530,EASTERN AVE @ BELLVALE ST,372,191.7,38.3,1669.9000008918067,0.503,0.5153225806451612
5531,EASTERN AVE @ CLEVELAND ST,372,224.2,38.3,1669.9000008918067,0.503,0.6026881720430107
5532,EASTERN AVE @ LYNN ST,372,275.4,38.3,1669.9000008918067,0.503,0.7403225806451612
5537,PARK AVE @ BUSWAY ENTRANCE,226,933.1,35.9,8299.700001930583,0.474,4.128761061946903
5538,PARK AVE @ ALLSTON ST,313,225.1,35.9,8299.700001930583,0.474,0.7191693290734824
5539,PARK AVE @ CAMBRIDGE ST,313,339.8,35.9,8299.700001930583,0.474,1.0856230031948881
5540,PARK AVE @ ESSEX ST,313,262.1,36.6,7326.900001489289,0.479,0.8373801916932908
5541,PARK AVE @ GENESEE ST,313,168.8,36.6,7326.900001489289,0.479,0.539297124600639
5542,PARK AVE @ IRVING ST,313,241.3,39.5,7397.300016684212,0.477,0.770926517571885
5543,PARK AVE @ LAMBERT ST,313,205.3,39.5,7397.300016684212,0.477,0.6559105431309904
5544,633 PARK AVE,313,92.3,36.0,5985.099991696629,0.504,0.29488817891373803
5546,PARK AVE @ MCLEAVEY ST,313,60.2,36.0,5985.099991696629,0.504,0.19233226837060705
5547,ELM ST OPP HASKELL AVE,2890,5776.900000000001,41.3,8890.900029986968,0.483,1.9989273356401387
5549,ELM ST @ ABBOTT AVE,318,194.3,41.3,8890.900029986968,0.483,0.6110062893081761
5550,ELM ST @ JACKSON AVE,318,643.0,41.3,8890.900029986968,0.483,2.0220125786163523
5553,ELM ST @ RUSSELL ST,318,1185.3,34.6,8884.300021207751,0.501,3.7273584905660377
5555,FERRY ST @ REED AVE,318,515.3,34.6,8884.300021207751,0.501,1.6204402515723269
5556,FERRY ST @ ARLINGTON ST,318,560.9,35.3,9956.200030578608,0.5,1.7638364779874214
5557,FERRY ST @ ORANGE CT,318,498.1,35.2,11010.79999435955,0.484,1.5663522012578617
5558,FERRY ST @ CHELSEA ST,318,332.4,36.3,7624.000009588371,0.491,1.0452830188679245
5559,BROADWAY OPP SECOND ST,1323,1368.6,36.3,7624.000009588371,0.491,1.0344671201814057
5560,BROADWAY @ GLADSTONE ST,1323,1412.9,37.0,10201.00001998883,0.501,1.0679516250944823
5561,SANTILLI CIRCLE,875,1194.5,33.8,1856.0000004203257,0.505,1.3651428571428572
5562,BROADWAY @ CUSHMAN AVE,435,885.2,38.9,4566.999995679125,0.466,2.034942528735632
5563,SANTILLI CIRCLE,849,1042.6,33.8,1856.0000004203257,0.505,1.2280329799764427
5565,BROADWAY @ GLADSTONE ST,1269,1851.0,37.0,10201.00001998883,0.501,1.458628841607565
5566,FERRY ST @ UNION ST,306,502.3,35.2,11010.79999435955,0.484,1.6415032679738562
5567,FERRY ST @ NICHOLS ST,306,739.8,35.2,11579.60002098728,0.5,2.4176470588235293
5569,FERRY ST @ CLARENCE ST,306,368.5,34.6,8884.300021207751,0.501,1.2042483660130718
5571,ELM ST @ WOODLAWN ST,306,1034.7,36.6,9723.600024982596,0.511,3.381372549019608
5574,ELM ST @ SPRINGVALE AVE,306,575.4,36.6,9723.600024982596,0.511,1.880392156862745
5576,ELM ST @ WINTHROP RD,306,154.2,40.5,1330.1000005782107,0.487,0.503921568627451
5577,ELM ST @ HASKELL AVE,306,573.8,40.5,1330.1000005782107,0.487,1.8751633986928102
5578,PARK AVE OPP MCCLEAVEY ST,300,92.2,36.0,5985.099991696629,0.504,0.30733333333333335
5579,630 PARK AVE,300,85.7,36.0,5985.099991696629,0.504,0.2856666666666667
5580,PARK AVE @ DALE ST,300,188.3,36.6,7326.900001489289,0.479,0.6276666666666667
5581,PARK AVE @ S IRVING ST,300,245.0,39.5,7397.300016684212,0.477,0.8166666666666667
5582,290 PARK AVE OPP ESSEX ST,300,196.8,39.5,7397.300016684212,0.477,0.656
5583,PARK AVE @ S CAMBRIDGE ST,300,353.5,39.5,7397.300016684212,0.477,1.1783333333333332
5585,40 PARK AVE,300,542.2,35.9,8299.700001930583,0.474,1.8073333333333335
5586,BROADWAY @ PARK AVE,387,1336.6,35.9,8299.700001930583,0.474,3.4537467700258397
5587,60 WOODLAWN AVE,1291,246.7,34.7,7129.900009521743,0.507,0.19109217660728117
5588,WOODLAWN AVE @ WASHINGTON AVE,1291,426.4,34.7,7129.900009521743,0.507,0.330286599535244
5589,WASHINGTON AVE @ PROSPECT AVE,1291,1359.7,34.7,7129.900009521743,0.507,1.0532145623547637
5590,WASHINGTON AVE @ ANNESE RD,1291,529.4,34.7,7129.900009521743,0.507,0.4100697134004647
5591,GARFIELD AVE @ EXETER ST,1291,926.8,37.8,11217.099995151742,0.503,0.7178931061192874
5592,78 GARFIELD AVE OPP CLYDE ST,1291,260.6,27.6,7005.399989168389,0.466,0.2018590240123935
5593,SAGAMORE AVE @ JONES AVE,1291,936.8,37.8,11217.099995151742,0.503,0.7256390395042602
5594,SAGAMORE AVE @ MURRAY ST,1291,967.3,37.8,11217.099995151742,0.503,0.7492641363284276
5595,SAGAMORE AVE @ WASHINGTON AVE,1291,1547.4,33.9,6750.199986004426,0.503,1.1986057319907049
5596,WASHINGTON AVE @ REVERE BEACH,1291,1740.1,33.9,6750.199986004426,0.503,1.3478698683191324
5597,WASHINGTON AVE @ REYNOLDS AVE,1543,1248.7,33.9,6750.199986004426,0.503,0.8092676604018146
5598,296 WASHINGTON AVE OPP JEFFER,1291,1339.5,32.3,15852.800018609236,0.502,1.0375677769171185
5599,WASHINGTON AVE @ CARMEL ST,1291,1068.0,32.3,15852.800018609236,0.502,0.8272656855151046
5600,WASHINGTON AVE @ SPRUCE ST,1291,1053.4,32.3,15852.800018609236,0.502,0.8159566227730443
5602,WASHINGTON AVE @ BLOOMINGDALE,1291,2138.2,32.2,12058.499946939895,0.505,1.656235476374903
5603,WASHINGTON AVE @ HEARD ST,1291,2501.5,32.8,15799.700015527236,0.489,1.9376452362509682
5605,WASHINGTON AVE @ BROADWAY,2431,14980.3,33.0,10884.200069053062,0.506,6.162196626902509
5606,BROADWAY @ FOURTH ST,2431,5755.5,33.0,10884.200069053062,0.506,2.367544220485397
5607,THIRD ST @ CHESTNUT ST,1464,5022.1,31.0,14042.700076011775,0.507,3.430396174863388
5609,WASHINGTON AVE @ CHESTNUT ST,1291,1187.5,33.0,10884.200069053062,0.506,0.9198295894655306
5611,BEACON ST @ BROADWAY,1281,1468.1,31.0,14042.700076011775,0.507,1.1460577673692427
5612,PARK ST @ WILLIAMS ST,1281,1395.0,33.1,3931.4000076165476,0.511,1.088992974238876
5613,PARK ST @ CROSS ST,1281,2477.4,34.6,14378.699944575721,0.496,1.9339578454332553
5614,PARK ST @ HAWTHORNE ST,2219,5331.2,33.6,21253.799841510234,0.5,2.4025236593059938
5615,HAWTHORNE ST @ BROADWAY,2223,15550.8,29.7,22850.100030290738,0.509,6.995411605937921
5617,BROADWAY @ SHURTLEFF ST,769,1309.3,29.7,22850.100030290738,0.509,1.7026007802340701
5618,WASHINGTON AVE @ CRESCENT AVE,1281,2114.2,32.8,15799.700015527236,0.489,1.6504293520686961
5619,125 WASHINGTON AVE OPP ORANGE,1281,577.0,32.2,12058.499946939895,0.505,0.45042935206869633
5620,WASHINGTON AVE @ CARY AVE,1281,1491.4,32.2,12058.499946939895,0.505,1.1642466822794693
5621,WASHINGTON AVE @ SPRUCE ST,1281,781.5,32.4,19792.00005554384,0.472,0.6100702576112412
5623,WASHINGTON AVE OPP CARMEL ST,1281,943.6,32.3,15852.800018609236,0.502,0.7366120218579235
5624,WASHINGTON AVE @ JEFFERSON AV,1533,1696.0,32.3,15852.800018609236,0.502,1.106327462491846
5625,325 WASHINGTON AVE,1533,1109.6,33.9,6750.199986004426,0.503,0.7238095238095238
5626,SAGAMORE AVE @ WASHINGTON AVE,1281,2830.3,33.9,6750.199986004426,0.503,2.2094457455113194
5627,SAGAMORE AVE @ MURRAY ST,1281,960.8,37.8,11217.099995151742,0.503,0.7500390320062451
5628,SAGAMORE AVE @ GARFIELD AVE,1281,893.2,37.8,11217.099995151742,0.503,0.6972677595628416
5629,GARFIELD AVE @ CLYDE ST,1281,392.9,37.8,11217.099995151742,0.503,0.3067135050741608
5630,GARFIELD AVE OPP BELL ST,1281,863.5,37.8,11217.099995151742,0.503,0.6740827478532396
5631,GARFIELD AVE @ FENNO ST,1281,580.7,27.6,7005.399989168389,0.466,0.4533177205308353
5632,WASHINGTON AVE @ COLUMBUS ST,1281,1458.6,34.7,7129.900009521743,0.507,1.1386416861826698
5633,WASHINGTON AVE @ PROSPECT AVE,1281,709.6,34.7,7129.900009521743,0.507,0.5539422326307573
5636,WASHINGTON AVE @ PARK AVE,1281,727.7,36.0,5985.099991696629,0.504,0.568071818891491
5637,CHELSEA ST @ VICTORIA ST,430,422.1,36.3,7624.000009588371,0.491,0.9816279069767443
5638,CHELSEA ST @ SPRING ST,430,315.8,36.3,7624.000009588371,0.491,0.7344186046511628
5640,CHELSEA ST @ S FERRY ST,430,677.0,36.3,7624.000009588371,0.491,1.5744186046511628
5642,221 CHELSEA ST,124,106.1,34.8,8142.900024977363,0.483,0.8556451612903225
5643,271 CHELSEA ST OPP LUKE RD,124,83.0,34.8,8142.900024977363,0.483,0.6693548387096774
5644,CHELSEA ST OPP FRANCIS ST,124,54.3,34.8,8142.900024977363,0.483,0.4379032258064516
5646,EVERETT AVE @ CARTER ST,124,27.9,29.6,2643.1000030190735,0.524,0.22499999999999998
5647,EVERETT AVE @ VALE ST,124,51.3,29.6,2643.1000030190735,0.524,0.4137096774193548
5648,SPRUCE ST @ EVERETT AVE,173,240.1,31.9,1166.1999996071747,0.501,1.3878612716763006
5650,ARLINGTON ST @ FIFTH ST,169,21.5,31.9,1166.1999996071747,0.501,0.12721893491124261
5651,SIXTH ST @ WALNUT ST,169,37.7,31.9,1166.1999996071747,0.501,0.2230769230769231
5653,CROSS ST @ BROADWAY,967,2197.2,34.6,14378.699944575721,0.496,2.2721820062047566
5654,CENTRAL AVE @ SHAWMUT ST,124,112.9,29.7,22850.100030290738,0.509,0.910483870967742
5656,CENTRAL AVE @ LYNN ST,124,80.3,29.7,19905.89999298252,0.513,0.6475806451612903
5657,CENTRAL AVE @ HIGHLAND AVE,124,96.2,29.7,19905.89999298252,0.513,0.7758064516129033
5658,CENTRAL AVE @ WILLOW ST,124,48.5,39.1,4193.400005143386,0.465,0.3911290322580645
5659,245 CENTRAL AVE,124,58.6,39.1,4193.400005143386,0.465,0.47258064516129034
5664,BENNINGTON ST @ BREMEN ST,219,404.4,31.2,6996.599997061527,0.533,1.8465753424657534
5665,BENNINGTON ST @ NEPTUNE RD,368,110.0,31.2,6996.599997061527,0.533,0.29891304347826086
5666,WOOD ISLAND STATION BUSWAY,751,2285.9,31.2,6996.599997061527,0.533,3.0438082556591213
5670,CHELSEA ST OPP CURTIS ST,124,6.0,30.8,2991.0000000778095,0.536,0.04838709677419355
5673,CENTRAL AVE @ CHELSEA GARAGE,128,94.7,39.1,4193.400005143386,0.465,0.73984375
5675,CENTRAL AVE @ HIGHLAND ST,128,91.3,29.7,19905.89999298252,0.513,0.71328125
5676,CENTRAL AVE @ LYNN ST,128,57.9,29.7,19905.89999298252,0.513,0.45234375
5678,CENTRAL AVE @ SHAWMUT ST,128,73.9,33.6,21253.799841510234,0.5,0.57734375
5679,CHELSEA ST @ EAGLE SQ,124,195.4,30.8,2991.0000000778095,0.536,1.5758064516129033
5682,EVERETT AVE @ ARLINGTON ST,173,65.3,31.9,1166.1999996071747,0.501,0.37745664739884394
5684,EVERETT AVE @ MAPLE ST,128,34.1,29.6,2643.1000030190735,0.524,0.26640625
5685,EVERETT AVE @ CARTER ST,128,71.0,29.6,2643.1000030190735,0.524,0.5546875
5687,CHELSEA ST @ MALDEN ST,128,96.5,34.8,8142.900024977363,0.483,0.75390625
5688,CHELSEA ST @ LUKE RD,128,80.0,34.8,8142.900024977363,0.483,0.625
5689,CHELSEA ST @ IRVING ST,128,112.2,35.2,11579.60002098728,0.5,0.8765625
5691,CHELSEA ST @ MEAD ST,446,364.7,36.3,7624.000009588371,0.491,0.817713004484305
5692,CHELSEA ST @ EDMESTER CT,446,287.2,36.3,7624.000009588371,0.491,0.6439461883408072
5693,CHELSEA ST @ PLUMER ST,446,227.8,36.3,7624.000009588371,0.491,0.510762331838565
5695,BROADWAY @ EVERETT SQ,1269,5657.8,36.3,7624.000009588371,0.491,4.458471237194642
5700,REVERE ST @ FORD ST,623,676.4,42.6,4702.499993561064,0.488,1.0857142857142856
5701,REVERE ST @ BOSSON ST,623,396.1,36.5,997.3000000080611,0.499,0.6357945425361156
5703,REVERE ST @ BATES ST,623,948.1,41.5,2832.3999989914328,0.474,1.5218298555377208
5704,REVERE ST @ BREED ST,623,429.5,41.5,2832.3999989914328,0.474,0.6894060995184591
5709,REVERE ST @ CARLETON ST,392,1535.9,36.3,7365.400003630556,0.468,3.9181122448979595
5711,570 BROADWAY @ ELMWOOD AVE,561,1455.0,38.2,7126.50000075157,0.458,2.593582887700535
5713,BROADWAY OPP CENTRAL AVE,567,1783.2,38.5,7147.599987627411,0.512,3.144973544973545
5714,BROADWAY @ YEAMANS ST,924,4853.8,38.5,7147.599987627411,0.512,5.253030303030303
5715,BROADWAY @ PAGE ST,798,1167.9,36.5,2843.900003266498,0.463,1.4635338345864664
5718,BROADWAY @ CABOT ST,798,1783.9,32.0,2964.4000012481297,0.494,2.23546365914787
5719,BROADWAY @ STOCKTON ST,798,2611.4,32.8,13653.800019569366,0.504,3.2724310776942356
5720,BROADWAY @ WEBSTER AVE,798,1986.6,32.8,13653.800019569366,0.504,2.4894736842105263
5721,BROADWAY OPP GREEN ST,798,644.1,31.0,19695.599957518105,0.497,0.8071428571428572
5722,BROADWAY @ ELEANOR ST,798,936.4,31.0,19695.599957518105,0.497,1.1734335839598997
5723,BROADWAY @ PARKER ST,798,1073.4,31.0,19695.599957518105,0.497,1.3451127819548874
5724,BROADWAY @ CARY AVE,798,908.4,31.0,19695.599957518105,0.497,1.1383458646616542
5725,BROADWAY @ CRESCENT AVE,798,562.4,31.0,19695.599957518105,0.497,0.7047619047619047
5726,BROADWAY OPP GERRISH AVE,798,1070.3,33.0,10884.200069053062,0.506,1.3412280701754384
5728,PEARL ST OPP ESSEX ST,843,1863.0,34.6,14378.699944575721,0.496,2.209964412811388
5729,PEARL ST @ WILLIAMS ST,843,904.0,34.6,14378.699944575721,0.496,1.0723606168446027
5731,MERIDIAN ST @ WEST EAGLE ST,843,4523.8,34.8,12164.99996387284,0.446,5.366310794780546
5733,MERIDIAN ST @ EUTAW ST,843,1681.2,32.1,25063.800002630036,0.523,1.9943060498220642
5737,MERIDIAN ST @ HAVRE ST,1128,2688.4,30.9,10997.600014972171,0.516,2.3833333333333333
5740,MAVERICK STATION,2214,33727.7,32.3,15599.500039904195,0.531,15.233830171635049
5742,MERIDIAN ST @ HAVRE ST,1113,2402.5,29.9,6492.699986692386,0.508,2.1585804132973943
5743,MERIDIAN ST @ SARATOGA ST,874,6326.0,32.6,16856.700089635982,0.508,7.237986270022883
5745,MERIDIAN ST @ EUTAW ST,814,1834.1,32.1,25063.800002630036,0.523,2.253194103194103
5746,MERIDIAN ST @ WHITE ST,814,5789.8,32.1,25063.800002630036,0.523,7.112776412776413
5748,PEARL ST @ MARGINAL ST,814,710.2,34.6,14378.699944575721,0.496,0.8724815724815725
5749,PEARL ST @ ESSEX ST,814,2648.7,34.6,14378.699944575721,0.496,3.2539312039312036
5750,BROADWAY @ GERRISH AVE,769,823.2,33.0,10884.200069053062,0.506,1.070481144343303
5751,BROADWAY @ CRESCENT AVE,769,648.0,32.2,12058.499946939895,0.505,0.8426527958387516
5752,BROADWAY @ PARKER ST,769,775.9,31.0,19695.599957518105,0.497,1.0089726918075423
5753,BROADWAY @ ELEANOR ST,769,996.7,31.0,19695.599957518105,0.497,1.2960988296488947
5754,BROADWAY @ GREEN ST,769,611.0,31.0,19695.599957518105,0.497,0.7945383615084526
5755,BROADWAY @ WEBSTER AVE,769,1272.8,32.8,13653.800019569366,0.504,1.6551365409622887
5756,BROADWAY @ STOCKTON ST,769,2404.0,32.8,13653.800019569366,0.504,3.126137841352406
5757,BROADWAY @ CABOT ST,769,2457.4,32.8,13653.800019569366,0.504,3.1955786736020806
5759,BROADWAY @ TAFT ST,769,917.5,36.5,2843.900003266498,0.463,1.193107932379714
5760,BROADWAY @ BEACH ST,769,1239.5,36.5,2843.900003266498,0.463,1.6118335500650196
5761,BROADWAY @ PLEASANT ST,769,3091.4,38.5,7147.599987627411,0.512,4.020026007802341
5763,BROADWAY @ CENTRAL AVE,557,2474.8,35.9,8299.700001930583,0.474,4.443087971274686
5765,BROADWAY OPP ELMWOOD AVE,431,659.5,37.4,4664.099994907935,0.478,1.5301624129930393
5768,REVERE ST @ LEE ST,382,996.9,36.3,7365.400003630556,0.468,2.6096858638743456
5770,REVERE ST @ STOWERS ST,633,1038.1,36.3,7365.400003630556,0.468,1.6399684044233807
5771,235 REVERE ST OPP BREED ST,633,822.0,41.5,2832.3999989914328,0.474,1.2985781990521328
5774,REVERE ST @ SAGAMORE ST,633,625.1,42.6,4702.499993561064,0.488,0.987519747235387
5783,BEACH ST OPP NAHANT AVE,675,1596.8,32.3,7552.4000033814955,0.513,2.3656296296296295
5784,BEACH ST @ VFW PKWY,675,470.0,32.3,7552.4000033814955,0.513,0.6962962962962963
5786,BEACH ST @ HARRIS ST,675,724.0,37.3,4771.500009577606,0.483,1.0725925925925925
5788,BEACH ST @ SCHOOL ST,675,1492.9,38.5,7147.599987627411,0.512,2.2117037037037037
5790,49 CENTRAL AVE,669,1662.5,38.5,7147.599987627411,0.512,2.485052316890882
5792,BEACH ST @ EUSTIS ST,669,721.2,37.3,4771.500009577606,0.483,1.0780269058295964
5794,BEACH ST @ HARRIS ST,669,763.0,37.3,4771.500009577606,0.483,1.14050822122571
5797,BEACH ST @ WALNUT AVE,669,825.4,32.3,7552.4000033814955,0.513,1.2337817638266069
5798,BEACH ST @ N SHORE RD,669,2044.0,32.3,7552.4000033814955,0.513,3.0553064275037367
5801,BEACH ST @ WILSON ST,126,143.2,38.5,7147.599987627411,0.512,1.1365079365079365
5803,WINTHROP AVE @ BEACH ST,126,90.1,37.9,4038.40000151857,0.486,0.715079365079365
5804,WINTHROP AVE @ VICTORIA ST,126,107.0,37.3,4771.500009577606,0.483,0.8492063492063492
5805,WINTHROP AVE @ REVERE BEACH P,126,188.3,37.9,4038.40000151857,0.486,1.4944444444444445
5806,REVERE BEACH PKWY @ GREEN ST,126,78.9,32.6,4839.300000376982,0.526,0.6261904761904762
5807,REVERE BEACH PKWY @ PRATT PL,126,76.9,32.6,4839.300000376982,0.526,0.6103174603174604
5809,560 WINTHROP AVE,126,89.1,32.6,4839.300000376982,0.526,0.7071428571428571
5810,WINTHROP AVE @ BEACHMONT STAT,126,2141.0,32.6,4839.300000376982,0.526,16.99206349206349
5811,CRESCENT AVE @ WINTHROP AVE,126,60.5,35.5,9752.799963796024,0.509,0.4801587301587302
5812,CRESCENT AVE @ WEBSTER ST,126,72.3,40.4,3239.199997105528,0.489,0.5738095238095238
5813,CRESCENT AVE @ SUMMER ST,126,166.3,40.4,3239.199997105528,0.489,1.31984126984127
5814,CRESCENT AVE @ WINTHROP PKWY,126,75.0,35.5,9752.799963796024,0.509,0.5952380952380952
5815,ENDICOTT AVE OPP BRADSTREET A,126,32.7,35.6,10365.599986643409,0.526,0.25952380952380955
5816,200 ENDICOTT AVE,126,38.2,39.7,6854.200009493796,0.514,0.3031746031746032
5817,ENDICOTT AVE @ LEVERETT AVE,126,44.2,39.7,6854.200009493796,0.514,0.3507936507936508
5818,ENDICOTT AVE @ ATLANTIC AVE,126,79.4,35.6,10365.599986643409,0.526,0.6301587301587303
5819,WINTHROP AVE @ BEACHMONT STAT,252,1063.8,46.5,5.499999998821428,1.0,4.2214285714285715
5821,REVERE BEACH PKWY @ CAMPBELL,126,112.1,34.6,11116.000020934041,0.496,0.8896825396825396
5822,REVERE BEACH PKWY @ WOODS AVE,126,92.5,34.6,11116.000020934041,0.496,0.7341269841269841
5823,REVERE BEACH PKWY @ HILLSIDE,126,45.3,32.6,4839.300000376982,0.526,0.3595238095238095
5824,WINTHROP AVE @ REVERE BEACH P,126,105.8,37.3,4771.500009577606,0.483,0.8396825396825397
5825,WINTHROP AVE @ ELM ST,126,115.5,37.9,4038.40000151857,0.486,0.9166666666666666
5826,WINTHROP AVE @ BEACH ST,126,143.6,37.9,4038.40000151857,0.486,1.1396825396825396
5827,WINTHROP AVE @ BROADWAY,126,158.9,38.5,7147.599987627411,0.512,1.261111111111111
5828,PROCTOR AVE @ B ST,126,39.2,38.2,7126.50000075157,0.458,0.3111111111111111
5829,PROCTOR AVE @ ADAMS ST,126,103.7,38.2,7126.50000075157,0.458,0.8230158730158731
5830,ADAMS ST @ CONSTITUTION AVE,126,111.9,38.2,7126.50000075157,0.458,0.8880952380952382
5831,ADAMS ST @ ADAMS CT,126,49.9,38.9,4566.999995679125,0.466,0.396031746031746
5832,COOLEDGE ST @ ADAMS ST,126,45.2,38.9,4566.999995679125,0.466,0.35873015873015873
5833,CONSTITUTION AVE @ COOLEDGE S,126,65.1,38.9,4566.999995679125,0.466,0.5166666666666666
5835,CONSTITUTION AVE @ ADAMS ST,126,143.8,38.9,4566.999995679125,0.466,1.1412698412698414
5837,PROCTOR AVE @ BROADWAY,126,119.3,38.2,7126.50000075157,0.458,0.9468253968253968
5839,BENNINGTON ST @ TRIDENT ST,230,297.9,32.9,8172.700002661227,0.514,1.2952173913043477
5841,BENNINGTON ST @ WESTBROOK ST,230,775.8,34.6,6370.60000696109,0.494,3.3730434782608696
5842,BENNINGTON ST @ BYRON ST,230,635.5,34.6,6370.60000696109,0.494,2.7630434782608697
5843,BENNINGTON ST @ MOORE ST,230,510.0,34.6,6370.60000696109,0.494,2.217391304347826
5844,BENNINGTON ST @ CURTIS ST,230,193.0,34.6,6370.60000696109,0.494,0.8391304347826087
5846,467 CHELSEA ST,128,38.6,30.8,2991.0000000778095,0.536,0.3015625
5848,BENNINGTON ST @ NEPTUNE RD,383,90.9,31.2,6996.599997061527,0.533,0.23733681462140993
5849,BENNINGTON ST @ CHELSEA ST,383,619.2,31.2,6996.599997061527,0.533,1.6167101827676242
5850,BENNINGTON ST @ PRESCOTT ST,230,502.90000000000003,30.6,23816.19973748126,0.495,2.186521739130435
5851,BENNINGTON ST @ PUTNAM ST,230,470.7,30.6,23816.19973748126,0.495,2.046521739130435
5852,BENNINGTON ST @ BROOKS ST,230,440.6,30.6,23816.19973748126,0.495,1.9156521739130437
5853,BENNINGTON ST @ MARION ST,230,385.9,32.6,16856.700089635982,0.508,1.6778260869565216
5854,BENNINGTON ST @ PORTER ST,230,1633.9,32.6,16856.700089635982,0.508,7.103913043478261
5857,SUMNER ST @ COTTAGE ST,237,286.6,33.1,18957.09995420826,0.508,1.209282700421941
5858,SUMNER ST @ LAMSON ST,237,268.5,33.4,12450.099918154832,0.515,1.1329113924050633
5859,SUMNER ST @ WEBSTER ST,237,369.0,31.4,13988.599989206683,0.498,1.5569620253164558
5861,JEFFRIES ST @ EVERETT ST,237,394.8,30.6,3561.200000078663,0.504,1.6658227848101266
5862,OPP 345 MAVERICK ST,237,207.5,31.4,13988.599989206683,0.498,0.8755274261603375
5863,MAVERICK ST @ LAMSON ST,237,226.2,31.4,13988.599989206683,0.498,0.9544303797468354
5864,MAVERICK ST @ COTTAGE ST,237,222.5,31.5,16077.899984280046,0.515,0.9388185654008439
5865,MAVERICK ST @ FRANKFORT ST,237,30.3,31.5,16077.899984280046,0.515,0.1278481012658228
5867,BENNINGTON ST @ PORTER ST,219,1326.0,32.6,16856.700089635982,0.508,6.054794520547945
5868,BENNINGTON ST @ MARION ST,219,336.3,32.0,21508.399968473594,0.5,1.5356164383561643
5869,BENNINGTON ST @ BROOKS ST,219,411.3,30.6,23816.19973748126,0.495,1.878082191780822
5870,BENNINGTON ST @ PUTNAM ST,219,321.4,30.6,23816.19973748126,0.495,1.467579908675799
5871,BENNINGTON ST @ PRESCOTT ST,219,596.7,30.6,23816.19973748126,0.495,2.7246575342465755
5872,BENNINGTON ST @ SWIFT ST,219,38.4,34.6,6370.60000696109,0.494,0.17534246575342466
5873,BENNINGTON ST @ HARMONY ST,219,180.5,34.6,6370.60000696109,0.494,0.8242009132420092
5874,BENNINGTON ST @ MOORE ST,219,343.2,34.6,6370.60000696109,0.494,1.5671232876712329
5875,BENNINGTON ST @ BYRON ST,219,970.1,34.6,6370.60000696109,0.494,4.429680365296804
5877,BENNINGTON ST @ WESTBROOK ST,219,436.4,34.6,6370.60000696109,0.494,1.9926940639269406
5878,BENNINGTON ST @ TRIDENT ST,219,373.3,34.6,6370.60000696109,0.494,1.7045662100456622
5879,ORIENT HEIGHTS NORTH BUSWAY,219,1040.0,32.9,8172.700002661227,0.514,4.748858447488584
5880,ORIENT HEIGHTS NORTH BUSWAY,449,1556.2,32.9,8172.700002661227,0.514,3.465924276169265
5881,BENNINGTON ST @ ANTRIM ST,219,169.0,32.9,8172.700002661227,0.514,0.771689497716895
5882,BOARDMAN ST @ SARATOGA ST,219,40.2,34.7,6433.4999955341455,0.482,0.18356164383561646
5883,BOARDMAN ST @ ASHLEY ST,219,79.1,36.0,1829.0000009413718,0.422,0.36118721461187214
5884,BOARDMAN ST @ LEYDEN ST,219,78.9,36.0,1829.0000009413718,0.422,0.36027397260273974
5886,WALDEMAR AVE @ MCCLELLAN HWY,219,18.0,46.5,5.499999998821428,1.0,0.0821917808219178
5887,220 WALDEMAR AVE,219,368.5,46.5,5.499999998821428,1.0,1.682648401826484
5888,160 WALDEMAR AVE,219,401.5,46.5,5.499999998821428,1.0,1.8333333333333333
5889,CRESTWAY RD @ FAYWOOD AVE,219,96.2,43.3,4834.400003297421,0.481,0.4392694063926941
5890,171 FAYWOOD AVE,219,513.8,34.7,6433.4999955341455,0.482,2.346118721461187
5891,219 FAYWOOD AVE,219,322.3,34.7,6433.4999955341455,0.482,1.471689497716895
5892,202 ORIENT AVE,219,28.2,34.7,6433.4999955341455,0.482,0.12876712328767123
5893,ORIENT AVE @ DRUMLIN RD,219,127.5,34.7,6433.4999955341455,0.482,0.5821917808219178
5894,ORIENT AVE OPP BEACHVIEW RD,219,43.2,43.3,4834.400003297421,0.481,0.19726027397260276
5895,ORIENT AVE @ FAYWOOD AVE,219,14.2,43.3,4834.400003297421,0.481,0.06484018264840183
5896,WALLEY ST @ GLADSTONE ST,219,81.7,43.3,4834.400003297421,0.481,0.37305936073059365
5897,CHELSEA ST @ CURTIS ST,128,15.0,30.8,2991.0000000778095,0.536,0.1171875
5898,LEXINGTON ST @ PRESCOTT ST,55,115.5,33.4,21311.79995177117,0.518,2.1
5899,LEXINGTON ST @ PUTNAM ST,55,107.0,33.4,21311.79995177117,0.518,1.9454545454545455
5900,LEXINGTON ST @ BROOKS ST,55,117.0,33.4,21311.79995177117,0.518,2.1272727272727274
5901,LEXINGTON ST @ MARION ST,55,68.5,31.4,22109.1999004962,0.51,1.2454545454545454
5902,LEXINGTON ST @ MERIDIAN ST,55,149.5,31.4,22109.1999004962,0.51,2.7181818181818183
5903,LEXINGTON ST @ MARION ST,60,126.0,31.4,22109.1999004962,0.51,2.1
5904,LEXINGTON ST @ BROOKS ST,60,144.5,31.4,22109.1999004962,0.51,2.408333333333333
5905,LEXINGTON ST @ PUTNAM ST,60,151.0,33.4,21311.79995177117,0.518,2.5166666666666666
5906,LEXINGTON ST @ PRESCOTT ST,60,176.5,33.4,21311.79995177117,0.518,2.941666666666667
5907,LEXINGTON ST @ SHELBY ST,60,113.0,33.4,21311.79995177117,0.518,1.8833333333333333
5910,GROVE ST @ LINWOOD AVE,50,11.5,41.1,4975.600008204192,0.442,0.23
5911,GROVE ST @ LEBANON ST,50,26.5,40.5,3541.3999998512704,0.488,0.53
5912,GROVE ST @ FAXON ST,50,33.0,39.0,3229.9000010050627,0.482,0.66
5913,GROVE ST @ ARGYLE ST,50,18.5,40.5,3541.3999998512704,0.488,0.37
5914,GROVE ST @ FLORENCE AVE,50,4.5,40.5,3541.3999998512704,0.488,0.09
5915,GROVE ST @ SWAINS POND AVE,50,7.0,40.5,3541.3999998512704,0.488,0.14
5916,LAUREL ST @ SIXTH ST,50,6.5,44.4,752.6999999479615,0.472,0.13
5917,167 LAUREL ST,50,3.0,44.4,752.6999999479615,0.472,0.06
5918,183 LAUREL ST,50,2.0,44.4,752.6999999479615,0.472,0.04
5919,229 LAUREL ST,50,0.0,44.4,752.6999999479615,0.472,0.0
5920,LAUREL ST @ SYCAMORE RD,50,9.5,44.4,752.6999999479615,0.472,0.19
5921,WAVERLY AVE @ SIMONDS RD,50,16.0,40.5,3703.29999686882,0.475,0.32
5923,UPHAM ST @ EAST ST,50,8.0,40.5,3703.29999686882,0.475,0.16
5924,UPHAM ST @ HILLCREST AVE,50,4.0,40.5,3703.29999686882,0.475,0.08
5925,UPHAM ST @ LINCOLN ST,50,4.5,40.7,2994.8999983291164,0.489,0.09
5926,UPHAM ST @ STRATFORD RD,50,3.0,40.5,3703.29999686882,0.475,0.06
5927,UPHAM ST @ BELLEVUE AVE,50,4.5,43.2,2939.7000008589434,0.497,0.09
5929,UPHAM ST @ MAIN ST,50,15.0,41.1,4975.600008204192,0.442,0.3
5930,FRANKLIN ST @ PRATT ST,50,19.5,48.3,2172.2999996134586,0.443,0.39
5931,FRANKLIN ST @ GREENWOOD ST,50,36.0,47.3,2639.0000001974054,0.48,0.72
5932,FRANKLIN ST @ APTHORP RD,50,2.0,47.3,2639.0000001974054,0.48,0.04
5933,FRANKLIN ST @ WOODLAND AVE,50,0.0,47.3,2639.0000001974054,0.48,0.0
5934,FRANKLIN ST @ BOTOLPH ST,50,19.0,47.3,2639.0000001974054,0.48,0.38
5935,WALTON PK @ SOUTH AVE,50,5.0,47.3,2639.0000001974054,0.48,0.1
5936,WALTON PK @ ORRIS ST,50,7.0,47.3,2639.0000001974054,0.48,0.14
5962,WASHINGTON ST @ CLIFTON ST,126,39.8,35.8,6222.899988576671,0.517,0.31587301587301586
5963,WASHINGTON ST OPP FRANCIS ST,126,6.0,35.8,6222.899988576671,0.517,0.047619047619047616
5967,349 WASHINGTON ST,126,0.5,34.8,5521.700000965309,0.496,0.003968253968253968
5968,377 WASHINGTON ST,126,2.0,34.8,5521.700000965309,0.496,0.015873015873015872
5975,WYOMING AVE OPP CLEVELAND ST,137,61.6,41.5,4639.300007480612,0.449,0.4496350364963504
5976,WYOMING AVE @ FLORENCE ST,137,42.9,41.0,3931.9999986375237,0.47,0.31313868613138685
5978,WYOMING AVE @ COTTAGE ST,137,47.9,41.0,3931.9999986375237,0.47,0.34963503649635036
5980,WYOMING AVE @ PLEASANT ST,137,160.4,41.5,4639.300007480612,0.449,1.1708029197080292
5982,PLEASANT ST @ EVERETT ST,137,26.4,41.0,3931.9999986375237,0.47,0.1927007299270073
5983,PLEASANT ST @ FRANCES ST,137,31.4,41.0,3931.9999986375237,0.47,0.2291970802919708
5985,PLEASANT ST @ GOULD ST,137,9.5,41.0,3931.9999986375237,0.47,0.06934306569343066
5986,PLEASANT ST @ CONVERSE LN,137,201.8,35.4,858.49999991415,0.506,1.472992700729927
5987,PLEASANT ST @ WASHINGTON ST,137,70.5,35.4,858.49999991415,0.506,0.5145985401459854
5988,WASHINGTON ST @ BRAZIL ST,137,4.2,35.4,858.49999991415,0.506,0.030656934306569343
5990,WASHINGTON ST @ GLEN ROCK RD,137,2.5,34.8,5521.700000965309,0.496,0.01824817518248175
5991,WASHINGTON ST OPP OAK GROVE S,137,895.3,34.8,5521.700000965309,0.496,6.535036496350364
5992,WASHINGTON ST @ GROVE ST,137,5.5,34.8,5521.700000965309,0.496,0.040145985401459854
5993,WASHINGTON ST @ FRANCIS ST,137,0.0,35.8,6222.899988576671,0.517,0.0
6022,POPLAR ST @ SOUTH ST,1044,4018.5,38.5,6191.799992279515,0.467,3.8491379310344827
6103,NEW DERBY ST OPP KLOP ALLEY,239,684.1,45.7,4866.199994861458,0.44,2.86234309623431
6104,LAFAYETTE ST @ HARBOR ST,209,476.9,40.4,3717.0999971357273,0.51,2.2818181818181817
6106,LAFAYETTE ST @ CEDAR ST,209,551.0,40.4,3717.0999971357273,0.51,2.6363636363636362
6108,LAFAYETTE ST @ HANCOCK ST,209,32.7,36.5,8369.300026872377,0.474,0.1564593301435407
6109,LAFAYETTE ST @ HOLLY ST,209,79.8,36.5,8369.300026872377,0.474,0.3818181818181818
6110,LAFAYETTE ST @ LAUREL ST,209,60.1,33.4,4051.799996025718,0.488,0.2875598086124402
6111,LAFAYETTE ST @ OCEAN AVE,209,70.5,43.1,2537.1999987260956,0.46,0.3373205741626794
6112,LAFAYETTE ST @ FOREST AVE,209,65.8,23.7,4115.400002728203,0.419,0.31483253588516746
6113,LAFAYETTE ST @ LORING AVE,209,0.0,43.1,2537.1999987260956,0.46,0.0
6114,LORING AVE @ LINDEN ST,209,284.5,23.7,4115.400002728203,0.419,1.361244019138756
6115,LORING AVE OPP RAINBOW TERR,209,170.7,23.7,4115.400002728203,0.419,0.8167464114832536
6116,LORING AVE OPP RAYMOND RD,209,252.6,23.4,2508.6000007365433,0.42,1.2086124401913876
6118,LORING AVE @ SUMNER RD,209,96.3,23.4,2508.6000007365433,0.42,0.46076555023923443
6119,LORING AVE @ PICKMAN RD,209,13.1,23.4,2508.6000007365433,0.42,0.06267942583732057
6120,LORING AVE OPP LINCOLN RD,209,39.2,23.4,2508.6000007365433,0.42,0.1875598086124402
6122,LORING AVE @ RIVERVIEW ST,209,1.5,50.4,1682.9999997315872,0.427,0.007177033492822967
6123,446 LORING AVE,209,0.0,50.4,1682.9999997315872,0.427,0.0
6124,LORING AVE @ INTERVALE RD,209,4.6,50.4,1682.9999997315872,0.427,0.02200956937799043
6125,LORING AVE @ CEDAR AVE,209,62.5,50.4,1682.9999997315872,0.427,0.29904306220095694
6126,LORING AVE @ VINNIN ST,209,168.3,50.4,1682.9999997315872,0.427,0.8052631578947369
6127,ESSEX ST @ SWAMPSCOTT MALL,209,293.1,52.3,4883.199994164113,0.421,1.4023923444976079
6128,ESSEX ST OPP RYAN PL,209,10.7,38.6,996.0000002778468,0.47,0.05119617224880382
6129,OPP 399 ESSEX ST,209,0.0,38.6,996.0000002778468,0.47,0.0
6130,ESSEX ST @ STETSON AVE,209,22.4,43.1,2880.0999984180485,0.492,0.10717703349282295
6131,262 ESSEX ST,209,8.0,43.1,2880.0999984180485,0.492,0.03827751196172249
6132,ESSEX ST @ BURPEE RD,209,14.5,38.6,996.0000002778468,0.47,0.06937799043062201
6133,ESSEX ST @ CHERRY ST,209,13.6,38.6,996.0000002778468,0.47,0.06507177033492823
6134,13 ESSEX ST,209,87.9,36.4,6162.30001437211,0.456,0.4205741626794259
6135,ESSEX ST @ EASTERN AVE,209,226.9,38.0,5111.200005987775,0.472,1.0856459330143542
6136,ESSEX ST @ EMPIRE ST,209,291.3,31.6,8766.899970262675,0.511,1.3937799043062202
6137,141 ESSEX ST,214,110.7,32.9,10074.000010910766,0.511,0.5172897196261682
6138,ESSEX ST @ PORTER ST,214,164.8,32.9,10074.000010910766,0.511,0.7700934579439253
6139,ESSEX ST @ CHATHAM ST,214,648.4,30.7,11639.00003400832,0.493,3.0299065420560747
6140,ESSEX ST @ FAYETTE ST,214,520.9,30.5,7606.899978359193,0.506,2.43411214953271
6142,ESSEX ST @ FAYETTE ST,214,353.1,30.5,7606.899978359193,0.506,1.6500000000000001
6143,ESSEX ST @ CHATHAM ST,214,682.1,30.7,11639.00003400832,0.493,3.1873831775700934
6144,ESSEX ST OPP PORTER ST,214,323.8,30.7,11639.00003400832,0.493,1.5130841121495329
6145,ESSEX ST @ EMPIRE ST,214,249.4,31.6,8766.899970262675,0.511,1.1654205607476635
6146,ESSEX ST @ EASTERN AVE,214,284.4,31.6,8766.899970262675,0.511,1.3289719626168224
6147,12 ESSEX ST,214,218.7,38.6,996.0000002778468,0.47,1.0219626168224298
6148,ESSEX ST @ ESSEX AVE,214,16.9,38.6,996.0000002778468,0.47,0.07897196261682242
6149,ESSEX ST @ BURRILL ST,214,102.4,38.6,996.0000002778468,0.47,0.4785046728971963
6150,ESSEX ST @ ELM PL,214,29.2,43.1,2880.0999984180485,0.492,0.13644859813084112
6151,253 ESSEX ST,214,16.0,43.1,2880.0999984180485,0.492,0.07476635514018691
6152,ESSEX ST @ STETSON AVE,214,28.6,43.1,2880.0999984180485,0.492,0.13364485981308413
6153,ESSEX ST @ EASTMAN AVE,214,17.2,52.3,4883.199994164113,0.421,0.08037383177570093
6154,ESSEX ST @ ALVIN RD,214,20.7,52.3,4883.199994164113,0.421,0.09672897196261682
6155,ESSEX ST @ RYAN PL,214,12.4,38.6,996.0000002778468,0.47,0.05794392523364486
6156,ESSEX ST @ SWAMPSCOTT MALL,214,391.3,52.3,4883.199994164113,0.421,1.8285046728971963
6157,LORING AVE @ VINNIN ST,214,181.5,50.4,1682.9999997315872,0.427,0.8481308411214953
6158,LORING AVE @ MAPLE AVE,214,92.1,50.4,1682.9999997315872,0.427,0.43037383177570093
6159,LORING AVE @ CHANDLER RD,214,0.0,50.4,1682.9999997315872,0.427,0.0
6160,OPP 494 LORING AVE,214,0.0,50.4,1682.9999997315872,0.427,0.0
6161,OPP 446 LORING AVE,214,3.0,50.4,1682.9999997315872,0.427,0.014018691588785047
6162,LORING AVE OPP RIVERVIEW ST,214,5.7,50.4,1682.9999997315872,0.427,0.02663551401869159
6163,LORING AVE @ LEGGS HILL RD,214,5.2,50.4,1682.9999997315872,0.427,0.024299065420560748
6164,LORING AVE @ LINCOLN RD,214,54.4,23.4,2508.6000007365433,0.42,0.2542056074766355
6165,LORING AVE @ GRANT RD,214,4.0,23.4,2508.6000007365433,0.42,0.018691588785046728
6166,LORING AVE @ MONROE RD,214,4.0,23.4,2508.6000007365433,0.42,0.018691588785046728
6167,LORING AVE @ SUMNER RD,214,20.0,23.4,2508.6000007365433,0.42,0.09345794392523364
6168,LORING AVE OPP JEFFERSON AVE,214,107.3,23.4,2508.6000007365433,0.42,0.5014018691588785
6169,LORING AVE @ RAYMOND RD,214,178.9,23.4,2508.6000007365433,0.42,0.835981308411215
6170,LORING AVE @ RAINBOW TERR,214,192.8,23.7,4115.400002728203,0.419,0.9009345794392524
6171,OPP 352 LAFAYETTE ST,214,66.3,43.1,2537.1999987260956,0.46,0.30981308411214953
6173,LAFAYETTE ST @ CLIFTON AVE,214,72.1,23.7,4115.400002728203,0.419,0.3369158878504673
6174,LAFAYETTE ST @ OCEAN AVE,214,120.0,43.1,2537.1999987260956,0.46,0.5607476635514018
6175,LAFAYETTE ST @ WILLOW AVE,214,72.0,33.4,4051.799996025718,0.488,0.3364485981308411
6176,LAFAYETTE ST @ LEACH ST,214,83.9,42.1,7856.70000359671,0.454,0.3920560747663552
6177,LAFAYETTE ST @ SALTONSTALL PK,214,31.6,36.5,8369.300026872377,0.474,0.14766355140186915
6178,LAFAYETTE ST @ PALMER ST,214,163.7,40.4,3717.0999971357273,0.51,0.7649532710280373
6180,LAFAYETTE ST @ HARBOR ST,214,686.8,40.4,3717.0999971357273,0.51,3.209345794392523
6181,NEW DERBY ST @ KLOPP ALLEY,244,733.1,45.7,4866.199994861458,0.44,3.0045081967213116
6201,PARK AVE @ WOLLASTON AVE,117,18.0,45.3,3282.3999985069436,0.476,0.15384615384615385
6202,PARK AVE @ APPLETON ST,117,18.7,45.3,3282.3999985069436,0.476,0.15982905982905982
6203,PARK AVE @ FLORENCE AVE,117,14.7,45.3,3282.3999985069436,0.476,0.12564102564102564
6204,PARK AVE @ OAKLAND AVE,117,19.5,43.1,3182.599998033404,0.485,0.16666666666666666
6206,MAIN ST @ PIERCE MEMORIAL DR,115,529.0,48.2,1099.09999984365,0.463,4.6
6207,MAIN ST @ KENNEDY DR,85,10.5,52.2,2027.9000008821715,0.464,0.12352941176470589
6208,MAIN ST @ VINE ST,85,63.5,48.2,1099.09999984365,0.463,0.7470588235294118
6212,CENTRAL ST @ COLUMBUS AVE,114,55.9,52.2,2027.9000008821715,0.464,0.4903508771929824
6213,329 CENTRAL ST OPP JASPER ST,114,39.8,52.2,2027.9000008821715,0.464,0.34912280701754383
6218,PARK AVE @ CEDAR AVE,329,34.4,45.1,3086.600005653307,0.475,0.10455927051671732
6230,CENTRAL ST @ JASPER ST,115,44.5,52.2,2027.9000008821715,0.464,0.3869565217391304
6250,MALDEN ST @ STARK AVE,49,39.5,38.1,6332.500009195397,0.49,0.8061224489795918
6251,MALDEN ST @ PATRIOT PKWY,49,4.0,41.4,6588.200010463245,0.493,0.08163265306122448
6252,MALDEN ST @ CONANT ST,49,15.9,38.1,6332.500009195397,0.49,0.32448979591836735
6253,MALDEN ST @ NEWMAN ST,49,12.0,38.1,6332.500009195397,0.49,0.24489795918367346
6254,MALDEN ST @ STEEPLE ST,49,8.0,38.1,6332.500009195397,0.49,0.16326530612244897
6255,MALDEN ST @ CHARGER ST,49,20.8,40.5,5377.799997468105,0.482,0.4244897959183674
6256,MALDEN ST @ GORE RD,175,155.7,43.3,3234.5000014367197,0.481,0.8897142857142857
6257,MALDEN ST @ DERBY RD,175,108.5,43.3,3234.5000014367197,0.481,0.62
6258,MALDEN ST @ KEAYNE ST,175,50.5,43.3,3234.5000014367197,0.481,0.2885714285714286
6259,MALDEN ST @ STEVENS ST,175,125.8,43.3,3234.5000014367197,0.481,0.7188571428571429
6260,MALDEN ST @ WASHINGTON AVE,175,90.9,43.3,3234.5000014367197,0.481,0.5194285714285715
6262,WASHINGTON AVE OPP BROOKDALE,175,76.6,43.3,3234.5000014367197,0.481,0.43771428571428567
6267,NORTHGATE SHOPPING CTR,575,4675.6,33.7,800.9000001456134,0.526,8.131478260869565
6269,WASHINGTON AVE @ BROOKDALE ST,169,50.0,43.3,3234.5000014367197,0.481,0.2958579881656805
6271,MALDEN ST @ LUCIA AVE,169,53.6,43.3,3234.5000014367197,0.481,0.31715976331360946
6272,MALDEN ST @ GENEVA ST,169,197.9,43.3,3234.5000014367197,0.481,1.1710059171597633
6274,MALDEN ST OPP DERBY RD,169,115.1,40.5,5377.799997468105,0.482,0.6810650887573965
6275,MALDEN ST @ ROLAND RD,169,225.8,43.3,3234.5000014367197,0.481,1.336094674556213
6277,MALDEN ST @ KINGMAN AV,43,7.1,38.1,6332.500009195397,0.49,0.16511627906976745
6278,MALDEN ST @ SOUTH ST,43,14.9,38.1,6332.500009195397,0.49,0.34651162790697676
6280,MALDEN ST OPP PATRIOT PKWY,43,8.1,41.4,6588.200010463245,0.493,0.1883720930232558
6281,MALDEN ST OPP STARK AVE,43,20.4,38.1,6332.500009195397,0.49,0.47441860465116276
6283,BEACH ST @ LAWRENCE ST,223,184.8,38.8,4796.699996943241,0.491,0.8286995515695068
6284,BEACH ST @ CLAPP ST,223,88.6,38.8,4796.699996943241,0.491,0.3973094170403587
6285,SALEM ST OPP BELLVALE ST,223,229.3,39.8,6352.399987882169,0.506,1.0282511210762333
6292,ORIENT AVE @ SELMA ST,219,91.4,43.3,4834.400003297421,0.481,0.417351598173516
6298,HIGH ST @ ESSEX ST,448,41.1,46.9,3566.700002219634,0.485,0.09174107142857144
6299,HIGH ST @ WOBURN ST,448,66.1,46.9,3566.700002219634,0.485,0.14754464285714283
6301,HIGH ST @ MYSTIC ST,448,85.1,46.9,3566.700002219634,0.485,0.18995535714285713
6302,HIGH ST @ ALLSTON ST,448,221.2,46.9,3566.700002219634,0.485,0.49374999999999997
6303,HIGH ST @ WARREN ST,448,393.1,45.3,3926.9999999331576,0.475,0.8774553571428572
6304,PLAYSTEAD RD @ IRVING ST,125,60.7,39.6,2987.8000031309393,0.467,0.48560000000000003
6305,PLAYSTEAD RD @ MADISON ST,125,14.2,39.6,2987.8000031309393,0.467,0.11359999999999999
6307,PLAYSTEAD RD @ CLEWLEY RD,125,21.7,39.6,2987.8000031309393,0.467,0.1736
6308,PLAYSTEAD RD @ DIANNE RD,125,1.5,49.6,692.300000085469,0.487,0.012
6309,PLAYSTEAD RD @ OSBORNE RD,125,13.0,41.2,3874.6000018762084,0.473,0.104
6310,PLAYSTEAD RD @ WINTHROP ST -,239,258.8,49.6,692.300000085469,0.487,1.082845188284519
6311,PLAYSTEAD RD OPP OSBORNE RD,114,4.5,49.6,692.300000085469,0.487,0.039473684210526314
6312,PLAYSTEAD RD @ ROBERTS RD,114,3.1,49.6,692.300000085469,0.487,0.027192982456140352
6313,PLAYSTEAD RD OPP CLEWLEY RD,114,24.5,39.6,2987.8000031309393,0.467,0.2149122807017544
6315,PLAYSTEAD RD OPP MADISON ST,114,20.0,39.6,2987.8000031309393,0.467,0.17543859649122806
6316,HIGH ST @ CANAL ST,421,371.3,45.3,3926.9999999331576,0.475,0.8819477434679335
6317,HIGH ST @ ALLSTON ST,421,190.7,46.9,3566.700002219634,0.485,0.4529691211401425
6318,HIGH ST @ MYSTIC ST,421,76.8,46.9,3566.700002219634,0.485,0.18242280285035628
6320,HIGH ST @ HASTINGS LN,421,73.0,46.9,3566.700002219634,0.485,0.17339667458432304
6321,238 HIGH ST OPP ESSEX ST,421,34.1,46.9,3566.700002219634,0.485,0.08099762470308788
6322,HIGH ST @ WINTHROP ST,590,244.6,47.0,2573.7000025090624,0.49,0.4145762711864407
6323,HIGH ST OPP POWDER HOUSE RD,590,238.0,64.7,5047.500001695395,0.427,0.4033898305084746
6324,HIGH ST OPP GOVERNORS AVE,590,536.6,47.0,2573.7000025090624,0.49,0.9094915254237288
6357,RIVER ST @ WAY ST,322,1979.3,38.1,4824.800008546788,0.479,6.146894409937888
6359,RIVER ST @ WEST ST,322,318.9,40.3,4929.300005497789,0.454,0.9903726708074534
6360,RIVER ST @ METROPOLITAN AVE,322,899.7,40.3,4929.300005497789,0.454,2.7940993788819877
6361,900 RIVER ST,322,844.5,40.3,4929.300005497789,0.454,2.622670807453416
6362,RIVER ST OPP WOOD AVE,322,862.1,40.3,4929.300005497789,0.454,2.677329192546584
6364,RIVER ST @ WACHUSETT ST,322,525.1,43.4,4016.100003057495,0.465,1.630745341614907
6365,RIVER ST @ MATTAKEESET ST,322,198.9,38.9,9185.499963137137,0.427,0.6177018633540373
6366,RIVER ST @ BLUE HILL AVE,322,1724.7,42.2,5914.699988672474,0.457,5.356211180124224
6368,RIVER ST @ CUMMINGS HWY,322,2450.9,42.2,5914.699988672474,0.457,7.611490683229814
6369,RIVER ST @ CATON ST,322,249.1,38.9,9185.499963137137,0.427,0.7736024844720497
6371,RIVER ST OPP MASSASOIT ST,322,661.9,38.9,9185.499963137137,0.427,2.055590062111801
6372,RIVER ST @ TILESTON ST,322,429.4,42.6,5381.999987948089,0.493,1.3335403726708073
6373,RIVER ST @ WOOD AVE,322,934.0,39.7,5396.099987696758,0.455,2.900621118012422
6374,RIVER ST @ REDDY AVE,322,848.9,40.3,4929.300005497789,0.454,2.636335403726708
6375,RIVER ST @ HUNTINGTON AVE,322,225.0,36.6,5124.0000062931385,0.473,0.6987577639751553
6376,RIVER ST @ METROPOLITAN AVE,322,883.8,40.3,4929.300005497789,0.454,2.7447204968944097
6377,RIVER ST @ WEST ST,322,256.4,40.3,4929.300005497789,0.454,0.7962732919254658
6390,RIVER ST OPP WAY ST,322,1946.0,48.7,3530.499997841809,0.447,6.043478260869565
6392,BEACON ST @ FAIRMOUNT AVE,204,201.2,40.0,3174.3999968074604,0.515,0.9862745098039215
6393,BEACON ST @ ALBION ST,204,34.1,40.0,3174.3999968074604,0.515,0.16715686274509806
6394,BEACON ST @ METROPOLITAN AVE,204,49.2,40.0,3174.3999968074604,0.515,0.2411764705882353
6396,METROPOLITAN AVE @ HIGHLAND S,204,22.5,40.0,3174.3999968074604,0.515,0.11029411764705882
6397,SUMMIT ST @ METROPOLITAN AVE,204,6.2,46.8,580.8000001293684,0.495,0.030392156862745098
6398,SUMMIT ST @ MILTON AVE,204,56.9,43.9,2676.7000043279113,0.496,0.278921568627451
6399,MILTON AVE @ HIGHLAND ST,204,44.8,40.0,3174.3999968074604,0.515,0.2196078431372549
6400,HIGHLAND ST @ ALBION ST,204,1.0,43.9,2676.7000043279113,0.496,0.004901960784313725
6401,HIGHLAND ST @ FAIRMOUNT AVE,204,35.9,40.8,3728.9000011242574,0.473,0.17598039215686273
6402,17 POND ST,204,6.5,40.8,3728.9000011242574,0.473,0.031862745098039214
6403,WILLIAMS ST @ SUMMIT ST,204,77.2,40.8,3728.9000011242574,0.473,0.3784313725490196
6405,WASHINGTON ST @ DANA AVE,204,117.8,39.0,4077.499996819046,0.458,0.5774509803921568
6406,WASHINGTON ST @ GARFIELD AVE,204,240.6,35.9,5381.800005121001,0.435,1.1794117647058824
6407,WASHINGTON ST @ CHITTICK RD,204,99.9,39.0,4077.499996819046,0.458,0.4897058823529412
6408,WASHINGTON ST @ WOODGLEN RD,204,239.3,35.9,5381.800005121001,0.435,1.1730392156862746
6409,WASHINGTON ST @ FARADAY ST,204,88.8,35.9,5381.800005121001,0.435,0.43529411764705883
6410,WASHINGTON ST @ NEEDHAM RD,204,206.8,35.9,5381.800005121001,0.435,1.0137254901960784
6411,TRUMAN HWY @ WAKEFIELD AVE,413,522.0,39.0,4077.499996819046,0.458,1.2639225181598064
6413,TRUMAN HWY @ TYLER ST,209,77.7,39.6,1996.1999992812355,0.495,0.3717703349282297
6415,TRUMAN HWY @ CHITTICK RD,209,76.0,39.0,4077.499996819046,0.458,0.36363636363636365
6417,TRUMAN HWY @ DANA AVE,209,47.1,39.0,4077.499996819046,0.458,0.22535885167464115
6418,TRUMAN HWY @ WILLIAMS AVE,209,51.6,40.8,3728.9000011242574,0.473,0.24688995215311005
6419,FAIRMOUNT AVE @ TRUMAN HWY,209,203.9,40.8,3728.9000011242574,0.473,0.9755980861244019
6428,CUMMINS HWY @ WASHINGTON ST,315,650.5,38.9,5370.799999577592,0.501,2.0650793650793653
6430,CUMMINS HWY @ SYCAMORE ST,315,144.7,38.9,5370.799999577592,0.501,0.4593650793650793
6431,93 CUMMINS HWY OPP SHERWOOD S,315,92.4,38.9,5370.799999577592,0.501,0.29333333333333333
6432,CUMMINS HWY @ BROWN AVE,315,294.6,40.6,4025.7000092928647,0.433,0.9352380952380953
6433,CUMMINS HWY @ ROWE ST,315,363.0,38.9,5370.799999577592,0.501,1.1523809523809523
6459,CUMMINS HWY @ HYDE PARK AVE,218,401.1,36.7,6005.400000537643,0.441,1.8399082568807341
6460,CUMMINS HWY @ ROWE ST,321,289.5,38.9,5370.799999577592,0.501,0.9018691588785047
6461,CUMMINS HWY @ BROWN AVE,321,215.8,44.6,5693.999993601029,0.469,0.6722741433021807
6462,CUMMINS HWY @ SHERWOOD ST,321,72.0,38.9,5370.799999577592,0.501,0.22429906542056074
6463,CUMMINS HWY @ SYCAMORE ST,321,86.2,38.9,5370.799999577592,0.501,0.26853582554517136
6464,CUMMINS HWY @ FLORENCE ST,321,111.1,39.6,5956.700001898398,0.47,0.34610591900311527
6466,HYDE PARK AVE @ CLAY ST,1090,1219.0,38.7,3727.700004008792,0.482,1.118348623853211
6467,HYDE PARK AVE @ HARVARD AVE,1090,326.1,38.7,3727.700004008792,0.482,0.29917431192660554
6468,HYDE PARK AVE @ WEST ST,937,1640.4,38.7,3727.700004008792,0.482,1.7506937033084313
6470,HYDE PARK AVE @ WESTMINSTER S,937,1142.9,37.8,4445.499994551661,0.468,1.21974386339381
6471,HYDE PARK AVE @ THATCHER ST,937,889.4,37.8,4445.499994551661,0.468,0.9491995731056563
6472,942 HYDE PARK AVE,937,1775.6,37.8,4445.499994551661,0.468,1.894983991462113
6473,HYDE PARK AVE @ COLLINS STREE,937,788.6,37.2,4568.900006013034,0.445,0.8416221985058698
6474,HYDE PARK AVE @ AMERICAN LEGI,1040,1224.1,37.2,4568.900006013034,0.445,1.1770192307692307
6476,HYDE PARK AVE @ RAMSDELL AVE,1040,756.5,36.7,6005.400000537643,0.441,0.7274038461538461
6478,HYDE PARK AVE @ CUMMINS HWY,937,1987.0,36.7,6005.400000537643,0.441,2.12059765208111
6479,512 HYDE PARK AVE,937,314.3,36.7,6005.400000537643,0.441,0.3354322305229456
6480,HYDE PARK AVE @ MT HOPE ST,937,1025.4,38.3,2726.3000025270426,0.485,1.0943436499466384
6495,HYDE PARK AVE OPP WALK HILL S,945,443.7,33.3,6091.099991258984,0.471,0.4695238095238095
6496,HYDE PARK AVE @ CUMMINS HWY,1043,2171.2,36.7,6005.400000537643,0.441,2.081687440076702
6498,HYDE PARK AVE OPP RAMSDELL AV,1043,618.7,37.2,4568.900006013034,0.445,0.5931927133269416
6500,HYDE PARK AVE OPP AMERICAN LE,1043,982.5,37.2,4568.900006013034,0.445,0.9419942473633749
6502,HYDE PARK AVE @ WILLOW AVE,945,1850.5,37.8,4445.499994551661,0.468,1.9582010582010583
6504,HYDE PARK AVE @ GREENWOOD AVE,945,1137.7,37.8,4445.499994551661,0.468,1.203915343915344
6505,HYDE PARK AVE @ WESTMINSTER S,945,1332.8,37.8,4445.499994551661,0.468,1.4103703703703703
6507,HYDE PARK AVE @ WEST ST,1076,1580.7,38.7,3727.700004008792,0.482,1.4690520446096655
6508,HYDE PARK AVE OPP WEBSTER ST,1076,534.4,38.7,3727.700004008792,0.482,0.4966542750929368
6509,HYDE PARK AVE @ WINTHROP ST,1076,3345.9,38.7,3727.700004008792,0.482,3.1095724907063196
6512,RIVER ST @ ERNEST AVE,74,44.0,38.0,2044.799998336117,0.465,0.5945945945945946
6513,RIVER ST @ VALLARO RD,74,27.1,39.5,1813.4999991487653,0.479,0.36621621621621625
6514,RIVER ST @ NORTON ST,74,35.1,37.2,1954.699998649809,0.485,0.47432432432432436
6515,RIVER ST @ NEPONSET VALLEY PK,74,15.8,39.5,1813.4999991487653,0.479,0.21351351351351353
6516,TURTLE POND PKWY @ FAIRVIEW A,113,17.8,39.5,1813.4999991487653,0.479,0.15752212389380532
6517,TURTLE POND PKWY @ BAJKO RINK,113,20.0,39.5,1813.4999991487653,0.479,0.17699115044247787
6519,TURTLE POND PKWY @ ALWIN ST,113,33.1,23.5,2.3999999997257144,0.571,0.2929203539823009
6522,DEDHAM PKWY @ GEORGETOWNE DR,240,819.2,28.5,8538.20000067424,0.377,3.4133333333333336
6523,ALWIN ST @ DEDHAM PKWY,262,71.0,39.5,1813.4999991487653,0.479,0.27099236641221375
6524,ALWIN ST @ LEIGHTON RD,262,323.0,39.5,1813.4999991487653,0.479,1.2328244274809161
6526,ALWIN ST @ TURTLE POND PKWY,262,328.2,39.5,1813.4999991487653,0.479,1.2526717557251907
6527,272 RESERVATION RD OPP BRAINA,135,19.2,23.5,2.3999999997257144,0.571,0.14222222222222222
6528,RESERVATION RD @ THOMPSON ST,135,73.5,38.0,5885.199986298901,0.463,0.5444444444444444
6529,RESERVATION RD @ RIVER ST,135,314.2,37.2,5953.199994569375,0.463,2.3274074074074074
6535,FEDERAL ST @ MATTHEWS ST,371,2267.8,38.6,1976.5999982385579,0.548,6.11266846361186
6537,WASHINGTON ST @ ESSEX ST,843,3853.1,30.0,29303.099923787548,0.502,4.570699881376038
6538,ESSEX ST @ ATLANTIC AVE,1104,8282.0,43.4,2413.200002279796,0.537,7.5018115942028984
6542,KNEELAND ST @ WASHINGTON ST,317,820.9,30.0,29303.099923787548,0.502,2.589589905362776
6548,DEVONSHIRE ST @ MILK ST,706,3363.9,32.7,3863.000003707977,0.56,4.764730878186969
6550,LINCOLN ST @ ESSEX ST,407,1667.7,43.4,2413.200002279796,0.537,4.097542997542997
6551,FEDERAL ST @ FRANKLIN ST,824,3663.1,38.6,1976.5999982385579,0.548,4.445509708737864
6555,CHINATOWN GATE,966,1787.6,43.4,2413.200002279796,0.537,1.8505175983436852
6564,SUMMER ST @ SOUTH STATION,704,3217.3,43.4,2413.200002279796,0.537,4.570028409090909
6565,WASHINGTON ST @ TUFTS MED CTR,1705,8694.8,30.0,29303.099923787548,0.502,5.099589442815248
6567,WASHINGTON ST @ ESSEX ST,862,4470.5,48.4,35479.70033169296,0.707,5.1861948955916475
6569,CORPORATION WAY,875,293.5,31.0,5335.400002804505,0.508,0.3354285714285714
6570,S HUNTINGTON AVE @ PERKINS ST,730,2475.0,39.7,13822.699953394807,0.471,3.3904109589041096
6571,S HUNTINGTON AVE @ BYNNER ST,730,1336.5,30.4,4382.599998134766,0.479,1.8308219178082192
6573,S HUNTINGTON AVE @ VA HOSPITA,730,917.5,33.8,11798.399975690203,0.419,1.2568493150684932
6575,S HUNTINGTON AVE @ HUNTINGTON,730,3461.5,30.9,13027.499972951377,0.497,4.741780821917808
6598,COMMON ST OPP MIDDLE ST,110,107.5,38.6,4649.4000125725715,0.51,0.9772727272727273
6600,UNION ST @ EXCHANGE ST,683,1851.8,56.6,11208.299971185977,0.415,2.7112737920937042
6603,NAHANT ST @ W BALTIMORE ST,25,16.0,43.1,6963.40000116004,0.487,0.64
6605,NAHANT ST @ TUDOR ST,25,13.5,37.6,11735.300001804515,0.491,0.54
6606,27 BEACH RD,25,3.0,37.6,11735.300001804515,0.491,0.12
6607,LYNNWAY ROTARY @ NAHANT RD,25,0.0,55.8,886.000000195892,0.473,0.0
6610,NAHANT RD OPP WILSON RD,25,0.0,55.8,886.000000195892,0.473,0.0
6611,NAHANT RD OPP LITTLE NAHANT R,25,0.0,55.8,886.000000195892,0.473,0.0
6612,CASTLE RD @ WARD RD,25,8.5,55.8,886.000000195892,0.473,0.34
6613,OPP 50 CASTLE RD,50,9.5,55.8,886.000000195892,0.473,0.19
6614,CASTLE RD @ HARBORVIEW RD,25,0.0,57.3,1444.7999996894202,0.449,0.0
6615,CASTLE RD OPP WENDELL RD,25,0.0,57.3,1444.7999996894202,0.449,0.0
6616,CASTLE RD @ PHILLIPS RD,25,4.0,57.3,1444.7999996894202,0.449,0.16
6623,FLASH RD OPP FOXHILL RD,25,2.0,57.3,1444.7999996894202,0.449,0.08
6624,FLASH RD @ SPRING RD,25,4.5,57.3,1444.7999996894202,0.449,0.18
6625,SPRING RD @ COOLIDGE RD,25,0.5,57.3,1444.7999996894202,0.449,0.02
6626,SPRING RD @ EMERALD RD,25,4.0,56.1,1517.599999153092,0.496,0.16
6627,EMERALD RD @ POND ST,25,0.0,57.3,1444.7999996894202,0.449,0.0
6628,EMERALD RD @ OCEAN ST,25,6.5,56.1,1517.599999153092,0.496,0.26
6629,WILLOW RD @ VALLEY RD,25,0.5,57.3,1444.7999996894202,0.449,0.02
6631,WILLOW RD @ SUMMER ST,25,22.0,57.3,1444.7999996894202,0.449,0.88
6632,WHARF ST @ WILLOW RD,25,3.0,56.1,1517.599999153092,0.496,0.12
6633,WHARF ST OPP DESMOND DR,25,0.0,56.1,1517.599999153092,0.496,0.0
6634,WHARF ST @ WALTON RD,25,0.0,56.1,1517.599999153092,0.496,0.0
6635,WHARF ST @ NAHANT RD,25,4.0,56.1,1517.599999153092,0.496,0.16
6636,NAHANT RD @ VILLAGE STORE,25,3.5,55.8,886.000000195892,0.473,0.14
6637,NAHANT RD @ SUMMER ST,25,6.5,55.8,886.000000195892,0.473,0.26
6638,NAHANT RD @ WINTER ST,25,2.5,55.8,886.000000195892,0.473,0.1
6639,NAHANT RD @ OCEAN ST,25,1.5,55.8,886.000000195892,0.473,0.06
6640,NAHANT RD OPP TALLWOOD RD,25,2.5,56.1,1517.599999153092,0.496,0.1
6641,NAHANT RD @ POND ST,25,0.5,55.8,886.000000195892,0.473,0.02
6642,NAHANT RD @ HIGH ST,25,1.5,55.8,886.000000195892,0.473,0.06
6643,NAHANT RD @ ANTIGO WAY,25,1.0,56.1,1517.599999153092,0.496,0.04
6644,NAHANT RD @ SPRING RD,25,4.0,55.8,886.000000195892,0.473,0.16
6645,NAHANT RD @ CASTLE RD,25,1.5,55.8,886.000000195892,0.473,0.06
6646,NAHANT RD @ LITTLE NAHANT RD,25,1.5,55.8,886.000000195892,0.473,0.06
6647,NAHANT RD @ WILSON RD,25,1.5,55.8,886.000000195892,0.473,0.06
6649,LYNNWAY @ SURFSIDE RD,25,29.0,37.6,11735.300001804515,0.491,1.16
6650,LYNNWAY @ NEWHALL ST,25,8.0,45.9,6744.000004115741,0.447,0.32
6674,MARKET ST @ LIBERTY ST,541,1375.8,33.5,10491.499994643978,0.494,2.543068391866913
6675,N COMMON ST @ FRANKLIN ST,379,871.1,33.5,10491.499994643978,0.494,2.2984168865435355
6676,FRANKLIN ST @ HANOVER ST,138,230.6,33.5,10491.499994643978,0.494,1.6710144927536232
6677,FRANKLIN ST @ LAIGHTON ST,138,172.4,33.5,10491.499994643978,0.494,1.2492753623188406
6678,FRANKLIN ST @ LYMAN ST,138,116.1,31.2,7072.39999496174,0.483,0.8413043478260869
6679,FRANKLIN ST @ WESTERN AVE,138,209.2,29.8,17302.599974674213,0.488,1.5159420289855072
6681,N FRANKLIN ST @ BOSTON ST,138,318.7,29.8,12359.99996754552,0.492,2.309420289855072
6683,BOSTON ST @ NEW PARK ST,138,278.5,32.5,2229.600000640066,0.489,2.0181159420289854
6684,BOSTON ST @ GROVE ST,138,261.6,31.3,11883.100020734691,0.481,1.8956521739130436
6685,BOSTON ST @ MOULTON ST,138,105.1,31.5,8353.800000681314,0.502,0.7615942028985507
6686,BOSTON ST @ N FEDERAL ST,138,64.2,31.3,11883.100020734691,0.481,0.46521739130434786
6688,BOSTON ST @ CHILDS ST,138,169.6,36.0,6853.900004950144,0.497,1.2289855072463767
6689,BOSTON ST OPP COTTAGE ST,138,149.8,32.6,4183.400003045247,0.501,1.0855072463768116
6690,BOSTON ST @ MYRTLE ST,138,84.5,34.8,3039.1999977006835,0.49,0.6123188405797102
6691,MYRTLE ST @ WILFRED ST,138,49.0,35.3,5930.69998841513,0.496,0.35507246376811596
6692,MYRTLE ST @ WOODBINE ST,138,10.6,38.7,4619.800004325179,0.502,0.07681159420289854
6694,MYRTLE ST @ HOLYOKE ST,138,34.8,38.7,4619.800004325179,0.502,0.25217391304347825
6695,HOLYOKE ST OPP GARDINER ST,138,18.1,38.7,4619.800004325179,0.502,0.13115942028985508
6697,HOLYOKE ST OPP THORPE RD,138,151.7,35.5,3803.9999979457784,0.437,1.0992753623188405
6698,HOLYOKE ST @ O'CALLAGHAN WAY,138,18.8,35.5,3803.9999979457784,0.437,0.13623188405797101
6699,O'CALLAGHAN WAY @ HOLYOKE ST,138,783.6,35.5,3803.9999979457784,0.437,5.678260869565218
6700,O'CALLAGHAN WAY @ KINGS HILL,138,682.3,40.9,2432.9000010569216,0.459,4.944202898550724
6701,KINGS HILL DR @ NEWCASTLE ST,137,115.3,40.9,2432.9000010569216,0.459,0.8416058394160584
6702,KINGS HILL DR @ NOTTINGHAM CT,137,30.3,40.9,2432.9000010569216,0.459,0.22116788321167885
6704,KINGS HILL DR @ KINGSWOOD CIR,137,53.2,36.1,4207.500003860092,0.465,0.3883211678832117
6706,GARFIELD AVE OPP HAYES ST,95,9.9,40.9,2432.9000010569216,0.459,0.10421052631578948
6707,GARFIELD AVE @ CATALINA RD,95,12.4,40.9,2432.9000010569216,0.459,0.13052631578947368
6708,GARFIELD AVE @ WASHINGTON AVE,95,4.5,45.7,1788.3000006169377,0.49,0.04736842105263158
6709,GARFIELD AVE @ NEWCOMB AVE,95,2.5,45.7,1788.3000006169377,0.49,0.02631578947368421
6710,NEWCOMB AVE @ JEFFERSON AVE,95,5.0,45.7,1788.3000006169377,0.49,0.05263157894736842
6711,NEWCOMB AVE @ EDISON ST,85,2.0,45.7,1788.3000006169377,0.49,0.023529411764705882
6712,EDISON ST @ WALNUT ST,85,11.0,45.7,1788.3000006169377,0.49,0.12941176470588237
6715,OPP 323 WALNUT ST,113,4.5,47.0,435.40000000058,0.496,0.03982300884955752
6717,WALNUT ST OPP CENTRAL ST,113,8.6,50.4,761.3000003303482,0.487,0.07610619469026549
6719,WALNUT ST @ WALNUT PL,113,163.6,50.4,761.3000003303482,0.487,1.447787610619469
6727,WALNUT ST OPP KIRKLAND ST,15,17.5,50.4,761.3000003303482,0.487,1.1666666666666667
6729,WALNUT ST @ CENTRAL ST,118,107.3,50.4,761.3000003303482,0.487,0.909322033898305
6733,WALNUT ST @ EDISON ST,118,15.9,45.7,1788.3000006169377,0.49,0.13474576271186442
6734,WALNUT ST @ JEFFERSON AVE,118,4.8,47.0,435.40000000058,0.496,0.04067796610169491
6735,NEWCOMB AVE @ JEFFERSON AVE,94,0.0,45.7,1788.3000006169377,0.49,0.0
6736,GARFIELD AVE @ NEWCOMB AVE,94,0.5,45.7,1788.3000006169377,0.49,0.005319148936170213
6737,GARFIELD AVE @ WASHINGTON AVE,94,19.4,45.7,1788.3000006169377,0.49,0.20638297872340425
6738,GARFIELD AVE @ SHERMAN ST,94,9.9,40.9,2432.9000010569216,0.459,0.10531914893617021
6739,GARFIELD AVE @ HAYES ST,94,9.1,36.1,4207.500003860092,0.465,0.09680851063829787
6741,KINGS HILL DR @ KINGSWOOD LN,94,30.3,36.1,4207.500003860092,0.465,0.3223404255319149
6742,KINGS HILL DR @ MAGNER RD,136,47.6,36.1,4207.500003860092,0.465,0.35000000000000003
6744,KINGS HILL DR @ NEWCASTLE ST,136,69.6,36.1,4207.500003860092,0.465,0.5117647058823529
6746,O'CALLAGHAN WAY @ KINGS HILL,143,159.7,40.9,2432.9000010569216,0.459,1.1167832167832168
6747,O'CALLAGHAN WAY @ HOLYOKE ST,143,210.5,35.5,3803.9999979457784,0.437,1.472027972027972
6749,HOLYOKE ST @ THORPE RD,138,222.2,35.5,3803.9999979457784,0.437,1.6101449275362318
6751,HOLYOKE ST @ GARDINER ST,138,78.5,38.7,4619.800004325179,0.502,0.5688405797101449
6752,HOLYOKE ST @ MYRTLE ST,123,46.3,38.7,4619.800004325179,0.502,0.37642276422764226
6754,MYRTLE ST @ FLORENCE ST,138,49.0,38.7,4619.800004325179,0.502,0.35507246376811596
6755,28 MYRTLE ST,138,12.0,35.3,5930.69998841513,0.496,0.08695652173913043
6756,MYRTLE ST @ BOSTON ST,138,109.2,35.3,5930.69998841513,0.496,0.7913043478260869
6757,BOSTON ST @ COTTAGE ST,138,174.0,32.6,4183.400003045247,0.501,1.2608695652173914
6758,BOSTON ST OPP CHILDS ST,138,263.3,32.6,4183.400003045247,0.501,1.9079710144927537
6760,BOSTON ST @ FEDERAL ST,138,151.7,31.3,11883.100020734691,0.481,1.0992753623188405
6761,BOSTON ST @ MALL ST,138,328.8,31.3,11883.100020734691,0.481,2.382608695652174
6762,BOSTON ST @ PARK ST,138,374.2,31.3,11883.100020734691,0.481,2.7115942028985507
6764,BOSTON ST @ FRANKLIN ST,138,363.8,32.5,2229.600000640066,0.489,2.6362318840579713
6767,WASHINGTON ST @ WESTERN AVE,113,447.6,31.2,7072.39999496174,0.483,3.961061946902655
6769,WASHINGTON ST @ HANOVER ST,113,230.3,30.1,15243.499984938911,0.516,2.038053097345133
6771,WASHINGTON ST @ ESSEX ST,113,189.8,33.5,10491.499994643978,0.494,1.679646017699115
6773,MARKET ST @ TREMONT ST,626,1236.1,62.4,1695.3999993021832,0.453,1.9746006389776356
6780,N COMMON ST @ BAKER ST,403,685.9,62.4,1695.3999993021832,0.453,1.7019851116625309
6783,N COMMON ST @ PARK ST,403,928.4,29.8,12359.99996754552,0.492,2.3037220843672457
6822,S COMMON ST @ CAGGIANO PLAZA,407,1026.8,31.7,8125.400017035703,0.474,2.5228501228501226
6824,S COMMON ST @ BLOSSOM ST,407,753.3,31.7,8125.400017035703,0.474,1.8508599508599508
6827,S COMMON ST @ MARKET ST,545,990.7,62.4,1695.3999993021832,0.453,1.8177981651376147
6830,UNION ST @ SILSBEE ST,329,630.8,34.1,8698.200002741996,0.505,1.9173252279635258
6831,UNION ST @ SMITH ST,329,791.7,34.1,8698.200002741996,0.505,2.4063829787234043
6833,UNION ST @ PINKHAM ST,329,158.4,34.1,8698.200002741996,0.505,0.4814589665653496
6834,UNION ST @ CHESTNUT ST,329,596.7,32.2,10111.600011292854,0.512,1.8136778115501522
6835,OLIVE ST @ FAYETTE ST,25,8.0,32.2,10111.600011292854,0.512,0.32
6836,FAYETTE ST @ TRINITY AVE,25,4.5,32.2,10111.600011292854,0.512,0.18
6837,TRINITY AVE @ CHATHAM ST,25,23.0,30.7,11639.00003400832,0.493,0.92
6838,TIMSON ST @ BROOKLINE AVE,25,6.0,36.4,6162.30001437211,0.456,0.24
6839,86 TIMSON ST,25,7.0,30.7,11639.00003400832,0.493,0.28
6840,TIMSON ST @ EMPIRE ST,25,14.0,36.4,6162.30001437211,0.456,0.56
6841,TIMSON ST @ EASTERN AVE,25,7.0,36.4,6162.30001437211,0.456,0.28
6842,EASTERN AVE @ ESSEX ST,45,76.0,31.6,8766.899970262675,0.511,1.6888888888888889
6843,301 EASTERN AVE,45,1.0,31.6,8766.899970262675,0.511,0.022222222222222223
6844,EASTERN AVE @ MELVIN AVE,45,21.5,31.6,8766.899970262675,0.511,0.4777777777777778
6845,EASTERN AVE @ HERSCHEL ST,45,11.0,38.0,5111.200005987775,0.472,0.24444444444444444
6846,EASTERN AVE @ CLARK ST,45,23.0,36.2,8019.200017920726,0.478,0.5111111111111111
6847,EASTERN AVE @ HARVEST ST,45,19.0,38.0,5111.200005987775,0.472,0.4222222222222222
6848,EASTERN AVE @ ALDEN ST,45,49.5,35.8,6217.000011561182,0.494,1.1
6849,EASTERN AVE @ GLENWOOD ST,45,24.5,40.8,2958.30000122788,0.469,0.5444444444444444
6854,MAPLE ST @ EUCLID AVE,113,108.2,37.7,2484.499999236132,0.496,0.9575221238938053
6855,EUCLID AVE @ CLAYTON ST,113,17.7,41.1,3024.2000024079975,0.493,0.15663716814159293
6857,EUCLID AVE @ VERONA ST,113,33.4,40.5,1478.5000001015694,0.501,0.29557522123893804
6859,219 EUCLID AVE,113,25.0,40.5,1478.5000001015694,0.501,0.22123893805309736
6860,EUCLID AVE @ ROCKDALE AVE,113,44.2,45.5,3001.3999994031738,0.47,0.3911504424778761
6861,EUCLID AVE @ CLAIRMONT ST,113,4.5,40.5,1478.5000001015694,0.501,0.03982300884955752
6862,BROADWAY @ EUCLID AVE,113,133.9,38.8,3689.200006289141,0.486,1.1849557522123895
6863,BROADWAY @ WARWICK ST,113,12.4,38.8,3689.200006289141,0.486,0.10973451327433628
6900,CAMBRIDGE ST @ CHESTNUT AVE,256,5.0,43.8,1258.1999999302125,0.489,0.01953125
6902,CHESTNUT AVE @ CAMBRIDGE ST,509,932.0,43.2,1033.0999998101743,0.498,1.831041257367387
6941,MAIN ST @ MYRTLE ST,102,45.4,49.8,3282.6999991583953,0.481,0.44509803921568625
6942,226 MAIN ST OPP GREEN ST,102,71.8,40.5,2150.899999021846,0.497,0.7039215686274509
6943,MAIN ST @ WARREN AVE,102,31.0,40.5,2150.899999021846,0.497,0.30392156862745096
6944,MAIN ST @ RICHARDSON ST,102,36.7,40.0,1514.9000006330982,0.48,0.3598039215686275
6945,MAIN ST @ STODDARD ST,102,23.5,40.0,1514.9000006330982,0.48,0.23039215686274508
6946,MAIN ST @ LYDON CT,102,68.8,40.5,2150.899999021846,0.497,0.6745098039215686
6947,MAIN ST @ SHERIDAN CIRCLE,102,18.0,40.2,2355.8000006406173,0.475,0.17647058823529413
6948,MAIN ST @ HEMINGWAY ST,102,14.5,39.8,2861.10000148332,0.476,0.14215686274509803
6949,MAIN ST @ CANAL ST,102,76.3,40.2,2355.8000006406173,0.475,0.7480392156862745
6950,MAIN ST @ CLARK ST,102,66.9,39.8,2861.10000148332,0.476,0.6558823529411765
6951,MAIN ST @ LAKE ST,102,107.8,44.9,1953.9000003176327,0.462,1.0568627450980392
6952,MAIN ST @ VINE ST,102,85.6,44.9,1953.9000003176327,0.462,0.8392156862745097
6953,MAIN ST @ WASHINGTON ST,102,29.1,43.0,1940.2000007847212,0.497,0.28529411764705886
6954,MAIN ST @ MYSTIC AVE,102,5.0,43.0,1940.2000007847212,0.497,0.049019607843137254
6955,MAIN ST @ LINCOLNSHIRE WAY,102,1.8,43.0,1940.2000007847212,0.497,0.01764705882352941
6956,MAIN ST @ MADISON AVE WEST,102,3.4000000000000004,43.0,1940.2000007847212,0.497,0.03333333333333334
6957,MAIN ST @ RIDGEFIELD RD,102,13.4,42.5,1733.5000005652719,0.484,0.13137254901960785
6958,MAIN ST OPP HIGHLAND AVE,102,0.0,42.5,1733.5000005652719,0.484,0.0
6959,MAIN ST @ SOUTH GATEWAY,102,5.3,42.5,1733.5000005652719,0.484,0.051960784313725486
6961,WINTHROP ST OPP WINFORD WAY,94,3.4000000000000004,49.6,692.300000085469,0.487,0.03617021276595745
7094,TERMINAL C DEPARTURES LEVEL,20,68.4,31.2,10.499999999734177,0.494,3.4200000000000004
7096,AIRPORT STATION BUSWAY,737,10453.3,31.2,10.499999999734177,0.494,14.183582089552237
7100,DODGE ST @ ENON ST,30,1.0,42.6,770.3000000048936,0.479,0.03333333333333333
7101,ENON ST @ SUPER STOP + SHOP,30,57.5,42.6,770.3000000048936,0.479,1.9166666666666667
7102,DODGE ST @ SALEM RD,15,0.0,42.6,770.3000000048936,0.479,0.0
7103,DODGE ST @ RAYMOND AVE,15,0.0,42.6,770.3000000048936,0.479,0.0
7104,DODGE ST @ KING TERR,15,0.0,42.6,770.3000000048936,0.479,0.0
7105,DODGE ST OPP SHOPPING CTR,15,0.0,42.6,770.3000000048936,0.479,0.0
7106,DODGE ST @ CONANT ST,15,0.0,51.8,355.4999999591018,0.421,0.0
7107,DODGE ST @ CABOT ST,15,0.5,39.6,1903.7000012357037,0.484,0.03333333333333333
7109,CABOT ST @ NEW BALCH ST,15,0.0,39.6,1903.7000012357037,0.484,0.0
7110,CABOT ST OPP HILL ST,15,0.5,39.6,1903.7000012357037,0.484,0.03333333333333333
7111,CABOT ST OPP LEXINGTON DR,15,0.0,39.6,1903.7000012357037,0.484,0.0
7112,OPP 545 CABOT ST,15,0.0,39.6,1903.7000012357037,0.484,0.0
7113,CABOT ST @ COLUMBIA RD,15,0.0,39.6,1903.7000012357037,0.484,0.0
7114,CABOT ST @ BRADFORD RD,15,0.0,39.6,1903.7000012357037,0.484,0.0
7115,CABOT ST @ MEMORIAL SCHOOL,15,0.0,39.6,1903.7000012357037,0.484,0.0
7117,CABOT ST OPP KITTREDGE ST,15,0.0,36.9,896.5000003379923,0.493,0.0
7118,CABOT ST @ BALCH ST,15,0.0,31.7,2062.3000000212432,0.464,0.0
7120,CABOT ST OPP MASON ST,15,0.5,31.7,2062.3000000212432,0.464,0.03333333333333333
7121,CABOT ST @ BECKFORD ST,15,0.0,36.4,4093.899998215654,0.466,0.0
7123,CABOT ST OPP COLON ST,15,0.0,36.4,4093.899998215654,0.466,0.0
7124,RANTOUL ST @ CABOT ST,30,1.5,33.9,3690.3000026004966,0.505,0.05
7125,RANTOUL ST OPP LENOX ST,30,10.0,33.9,3690.3000026004966,0.505,0.3333333333333333
7126,ELLIOT ST @ RANTOUL ST,60,16.5,33.9,3690.3000026004966,0.505,0.275
7127,ELLIOT ST @ MECHANIC ST,60,0.0,33.9,3690.3000026004966,0.505,0.0
7128,CABOT ST @ ROUNDY ST,30,4.5,33.9,3690.3000026004966,0.505,0.15
7129,CABOT ST @ JUDSON ST,30,4.0,32.7,6431.199989929414,0.469,0.13333333333333333
7130,CABOT ST @ POND ST,30,0.0,38.4,3643.200003520889,0.434,0.0
7131,CABOT ST @ FEDERAL ST,30,3.5,32.7,6431.199989929414,0.469,0.11666666666666667
7132,CABOT ST @ VESTRY ST,30,6.5,38.4,3643.200003520889,0.434,0.21666666666666667
7133,CABOT ST @ RAILROAD AVE,30,0.0,34.2,7819.799983371641,0.489,0.0
7134,CABOT ST OPP MAY ST,30,9.5,43.2,4384.500004012705,0.458,0.31666666666666665
7135,46 CABOT ST,30,4.5,37.1,9272.199979138506,0.464,0.15
7136,CABOT ST @ RANTOUL ST,30,0.0,37.1,9272.199979138506,0.464,0.0
7138,BRIDGE ST @ THORNDIKE ST,30,7.5,36.8,2725.2000023753603,0.481,0.25
7139,BRIDGE ST @ SKERRY ST,30,2.0,36.8,2725.2000023753603,0.481,0.06666666666666667
7140,BRIDGE ST @ AMES ST,30,0.0,36.8,2725.2000023753603,0.481,0.0
7141,BRIDGE ST @ MARCH ST,30,3.5,36.8,2725.2000023753603,0.481,0.11666666666666667
7142,BRIDGE ST @ SAUNDERS ST,30,6.0,36.8,2725.2000023753603,0.481,0.2
7150,HAWTHORNE BLVD @ DERBY ST,30,11.0,45.7,4866.199994861458,0.44,0.36666666666666664
7162,BRIDGE ST @ CROMWELL ST,30,6.5,36.8,2725.2000023753603,0.481,0.21666666666666667
7163,BRIDGE ST @ OSGOOD ST,30,1.5,36.8,2725.2000023753603,0.481,0.05
7164,11 BRIDGE ST,30,6.5,36.8,2725.2000023753603,0.481,0.21666666666666667
7168,CABOT ST OPP HIGHLAND AVE,30,2.5,43.2,4384.500004012705,0.458,0.08333333333333333
7169,CABOT ST @ FRANKLIN PL,30,6.0,34.2,7819.799983371641,0.489,0.2
7170,CABOT ST @ THORNDIKE ST,30,0.5,34.2,7819.799983371641,0.489,0.016666666666666666
7172,CABOT ST @ DANE ST,30,1.5,32.7,6431.199989929414,0.469,0.05
7173,CABOT ST OPP ELLIOT ST,30,3.0,33.9,3690.3000026004966,0.505,0.1
7174,CABOT ST OPP CHESTNUT ST,30,0.0,33.9,3690.3000026004966,0.505,0.0
7175,CABOT ST OPP SUMMER ST,30,0.0,37.7,4129.300002060379,0.466,0.0
7176,CABOT ST @ PICKETT ST,30,0.0,33.9,3690.3000026004966,0.505,0.0
7177,CABOT ST @ RANTOUL ST,30,1.5,37.7,4129.300002060379,0.466,0.05
7178,CABOT ST OPP SIMON ST,15,1.5,36.4,4093.899998215654,0.466,0.1
7180,CABOT ST @ HERRICK ST,15,0.5,31.7,2062.3000000212432,0.464,0.03333333333333333
7181,CABOT ST OPP BALCH ST,15,0.0,31.7,2062.3000000212432,0.464,0.0
7182,CABOT ST @ RUSSELL ST,15,0.0,36.9,896.5000003379923,0.493,0.0
7183,497 CABOT ST,15,0.0,39.6,1903.7000012357037,0.484,0.0
7184,CABOT ST @ ROOSEVELT AVE,15,0.0,39.6,1903.7000012357037,0.484,0.0
7185,CABOT ST OPP COLUMBIA RD,15,0.0,39.6,1903.7000012357037,0.484,0.0
7186,545 CABOT ST,15,0.0,39.6,1903.7000012357037,0.484,0.0
7187,CABOT ST @ LEXINGTON DR,15,0.0,39.6,1903.7000012357037,0.484,0.0
7188,CABOT ST @ HILL ST,15,0.0,39.6,1903.7000012357037,0.484,0.0
7189,CABOT ST @ COUNTRY DR,15,0.0,39.6,1903.7000012357037,0.484,0.0
7190,DODGE ST @ LONGMEADOW RD,15,0.0,42.6,770.3000000048936,0.479,0.0
7191,DODGE ST OPP CONANT ST,15,1.0,42.6,770.3000000048936,0.479,0.06666666666666667
7192,DODGE ST @ LONGWOOD AVE,15,0.5,42.6,770.3000000048936,0.479,0.03333333333333333
7193,DODGE ST OPP RAYMOND AVE,15,0.0,42.6,770.3000000048936,0.479,0.0
7194,DODGE ST @ TOZER RD,15,0.0,42.6,770.3000000048936,0.479,0.0
7199,BROADWAY @ BAY STATE RD,113,48.9,40.5,1478.5000001015694,0.501,0.4327433628318584
7200,BROADWAY OPP COMMONWEALTH RD,113,11.6,40.5,1478.5000001015694,0.501,0.10265486725663717
7201,BROADWAY OPP MAYFAIR ST,113,0.30000000000000004,40.5,1478.5000001015694,0.501,0.0026548672566371685
7202,BROADWAY @ JENESS ST,113,15.9,38.8,3689.200006289141,0.486,0.1407079646017699
7205,EUCLID AVE @ CLAIRMONT ST,113,9.2,38.8,3689.200006289141,0.486,0.08141592920353982
7206,EUCLID AVE @ MAGNOLIA AVE,113,45.6,40.5,1478.5000001015694,0.501,0.40353982300884955
7208,EUCLID AVE @ PEARY AVE,113,31.4,40.5,1478.5000001015694,0.501,0.2778761061946903
7210,EUCLID AVE @ VERONA ST,113,24.2,40.5,1478.5000001015694,0.501,0.2141592920353982
7211,EUCLID AVE OPP CLAYTON ST,113,3.0,41.1,3024.2000024079975,0.493,0.02654867256637168
7212,EUCLID AVE OPP CHASE RD,113,18.2,41.1,3024.2000024079975,0.493,0.16106194690265485
7214,WAITT AVE @ PRESIDENT ST,30,22.5,36.8,5408.599988223958,0.512,0.75
7217,EASTERN AVE @ GLENWOOD ST,55,19.0,40.8,2958.30000122788,0.469,0.34545454545454546
7218,EASTERN AVE @ OAKWOOD AVE,55,35.0,35.8,6217.000011561182,0.494,0.6363636363636364
7219,460 EASTERN AVE,55,19.5,38.0,5111.200005987775,0.472,0.35454545454545455
7220,EASTERN AVE @ LAMBERT AVE,55,21.0,36.2,8019.200017920726,0.478,0.38181818181818183
7222,294 EASTERN AVE,55,18.5,31.6,8766.899970262675,0.511,0.33636363636363636
7223,EASTERN AVE @ SHELDON ST,55,32.5,31.6,8766.899970262675,0.511,0.5909090909090909
7225,TIMSON ST @ EMPIRE ST,25,10.5,36.4,6162.30001437211,0.456,0.42
7226,87 TIMSON ST,25,3.5,30.7,11639.00003400832,0.493,0.14
7227,TIMSON ST OPP BROOKLINE AVE,25,0.0,30.7,11639.00003400832,0.493,0.0
7228,TIMSON ST @ CHATHAM ST,25,10.5,30.7,11639.00003400832,0.493,0.42
7229,TRINITY AVE @ FAYETTE ST,25,4.5,30.7,11639.00003400832,0.493,0.18
7230,11 OLIVE ST,25,4.5,32.2,10111.600011292854,0.512,0.18
7233,UNION ST @ UNION CT,329,127.7,34.1,8698.200002741996,0.505,0.388145896656535
7234,UNION ST @ JOYCE ST,329,821.3,39.1,9986.69998847871,0.507,2.496352583586626
7240,WASHINGTON ST @ ESSEX ST,113,147.8,39.1,9986.69998847871,0.507,1.3079646017699116
7242,WASHINGTON ST @ BEACON HILL A,113,222.9,30.1,15243.499984938911,0.516,1.972566371681416
7245,WASHINGTON ST @ WESTERN AVE,113,395.8,31.2,7072.39999496174,0.483,3.5026548672566373
7246,WESTERN AVE @ LAWTON AVE,209,208.5,31.2,7072.39999496174,0.483,0.9976076555023924
7247,WESTERN AVE @ BELLAIR ST,209,81.8,31.2,7072.39999496174,0.483,0.39138755980861245
7248,WESTERN AVE @ NICHOLS AVE,209,1.0,31.2,7072.39999496174,0.483,0.004784688995215311
7249,WESTERN AVE @ BAYVIEW AVE,209,215.8,33.7,6607.5999988639705,0.503,1.0325358851674642
7250,WESTERN AVE @ LINDEN TERR,209,73.9,33.7,6607.5999988639705,0.503,0.3535885167464115
7251,WESTERN AVE @ ROCKINGHAM ST,209,72.2,33.7,6607.5999988639705,0.503,0.34545454545454546
7252,WESTERN AVE @ CHESTNUT ST,209,518.1,33.7,6607.5999988639705,0.503,2.4789473684210526
7253,CHESTNUT ST @ MAPLE ST,203,110.0,37.7,2484.499999236132,0.496,0.541871921182266
7254,CHESTNUT ST OPP RAND ST,203,122.4,33.7,6607.5999988639705,0.503,0.6029556650246306
7255,CHESTNUT ST OPP ALLERTON ST,203,69.4,40.5,3144.300000725817,0.487,0.34187192118226606
7256,BROADWAY @ CARTER RD,90,33.2,40.5,3144.300000725817,0.487,0.36888888888888893
7257,BROADWAY @ VIRGINIA TERR,90,9.0,40.5,3144.300000725817,0.487,0.1
7258,BROADWAY OPP HUDSON ST,90,27.9,40.5,3144.300000725817,0.487,0.31
7259,BROADWAY @ MAGNOLIA AVE,90,71.1,45.5,3001.3999994031738,0.47,0.7899999999999999
7260,BROADWAY OPP RICHARDSON RD,90,38.4,45.5,3001.3999994031738,0.47,0.42666666666666664
7263,EUCLID AVE @ BROADWAY,113,118.7,38.8,3689.200006289141,0.486,1.0504424778761061
7265,BROADWAY @ COMMONWEALTH RD,113,2.0,40.5,1478.5000001015694,0.501,0.017699115044247787
7266,BROADWAY @ BROADWAY CIRCLE,113,4.5,40.5,1478.5000001015694,0.501,0.03982300884955752
7267,44 BROADWAY,113,11.100000000000001,40.5,1478.5000001015694,0.501,0.09823008849557524
7268,BROADWAY @ BAY STATE RD,113,54.7,40.5,1478.5000001015694,0.501,0.48407079646017703
7270,LIBERTY TREE MALL @ BEST BUY,342,1012.6,44.0,936.2999997353771,0.467,2.9608187134502923
7288,BOSTON ST @ STETSON ST,113,80.4,31.2,7072.39999496174,0.483,0.7115044247787611
7289,BOSTON ST OPP STETSON ST,113,61.8,32.5,2229.600000640066,0.489,0.5469026548672566
7292,BROADWAY @ RICHARDSON RD,85,72.8,40.5,3144.300000725817,0.487,0.8564705882352941
7293,BROADWAY @ SPRINGVALE AVE,85,41.9,45.5,3001.3999994031738,0.47,0.4929411764705882
7294,BROADWAY @ HUDSON ST,85,4.0,40.5,3144.300000725817,0.487,0.047058823529411764
7295,BROADWAY OPP VIRGINIA TERR,85,6.8,40.5,3144.300000725817,0.487,0.08
7296,CHESTNUT ST @ BOSTON ST,198,39.4,40.5,3144.300000725817,0.487,0.198989898989899
7297,CHESTNUT ST @ ALLERTON ST,198,79.2,40.5,3144.300000725817,0.487,0.4
7298,CHESTNUT ST OPP POND ST,198,56.0,37.7,2484.499999236132,0.496,0.2828282828282828
7299,CHESTNUT ST @ MAPLE STREET,198,161.7,37.7,2484.499999236132,0.496,0.8166666666666667
7300,CHESTNUT ST @ WESTERN AVE,85,55.3,33.9,7669.700011544164,0.475,0.6505882352941176
7302,WESTERN AVE OPP LINDEN TERR,184,94.1,33.7,6607.5999988639705,0.503,0.5114130434782609
7303,WESTERN AVE OPP BAYVIEW AVE,184,249.1,33.7,6607.5999988639705,0.503,1.3538043478260868
7304,WESTERN AVE OPP NICHOLS AVE,184,6.2,31.2,7072.39999496174,0.483,0.03369565217391304
7305,WESTERN AVE @ GRANITE ST,184,82.6,31.2,7072.39999496174,0.483,0.44891304347826083
7306,WESTERN AVE @ LAWTON AVE,184,70.3,31.2,7072.39999496174,0.483,0.38206521739130433
7307,WESTERN AVE @ WASHINGTON ST,184,638.4,31.2,7072.39999496174,0.483,3.4695652173913043
7308,WESTERN AVE @ FRANKLIN ST,184,186.2,31.2,7072.39999496174,0.483,1.0119565217391304
7309,FRANKLIN ST @ ALBANY ST,138,304.7,31.2,7072.39999496174,0.483,2.2079710144927533
7310,FRANKLIN ST @ BAKER ST,138,33.2,29.8,17302.599974674213,0.488,0.24057971014492754
7311,FRANKLIN ST @ HANOVER ST,138,235.9,33.5,10491.499994643978,0.494,1.7094202898550726
7312,FRANKLIN ST @ N COMMON ST,138,220.0,33.5,10491.499994643978,0.494,1.5942028985507246
7313,CHESTNUT ST @ ESSEX ST,90,113.5,31.6,11040.00003764459,0.507,1.261111111111111
7314,CHESTNUT ST OPP CHESTNUT AVE,90,63.1,31.6,11040.00003764459,0.507,0.7011111111111111
7315,CHESTNUT ST @ ADAMS ST,90,110.6,30.8,8387.50002240724,0.485,1.228888888888889
7316,CHESTNUT ST OPP EADE ST,90,39.7,30.8,8387.50002240724,0.485,0.4411111111111111
7317,CHESTNUT ST @ GOODRIDGE ST,90,166.0,30.8,8387.50002240724,0.485,1.8444444444444446
7318,CHESTNUT ST @ CLOUGH ST,90,62.1,33.9,7669.700011544164,0.475,0.6900000000000001
7319,CHESTNUT ST @ WESTERN AVE,90,77.4,33.9,7669.700011544164,0.475,0.8600000000000001
7320,LYNNFIELD ST OPP FLOYD AVE,90,40.5,38.4,1756.8000003431596,0.489,0.45
7324,153 LYNNFIELD ST,90,3.4,38.4,1756.8000003431596,0.489,0.03777777777777778
7327,LYNNFIELD ST @ KERNWOOD DR,90,39.8,45.2,2276.200000197664,0.481,0.4422222222222222
7328,LYNNFIELD ST OPP TREVETT AVE,90,16.1,44.1,1924.5000000198402,0.483,0.1788888888888889
7330,LYNNFIELD ST @ WOODALE RD,90,19.7,45.4,1589.89999952332,0.481,0.21888888888888888
7331,LYNNFIELD ST OPP LEBEL RD,90,2.0,44.1,1924.5000000198402,0.483,0.022222222222222223
7332,LYNNFIELD ST @ HARRIS RD,90,33.1,44.1,1924.5000000198402,0.483,0.3677777777777778
7334,LYNNFIELD ST OPP UNION HOSPIT,90,61.2,44.1,1924.5000000198402,0.483,0.68
7335,LYNNFIELD ST OPP STOCKER AVE,90,1.0,45.4,1589.89999952332,0.481,0.011111111111111112
7336,LYNNFIELD ST OPP GALLO RD,90,12.0,45.4,1589.89999952332,0.481,0.13333333333333333
7337,LYNNFIELD ST @ TUSCAN RD,90,55.9,45.4,1589.89999952332,0.481,0.6211111111111111
7338,715 LYNNFIELD ST,90,8.5,48.8,219.29999998650462,0.485,0.09444444444444444
7339,LYNNFIELD ST @ COBB LN,90,27.1,48.8,219.29999998650462,0.485,0.3011111111111111
7340,LYNNFIELD ST OPP LOOKOUT TERR,90,45.4,48.8,219.29999998650462,0.485,0.5044444444444445
7341,LYNNFIELD ST @ LOOKOUT TERR,85,45.5,48.8,219.29999998650462,0.485,0.5352941176470588
7342,LYNNFIELD ST @ BRADFORD RD,85,2.0,48.8,219.29999998650462,0.485,0.023529411764705882
7343,724 LYNNFIELD ST,85,11.7,48.8,219.29999998650462,0.485,0.1376470588235294
7344,LYNNFIELD ST @ REGINA RD,85,57.3,45.4,1589.89999952332,0.481,0.6741176470588235
7345,LYNNFIELD ST @ GALLO RD,85,23.0,45.4,1589.89999952332,0.481,0.27058823529411763
7346,LYNNFIELD ST @ DARTMOUTH ST,85,15.3,45.4,1589.89999952332,0.481,0.18000000000000002
7348,LYNNFIELD ST OPP HARRIS RD,85,36.9,44.1,1924.5000000198402,0.483,0.4341176470588235
7349,LYNNFIELD ST @ LEBEL RD,85,0.0,45.4,1589.89999952332,0.481,0.0
7350,LYNNFIELD ST @ ALLSTON ST,85,19.0,44.1,1924.5000000198402,0.483,0.2235294117647059
7352,LYNNFIELD ST @ TREVETT AVE,85,25.6,44.1,1924.5000000198402,0.483,0.3011764705882353
7353,LYNNFIELD ST @ VERDMONT AVE,85,31.9,45.2,2276.200000197664,0.481,0.37529411764705883
7355,155 LYNNFIELD ST,85,3.5,38.4,1756.8000003431596,0.489,0.041176470588235294
7356,126 LYNNFIELD ST,85,0.0,38.4,1756.8000003431596,0.489,0.0
7357,LYNNFIELD ST @ AVERILL ST,85,4.4,38.4,1756.8000003431596,0.489,0.05176470588235295
7359,LYNNFIELD ST @ FLOYD AVE,85,44.0,38.4,1756.8000003431596,0.489,0.5176470588235295
7369,CHESTNUT ST @ GRANT ST,85,94.5,33.9,7669.700011544164,0.475,1.111764705882353
7370,CHESTNUT ST @ ALLEN AVE,85,135.3,33.7,6607.5999988639705,0.503,1.591764705882353
7371,390 CHESTNUT ST,90,38.8,30.8,8387.50002240724,0.485,0.43111111111111106
7372,CHESTNUT ST @ ADAMS ST,90,75.6,30.8,8387.50002240724,0.485,0.84
7373,CHESTNUT ST @ CHESTNUT AVE,90,47.7,31.6,11040.00003764459,0.507,0.53
7374,CHESTNUT ST @ ESSEX ST,90,120.6,31.6,11040.00003764459,0.507,1.3399999999999999
7376,SUMMER ST @ LINDEN ST,159,146.4,34.8,3039.1999977006835,0.49,0.9207547169811321
7377,SUMMER ST OPP MARGIN ST,159,47.8,37.0,3730.20000217299,0.496,0.30062893081761005
7378,SUMMER ST OPP DEARBORN AVE,159,2.5,37.0,3730.20000217299,0.496,0.015723270440251572
7379,SUMMER ST @ RADDIN GROVE AVE,159,92.2,35.4,4529.499993913014,0.493,0.579874213836478
7380,787 SUMMER ST,159,45.0,37.0,3730.20000217299,0.496,0.2830188679245283
7381,817 SUMMER ST,159,0.0,37.0,3730.20000217299,0.496,0.0
7382,SUMMER ST @ BOSTON ST,159,409.6,35.4,4529.499993913014,0.493,2.576100628930818
7383,BOSTON ST @ NORTHSIDE AVE,159,57.9,37.0,3730.20000217299,0.496,0.3641509433962264
7384,BOSTON ST @ WINNEPURKIT AVE,159,123.4,37.0,3730.20000217299,0.496,0.7761006289308177
7386,BOSTON ST @ HAMILTON ST,159,120.6,36.1,4207.500003860092,0.465,0.7584905660377358
7388,LINCOLN AVE @ VINCENT ST,159,75.9,39.2,423.2999999284931,0.496,0.4773584905660378
7390,LINCOLN AVE @ CHESTNUT ST,174,85.8,39.2,423.2999999284931,0.496,0.49310344827586206
7391,LINCOLN AVE OPP DUDLEY ST,174,31.3,45.7,1636.9999991357017,0.476,0.17988505747126438
7392,LINCOLN AVE OPP GUILD RD,174,25.3,45.7,1636.9999991357017,0.476,0.1454022988505747
7393,LINCOLN AVE @ OVERLEA AVE,174,0.0,45.7,1636.9999991357017,0.476,0.0
7394,LINCOLN AVE OPP BRISTOW ST,174,78.1,45.7,1636.9999991357017,0.476,0.44885057471264367
7395,LINCOLN AVE @ ATLANTIC AVE,174,114.4,45.7,1636.9999991357017,0.476,0.6574712643678161
7396,LINCOLN AVE OPP NASON RD,174,13.3,42.7,2446.700000490121,0.502,0.07643678160919541
7397,LINCOLN AVE OPP SUNNYSIDE PK,174,11.4,42.7,2446.700000490121,0.502,0.06551724137931035
7398,LINCOLN AVE @ INTERVALE AVE,174,21.1,44.2,2799.8999984103793,0.491,0.12126436781609196
7399,LINCOLN AVE @ CENTRAL ST,174,95.8,42.7,2446.700000490121,0.502,0.5505747126436782
7400,LINCOLN AVE @ OAK HILL RD,274,71.1,44.2,2799.8999984103793,0.491,0.2594890510948905
7401,LINCOLN AVE @ JACKSON ST,274,306.1,39.2,3469.100002933517,0.479,1.1171532846715329
7403,LINCOLN AVE @ LINWOOD ST,287,142.0,39.2,3469.100002933517,0.479,0.49477351916376305
7404,LINCOLN AVE @ LAUREL ST,287,41.8,41.8,2734.5999992957627,0.481,0.1456445993031359
7405,SALEM ST @ CLIFTON ST,287,11.0,41.8,2734.5999992957627,0.481,0.03832752613240418
7407,SALEM ST @ WALNUT ST,287,107.9,42.5,1619.6000008765536,0.497,0.3759581881533101
7408,SALEM ST @ WAITT CT,287,105.1,42.5,1619.6000008765536,0.497,0.3662020905923345
7409,SALEM ST @ CUTLER HWY,287,312.4,42.5,1619.6000008765536,0.497,1.0885017421602787
7410,LYNN ST @ LAWRENCE ST,543,160.70000000000002,42.5,1619.6000008765536,0.497,0.2959484346224678
7411,LYNN ST @ OLIVER ST,543,217.6,38.8,4796.699996943241,0.491,0.4007366482504604
7412,LYNN ST @ BEACH ST,1405,5618.1,38.3,1669.9000008918067,0.503,3.9986476868327405
7413,BEACH ST @ HANCOCK RD,582,208.1,39.5,1192.4999995127596,0.464,0.3575601374570447
7414,SQUIRE RD @ SUPER STOP + SHOP,505,268.7,43.3,3234.5000014367197,0.481,0.5320792079207921
7415,SQUIRE RD OPP SUPER STOP + SH,510,220.4,33.7,800.9000001456134,0.526,0.43215686274509807
7417,WESLEY ST @ LYNN ST,965,2872.8,39.5,1192.4999995127596,0.464,2.97699481865285
7418,LYNN ST OPP REVERE ST,341,103.1,38.8,4796.699996943241,0.491,0.30234604105571844
7419,LYNN ST @ SPRING ST,341,138.0,42.5,1619.6000008765536,0.497,0.4046920821114369
7420,SALEM ST @ WAITT PK,292,155.4,42.5,1619.6000008765536,0.497,0.5321917808219179
7422,SALEM ST @ MARSHALL ST N,292,29.0,42.5,1619.6000008765536,0.497,0.09931506849315068
7423,SALEM ST OPP CLIFTON ST,292,25.4,42.5,1619.6000008765536,0.497,0.086986301369863
7424,LINCOLN AVE OPP LAUREL ST,292,41.8,41.8,2734.5999992957627,0.481,0.14315068493150684
7426,LINCOLN AVE @ WESTERN AVE,292,107.8,39.2,3469.100002933517,0.479,0.36917808219178083
7427,LINCOLN AVE @ LINCOLN CT,292,82.5,41.8,2734.5999992957627,0.481,0.2825342465753425
7428,LINCOLN AVE @ ESSEX ST,118,1.5,41.8,2734.5999992957627,0.481,0.012711864406779662
7429,LINCOLN AVE @ CLIFTONDALE SQ,274,266.8,39.2,3469.100002933517,0.479,0.9737226277372263
7430,LINCOLN AVE OPP KENT ST,274,219.5,39.2,3469.100002933517,0.479,0.801094890510949
7431,LINCOLN AVE @ MORTON AVE,174,44.2,44.2,2799.8999984103793,0.491,0.2540229885057471
7432,LINCOLN AVE @ SUNNYSIDE PK,174,6.0,42.7,2446.700000490121,0.502,0.034482758620689655
7433,LINCOLN AVE @ NASON RD,174,7.5,42.7,2446.700000490121,0.502,0.04310344827586207
7434,LINCOLN AVE OPP ATLANTIC AVE,174,73.0,45.7,1636.9999991357017,0.476,0.41954022988505746
7435,LINCOLN AVE @ BRISTOW ST,174,136.8,45.7,1636.9999991357017,0.476,0.7862068965517242
7436,LINCOLN AVE OPP OVERLEA AVE,174,0.0,45.7,1636.9999991357017,0.476,0.0
7437,LINCOLN AVE @ GUILD RD,174,32.9,45.7,1636.9999991357017,0.476,0.18908045977011492
7438,LINCOLN AVE @ BATES ST,174,39.5,45.7,1636.9999991357017,0.476,0.22701149425287356
7439,LINCOLN AVE @ BALLARD ST,159,88.9,39.2,423.2999999284931,0.496,0.5591194968553459
7440,60 LINCOLN AVE,159,13.7,39.2,423.2999999284931,0.496,0.08616352201257861
7441,LINCOLN AVE @ VINCENT ST,159,42.4,41.3,2590.199998130034,0.482,0.26666666666666666
7442,30 LINCOLN AVE,159,20.9,41.3,2590.199998130034,0.482,0.13144654088050314
7443,BOSTON ST OPP HAMILTON ST,159,127.7,36.1,4207.500003860092,0.465,0.8031446540880504
7445,BOSTON ST @ BROWNS AVE,159,88.9,36.1,4207.500003860092,0.465,0.5591194968553459
7446,BOSTON ST @ SOUTHSIDE AVE,179,80.7,37.0,3730.20000217299,0.496,0.45083798882681564
7447,SUMMER ST @ BOSTON ST,179,153.0,35.4,4529.499993913014,0.493,0.8547486033519553
7448,SUMMER ST @ DEER PK,179,75.4,37.0,3730.20000217299,0.496,0.42122905027932966
7449,SUMMER ST @ AMES ST,179,53.4,37.0,3730.20000217299,0.496,0.29832402234636873
7450,SUMMER ST @ DEARBORN AVE,179,57.3,37.0,3730.20000217299,0.496,0.3201117318435754
7451,SUMMER ST @ MARGIN ST,179,33.8,37.0,3730.20000217299,0.496,0.1888268156424581
7452,SUMMER ST @ RIVER ST,179,199.8,34.8,3039.1999977006835,0.49,1.1162011173184359
7464,WINTER ST @ CHESTNUT ST,15,6.0,41.3,2590.199998130034,0.482,0.4
7465,WINTER ST @ STOCKER ST,15,7.5,41.3,2590.199998130034,0.482,0.5
7467,WINTER ST OPP WESTLAND AVE,15,7.5,41.3,2590.199998130034,0.482,0.5
7469,WINTER ST OPP KENWOOD AVE,15,4.5,43.1,1498.2000001730678,0.48,0.3
7471,WINTER ST OPP E DENVER ST,15,3.0,45.2,2337.2999983367004,0.498,0.2
7472,WINTER ST @ CENTRAL ST,15,0.0,43.1,1498.2000001730678,0.48,0.0
7474,CENTRAL ST @ HAMILTON ST,215,316.5,52.2,2027.9000008821715,0.464,1.472093023255814
7475,MAIN ST @ SUMMER ST,15,12.0,48.2,1099.09999984365,0.463,0.8
7476,59 MAIN ST,15,0.0,48.2,1099.09999984365,0.463,0.0
7477,MAIN ST @ NEWHALL AVE,15,0.0,52.2,2027.9000008821715,0.464,0.0
7478,MAIN ST @ VINE ST,15,0.0,52.2,2027.9000008821715,0.464,0.0
7481,OPP 190 MAIN ST,15,6.0,42.8,1498.5999993658197,0.47,0.4
7482,555 PLEASANT ST,30,9.0,36.6,2208.9000001159943,0.479,0.3
7484,MAIN ST @ FOREST ST,15,6.0,43.4,811.7999999309249,0.49,0.4
7485,291 MAIN ST,15,0.0,43.4,811.7999999309249,0.49,0.0
7486,MAIN ST @ LYNN FELLS PKWY,15,12.0,42.8,1498.5999993658197,0.47,0.8
7497,BEAVER ST OPP FOREST ST,30,3.5,20.5,1055.9000000190701,0.573,0.11666666666666667
7498,BEAVER ST @ FIELD RD,30,2.5,20.5,1055.9000000190701,0.573,0.08333333333333333
7502,SUMMER ST @ APPLETON ST,99,5.0,48.2,1099.09999984365,0.463,0.050505050505050504
7503,SUMMER ST @ FISKE RD,99,8.9,48.2,1099.09999984365,0.463,0.08989898989898991
7504,32 SUMMER ST OPP PROSPECT ST,99,1.0,48.2,1099.09999984365,0.463,0.010101010101010102
7505,SUMMER ST OPP PARKER ST,99,4.5,48.2,1099.09999984365,0.463,0.045454545454545456
7506,MAIN ST OPP SUMMER ST,15,0.0,48.2,1099.09999984365,0.463,0.0
7507,CENTRAL ST @ VERMONT AVE,100,12.5,45.2,2337.2999983367004,0.498,0.125
7508,CENTRAL ST @ DENVER ST,100,37.0,52.2,2027.9000008821715,0.464,0.37
7510,CENTRAL ST OPP ASSEMBLY AVE,100,7.5,45.2,2337.2999983367004,0.498,0.075
7511,CENTRAL ST @ KNOWLES AVE,100,3.0,45.2,2337.2999983367004,0.498,0.03
7513,CENTRAL ST @ STILL DR,100,24.0,42.7,2446.700000490121,0.502,0.24
7515,CENTRAL ST @ LINCOLN AVE,100,32.0,39.2,3469.100002933517,0.479,0.32
7516,ESSEX ST @ STAAF RD,218,94.4,39.2,3469.100002933517,0.479,0.43302752293577984
7517,ESSEX ST @ GROVE ST,218,44.0,39.2,3469.100002933517,0.479,0.2018348623853211
7518,ESSEX ST OPP ANAWAN AVE,218,30.8,42.3,1420.6000004353734,0.487,0.14128440366972478
7519,ESSEX ST @ PUTNAM ST,118,0.0,42.3,1420.6000004353734,0.487,0.0
7520,177 ESSEX ST OPP FELTON ST,218,49.2,42.3,1420.6000004353734,0.487,0.22568807339449543
7521,209 ESSEX ST OPP PLEASANT AVE,218,21.3,42.3,1420.6000004353734,0.487,0.09770642201834863
7522,VINE ST @ CRESCENT AVE,218,58.0,42.3,1420.6000004353734,0.487,0.26605504587155965
7523,VINE ST @ BEECH ST,218,47.4,52.2,2027.9000008821715,0.464,0.21743119266055044
7525,VINE ST @ TALBOT ST,218,222.5,52.2,2027.9000008821715,0.464,1.0206422018348624
7529,SQUARE ONE MALL @ SEARS,371,1814.2,43.4,811.7999999309249,0.49,4.890026954177897
7532,1715 BROADWAY,100,75.5,43.4,811.7999999309249,0.49,0.755
7534,BROADWAY @ BLUE HILL AVE,100,24.5,32.5,4270.400000690941,0.493,0.245
7536,BROADWAY @ ELWELL ST,204,310.0,32.5,4270.400000690941,0.493,1.5196078431372548
7537,522 BROADWAY @ CLIFFSIDE COMM,204,222.0,34.7,4042.4000004573763,0.465,1.088235294117647
7539,380 BROADWAY,204,3.5,37.2,5280.099987894146,0.504,0.01715686274509804
7540,BROADWAY @ MINGO ST,204,126.0,37.2,5280.099987894146,0.504,0.6176470588235294
7541,BROADWAY OPP MINGO ST,203,243.1,37.2,5280.099987894146,0.504,1.1975369458128078
7542,BROADWAY @ RIDGE HILL AVE,203,179.2,39.7,5475.499995522596,0.477,0.8827586206896552
7543,BROADWAY OPP CLIFFSIDE COMMON,203,61.9,32.4,8273.099991498118,0.512,0.3049261083743842
7545,BROADWAY @ CENTRAL AVE,203,334.4,32.4,8273.099991498118,0.512,1.6472906403940886
7547,665 BROADWAY,105,26.5,32.5,4270.400000690941,0.493,0.2523809523809524
7548,BROADWAY @ A ST,105,18.0,32.5,4270.400000690941,0.493,0.17142857142857143
7550,1450 BROADWAY,105,79.0,42.3,1420.6000004353734,0.487,0.7523809523809524
7555,VINE ST @ TALBOT ST,70,29.0,52.2,2027.9000008821715,0.464,0.4142857142857143
7557,VINE ST OPP BEECH ST,93,39.9,52.2,2027.9000008821715,0.464,0.4290322580645161
7559,ESSEX ST OPP VINE ST,213,114.4,42.3,1420.6000004353734,0.487,0.5370892018779343
7560,ESSEX ST @ PLEASANT AVE,213,21.7,42.3,1420.6000004353734,0.487,0.10187793427230046
7561,ESSEX ST @ FELTON ST,213,63.9,42.3,1420.6000004353734,0.487,0.3
7562,ESSEX ST @ HOOD ST,213,8.9,42.3,1420.6000004353734,0.487,0.04178403755868545
7564,ESSEX ST OPP GROVE ST,213,27.9,39.2,3469.100002933517,0.479,0.13098591549295774
7565,78 ESSEX ST,113,10.7,39.2,3469.100002933517,0.479,0.09469026548672566
7566,ESSEX ST OPP STAAF RD,213,79.6,39.2,3469.100002933517,0.479,0.3737089201877934
7567,480 CENTRAL ST OPP STILL DR,100,21.0,42.7,2446.700000490121,0.502,0.21
7569,CENTRAL ST @ CRIMSON CT,100,10.5,45.2,2337.2999983367004,0.498,0.105
7570,CENTRAL ST @ ASSEMBLY DR,100,17.5,45.2,2337.2999983367004,0.498,0.175
7572,CENTRAL ST OPP DENVER ST,100,26.5,52.2,2027.9000008821715,0.464,0.265
7573,CENTRAL ST OPP PARKER ST,99,0.5,45.1,1681.5000003197483,0.482,0.005050505050505051
7575,CENTRAL ST OPP PLEASANT ST,99,6.0,45.1,1681.5000003197483,0.482,0.06060606060606061
7576,APPLETON ST @ HULL DR,99,37.0,48.2,1099.09999984365,0.463,0.37373737373737376
7578,BEAVER ST @ WAVERLEY OAKS RD,30,1.0,20.5,1055.9000000190701,0.573,0.03333333333333333
7579,BEAVER ST @ WARREN ST,30,2.0,42.2,2511.200001526528,0.486,0.06666666666666667
7580,570 PLEASANT ST,35,1.5,36.6,2208.9000001159943,0.479,0.04285714285714286
7582,MAIN ST @ LYNN FELLS PKWY,15,12.5,42.8,1498.5999993658197,0.47,0.8333333333333334
7583,288 MAIN ST,15,5.5,43.4,811.7999999309249,0.49,0.36666666666666664
7585,MAIN ST OPP FOREST ST,15,6.5,43.4,811.7999999309249,0.49,0.43333333333333335
7587,190 MAIN ST,15,3.0,42.8,1498.5999993658197,0.47,0.2
7591,78 MAIN ST,15,0.0,52.2,2027.9000008821715,0.464,0.0
7595,WINTER ST @ CENTRAL ST,15,0.0,45.2,2337.2999983367004,0.498,0.0
7596,WINTER ST @ E DENVER ST,15,7.5,45.2,2337.2999983367004,0.498,0.5
7598,WINTER ST @ KENWOOD AVE,15,3.0,43.1,1498.2000001730678,0.48,0.2
7600,SOUTH ST @ ANGLESIDE RD,220,332.0,34.5,1515.299999621796,0.486,1.509090909090909
7602,SOUTH ST OPP BRANDEIS UNIV EN,110,43.5,19.9,3950.900003081634,0.381,0.39545454545454545
7603,SOUTH ST @ SHAPIRO ATHLETIC C,110,55.0,25.7,1229.3999996064888,0.47,0.5
7605,SOUTH ST @ DARTMOUTH ST,110,20.0,30.4,4276.399997882619,0.518,0.18181818181818182
7606,WINTER ST @ WESTLAND AVE,15,14.5,41.3,2590.199998130034,0.482,0.9666666666666667
7608,WINTER ST OPP STOCKER ST,15,7.0,41.3,2590.199998130034,0.482,0.4666666666666667
7609,WINTER ST @ CHESTNUT ST,15,0.0,41.3,2590.199998130034,0.482,0.0
7617,RIVER ST @ JAMES ST,140,32.0,41.9,3003.7999995226296,0.473,0.22857142857142856
7618,RIVER ST @ PINE ST,140,13.0,41.3,1863.0000003515834,0.481,0.09285714285714286
7619,RIVER ST OPP MAGUE ST,140,9.0,41.9,3003.7999995226296,0.473,0.06428571428571428
7620,37 ELM ST,140,28.5,40.0,2403.3000009864973,0.469,0.20357142857142857
7621,ELM ST @ WEBSTER ST,140,106.5,40.0,2403.3000009864973,0.469,0.7607142857142857
7623,WASHINGTON ST @ SHAW ST,140,54.5,40.0,2159.6000011141855,0.487,0.3892857142857143
7625,WASHINGTON ST @ CHESTNUT ST,140,102.0,40.0,2159.6000011141855,0.487,0.7285714285714285
7626,WASHINGTON ST OPP CROSS ST,140,0.0,45.9,2646.9999998216686,0.485,0.0
7627,WASHINGTON ST OPP EDDY ST,140,21.5,45.9,2646.9999998216686,0.485,0.15357142857142858
7629,WASHINGTON ST OPP WALKER ST,140,12.0,43.6,2610.8999987905636,0.476,0.08571428571428572
7630,WASHINGTON ST @ LOWELL AVE,140,57.0,43.6,2610.8999987905636,0.476,0.40714285714285714
7631,WASHINGTON ST @ WALNUT ST,185,343.5,35.8,2365.8000010504347,0.48,1.8567567567567567
7632,WASHINGTON ST @ HARVARD ST,185,47.5,35.8,2365.8000010504347,0.48,0.25675675675675674
7633,WASHINGTON ST @ LEWIS TERR,185,60.5,35.8,2365.8000010504347,0.48,0.327027027027027
7634,WASHINGTON ST @ JEWETT ST,220,29.5,40.8,2329.999997396933,0.488,0.1340909090909091
7635,WASHINGTON ST @ CHURCH ST,220,57.0,34.4,4288.2999946303025,0.479,0.2590909090909091
7640,WASHINGTON ST @ HOVEY ST,205,59.0,34.4,4288.2999946303025,0.479,0.28780487804878047
7641,WASHINGTON ST @ JEWETT ST,205,10.5,40.8,2329.999997396933,0.488,0.05121951219512195
7642,WASHINGTON ST @ ADAMS ST,175,65.0,35.8,2365.8000010504347,0.48,0.37142857142857144
7643,WASHINGTON ST @ CRAFT ST,175,106.0,35.8,2365.8000010504347,0.48,0.6057142857142858
7644,WASHINGTON ST @ COURT ST,175,42.5,35.8,2365.8000010504347,0.48,0.24285714285714285
7645,WASHINGTON ST @ WALNUT ST,140,270.0,35.8,2365.8000010504347,0.48,1.9285714285714286
7646,WASHINGTON ST @ WALKER ST,140,19.0,43.6,2610.8999987905636,0.476,0.1357142857142857
7647,WASHINGTON ST @ EDDY ST,140,18.0,45.9,2646.9999998216686,0.485,0.12857142857142856
7648,WASHINGTON ST @ CROSS ST,140,25.0,45.9,2646.9999998216686,0.485,0.17857142857142858
7649,WASHINGTON ST @ ARMORY ST,140,37.5,45.9,2646.9999998216686,0.485,0.26785714285714285
7650,WASHINGTON ST @ WATERTOWN ST,140,61.0,45.9,2646.9999998216686,0.485,0.4357142857142857
7651,WASHINGTON ST @ CHERRY ST,140,91.0,40.0,2159.6000011141855,0.487,0.65
7653,ELM ST @ WEBSTER ST,140,39.0,40.0,2403.3000009864973,0.469,0.2785714285714286
7654,ELM ST @ RIVER ST,140,22.0,40.0,2403.3000009864973,0.469,0.15714285714285714
7655,RIVER ST @ MAGUE AVE,140,15.0,40.0,2403.3000009864973,0.469,0.10714285714285714
7656,RIVER ST @ SHERIDAN ST,140,17.5,41.3,1863.0000003515834,0.481,0.125
7657,RIVER ST @ JAMES ST,140,6.0,41.9,3003.7999995226296,0.473,0.04285714285714286
7658,RIVER ST @ LEXINGTON ST,140,31.5,41.3,1863.0000003515834,0.481,0.225
7659,LEXINGTON ST @ WHITLOWE RD,230,27.0,41.9,3003.7999995226296,0.473,0.11739130434782609
7660,MOODY ST @ ROBBINS ST,230,70.0,33.6,9044.70001146616,0.546,0.30434782608695654
7670,HOPE AVE @ BOSTON CHILDREN'S,110,37.0,25.7,1229.3999996064888,0.47,0.33636363636363636
7696,BEAVER ST @ HOLLACE ST,30,6.5,42.2,2511.200001526528,0.486,0.21666666666666667
7697,BEAVER ST @ WAVERLEY OAK RD,30,3.0,45.2,1318.0999996989005,0.493,0.1
7698,BEAVER ST @ FOREST ST,30,2.5,20.5,1055.9000000190701,0.573,0.08333333333333333
7699,BEAVER ST OPP FIELD RD,30,8.5,20.5,1055.9000000190701,0.573,0.2833333333333333
7700,BEAVER ST @ VALLEY VIEW RD,30,4.5,52.9,484.20000008022254,0.446,0.15
7705,WARREN ST @ BROOKLINE ST,30,0.5,42.2,2511.200001526528,0.486,0.016666666666666666
7709,LEXINGTON ST @ SYCAMORE ST,30,1.0,39.5,5311.999997830453,0.457,0.03333333333333333
7710,LEXINGTON ST @ BURNHAM ST,30,5.0,39.5,5311.999997830453,0.457,0.16666666666666666
7711,LEXINGTON ST @ BELMONT ST,30,2.5,39.5,5311.999997830453,0.457,0.08333333333333333
7713,WARREN ST @ WAVERLEY ST,30,9.5,42.2,2511.200001526528,0.486,0.31666666666666665
7718,BACON ST @ ATHLETIC FIELD RD,103,22.3,36.2,2917.0999967731973,0.524,0.21650485436893205
7721,DALE ST OPP CAUGHEY ST,35,3.0,45.3,1023.4000001865782,0.505,0.08571428571428572
7722,DALE ST @ CLAREMONT ST,35,1.0,45.3,1023.4000001865782,0.505,0.02857142857142857
7723,TOMLIN ST @ DALE ST,35,2.5,45.3,1023.4000001865782,0.505,0.07142857142857142
7724,TOMLIN ST @ SUMMIT ST,80,73.0,45.3,1023.4000001865782,0.505,0.9125
7738,WALTHAM ST @ BONITA ST,45,1.0,40.0,3845.2000043582084,0.479,0.022222222222222223
7739,WALTHM ST @ LODGE RD,45,7.0,40.0,3845.2000043582084,0.479,0.15555555555555556
7740,CRAFTS ST @ WALTHAM ST,45,17.0,43.4,2874.2999972168363,0.479,0.37777777777777777
7741,CRAFTS ST @ ALBEMARLE RD,45,8.5,42.5,2060.500001612353,0.498,0.18888888888888888
7743,CRAFTS ST @ CALIFORNIA ST,45,3.0,42.9,2322.500001698914,0.499,0.06666666666666667
7744,WALNUT ST @ LINWOOD AVE,45,10.0,43.6,2610.8999987905636,0.476,0.2222222222222222
7752,HIGH ST @ HAMBLIN RD,35,8.5,34.1,2498.3000012456673,0.516,0.24285714285714285
7753,HIGH ST @ PAMENTER RD,35,9.0,37.0,5410.799992460556,0.47,0.2571428571428571
7754,HIGH ST @ NEWTON ST,35,2.0,31.4,6788.500011701298,0.531,0.05714285714285714
7755,HIGH ST @ HALL ST,35,6.0,34.1,7061.999983977541,0.561,0.17142857142857143
7761,MASSACHUSETTS AVE OPP FOREST,50,28.5,47.7,1242.7000004832723,0.494,0.57
7762,WORTHEN RD @ HAYDEN REC CTR,112,24.4,46.2,952.1000002174707,0.486,0.21785714285714283
7763,WORTHEN RD @ WALTHAM ST,112,36.9,46.2,952.1000002174707,0.486,0.3294642857142857
7774,LEXINGTON ST @ BROOKWAY RD,103,396.8,31.1,4014.5999987384407,0.51,3.8524271844660194
7775,TRAPELO RD @ LEITHA DR,103,19.9,46.6,1420.0000007615142,0.457,0.1932038834951456
7776,TRAPELO RD @ SHEFFIELD RD,103,16.3,44.9,1680.5000005485383,0.494,0.15825242718446603
7778,TRAPELO RD OPP OUTLOOK RD,103,20.8,46.6,1420.0000007615142,0.457,0.20194174757281555
7779,TRAPELO RD @ BERKLEY ST,103,14.6,44.9,1680.5000005485383,0.494,0.141747572815534
7780,SMITH ST @ TRAPELO RD,103,73.4,44.9,1680.5000005485383,0.494,0.712621359223301
7782,LINCOLN ST @ SMITH ST,103,63.6,45.5,412.29999997432554,0.493,0.6174757281553398
7784,LINCOLN ST OPP GRAYMORE RD,206,149.9,45.5,412.29999997432554,0.493,0.7276699029126213
7785,LAKE ST @ LINCOLN ST,103,39.6,40.7,2197.7000004456104,0.492,0.38446601941747577
7787,LAKE ST @ SEMINOLE AVE,103,54.2,40.7,2197.7000004456104,0.492,0.5262135922330098
7789,LAKE ST @ BOWDOIN AVE,103,115.6,41.5,4303.799997015106,0.47,1.1223300970873786
7790,LAKE ST @ INDIAN RD,103,21.6,40.7,2197.7000004456104,0.492,0.20970873786407768
7791,LAKE ST OPP HARDY RESIDENCES,103,18.5,40.7,2197.7000004456104,0.492,0.1796116504854369
7792,LAKE ST @ LEXINGTON ST,103,102.1,31.1,4014.5999987384407,0.51,0.99126213592233
7795,130 LEXINGTON ST @ SHOPPING P,30,13.0,35.9,2050.9000013872023,0.51,0.43333333333333335
7797,LEXINGTON ST @ SCHOOL ST,140,63.5,38.6,4649.4000125725715,0.51,0.45357142857142857
7800,ADAMS ST @ WASHINGTON ST,30,5.0,36.4,3582.00000562238,0.479,0.16666666666666666
7801,ADAMS ST @ MIDDLE ST,30,6.5,36.4,3582.00000562238,0.479,0.21666666666666667
7802,ADAMS ST @ WATERTOWN ST,30,12.0,37.1,4506.600001616753,0.473,0.4
7804,CHAPEL ST @ WATERTOWN ST,30,11.5,37.1,4506.600001616753,0.473,0.38333333333333336
7805,78 CHAPEL ST,30,1.0,37.1,4506.600001616753,0.473,0.03333333333333333
7806,CALIFORNIA ST @ BRIDGE ST,30,10.0,37.1,4506.600001616753,0.473,0.3333333333333333
7807,PLEASANT ST @ BRIDGE ST,30,6.0,36.6,2208.9000001159943,0.479,0.2
7808,RIVER ST @ SEYON ST,30,27.0,34.5,2841.1000006621407,0.495,0.9
7809,RIVER ST @ SCHOOL AVE,30,7.5,34.5,2841.1000006621407,0.495,0.25
7810,RIVER ST @ BRIGHT ST,30,2.5,34.5,2841.1000006621407,0.495,0.08333333333333333
7811,RIVER ST @ RIPLEY ST,30,5.0,41.1,3814.9999987347232,0.463,0.16666666666666666
7812,RIVER ST @ NEWTON ST,30,0.5,34.5,2841.1000006621407,0.495,0.016666666666666666
7813,CRESCENT ST OPP SPRUCE ST,305,35.0,32.0,6955.200010606325,0.527,0.11475409836065574
7814,113 CRESCENT ST,305,28.5,32.0,6955.200010606325,0.527,0.09344262295081968
7815,CRESCENT ST OPP BROWN ST,30,8.5,32.8,2818.7000009800654,0.526,0.2833333333333333
7816,CRESCENT ST @ WOERD AVE,30,7.0,32.8,2818.7000009800654,0.526,0.23333333333333334
7817,OPP 48 WOERD AVE,30,1.5,32.8,2818.7000009800654,0.526,0.05
7818,RUMFORD AVE @ WOERD AVE,30,3.0,32.8,2818.7000009800654,0.526,0.1
7820,RUMFORD AVE @ BUTTRICK ST,30,15.0,32.8,2818.7000009800654,0.526,0.5
7825,COMMONWEALTH AVE @ LEXINGTON,30,16.5,41.2,1623.7999999751787,0.474,0.55
7826,COMMONWEALTH AVE OPP ASH ST,30,4.0,41.2,1623.7999999751787,0.474,0.13333333333333333
7827,COMMONWEALTH AVE @ ISLINGTON,30,0.0,41.2,1623.7999999751787,0.474,0.0
7828,COMMONWEALTH AVE @ MARRIOTT,30,30.5,41.2,1623.7999999751787,0.474,1.0166666666666666
7830,COMMONWEALTH AVE @ ISLINGTON,35,0.5,41.2,1623.7999999751787,0.474,0.014285714285714285
7831,COMMONWEALTH AVE @ ASH ST,35,0.5,41.2,1623.7999999751787,0.474,0.014285714285714285
7832,COMMONWEALTH AVE @ MELROSE ST,35,18.0,41.2,1623.7999999751787,0.474,0.5142857142857142
7833,COMMONWEALTH AVE @ AUBURN ST,90,28.0,30.2,2850.4999983499138,0.467,0.3111111111111111
7834,LEXINGTON ST @ AUBURNDALE AVE,125,30.5,41.3,1863.0000003515834,0.481,0.244
7835,LEXINGTON ST @ ORRIS ST,125,31.5,41.3,1863.0000003515834,0.481,0.252
7836,180 LEXINGTON ST,125,23.0,41.3,1863.0000003515834,0.481,0.184
7837,LEXINGTON ST @ ROBERTA RD,125,10.5,41.3,1863.0000003515834,0.481,0.084
7838,LEXINGTON ST @ RIVER ST,125,57.0,41.3,1863.0000003515834,0.481,0.456
7839,RUMFORD AVE @ BUTTRICK ST,35,7.5,32.8,2818.7000009800654,0.526,0.21428571428571427
7841,RUMFORD AVE @ WOERD AVE,35,4.5,32.8,2818.7000009800654,0.526,0.12857142857142856
7842,48 WOERD AVE,35,2.0,32.8,2818.7000009800654,0.526,0.05714285714285714
7843,CRESCENT ST @ WOERD AVE,35,3.5,32.8,2818.7000009800654,0.526,0.1
7844,CRESCENT ST @ BROWN ST,35,6.0,32.8,2818.7000009800654,0.526,0.17142857142857143
7845,CRESCENT ST @ MAPLE ST,300,218.5,32.0,6955.200010606325,0.527,0.7283333333333334
7846,CRESCENT ST @ WALNUT ST,300,64.0,32.0,6955.200010606325,0.527,0.21333333333333335
7848,RIVER ST @ NEWTON ST,35,5.0,34.5,2841.1000006621407,0.495,0.14285714285714285
7849,RIVER ST @ RIPLEY ST,35,2.0,41.1,3814.9999987347232,0.463,0.05714285714285714
7850,RIVER ST @ BRIGHT ST,35,2.5,34.5,2841.1000006621407,0.495,0.07142857142857142
7851,RIVER ST @ SCHOOL AVE,35,11.5,34.5,2841.1000006621407,0.495,0.32857142857142857
7852,RIVER ST @ SEYON ST,35,16.5,34.5,2841.1000006621407,0.495,0.4714285714285714
7854,CALIFORNIA ST @ BRIDGE ST,35,6.5,37.1,4506.600001616753,0.473,0.18571428571428572
7855,75 CHAPEL ST,35,14.0,37.1,4506.600001616753,0.473,0.4
7856,CHAPEL ST @ WATERTOWN ST,35,13.5,37.1,4506.600001616753,0.473,0.38571428571428573
7858,ADAMS ST @ LINCOLN RD,35,6.0,36.4,3582.00000562238,0.479,0.17142857142857143
7859,SCHOOL ST @ LEXINGTON ST,65,16.5,38.6,4649.4000125725715,0.51,0.25384615384615383
7861,LEXINGTON ST OPP SHOPPING PLA,65,25.5,36.2,2917.0999967731973,0.524,0.3923076923076923
7862,DALE ST @ LEXINGTON ST,35,2.5,36.2,2917.0999967731973,0.524,0.07142857142857142
7864,DALE ST @ BACON ST,35,6.0,36.2,2917.0999967731973,0.524,0.17142857142857143
7865,BEAVER ST @ VALLEY VIEW RD,30,2.0,52.9,484.20000008022254,0.446,0.06666666666666667
7874,WORTHEN RD @ WALTHAM ST,112,65.1,46.2,952.1000002174707,0.486,0.5812499999999999
7878,MASSACHUSETTS AVE @ DEPOT SQ,167,297.2,50.9,1013.6000003161922,0.47,1.7796407185628742
7881,SPRINGS RD OPP HILLSIDE AVE,117,21.2,42.6,948.899999853129,0.474,0.1811965811965812
7882,SPRINGS RD @ HANCOCK ST,117,9.5,42.6,948.899999853129,0.474,0.0811965811965812
7883,SOUTH RD @ GREAT RD,117,65.0,42.6,948.899999853129,0.474,0.5555555555555556
7884,SOUTH RD OPP CRESCENT AVE,117,3.0,42.6,948.899999853129,0.474,0.02564102564102564
7885,SOUTH RD OPP HARTFORD ST,117,1.5,42.6,948.899999853129,0.474,0.01282051282051282
7886,SOUTH RD @ RAILROAD AVE,117,13.5,42.6,948.899999853129,0.474,0.11538461538461539
7887,LOOMIS ST OPP HARTFORD ST,117,54.7,42.6,948.899999853129,0.474,0.4675213675213675
7888,LOOMIS ST @ WINTHROP AVE,117,0.0,45.5,995.6000000428452,0.476,0.0
7889,LOOMIS ST @ GREAT RD,117,71.4,45.5,995.6000000428452,0.476,0.6102564102564103
7890,GREAT RD OPP BROOKSBIE RD,117,8.5,45.5,995.6000000428452,0.476,0.07264957264957266
7891,GREAT RD @ ROBERTS DR,117,5.2,45.5,995.6000000428452,0.476,0.044444444444444446
7892,GREAT RD @ SHOPPING CENTER,117,122.7,45.6,422.00000001852686,0.504,1.0487179487179488
7894,GREAT ROAD @ PINE ST,117,31.1,45.6,422.00000001852686,0.504,0.2658119658119658
7896,GREAT RD @ PERHAM ST,117,5.7,45.6,422.00000001852686,0.504,0.04871794871794872
7898,BEDFORD ST @ HARTWELL AVE,55,34.0,44.2,707.1999999041491,0.484,0.6181818181818182
7900,BEDFORD ST @ ELDRED ST,55,73.0,44.2,707.1999999041491,0.484,1.3272727272727274
7902,BEDFORD ST OPP SIMONDS RD,55,12.0,47.4,1691.3999994837586,0.469,0.21818181818181817
7903,BEDFORD ST @ VALLEY RD,55,8.0,42.3,1473.999999301237,0.465,0.14545454545454545
7904,BEDFORD ST OPP LEDGELAWN AVE,55,7.5,42.3,1473.999999301237,0.465,0.13636363636363635
7905,BEDFORD ST @ SUNNY KNOLL AVE,55,18.0,42.3,1473.999999301237,0.465,0.32727272727272727
7906,BEDFORD ST @ VAILLE AVE,55,1.0,42.3,1473.999999301237,0.465,0.01818181818181818
7907,BEDFORD ST @ REED ST,55,8.5,47.9,1207.0000005919455,0.461,0.15454545454545454
7908,BEDFORD ST @ HILL ST,55,2.5,47.7,1242.7000004832723,0.494,0.045454545454545456
7909,BEDFORD ST @ TEWKSBURY ST,55,4.0,47.7,1242.7000004832723,0.494,0.07272727272727272
7910,OPP 57 BEDFORD ST,55,24.0,47.9,1207.0000005919455,0.461,0.43636363636363634
7911,BEDFORD ST @ WORTHEN RD,117,127.5,47.7,1242.7000004832723,0.494,1.0897435897435896
7912,BEDFORD ST @ HARRINGTON RD,117,0.0,47.7,1242.7000004832723,0.494,0.0
7913,MASSACHUSETTS AVE @ OAK ST,117,12.7,42.3,2215.0999995056545,0.471,0.10854700854700854
7914,430 MASSACHUSETTS AVE,117,7.5,42.3,2215.0999995056545,0.471,0.0641025641025641
7915,MASSACHUSETTS AVE @ FOTTLER A,117,12.5,42.3,2215.0999995056545,0.471,0.10683760683760683
7916,MASSACHUSETTS AVE @ CHARLES S,117,23.9,42.3,2215.0999995056545,0.471,0.20427350427350427
7917,MASSACHUSETTS AVE @ BOW ST,117,20.6,42.3,2215.0999995056545,0.471,0.17606837606837608
7918,MASSACHUSETTS AVE @ HIBBERT S,117,20.7,42.3,2215.0999995056545,0.471,0.1769230769230769
7919,MASSACHUSETTS AVE OPP DRAKE R,117,27.1,44.7,3230.400000203811,0.453,0.23162393162393163
7921,MASSACHUSETTS AVE @ PAUL REVE,117,29.9,44.7,3230.400000203811,0.453,0.25555555555555554
7922,ARLINGTON HEIGHTS BUSWAY,1440,3432.9,44.7,3230.400000203811,0.453,2.383958333333333
7953,SUMMER ST OPP WASHINGTON ST,120,27.5,39.5,4699.200001521266,0.49,0.22916666666666666
7954,WASHINGTON ST @ CANDIA ST,120,19.0,43.1,3446.900004428866,0.477,0.15833333333333333
7955,WASHINGTON ST @ RONALD RD,120,73.5,43.1,3446.900004428866,0.477,0.6125
7956,WASHINGTON ST @ MOUNTAIN AVE,120,75.0,44.1,2420.6999979091906,0.488,0.625
7959,CLYDE TERR @ LAWRENCE LN,120,85.0,44.1,2420.6999979091906,0.488,0.7083333333333334
7960,FOREST ST @ THOMAS ST,120,29.0,44.1,2420.6999979091906,0.488,0.24166666666666667
7961,FOREST ST @ HEARD RD,240,187.5,45.6,2252.7000017458427,0.471,0.78125
7962,FOREST ST @ HANCOCK ST,120,32.0,45.6,2252.7000017458427,0.471,0.26666666666666666
7963,FOREST ST @ SUNSET RD,120,42.5,40.3,4549.800006494896,0.481,0.3541666666666667
7965,SUMMER ST @ WASHINGTON ST,120,39.0,36.0,3371.8000001979985,0.47,0.325
7966,SUMMER ST OPP SYMMES RD,120,106.0,43.2,3472.5999983579377,0.462,0.8833333333333333
7967,SUMMER ST OPP OAK HILL DR,120,25.5,38.3,2758.900002631436,0.458,0.2125
7968,SUMMER ST OPP RICHFIELD RD,120,20.0,43.1,2691.0000008677994,0.477,0.16666666666666666
7969,MILL ST @ MILL BROOK DR,120,110.0,56.2,3739.899996307294,0.443,0.9166666666666666
7976,MILL ST @ BACON ST,120,84.0,56.2,3739.899996307294,0.443,0.7
7977,SUMMER ST @ WINTHROP RD,120,28.0,43.1,2691.0000008677994,0.477,0.23333333333333334
7978,SUMMER ST @ OAK HILL DR,120,16.0,38.3,2758.900002631436,0.458,0.13333333333333333
7979,SUMMER ST @ SYMMES RD,120,66.0,43.2,3472.5999983579377,0.462,0.55
7981,SYMMES CIRCLE @ SYMMES RD,120,58.5,43.2,3472.5999983579377,0.462,0.4875
8144,WEBSTER ST @ ELDER ST,122,5.9,40.8,1271.0999998164546,0.491,0.04836065573770492
8145,CHESTNUT ST @ ELLIOT ST,122,76.2,39.8,2187.2000020681794,0.49,0.6245901639344262
8146,CHESTNUT ST @ OAK ST,10,10.0,39.8,2187.2000020681794,0.49,1.0
8147,OAK ST @ ELLIOT ST,10,3.0,39.8,2187.2000020681794,0.49,0.3
8148,ELLIOT ST @ LINDEN ST,10,1.0,42.2,2994.4000016258865,0.461,0.1
8149,ELLIOT ST @ WETHERELL ST,10,0.0,42.2,2994.4000016258865,0.461,0.0
8150,ELLIOT ST @ COLUMBIA AVE,10,7.0,42.2,2994.4000016258865,0.461,0.7
8151,ELLIOT ST OPP CHARLES ST,10,1.0,39.8,2187.2000020681794,0.49,0.1
8152,WOODWARD ST @ BOYLSTON ST,10,4.0,42.2,2994.4000016258865,0.461,0.4
8153,LINCOLN ST @ WOODWARD ST,10,3.0,46.1,1797.7000001738047,0.482,0.3
8154,LINCOLN ST @ BOWDOIN ST,10,0.0,46.1,1797.7000001738047,0.482,0.0
8155,WALNUT ST @ LINCOLN ST,122,1085.9,41.9,2824.6999968649493,0.483,8.900819672131147
8156,WALNUT ST @ DUNCKLEE ST,122,6.7,46.1,1797.7000001738047,0.482,0.05491803278688525
8158,WALNUT ST @ BRENTWOOD AVE,122,6.5,47.3,1864.8999999756008,0.478,0.05327868852459016
8159,796 WALNUT ST,122,7.5,47.3,1864.8999999756008,0.478,0.06147540983606557
8160,WALNUT ST @ HOMER ST,122,117.9,47.3,1864.8999999756008,0.478,0.9663934426229509
8161,WALNUT ST @ COMMONWEALTH AVE,122,17.8,48.8,1888.29999933667,0.511,0.1459016393442623
8162,WALNUT ST @ PROSPECT AVE,122,14.0,48.8,1888.29999933667,0.511,0.11475409836065574
8163,WALNUT ST @ MILL ST,122,8.3,48.8,1888.29999933667,0.511,0.0680327868852459
8164,WALNUT ST @ CLYDE ST,122,69.3,43.9,2826.400001382707,0.458,0.5680327868852458
8165,WALNUT ST OPP OTIS ST,122,42.7,42.0,2650.499999783006,0.467,0.35000000000000003
8166,WALNUT ST @ NEWTONVILLE AVE,122,160.1,42.0,2650.499999783006,0.467,1.312295081967213
8167,WALNUT ST @ WASHINGTON ST,157,249.5,35.8,2365.8000010504347,0.48,1.589171974522293
8168,WALNUT ST @ PAGE RD,157,36.6,35.8,2365.8000010504347,0.48,0.23312101910828026
8169,WATERTOWN ST @ CRAFTS ST,122,20.7,43.6,2610.8999987905636,0.476,0.16967213114754098
8170,WATERTOWN ST @ ADAMS ST,122,134.9,37.1,4506.600001616753,0.473,1.1057377049180328
8171,WATERTOWN ST @ CHAPEL ST,152,126.7,37.1,4506.600001616753,0.473,0.8335526315789474
8172,WATERTOWN ST @ PEARL ST,122,61.0,42.3,3229.1000002004266,0.484,0.5
8173,WATERTOWN ST @ WASHBURN ST,122,17.2,36.4,3699.7000045518025,0.491,0.14098360655737704
8174,WATERTOWN ST @ POND ST,122,26.7,36.4,3699.7000045518025,0.491,0.21885245901639344
8175,WATERTOWN ST @ MORSE ST,122,45.7,36.4,3699.7000045518025,0.491,0.37459016393442623
8176,WATERTOWN ST @ FIFTH AVE,122,9.5,36.4,3699.7000045518025,0.491,0.0778688524590164
8177,WATERTOWN ST @ ALDRICH RD,122,68.3,36.4,3699.7000045518025,0.491,0.5598360655737704
8178,WATERTOWN SQ TERMINAL,1301,5540.8,37.7,3321.900003678471,0.491,4.258877786318217
8180,WATERTOWN ST OPP ALDRICH RD,117,18.7,37.9,4869.999997512634,0.481,0.15982905982905982
8181,WATERTOWN ST @ FIFTH ST,117,17.2,36.4,3699.7000045518025,0.491,0.147008547008547
8182,WATERTOWN ST OPP MORSE ST,117,43.0,36.4,3699.7000045518025,0.491,0.36752136752136755
8183,WATERTOWN ST OPP POND ST,117,23.7,36.4,3699.7000045518025,0.491,0.20256410256410257
8185,WATERTOWN ST OPP PEARL ST,117,86.2,42.3,3229.1000002004266,0.484,0.7367521367521368
8186,WATERTOWN ST @ CHAPEL ST,117,111.1,37.1,4506.600001616753,0.473,0.9495726495726495
8187,WATERTOWN ST @ ADAMS ST,152,182.0,37.1,4506.600001616753,0.473,1.1973684210526316
8188,503 WATERTOWN ST,117,22.2,36.4,3582.00000562238,0.479,0.18974358974358974
8189,WALNUT ST @ WATERTOWN ST,162,165.0,35.8,2365.8000010504347,0.48,1.0185185185185186
8192,WALNUT ST @ OTIS ST,117,45.6,42.0,2650.499999783006,0.467,0.38974358974358975
8193,WALNUT ST @ CLYDE ST,117,130.7,43.9,2826.400001382707,0.458,1.117094017094017
8194,WALNUT ST @ MILL ST,117,4.3,48.8,1888.29999933667,0.511,0.03675213675213675
8195,WALNUT ST @ PROSPECT AVE,117,12.4,48.8,1888.29999933667,0.511,0.10598290598290598
8196,WALNUT ST @ COMMONWEALTH AVE,117,19.5,48.8,1888.29999933667,0.511,0.16666666666666666
8197,WALNUT ST @ HOMER ST,117,98.7,45.2,925.5999994448878,0.466,0.8435897435897436
8198,791 WALNUT ST,117,9.0,45.2,925.5999994448878,0.466,0.07692307692307693
8199,WALNUT ST @ BRENTWOOD AVE,117,6.4,47.3,1864.8999999756008,0.478,0.0547008547008547
8200,WALNUT ST @ BEACON ST,117,114.0,47.3,1864.8999999756008,0.478,0.9743589743589743
8202,WALNUT ST @ DUNCKLEE ST,117,4.0,46.1,1797.7000001738047,0.482,0.03418803418803419
8203,WALNUT ST @ LINCOLN ST,117,1134.6,46.1,1797.7000001738047,0.482,9.697435897435897
8204,69 LINCOLN ST,10,3.0,46.1,1797.7000001738047,0.482,0.3
8205,LINCOLN ST @ BOWDOIN ST,10,0.0,46.1,1797.7000001738047,0.482,0.0
8206,LINCOLN ST @ WOODWARD ST,10,1.0,46.1,1797.7000001738047,0.482,0.1
8207,WOODWARD ST @ BOYLSTON ST,10,4.0,45.5,2185.899999778267,0.493,0.4
8208,ELLIOT ST @ CHARLES ST,10,3.0,42.2,2994.4000016258865,0.461,0.3
8209,ELLIOT ST @ COLUMBIA AVE,10,6.0,42.2,2994.4000016258865,0.461,0.6
8210,ELLIOT ST @ COTTAGE ST,10,2.0,42.2,2994.4000016258865,0.461,0.2
8211,ELLIOT ST @ LINDEN ST,10,6.0,42.2,2994.4000016258865,0.461,0.6
8212,OAK ST @ ELLIOT ST,10,5.0,39.8,2187.2000020681794,0.49,0.5
8213,OAK ST @ CHESTNUT ST,10,13.0,39.8,2187.2000020681794,0.49,1.3
8229,CAMBRIDGE ST OPP WILMINGTON R,253,70.1,43.8,1258.1999999302125,0.489,0.2770750988142292
8230,CAMBRIDGE ST OPP CHESTNUT AVE,253,6.7,43.8,1258.1999999302125,0.489,0.026482213438735178
8231,CAMBRIDGE ST @ GREAT PINES AV,253,29.0,44.3,1014.7000002575423,0.481,0.11462450592885376
8232,CAMBRIDGE ST OPP SKILTON LN,253,38.9,44.3,1014.7000002575423,0.481,0.15375494071146245
8233,CAMBRIDGE ST @ TERRY AVE,253,80.4,44.3,1014.7000002575423,0.481,0.31778656126482213
8234,CAMBRIDGE ST @ CHURCH LN,253,26.5,43.8,1258.1999999302125,0.489,0.10474308300395258
8235,CAMBRIDGE ST @ BEDFORD ST,253,118.0,43.8,1258.1999999302125,0.489,0.466403162055336
8236,127 CAMBRIDGE ST OPP CEDARWOO,253,23.9,49.5,626.3000000014554,0.471,0.09446640316205533
8237,CAMBRIDGE ST OPP BIRCHCREST S,253,15.6,46.4,722.9000001338867,0.463,0.0616600790513834
8239,99 CAMBRIDGE ST,253,19.6,46.4,722.9000001338867,0.463,0.07747035573122531
8240,CAMBRIDGE ST @ BURLINGTON MAL,253,29.2,49.5,626.3000000014554,0.471,0.11541501976284585
8241,CAMBRIDGE ST @ WAYSIDE RD,253,107.3,44.4,384.60000003209046,0.45,0.4241106719367589
8242,CAMBRIDGE ST @ LINCOLN KNOLL,253,71.2,43.2,1018.6999998689829,0.493,0.28142292490118576
8243,CAMBRIDGE ST OPP RAY AVE,253,55.7,43.2,1018.6999998689829,0.493,0.22015810276679842
8244,CAMBRIDGE RD @ S BEDFORD RD,253,46.9,50.4,900.7000000070078,0.487,0.18537549407114623
8245,81 CAMBRIDGE RD OPP LOCUST ST,253,44.1,37.2,3243.900003273691,0.48,0.1743083003952569
8247,CAMBRIDGE RD @ REVERE RD,253,26.5,37.2,3243.900003273691,0.48,0.10474308300395258
8248,CAMBRIDGE RD @ RUSSELL ST,168,220.0,49.4,978.0000000725091,0.474,1.3095238095238095
8249,205 CAMBRIDGE RD OPP DAY CIRC,168,0.0,48.4,824.2999997432314,0.468,0.0
8250,223 CAMBRIDGE RD OPP CRAWFORD,168,14.7,48.4,824.2999997432314,0.468,0.0875
8251,CAMBRIDGE RD @ PARKER ST,168,2.5,49.4,978.0000000725091,0.474,0.01488095238095238
8252,259 CAMBRIDGE RD,168,10.6,48.4,824.2999997432314,0.468,0.0630952380952381
8253,CAMBRIDGE RD @ CRESCENT PARK,168,29.2,49.4,978.0000000725091,0.474,0.1738095238095238
8254,CAMBRIDGE RD @ WAINWRIGHT RD,168,91.2,48.4,824.2999997432314,0.468,0.5428571428571429
8257,CAMBRIDGE ST OPP POND ST,168,88.4,44.8,1164.1000000828092,0.481,0.5261904761904762
8259,CAMBRIDGE ST @ WILDWOOD ST,168,24.7,44.8,1164.1000000828092,0.481,0.14702380952380953
8260,CAMBRIDGE ST @ BLOSSOM HILL R,168,12.1,44.8,1164.1000000828092,0.481,0.07202380952380952
8261,CAMBRIDGE ST @ ONEIDA RD,168,2.0,44.8,1164.1000000828092,0.481,0.011904761904761904
8262,CAMBRIDGE ST @ HIGH ST,168,28.4,44.8,1164.1000000828092,0.481,0.16904761904761903
8264,CAMBRIDGE ST @ MYOPIA RD,168,16.8,45.7,777.7000001026612,0.506,0.1
8267,26 CAMBRIDGE ST,168,7.5,45.7,777.7000001026612,0.506,0.044642857142857144
8269,MYSTIC ST @ OLD MYSTIC ST,168,39.4,46.7,965.9000000449538,0.465,0.23452380952380952
8270,MYSTIC ST @ FALMOUTH RD,168,68.2,46.7,965.9000000449538,0.465,0.40595238095238095
8271,294 MYSTIC ST OPP BEVERLY RD,168,23.6,43.1,2691.0000008677994,0.477,0.14047619047619048
8272,MYSTIC ST @ COLUMBIA RD,168,57.4,46.7,965.9000000449538,0.465,0.3416666666666667
8273,MYSTIC ST @ VICTORIA RD,168,23.8,46.7,2328.2999981577536,0.432,0.14166666666666666
8274,144 MYSTIC ST OPP RANGELY RD,168,42.5,46.7,2328.2999981577536,0.432,0.25297619047619047
8275,MYSTIC ST @ RUSSELL ST,168,48.9,56.2,3739.899996307294,0.443,0.29107142857142854
8279,TREMONT ST @ BOYLSTON STATION,1064,2222.4,24.5,12.20000001708,0.25,2.088721804511278
8281,285 TREMONT ST,202,49.9,20.9,27565.90010177298,0.422,0.24702970297029703
8285,WATERTOWN ST @ CRAFTS ST,117,15.3,43.6,2610.8999987905636,0.476,0.13076923076923078
8291,MAIN ST @ EVANS ST,465,22.6,38.7,5606.099997407178,0.478,0.04860215053763441
8292,590 MAIN ST OPP HERSON ST,465,254.4,38.7,5606.099997407178,0.478,0.5470967741935484
8293,MAIN ST @ PILGRIM RD,465,287.7,38.7,5606.099997407178,0.478,0.6187096774193548
8294,MAIN ST @ OAKLAND ST,465,108.4,38.7,5606.099997407178,0.478,0.23311827956989248
8295,MAIN ST @ FRENCH ST,465,418.3,36.8,3541.1999992409837,0.482,0.8995698924731182
8296,MAIN ST @ GREEN ST,465,404.0,39.1,7296.0999898233995,0.496,0.8688172043010752
8297,MAIN ST @ CROSS ST,465,1807.2,36.7,5152.500006996605,0.499,3.886451612903226
8298,MAIN ST @ HOWARD ST,465,541.9,36.8,3541.1999992409837,0.482,1.1653763440860214
8301,FELLSWAY W @ ELM ST,261,172.4,41.0,4049.9999923584905,0.463,0.660536398467433
8302,FELLSWAY W OPP ELM ST,263,199.2,42.2,121.0000000057619,0.502,0.7574144486692015
8303,FELLSWAY W @ S BORDER RD,263,53.6,42.2,121.0000000057619,0.502,0.2038022813688213
8304,FELLSWAY W @ FULTON ST,263,165.5,40.7,3721.400000629481,0.479,0.629277566539924
8305,FELLSWAY W @ PARIS ST,263,81.3,40.7,3721.400000629481,0.479,0.3091254752851711
8306,FELLSWAY W @ CHERRY ST,263,35.3,32.8,9159.9999765213,0.49,0.13422053231939163
8307,FELLSWAY W @ GRANT AVE,263,74.1,32.8,9159.9999765213,0.49,0.2817490494296578
8308,SALEM ST @ FELLSWAY W,294,661.8,35.3,5028.499996154815,0.478,2.251020408163265
8311,FELLSWAY W @ SALEM ST,261,252.4,38.7,3749.4000013488067,0.502,0.9670498084291188
8313,FELLSWAY W @ FERN RD,261,99.4,38.7,3749.4000013488067,0.502,0.38084291187739466
8314,FELLSWAY W @ FULTON ST,261,166.6,38.7,3749.4000013488067,0.502,0.6383141762452107
8315,FELLSWAY W @ RIDGEWAY RD,261,55.1,44.2,3195.6999983851256,0.485,0.2111111111111111
8317,FELLSWAY W @ FOSS ST,261,70.3,42.2,121.0000000057619,0.502,0.2693486590038314
8318,7 SOHIER RD,15,1.5,36.4,4093.899998215654,0.466,0.1
8319,SOHIER RD @ STORY AVE,15,2.0,36.9,896.5000003379923,0.493,0.13333333333333333
8320,SOHIER RD @ BEVERLY HIGH SCHO,15,4.0,36.9,896.5000003379923,0.493,0.26666666666666666
8323,SOHIER RD @ BEVERLY HIGH SCHO,15,1.5,36.9,896.5000003379923,0.493,0.1
8324,SOHIER RD OPP STORY AVE,15,5.5,36.9,896.5000003379923,0.493,0.36666666666666664
8325,22 SOHIER RD,15,0.0,36.4,4093.899998215654,0.466,0.0
8326,ADAMS ST @ PARKMAN ST,70,57.5,34.4,12180.899984807736,0.485,0.8214285714285714
8327,NEPONSET AVE @ VICTORY RD,160,61.5,35.2,6195.700012979938,0.471,0.384375
8328,1 W MILTON ST OPP ERNEST AVE,50,7.5,38.0,2044.799998336117,0.465,0.15
8329,49 W MILTON ST OPP W MILTON P,50,10.0,38.0,2044.799998336117,0.465,0.2
8330,113 W MILTON ST OPP PINE AVE,50,1.5,38.0,2044.799998336117,0.465,0.03
8331,READVILLE ST @ W MILTON ST,50,39.0,37.2,1954.699998649809,0.485,0.78
8332,READVILLE ST OPP COMO RD,50,12.5,38.0,2044.799998336117,0.465,0.25
8333,READVILLE ST @ ALBERMARLE ST,50,38.0,37.2,1954.699998649809,0.485,0.76
8335,NEPONSET VALLEY PARKWAY @ REA,110,309.5,37.2,1954.699998649809,0.485,2.8136363636363635
8336,KENNEDY DR @ MAIN STOP,257,482.7,32.4,8273.099991498118,0.512,1.8782101167315175
8337,RIVER ST OPP TURTLE POND PKWY,11,4.1,23.5,2.3999999997257144,0.571,0.3727272727272727
8338,KENNEDY DR @ BLDG 184,202,262.3,32.4,8273.099991498118,0.512,1.2985148514851486
8339,MAIN ST @ GILBERT ST,465,311.9,38.7,5606.099997407178,0.478,0.6707526881720429
8340,VICTORY RD @ PURITAN MALL DRI,73,42.9,36.6,1798.9000005975342,0.508,0.5876712328767123
8341,PURITAN MALL SERVICE RD,73,31.3,36.6,1798.9000005975342,0.508,0.42876712328767125
8342,FREEPORT ST @ MORRISEY BLVD,73,259.7,35.1,3311.5999999866017,0.476,3.5575342465753423
8343,OPP 1557 RIVER ST,11,5.0,37.2,1954.699998649809,0.485,0.45454545454545453
8344,RIVER ST @ RESERVATION RD,11,19.4,37.2,5953.199994569375,0.463,1.7636363636363634
8390,BAKER ST OPP WYCLIFF AVE,65,72.0,46.3,1998.6999992348135,0.5,1.1076923076923078
8391,BAKER ST OPP DUNWELL ST,65,93.5,46.3,1998.6999992348135,0.5,1.4384615384615385
8392,BAKER ST @ CUTTER RD,65,3.5,45.0,2772.3000032953664,0.477,0.05384615384615385
8393,BAKER ST @ RUMFORD RD,65,8.0,45.0,2772.3000032953664,0.477,0.12307692307692308
8394,BAKER ST @ VARICK RD,65,35.0,45.0,2772.3000032953664,0.477,0.5384615384615384
8428,MASSACHUSETTS AVE OPP PAUL RE,117,56.3,44.7,3230.400000203811,0.453,0.48119658119658115
8429,MASSACHUSETTS AVE @ DRAKE RD,117,16.4,44.7,3230.400000203811,0.453,0.14017094017094017
8430,MASSACHUSETTS AVE OPP SYLVIA,117,23.9,42.3,2215.0999995056545,0.471,0.20427350427350427
8431,MASSACHUSETTS AVE @ BOW ST,117,16.7,42.3,2215.0999995056545,0.471,0.14273504273504273
8432,MASSACHUSETTS AVE OPP CHARLES,117,15.9,42.3,2215.0999995056545,0.471,0.13589743589743591
8433,MASSACHUSETTS AVE @ FOTTLER A,117,14.7,42.3,2215.0999995056545,0.471,0.12564102564102564
8434,OPP 430 MASSACHUSETTS AVE,117,6.7,42.3,2215.0999995056545,0.471,0.05726495726495727
8435,MASSACHUSETTS AVE OPP OAK ST,117,12.5,42.3,2215.0999995056545,0.471,0.10683760683760683
8436,MASSACHUSETTS AVE OPP PLEASAN,167,75.9,47.3,678.3999999454895,0.496,0.4544910179640719
8437,BEDFORD ST @ HARRINGTON RD,117,11.9,50.9,1013.6000003161922,0.47,0.10170940170940171
8438,BEDFORD ST OPP WORTHEN RD,117,110.5,47.7,1242.7000004832723,0.494,0.9444444444444444
8439,57 BEDFORD ST,55,58.0,47.9,1207.0000005919455,0.461,1.0545454545454545
8440,BEDFORD ST @ TEWKSBURY ST,55,1.5,47.7,1242.7000004832723,0.494,0.02727272727272727
8441,BEDFORD ST @ REVERE ST,55,11.5,47.7,1242.7000004832723,0.494,0.20909090909090908
8442,BEDFORD ST @ LARCHMONT LN,55,4.5,47.9,1207.0000005919455,0.461,0.08181818181818182
8443,BEDFORD ST OPP VAILLE AVE,55,3.0,42.3,1473.999999301237,0.465,0.05454545454545454
8444,BEDFORD ST OPP SUNNY KNOLL AV,55,15.5,42.3,1473.999999301237,0.465,0.2818181818181818
8445,BEDFORD ST @ LEDGELAWN AVE,55,7.0,47.9,1207.0000005919455,0.461,0.12727272727272726
8446,BEDFORD ST @ N HANCOCK ST,55,5.0,42.3,1473.999999301237,0.465,0.09090909090909091
8447,BEDFORD ST @ SIMONDS RD,55,25.5,47.4,1691.3999994837586,0.469,0.4636363636363636
8448,343 BEDFORD ST,55,0.0,42.3,1473.999999301237,0.465,0.0
8449,BEDFORD ST @ ELDRED ST,55,25.0,41.7,231.8999999896642,0.475,0.45454545454545453
8450,BEDFORD ST @ NATIONAL GUARD A,55,60.0,41.7,231.8999999896642,0.475,1.0909090909090908
8451,BEDFORD ST OPP HARTWELL AVE,55,34.5,41.7,231.8999999896642,0.475,0.6272727272727273
8453,GREAT RD @ PERHAM ST,117,13.0,45.6,422.00000001852686,0.504,0.1111111111111111
8455,GREAT RD @ SHAWSHEEN RD,117,53.3,45.6,422.00000001852686,0.504,0.45555555555555555
8457,GREAT RD @ SHOPPING CENTER,117,98.0,45.6,422.00000001852686,0.504,0.8376068376068376
8458,GREAT RD OPP ROBERTS DR,117,6.7,45.5,995.6000000428452,0.476,0.05726495726495727
8459,GREAT RD @ BROOKSBIE RD,117,11.2,45.5,995.6000000428452,0.476,0.09572649572649572
8460,LOOMIS ST @ GREAT RD,117,85.8,45.5,995.6000000428452,0.476,0.7333333333333333
8462,LOOMIS ST @ HARTFORD ST,117,60.1,42.6,948.899999853129,0.474,0.5136752136752137
8464,SOUTH RD @ HARTFORD ST,117,2.0,42.6,948.899999853129,0.474,0.017094017094017096
8465,SOUTH RD @ CRESCENT AVE,117,3.0,42.6,948.899999853129,0.474,0.02564102564102564
8466,SOUTH RD @ GREAT RD,117,89.4,42.6,948.899999853129,0.474,0.7641025641025642
8467,SPRINGS RD @ HANCOCK ST,117,27.7,42.6,948.899999853129,0.474,0.23675213675213674
8468,SPRINGS RD @ HILLSIDE AVE,117,8.2,42.6,948.899999853129,0.474,0.07008547008547009
8471,BEDFORD VA HOSPITAL @ MIDDLES,234,507.5,59.5,373.69999994552563,0.716,2.1688034188034186
8473,BAKER ST @ VFW PKWY,65,6.5,47.9,923.9999997725538,0.463,0.1
8474,SPIERS RD @ JUNE LN,65,1.0,52.9,498.69999995066513,0.449,0.015384615384615385
8476,SAWMILL BROOK PKWY @ MCCARTHY,65,3.5,45.0,2284.2999987399508,0.486,0.05384615384615385
8477,SAWMILL BROOK PKWY @ KELLER P,65,9.0,45.0,2284.2999987399508,0.486,0.13846153846153847
8478,SAWMILL BROOK PKWY @ SPIERS R,65,6.5,45.0,2284.2999987399508,0.486,0.1
8480,WISWALL RD @ WALSH RD,65,2.5,45.0,2284.2999987399508,0.486,0.038461538461538464
8481,WISWALL RD @ CHINIAN PATH,65,10.0,52.9,498.69999995066513,0.449,0.15384615384615385
8482,WISWALL RD @ SHUMAKER PATH,65,10.0,52.9,498.69999995066513,0.449,0.15384615384615385
8483,WISWALL RD @ MCCARTHY RD,65,7.0,45.0,2284.2999987399508,0.486,0.1076923076923077
8484,WISWALL RD @ INDIAN RIDGE RD,65,14.0,45.0,2284.2999987399508,0.486,0.2153846153846154
8485,WISWALL RD @ DEDHAM ST,65,0.0,52.9,498.69999995066513,0.449,0.0
8486,DEDHAM ST OPP WISWALL RD,65,5.0,52.9,498.69999995066513,0.449,0.07692307692307693
8489,DEDHAM ST @ ROSALIE RD,65,3.0,52.9,498.69999995066513,0.449,0.046153846153846156
8490,DEDHAM ST @ ARNOLD ST,65,0.0,52.9,498.69999995066513,0.449,0.0
8491,DEDHAM ST @ GREENWOOD ST,65,2.5,46.8,1596.8999995564454,0.489,0.038461538461538464
8492,DEDHAM ST @ MEADOWBROOK RD,65,11.5,48.0,1152.700000103729,0.499,0.17692307692307693
8495,PARKER ST @ WHEELER RD,65,16.5,44.6,2500.699998315734,0.48,0.25384615384615383
8496,PARKER ST @ ROOSEVELT RD,65,26.0,48.0,1152.700000103729,0.499,0.4
8497,PARKER ST @ HAGEN RD,65,8.5,48.0,1152.700000103729,0.499,0.13076923076923078
8498,288 PARKER ST OPP PARKER AVE,65,3.0,44.6,2500.699998315734,0.48,0.046153846153846156
8499,PARKER ST @ BOYLSTON ST,65,36.5,44.5,2446.100001072131,0.485,0.5615384615384615
8500,200 PARKER ST OPP STEARNS ST,65,2.0,44.5,2446.100001072131,0.485,0.03076923076923077
8501,PARKER ST @ GLENWOOD AVE,65,46.0,44.5,2446.100001072131,0.485,0.7076923076923077
8502,PARKER ST @ CYPRESS ST,65,16.0,45.1,2916.599999045339,0.482,0.24615384615384617
8503,CYPRESS ST @ BRAELAND AVE,65,136.5,45.1,2916.599999045339,0.482,2.1
8504,CENTRE ST @ BEACON ST,65,95.5,42.0,1990.8000001296648,0.495,1.4692307692307693
8505,CENTRE ST @ LANGLEY RD,65,43.0,42.0,1990.8000001296648,0.495,0.6615384615384615
8506,CENTRE ST @ GIBBS ST,65,16.0,47.3,1864.8999999756008,0.478,0.24615384615384617
8507,CENTRE ST @ COMMONWEALTH AVE,65,19.0,42.0,1990.8000001296648,0.495,0.2923076923076923
8508,CENTRE ST @ WARD ST,65,27.5,43.9,2391.0000018936425,0.503,0.4230769230769231
8509,CENTRE ST @ ALDERWOOD RD,65,5.0,48.5,2287.8000011702647,0.485,0.07692307692307693
8510,CENTRE ST @ COTTON ST,65,40.5,22.4,1995.3000003083644,0.473,0.6230769230769231
8511,790 CENTRE ST,65,31.0,22.4,1995.3000003083644,0.473,0.47692307692307695
8512,CENTRE ST @ SARGENT ST,65,15.5,22.4,1995.3000003083644,0.473,0.23846153846153847
8513,CENTRE ST @ GEORGE ST,65,13.5,22.4,1995.3000003083644,0.473,0.2076923076923077
8514,CENTRE ST @ HYDE AVE,65,0.0,22.4,1995.3000003083644,0.473,0.0
8515,CENTRE ST @ NEWTONVILLE AVE,65,9.0,22.4,1995.3000003083644,0.473,0.13846153846153847
8516,CENTRE ST @ CHURCH ST,65,35.0,43.4,3329.999997524293,0.448,0.5384615384615384
8517,CENTRE ST @ CHURCH ST,65,45.0,43.4,3329.999997524293,0.448,0.6923076923076923
8518,CENTRE ST @ NEWTONVILLE AVE,65,8.0,22.4,1995.3000003083644,0.473,0.12307692307692308
8519,CENTRE ST @ BELLEVUE ST,65,7.5,22.4,1995.3000003083644,0.473,0.11538461538461539
8520,CENTRE ST @ LOMBARD ST,65,6.0,22.4,1995.3000003083644,0.473,0.09230769230769231
8521,CENTRE ST @ CABOT ST,65,29.0,22.4,1995.3000003083644,0.473,0.4461538461538462
8522,785 CENTRE ST,65,25.5,22.4,1995.3000003083644,0.473,0.3923076923076923
8523,CENTRE ST @ COTTON ST,65,40.0,22.4,1995.3000003083644,0.473,0.6153846153846154
8524,CENTRE ST @ MILL ST,65,6.5,43.9,2391.0000018936425,0.503,0.1
8525,CENTRE ST @ WARD ST,65,16.5,43.9,2391.0000018936425,0.503,0.25384615384615383
8526,CENTRE ST @ COMMONWEALTH AVE,65,9.0,42.0,1990.8000001296648,0.495,0.13846153846153847
8527,CENTRE ST @ BOWEN ST,65,26.5,47.3,1864.8999999756008,0.478,0.4076923076923077
8528,CENTRE ST @ BEACON ST,65,177.0,44.5,2446.100001072131,0.485,2.723076923076923
8529,CYPRESS ST @ BRAELAND AVE,65,73.0,45.1,2916.599999045339,0.482,1.123076923076923
8530,PARKER ST @ CYPRESS ST,65,9.0,45.1,2916.599999045339,0.482,0.13846153846153847
8531,PARKER ST @ ATHELSTANE RD,65,64.0,44.5,2446.100001072131,0.485,0.9846153846153847
8532,PARKER ST @ STEARNS ST,65,2.0,45.1,2916.599999045339,0.482,0.03076923076923077
8533,PARKER ST @ BOYLSTON ST,65,24.5,44.5,2446.100001072131,0.485,0.3769230769230769
8534,PARKER ST @ PARKER AVE,65,3.5,48.0,1152.700000103729,0.499,0.05384615384615385
8535,PARKER ST @ HAGEN RD,65,14.0,48.0,1152.700000103729,0.499,0.2153846153846154
8536,PARKER ST @ PARKER RD,65,12.5,48.0,1152.700000103729,0.499,0.19230769230769232
8537,PARKER ST OPP WHEELER RD,65,7.0,44.6,2500.699998315734,0.48,0.1076923076923077
8540,DEDHAM ST OPP MEADOWBROOK RD,65,7.0,52.9,498.69999995066513,0.449,0.1076923076923077
8541,DEDHAM ST OPP GREENWOOD ST,65,1.0,46.8,1596.8999995564454,0.489,0.015384615384615385
8542,DEDHAM ST OPP ARNOLD RD,65,0.0,46.8,1596.8999995564454,0.489,0.0
8544,DEDHAM ST @ CARLSON AVE,65,16.5,46.8,1596.8999995564454,0.489,0.25384615384615383
8545,DEDHAM ST @ WISWALL RD,65,10.0,52.9,498.69999995066513,0.449,0.15384615384615385
8546,WISWALL RD @ INDIAN RIDGE RD,65,5.5,45.0,2284.2999987399508,0.486,0.08461538461538462
8547,WISWALL RD OPP MCCARTHY RD,65,6.0,52.9,498.69999995066513,0.449,0.09230769230769231
8548,WISWALL RD @ O ROADWAY,65,10.5,52.9,498.69999995066513,0.449,0.16153846153846155
8549,WISWALL RD @ M ROADWAY,65,6.5,52.9,498.69999995066513,0.449,0.1
8550,WISWALL RD @ WALSH RD,65,1.5,52.9,498.69999995066513,0.449,0.023076923076923078
8552,SAWMILL BROOK PKWY @ WALSH RD,65,37.5,52.9,498.69999995066513,0.449,0.5769230769230769
8553,SAWMILL BROOK PKWY @ KELLER P,65,6.0,45.0,2284.2999987399508,0.486,0.09230769230769231
8554,SAWMILL BROOK PKWY @ MCCARTHY,65,7.5,45.0,2284.2999987399508,0.486,0.11538461538461539
8556,SPIERS RD @ DEDHAM ST,65,2.5,45.0,2284.2999987399508,0.486,0.038461538461538464
8575,BROADWAY @ TRUEMAN DR,203,122.0,32.5,4270.400000690941,0.493,0.6009852216748769
8576,TRUEMAN DR @ CENTRAL AVE,129,8.0,32.5,4270.400000690941,0.493,0.06201550387596899
8577,TRUEMAN DR @ BROADWAY,129,73.2,32.5,4270.400000690941,0.493,0.5674418604651164
8591,MASSACHUSETTS AVE OPP INDEPEN,167,32.4,42.3,2215.0999995056545,0.471,0.19401197604790418
8593,MASSACHUSETTS AVE @ MAPLE ST,167,50.2,51.6,919.0999997799103,0.445,0.3005988023952096
8595,MASSACHUSETTS AVE OPP MARRETT,167,14.4,51.6,919.0999997799103,0.445,0.08622754491017964
8596,MASSACHUSETTS AVE OPP PELHAM,167,12.0,51.6,919.0999997799103,0.445,0.0718562874251497
8597,MASSACHUSETTS AVE @ PERCY RD,167,6.0,51.6,919.0999997799103,0.445,0.03592814371257485
8598,MASSACHUSETTS AVE OPP BLOOMFI,167,10.0,51.6,919.0999997799103,0.445,0.059880239520958084
8599,MASSACHUSETTS AVE OPP SLOCUM,167,49.2,51.6,919.0999997799103,0.445,0.2946107784431138
8600,MASSACHUSETTS AVE @ WOBURN ST,167,46.1,50.9,1013.6000003161922,0.47,0.2760479041916168
8601,MASSACHUSETTS AVE @ LEXINGTON,167,161.6,50.9,1013.6000003161922,0.47,0.9676646706586826
8602,MARRETT RD @ WALTHAM ST,112,60.3,46.2,952.1000002174707,0.486,0.5383928571428571
8603,MARRETT RD @ PROSPECT HILL RD,112,6.5,44.7,668.2999999589983,0.484,0.05803571428571429
8604,MARRETT RD @ DOWNING RD,112,6.0,46.2,952.1000002174707,0.486,0.05357142857142857
8605,MARRETT RD OPP SPRING ST,112,11.2,44.7,668.2999999589983,0.484,0.09999999999999999
8606,MARRETT RD @ TUFTS RD,112,2.0,46.2,952.1000002174707,0.486,0.017857142857142856
8607,MARRETT RD @ MIDDLE ST,112,3.5,46.2,952.1000002174707,0.486,0.03125
8608,MARRETT RD @ LINCOLN ST,112,18.2,46.2,952.1000002174707,0.486,0.1625
8609,655 MARRETT RD,112,4.5,46.2,952.1000002174707,0.486,0.04017857142857143
8610,MARRETT RD @ LEROY RD,112,4.2,43.1,377.50000005822625,0.498,0.0375
8611,MARRETT RD OPP FORBES RD,112,95.1,43.1,377.50000005822625,0.498,0.8491071428571428
8612,WOOD ST OPP WOODPARK CIRCLE,112,12.4,41.7,231.8999999896642,0.475,0.11071428571428572
8623,WOOD ST @ SCHILLING CIR,112,39.2,41.7,231.8999999896642,0.475,0.35000000000000003
8624,WOOD ST @ WOODPARK CIRCLE,112,4.7,41.7,231.8999999896642,0.475,0.04196428571428572
8627,MARRETT RD @ ELENA RD,112,6.7,43.1,377.50000005822625,0.498,0.059821428571428574
8628,656 MARRETT RD,112,1.5,46.2,952.1000002174707,0.486,0.013392857142857142
8629,MARRETT RD @ LINCOLN ST,112,17.9,46.2,952.1000002174707,0.486,0.15982142857142856
8630,MARRETT RD @ MIDDLE ST,112,7.5,46.2,952.1000002174707,0.486,0.06696428571428571
8631,MARRETT RD @ TUFTS RD,112,1.0,46.2,952.1000002174707,0.486,0.008928571428571428
8632,MARRETT RD @ SPRING ST,112,0.5,44.7,668.2999999589983,0.484,0.004464285714285714
8633,MARRETT RD OPP DOWNING RD,112,12.0,44.7,668.2999999589983,0.484,0.10714285714285714
8634,MARRETT RD OPP PROSPECT HILL,112,9.7,44.7,668.2999999589983,0.484,0.08660714285714285
8635,MARRETT RD @ WALTHAM ST,112,68.5,46.2,952.1000002174707,0.486,0.6116071428571429
8636,MASSACHUSETTS AVE OPP MERIAM,167,208.0,50.9,1013.6000003161922,0.47,1.2455089820359282
8637,MASSACHUSETTS AVE @ WINTHROP,167,52.3,51.6,919.0999997799103,0.445,0.3131736526946108
8638,MASSACHUSETTS AVE @ SLOCUM RD,167,55.2,51.6,919.0999997799103,0.445,0.33053892215568864
8639,MASSACHUSETTS AVE @ BLOOMFIEL,167,7.0,51.6,919.0999997799103,0.445,0.041916167664670656
8640,MASSACHUSETTS AVE @ PERCY RD,167,9.5,51.6,919.0999997799103,0.445,0.05688622754491018
8641,MASSACHUSETTS AVE @ PELHAM RD,167,21.9,51.6,919.0999997799103,0.445,0.1311377245508982
8643,MASSACHUSETTS AVE @ PLAINFIEL,167,45.4,46.4,926.399999959862,0.487,0.27185628742514967
8645,MASSACHUSETTS AVE @ INDEPENDE,167,26.4,46.4,926.399999959862,0.487,0.15808383233532933
8647,MASSACHUSETTS AVE @ PLEASANT,167,100.1,42.3,2215.0999995056545,0.471,0.5994011976047904
8648,PLEASANT ST @ FERN ST,50,13.0,47.3,678.3999999454895,0.496,0.26
8649,PLEASANT ST @ LUONGO'S FARM L,50,0.0,47.3,678.3999999454895,0.496,0.0
8651,WATERTOWN ST @ CRESCENT RD,50,15.0,47.3,678.3999999454895,0.496,0.3
8670,MAIN ST @ NEWTON ST,465,591.0,41.1,3814.9999987347232,0.463,1.270967741935484
8671,MAIN ST @ CHAMBERLAIN TERR,465,476.8,31.5,4149.900003271938,0.493,1.0253763440860215
8672,MAIN ST OPP ROSE HILL WAY,465,99.0,42.6,2408.0999994967874,0.478,0.2129032258064516
8674,MAIN ST @ WILLOW ST,465,204.6,41.3,2396.799998766447,0.51,0.44
8676,MAIN ST @ RANGELEY RD,465,89.8,42.6,2408.0999994967874,0.478,0.19311827956989247
8678,MAIN ST OPP WARREN ST,465,375.1,41.3,2396.799998766447,0.51,0.8066666666666668
8679,MAIN ST OPP LONGFELLOW RD,465,118.9,38.7,5606.099997407178,0.478,0.25569892473118283
8680,ADAMS ST @ CENTRE ST,70,84.5,34.4,12180.899984807736,0.485,1.207142857142857
8681,ADAMS ST @ KING ST,70,60.5,34.4,12180.899984807736,0.485,0.8642857142857143
8682,ADAMS ST @ LONSDALE ST,70,82.0,34.8,12159.699972299835,0.471,1.1714285714285715
8683,ADAMS ST @ MSGR LYDON WAY,70,36.0,35.5,6345.499984606287,0.487,0.5142857142857142
8684,ADAMS ST @ ASHMONT ST,70,74.0,37.8,7180.299991618844,0.478,1.0571428571428572
8685,ADAMS ST @ HELENA RD,70,55.5,37.8,7180.299991618844,0.478,0.7928571428571428
8686,ADAMS ST @ WESTMORELAND ST,70,46.5,35.5,6754.8999891000485,0.489,0.6642857142857143
8687,ADAMS ST @ MINOT ST,70,85.0,35.5,6754.8999891000485,0.489,1.2142857142857142
8691,WASHINGTON ST @ CLIFTON ST,137,39.2,35.8,6222.899988576671,0.517,0.2861313868613139
8692,WINTHROP ST @ PLAYSTEAD RD,151,39.3,42.2,121.0000000057619,0.502,0.26026490066225166
8717,DORCHESTER AVE @ TALBOT AVE,60,39.7,37.6,5890.499998227091,0.496,0.6616666666666667
8803,398 NEPONSET AVE @ NEPONSET H,160,248.5,35.1,3311.5999999866017,0.476,1.553125
8805,NEPONSET AVE @ TOLMAN ST,160,102.0,35.1,3311.5999999866017,0.476,0.6375
8806,248 NEPONSET AVE,160,138.0,34.7,6585.000013721422,0.5,0.8625
8807,NEPONSET AVE @ POPES HILL ST,160,303.0,34.7,6585.000013721422,0.5,1.89375
8808,NEPONSET AVE OPP KING ST,160,100.0,34.7,6585.000013721422,0.5,0.625
8809,ADAMS ST @ PARKMAN ST,233,89.0,34.4,12180.899984807736,0.485,0.38197424892703863
8811,HILLTOP ST @ GRANITE AVE,60,0.0,51.2,1612.6999996984189,0.468,0.0
8812,HILLTOP ST OPP CROCKETT AVE,60,1.0,51.2,1612.6999996984189,0.468,0.016666666666666666
8813,HILLTOP ST OPP WHITRIDGE ST,60,1.0,51.2,1612.6999996984189,0.468,0.016666666666666666
8814,HILLTOP ST @ HALLET ST,60,8.0,51.2,1612.6999996984189,0.468,0.13333333333333333
8815,MAIN ST @ MERCHANTS ROW,465,1891.7,36.7,5152.500006996605,0.499,4.068172043010753
8816,MAIN ST @ THAXTER ST,465,295.3,36.7,5152.500006996605,0.499,0.6350537634408603
8818,MAIN ST @ WAVERLEY AVE,465,419.5,36.8,3541.1999992409837,0.482,0.9021505376344086
8819,MAIN ST @ EDENFIELD AVE,465,548.9,36.8,3541.1999992409837,0.482,1.1804301075268817
8820,MAIN ST @ OLNEY ST,465,35.6,38.7,5606.099997407178,0.478,0.07655913978494625
8821,MAIN ST @ COPELAND ST,465,261.0,38.7,5606.099997407178,0.478,0.5612903225806452
8822,MAIN ST @ WILMOT ST,465,3.0,36.6,2208.9000001159943,0.479,0.0064516129032258064
8823,MAIN ST @ EMERSON RD,465,101.2,36.6,2208.9000001159943,0.479,0.21763440860215055
8824,MAIN ST @ LONGFELLOW RD,465,73.0,38.7,5606.099997407178,0.478,0.15698924731182795
8825,MAIN ST @ WARREN ST,465,337.1,41.3,2396.799998766447,0.51,0.7249462365591398
8826,MAIN ST @ BRIGHAM RD,465,114.5,42.6,2408.0999994967874,0.478,0.24623655913978496
8828,MAIN ST OPP WILLOW ST,465,214.0,41.3,2396.799998766447,0.51,0.46021505376344085
8830,MAIN ST @ ROSE HILL WAY,465,108.2,42.6,2408.0999994967874,0.478,0.23268817204301076
8831,MAIN ST OPP CHAMBERLAIN TERR,465,502.6,41.1,3814.9999987347232,0.463,1.0808602150537634
8832,MAIN ST @ HARRIS ST,465,554.5,41.1,3814.9999987347232,0.463,1.1924731182795698
8841,MAIN ST @ PALMER ST,297,218.3,34.3,5104.500003603649,0.522,0.735016835016835
8842,MAIN ST @ PROSPECT HILL RD,297,162.9,34.3,5104.500003603649,0.522,0.5484848484848485
8843,MAIN ST @ LUNDA ST,297,97.2,39.1,1686.100000254503,0.489,0.32727272727272727
8845,MAIN ST @ EDGEHILL RD,297,72.4,39.1,1686.100000254503,0.489,0.24377104377104378
8846,MAIN ST @ HILL RD,297,34.7,39.1,1686.100000254503,0.489,0.11683501683501685
8848,MAIN ST @ STOW ST,297,222.6,40.7,161.29999998378293,0.474,0.7494949494949494
8849,STOW ST @ TAVERN RD,45,12.0,39.1,1686.100000254503,0.489,0.26666666666666666
8850,TAVERN RD @ WESTON ST,45,7.0,39.1,1686.100000254503,0.489,0.15555555555555556
8852,MAIN ST @ OLD MAIN ST,188,267.6,40.5,372.2999999863138,0.5,1.423404255319149
8853,1076 MAIN ST,94,0.0,40.5,1954.2000002877578,0.467,0.0
8854,1032 MAIN ST OPP WHEELING ST,94,14.4,39.6,1080.4999999939068,0.506,0.15319148936170213
8855,MAIN ST @ MOUNTAIN ST,94,22.4,39.6,1080.4999999939068,0.506,0.23829787234042552
8856,MAIN ST @ ALTAVESTA CIRCLE,94,26.9,39.6,1080.4999999939068,0.506,0.28617021276595744
8857,MAIN ST OPP O'NEIL RD,94,1.0,39.6,1080.4999999939068,0.506,0.010638297872340425
8858,MAIN ST @ NICHOLS ST,94,47.8,39.6,1080.4999999939068,0.506,0.5085106382978724
8860,ELM ST @ TRAVERSE ST,94,34.9,40.5,1954.2000002877578,0.467,0.37127659574468086
8861,ELM ST @ WARD ST,94,7.9,40.5,1954.2000002877578,0.467,0.08404255319148937
8862,ELM ST @ WEST ST,94,21.3,40.5,1954.2000002877578,0.467,0.22659574468085106
8863,ELM ST @ MONUMENT,94,135.7,33.6,3315.200000992756,0.508,1.4436170212765955
8864,MAIN ST @ MIDDLESEX CANAL PK,94,49.1,43.2,1577.8999997901337,0.481,0.522340425531915
8865,MAIN ST OPP CAPOZZI CIR,94,6.9,41.3,1159.4000002882833,0.488,0.07340425531914894
8866,MAIN ST @ EATON AVE,94,38.3,43.2,1577.8999997901337,0.481,0.40744680851063825
8867,MAIN ST @ CHARLES GARDNER LN,94,16.9,40.4,2584.8999992334134,0.485,0.17978723404255317
8868,MAIN ST OPP CHARLES ST,94,25.3,40.4,2584.8999992334134,0.485,0.2691489361702128
8869,MAIN ST @ KILBY ST,94,26.8,40.4,2584.8999992334134,0.485,0.2851063829787234
8870,466 MAIN ST OPP UNION ST,94,146.4,41.3,2185.799998676362,0.506,1.5574468085106383
8901,BACON ST @ SCHOOL ST,103,61.1,36.2,2917.0999967731973,0.524,0.5932038834951456
8904,BACON ST @ VARNUM PK,103,60.2,36.2,2917.0999967731973,0.524,0.5844660194174758
8905,BACON ST OPP GREENWOOD LN,103,4.0,36.2,2917.0999967731973,0.524,0.038834951456310676
8906,BACON ST OPP CLARK LN,103,26.3,36.2,2917.0999967731973,0.524,0.25533980582524274
8959,READVILLE ST @ NORTON ST,69,158.0,37.2,1954.699998649809,0.485,2.289855072463768
8960,READVILLE ST @ COMO RD,74,8.8,37.2,1954.699998649809,0.485,0.11891891891891893
8961,READVILLE ST @ W MILTON ST,74,67.3,37.2,1954.699998649809,0.485,0.9094594594594594
8962,W MILTON ST @ PINE AVE,74,2.0,38.0,2044.799998336117,0.465,0.02702702702702703
8963,W MILTON ST @ W MILTON PL,74,4.0,38.0,2044.799998336117,0.465,0.05405405405405406
8964,W MILTON ST @ ERNEST AVE,74,1.3,38.0,2044.799998336117,0.465,0.01756756756756757
8970,RIVER ST OPP NEPONSET VALLEY,55,2.0,37.2,1954.699998649809,0.485,0.03636363636363636
8971,1799 RIVER ST OPP NORTON ST,55,28.5,37.2,1954.699998649809,0.485,0.5181818181818182
8973,RIVER ST OPP VALLARO RD,55,17.0,37.2,1954.699998649809,0.485,0.3090909090909091
8975,RIVER ST @ SOLARIS RD,55,30.0,38.0,2044.799998336117,0.465,0.5454545454545454
8993,BROOKLINE AVE OPP NEWBURY ST,746,119.5,26.7,11224.800046174307,0.404,0.1601876675603217
9000,SYLVAN ST @ KIMBALL ST,170,507.6,50.5,3650.5999951558124,0.467,2.9858823529411764
9001,SYLVAN ST @ BLANTYRE RD,170,35.1,50.5,3650.5999951558124,0.467,0.20647058823529413
9002,SYLVAN ST @ GILBERT ST,170,53.0,50.5,3650.5999951558124,0.467,0.31176470588235294
9003,SYLVAN ST @ LEBANON ST,170,155.5,50.5,3650.5999951558124,0.467,0.9147058823529411
9006,LEBANON ST @ BRATLEY ST,170,11.7,39.8,1512.5000005980671,0.464,0.0688235294117647
9008,LEBANON ST @ FOREST ST,170,49.5,39.8,1512.5000005980671,0.464,0.2911764705882353
9018,SALEM ST OPP WESCOTT ST,223,113.2,39.7,5475.499995522596,0.477,0.5076233183856502
9019,68 HUNTING ST OPP HUNTING PLA,223,392.5,39.7,5475.499995522596,0.477,1.7600896860986548
9020,HUNTING ST @ SALEM ST,223,16.0,39.7,5475.499995522596,0.477,0.07174887892376682
9021,SALEM ST @ HOME ST,427,1072.8,35.8,6792.900012522618,0.498,2.5124121779859485
9023,SALEM ST @ STANTON ST,427,350.4,37.2,5280.099987894146,0.504,0.8206088992974239
9024,SALEM ST OPP SPRUCE ST,427,141.3,35.8,6792.900012522618,0.498,0.33091334894613583
9025,SALEM ST @ LEBANON ST,427,801.7,35.8,6792.900012522618,0.498,1.8775175644028104
9026,SALEM ST @ ROCKWELL ST,626,1348.1,35.9,6421.099994945803,0.504,2.153514376996805
9028,PLEASANT ST OPP RUSSELL ST,502,260.3,38.3,6648.299997889105,0.507,0.5185258964143427
9029,HIGHLAND AVE @ PLEASANT ST,208,120.5,38.3,6648.299997889105,0.507,0.5793269230769231
9030,HIGHLAND AVE @ WENTWORTH ST,208,74.7,38.9,6338.899993276824,0.495,0.3591346153846154
9031,400 CENTRE ST EAST,879,1142.2,43.4,3329.999997524293,0.448,1.2994311717861207
9032,HIGHLAND AVE @ EMERALD ST,208,156.4,38.9,6338.899993276824,0.495,0.7519230769230769
9033,HIGHLAND AVE @ THACHER ST,208,38.2,38.9,6338.899993276824,0.495,0.18365384615384617
9034,HIGHLAND AVE @ OAKLAND ST,208,158.3,36.6,6564.300015832783,0.513,0.7610576923076924
9035,HIGHLAND AVE @ MEDFORD ST,208,109.3,37.3,4916.600007528845,0.507,0.5254807692307693
9036,HIGHLAND AVE @ DEVIR ST,208,246.9,37.3,4916.600007528845,0.507,1.1870192307692309
9037,HIGHLAND AVE @ MIDDLESEX AVE,208,255.4,36.4,3495.399997608875,0.519,1.2278846153846155
9038,MIDDLESEX AVE @ FIRST ST,223,98.8,34.5,4413.800003940245,0.488,0.44304932735426006
9039,MIDDLESEX AVE @ THIRD ST,223,58.4,36.4,3495.399997608875,0.519,0.26188340807174887
9040,RIVERSIDE AVE @ MIDDLESEX AVE,223,121.0,34.1,6444.200024334041,0.501,0.5426008968609866
9041,RIVERSIDE AVE @ FELLSWAY,223,67.8,34.1,6444.200024334041,0.501,0.3040358744394619
9042,FELLSWAY @ RIVERSIDE AVE,615,963.2,39.0,1601.6000005503486,0.492,1.5661788617886179
9043,FELLSWAY @ WELLINGTON CIRCLE,615,642.0,39.0,1601.6000005503486,0.492,1.0439024390243903
9045,FELLSWAY @ BRADBURY AVE,610,313.8,39.0,1601.6000005503486,0.492,0.5144262295081967
9047,RIVERSIDE AVE @ MIDDLESEX AVE,213,76.2,34.1,6444.200024334041,0.501,0.35774647887323946
9048,MIDDLESEX AVE @ THIRD ST,213,39.6,34.5,4413.800003940245,0.488,0.18591549295774648
9049,MIDDLESEX AVE @ FIRST ST,213,117.4,34.5,4413.800003940245,0.488,0.5511737089201878
9050,MIDDLESEX AVE @ HIGHLAND AVE,198,302.1,36.4,3495.399997608875,0.519,1.5257575757575759
9051,41 HIGHLAND AVE OPP DEVIR ST,198,202.3,37.3,4916.600007528845,0.507,1.0217171717171718
9052,HIGHLAND AVE @ MEDFORD ST,198,140.2,37.3,4916.600007528845,0.507,0.708080808080808
9053,HIGHLAND AVE @ OAKLAND ST,198,165.5,36.6,6564.300015832783,0.513,0.8358585858585859
9054,HIGHLAND AVE @ THACHER ST,198,67.5,38.3,6648.299997889105,0.507,0.3409090909090909
9055,HIGHLAND AVE @ ADAMS ST,198,193.3,38.9,6338.899993276824,0.495,0.9762626262626263
9056,HIGHLAND AVE @ CHARLES ST,198,179.9,38.3,6648.299997889105,0.507,0.9085858585858586
9057,HIGHLAND AVE @ WENTWORTH ST,198,101.4,36.8,7404.199991157624,0.529,0.5121212121212122
9058,HIGHLAND AVE @ PLEASANT ST,198,76.5,38.3,6648.299997889105,0.507,0.38636363636363635
9060,SALEM ST @ MAPLEWOOD ST,416,718.8,35.8,6792.900012522618,0.498,1.7278846153846152
9061,SALEM ST @ SPRUCE ST,416,236.6,37.2,5280.099987894146,0.504,0.56875
9063,SALEM ST @ BROADWAY,416,783.8,37.2,5280.099987894146,0.504,1.8841346153846152
9067,SALEM ST @ BELLVALE ST,213,222.5,39.8,6352.399987882169,0.506,1.0446009389671362
9068,SALEM ST @ BRENTWOOD ST,213,46.4,32.5,4270.400000690941,0.493,0.21784037558685446
9069,SALEM ST @ REVERE ST,213,143.9,32.5,4270.400000690941,0.493,0.6755868544600939
9070,SALEM ST @ LYNN ST,286,304.9,38.8,4796.699996943241,0.491,1.066083916083916
9071,WARREN ST @ MELROSE ST,100,54.5,47.3,2639.0000001974054,0.48,0.545
9074,FRANKLIN ST OPP GREENWOOD ST,50,22.5,47.3,2639.0000001974054,0.48,0.45
9075,FRANKLIN ST @ ASHLAND ST,50,9.0,42.0,3870.7999935649314,0.483,0.18
9076,FRANKLIN ST @ ALBION ST,50,9.0,48.3,2172.2999996134586,0.443,0.18
9077,PORTER ST @ ROWE ST,50,20.5,42.3,3313.3000073955177,0.475,0.41
9078,PORTER ST @ BELLEVUE AVE,50,1.0,43.2,2939.7000008589434,0.497,0.02
9079,PORTER ST @ GARFIELD RD,50,12.5,42.3,3313.3000073955177,0.475,0.25
9080,PORTER ST @ MORELAND RD,50,2.5,40.7,2994.8999983291164,0.489,0.05
9081,PORTER ST @ EAST ST,50,4.0,43.0,1572.499999835709,0.485,0.08
9082,EAST ST OPP SHEFFIELD RD,50,1.0,40.7,2994.8999983291164,0.489,0.02
9083,EAST ST @ ENMORE RD,50,3.0,40.7,2994.8999983291164,0.489,0.06
9084,EAST ST @ UPHAM ST,50,5.5,40.7,2994.8999983291164,0.489,0.11
9085,UPHAM ST @ HIGHVIEW AVE,50,3.5,40.5,3703.29999686882,0.475,0.07
9086,WAVERLY AVE @ FIRST ST,50,12.5,40.5,3703.29999686882,0.475,0.25
9087,WAVERLY AVE @ LAUREL ST,50,9.0,44.4,752.6999999479615,0.472,0.18
9088,LAUREL ST @ HIGHVIEW AVE,50,3.5,44.4,752.6999999479615,0.472,0.07
9089,184 LAUREL ST,50,7.5,44.4,752.6999999479615,0.472,0.15
9090,166 LAUREL ST,50,6.5,44.4,752.6999999479615,0.472,0.13
9091,LAUREL ST @ SIXTH ST,50,11.5,44.4,752.6999999479615,0.472,0.23
9092,GROVE ST OPP GOSS AVE,50,16.5,40.5,3541.3999998512704,0.488,0.33
9093,GROVE ST OPP FLORENCE AVE,50,5.5,40.5,3541.3999998512704,0.488,0.11
9095,GROVE ST OPP ARGYLE ST,50,31.0,40.5,3541.3999998512704,0.488,0.62
9096,GROVE ST @ GOOCH ST,50,39.5,39.0,3229.9000010050627,0.482,0.79
9097,GROVE ST @ LEBANON ST,50,29.0,40.5,3541.3999998512704,0.488,0.58
9098,GROVE ST OPP LINWOOD AVE,50,8.5,41.1,4975.600008204192,0.442,0.17
9099,GROVE ST @ WALNUT ST,50,7.5,41.1,4975.600008204192,0.442,0.15
9100,GROVE ST @ MAIN ST,50,19.0,36.4,5525.499991835255,0.478,0.38
9101,WINTHROP ST @ WINFORD WAY,102,4.5,49.6,692.300000085469,0.487,0.04411764705882353
9103,MAIN ST @ TOWN WAY,102,2.0,42.5,1733.5000005652719,0.484,0.0196078431372549
9104,MAIN ST @ HIGHLAND AVE,102,3.0,42.5,1733.5000005652719,0.484,0.029411764705882353
9105,MAIN ST @ EVERELL RD,102,12.8,42.5,1733.5000005652719,0.484,0.12549019607843137
9106,MAIN ST @ MARSHALL RD,102,3.4000000000000004,43.0,1940.2000007847212,0.497,0.03333333333333334
9107,MAIN ST @ CHESTNUT ST,102,2.3,43.0,1940.2000007847212,0.497,0.022549019607843137
9108,MAIN ST @ PROSPECT ST,102,9.5,43.0,1940.2000007847212,0.497,0.09313725490196079
9109,MAIN ST @ FAIRVIEW TERR,102,26.0,43.0,1940.2000007847212,0.497,0.2549019607843137
9111,MAIN ST @ VINE ST,102,106.2,44.9,1953.9000003176327,0.462,1.0411764705882354
9113,MAIN ST @ LAKE ST,102,103.4,47.7,2246.600000430426,0.461,1.0137254901960784
9114,757 MAIN ST,102,25.3,39.8,2861.10000148332,0.476,0.24803921568627452
9115,MAIN ST OPP RICHARDSON ST,102,120.5,39.8,2861.10000148332,0.476,1.1813725490196079
9116,MAIN ST OPP HEMMINGWAY ST,102,13.9,39.8,2861.10000148332,0.476,0.13627450980392158
9117,MAIN ST OPP SHERIDAN CIRCLE,102,26.5,40.2,2355.8000006406173,0.475,0.25980392156862747
9118,MAIN ST @ CRANES CT,102,55.9,40.0,1514.9000006330982,0.48,0.5480392156862745
9119,MAIN ST @ VINING CT,102,28.0,40.5,2150.899999021846,0.497,0.27450980392156865
9120,MAIN ST @ RICHARDSON ST,102,17.3,40.0,1514.9000006330982,0.48,0.1696078431372549
9121,MAIN ST @ FOWLE ST,102,45.9,40.0,1514.9000006330982,0.48,0.45
9122,MAIN ST @ GREEN ST,102,48.8,40.5,2150.899999021846,0.497,0.4784313725490196
9123,MAIN ST OPP MYRTLE ST,102,25.1,49.8,3282.6999991583953,0.481,0.24607843137254903
9124,MAIN ST @ MONTVALE AVE,94,95.7,36.6,3931.8000007800083,0.513,1.0180851063829788
9125,COMMON ST @ WOBURN CITY HALL,195,310.9,49.8,3282.6999991583953,0.481,1.5943589743589743
9127,MAIN ST @ EVERETT ST,94,168.0,36.6,3931.8000007800083,0.513,1.7872340425531914
9128,MAIN ST @ MANNING ST,94,27.4,43.2,1577.8999997901337,0.481,0.29148936170212764
9129,MAIN ST @ MISHAWUM RD,94,26.7,40.4,2584.8999992334134,0.485,0.28404255319148936
9130,MAIN ST @ PAGE PL,94,8.9,40.4,2584.8999992334134,0.485,0.09468085106382979
9131,MAIN ST @ EATON AVE,94,45.8,43.2,1577.8999997901337,0.481,0.48723404255319147
9133,MAIN ST @ FISHER TERR,94,62.9,41.3,1159.4000002882833,0.488,0.6691489361702128
9134,ELM ST @ MONUMENT,94,136.7,33.6,3315.200000992756,0.508,1.454255319148936
9135,ELM ST OPP WEST ST,94,11.4,40.5,1954.2000002877578,0.467,0.12127659574468086
9136,ELM ST OPP WARD ST,94,12.4,40.5,1954.2000002877578,0.467,0.13191489361702127
9137,73 ELM ST OPP TRAVERSE ST,94,34.8,40.5,1954.2000002877578,0.467,0.3702127659574468
9139,MAIN ST @ EAST NICHOLS ST,94,57.2,39.6,1080.4999999939068,0.506,0.6085106382978723
9140,MAIN ST @ W DEXTER AVE,94,14.4,39.6,1080.4999999939068,0.506,0.15319148936170213
9142,MAIN ST OPP MOUNTAIN ST,94,24.4,39.6,1080.4999999939068,0.506,0.25957446808510637
9143,MAIN ST @ WHEELING ST,94,11.4,39.6,1080.4999999939068,0.506,0.12127659574468086
9144,1075 MAIN ST,94,8.9,40.5,1954.2000002877578,0.467,0.09468085106382979
9145,WINTHROP ST @ PLAYSTEAD RD,144,36.1,42.2,121.0000000057619,0.502,0.25069444444444444
9146,578 WINTHROP ST,144,3.8,41.2,3874.6000018762084,0.473,0.02638888888888889
9147,WINTHROP ST @ BROOKS ST,194,1557.3,42.2,121.0000000057619,0.502,8.027319587628865
9149,WINTHROP ST @ EXETER ST,194,25.2,51.2,2578.60000021671,0.456,0.12989690721649483
9150,WINTHROP ST @ SUFFOLK ST,194,29.3,51.2,2578.60000021671,0.456,0.15103092783505154
9151,RIVERSIDE AVE @ SALTONSTALL B,159,119.9,64.7,5047.500001695395,0.427,0.7540880503144655
9152,163 RIVERSIDE AVE,159,25.4,33.9,5041.000009859603,0.499,0.15974842767295597
9153,RIVERSIDE AVE @ MARINE ST,159,81.3,33.9,3385.2000007639895,0.444,0.5113207547169811
9154,RIVERSIDE AVE @ MAVERICK ST,159,128.3,33.9,3385.2000007639895,0.444,0.8069182389937107
9155,RIVERSIDE AVE @ FOSTER CT,159,88.2,36.3,6026.299992682124,0.519,0.5547169811320755
9156,RIVERSIDE AVE @ LIGHT GUARD D,159,348.9,33.9,3385.2000007639895,0.444,2.1943396226415093
9157,RIVERSIDE AVE @ ROCKWELL AVE,159,103.5,33.9,3385.2000007639895,0.444,0.6509433962264151
9158,RIVERSIDE AVE @ LOCUST ST,159,46.8,39.0,1601.6000005503486,0.492,0.2943396226415094
9159,RIVERSIDE AVE @ HALL ST,159,28.7,39.0,1601.6000005503486,0.492,0.18050314465408804
9160,RIVERSIDE AVE @ COMMERCIAL ST,159,42.9,39.0,1601.6000005503486,0.492,0.269811320754717
9161,RIVERSIDE AVE @ FELLSWAY,159,204.5,39.0,1601.6000005503486,0.492,1.2861635220125787
9162,RIVERSIDE AVE @ FELLSWAY,166,203.7,39.0,1601.6000005503486,0.492,1.2271084337349396
9163,RIVERSIDE AVE OPP COMMERCIAL,166,60.0,39.0,1601.6000005503486,0.492,0.3614457831325301
9164,RIVERSIDE AVE OPP HALL ST,166,51.2,39.0,1601.6000005503486,0.492,0.30843373493975906
9165,350 RIVERSIDE AVE,166,194.0,39.0,1601.6000005503486,0.492,1.1686746987951808
9167,RIVERSIDE AVE @ HUNEWILL AVE,166,281.6,36.3,6026.299992682124,0.519,1.6963855421686749
9168,RIVERSIDE AVE @ CAROLINA ST,166,100.1,36.3,6026.299992682124,0.519,0.6030120481927711
9169,RIVERSIDE AVE @ PEMBROKE ST,166,77.8,33.9,3385.2000007639895,0.444,0.4686746987951807
9170,RIVERSIDE AVE @ PARK ST,166,91.3,33.9,3385.2000007639895,0.444,0.5499999999999999
9172,116 RIVERSIDE AVE,166,121.5,64.7,5047.500001695395,0.427,0.7319277108433735
9174,WINTHROP ST @ LAWRENCE RD,196,20.2,51.2,2578.60000021671,0.456,0.10306122448979592
9175,WINTHROP ST @ WOODSIDE RD,196,12.1,51.2,2578.60000021671,0.456,0.06173469387755102
9176,475 WINTHROP ST @ TEMPLE SHAL,196,1450.3,47.2,2949.000004214327,0.498,7.399489795918367
9177,WINTHROP ST @ MEDFORD HS,156,180.3,42.2,121.0000000057619,0.502,1.1557692307692309
9178,WINTHROP ST OPP SMITH LN,151,4.5,41.2,3874.6000018762084,0.473,0.029801324503311258
9179,MAIN ST @ WATER ST,180,504.8,47.3,2570.5999986159186,0.507,2.8044444444444445
9181,MAIN ST @ GALVIN MIDDLE SCHOO,180,100.0,47.3,2570.5999986159186,0.507,0.5555555555555556
9183,MAIN ST OPP CHARLES ST,180,80.1,43.7,1036.8000001641642,0.468,0.44499999999999995
9184,MAIN ST OPP GREEN ST,180,11.3,43.7,1036.8000001641642,0.468,0.06277777777777778
9185,OPP 818 MAIN ST,180,0.0,43.7,1036.8000001641642,0.468,0.0
9187,MAIN ST @ FOREST ST,180,25.0,43.7,1036.8000001641642,0.468,0.1388888888888889
9188,MAIN ST @ GREENWOOD PLAZA,180,86.8,42.9,2695.2000022573675,0.48,0.4822222222222222
9189,MAIN ST OPP GREENWOOD SCHOOL,180,22.8,42.9,2695.2000022573675,0.48,0.12666666666666668
9190,MAIN ST OPP PITMAN AVE,180,40.9,42.9,2695.2000022573675,0.48,0.22722222222222221
9191,MAIN ST @ HANSON ST,180,21.3,42.9,2695.2000022573675,0.48,0.11833333333333333
9192,MAIN ST @ HUMPHREY ST,180,17.8,42.9,2695.2000022573675,0.48,0.09888888888888889
9193,MAIN ST OPP BAY STATE RD,180,51.5,42.9,2695.2000022573675,0.48,0.2861111111111111
9194,MAIN ST @ BRIGGS ST,180,33.8,41.4,3417.10000466535,0.479,0.18777777777777777
9195,MAIN ST @ W HIGHLAND AVE,180,70.6,42.0,3870.7999935649314,0.483,0.3922222222222222
9196,910 MAIN ST,230,308.1,48.3,2172.2999996134586,0.443,1.3395652173913044
9197,MAIN ST OPP LINDEN RD,230,273.2,48.3,2172.2999996134586,0.443,1.1878260869565216
9198,MAIN ST @ MELROSE ST,230,181.6,48.3,2172.2999996134586,0.443,0.7895652173913044
9199,MAIN ST @ LEBANON ST,180,111.9,43.2,2939.7000008589434,0.497,0.6216666666666667
9200,MAIN ST @ EMERSON ST,180,140.8,48.3,2172.2999996134586,0.443,0.7822222222222223
9201,MAIN ST @ ESSEX ST,180,262.1,41.1,4073.6999924293673,0.473,1.4561111111111111
9202,MAIN ST @ W FOSTER ST,180,268.5,41.1,4073.6999924293673,0.473,1.4916666666666667
9203,MAIN ST @ GROVE ST,180,137.3,41.1,4073.6999924293673,0.473,0.7627777777777779
9204,MAIN ST @ W WYOMING AVE,230,442.7,36.4,5525.499991835255,0.478,1.924782608695652
9205,238 MAIN ST,230,51.2,39.8,1512.5000005980671,0.464,0.22260869565217392
9206,MAIN ST @ LODGE AVE,230,8.0,39.8,1512.5000005980671,0.464,0.034782608695652174
9207,MAIN ST @ SYLVAN ST,230,14.0,39.8,1512.5000005980671,0.464,0.06086956521739131
9209,MAIN ST @ FAIRLAWN ST,170,27.9,32.5,5742.900016378419,0.492,0.16411764705882353
9210,MAIN ST @ ROSEMONT ST,170,236.4,32.5,5742.900016378419,0.492,1.3905882352941177
9211,MAIN ST @ WINTER ST,170,28.0,38.6,7547.0999822753165,0.491,0.16470588235294117
9212,MAIN ST @ CLIFTON ST,170,82.5,35.8,2640.099999143099,0.503,0.4852941176470588
9213,MAIN ST @ MOUNTAIN AVE,170,120.1,38.6,7547.0999822753165,0.491,0.7064705882352941
9214,MAIN ST @ SALEM ST,170,301.5,32.8,20521.900023682716,0.504,1.7735294117647058
9215,MAIN ST @ SALEM ST,764,697.9,32.8,20521.900023682716,0.504,0.9134816753926701
9216,MAIN ST @ MOUNTAIN AVE,159,184.7,33.0,7980.199983811594,0.499,1.161635220125786
9217,MAIN ST @ PARK AVE,159,56.1,35.8,2640.099999143099,0.503,0.3528301886792453
9218,MAIN ST @ LEONARD ST,159,29.1,38.6,7547.0999822753165,0.491,0.18301886792452832
9219,MAIN ST OPP ROSEMONT ST,159,8.5,32.5,5742.900016378419,0.492,0.05345911949685535
9220,MAIN ST OPP FAIRLAWN ST,159,48.0,32.5,5742.900016378419,0.492,0.3018867924528302
9221,MAIN ST @ BANKS PL,159,60.9,33.5,7919.400009915722,0.485,0.3830188679245283
9222,MAIN ST @ SYLVAN ST,214,54.1,39.8,1512.5000005980671,0.464,0.25280373831775704
9223,MAIN ST OPP LODGE AVE,214,6.0,39.8,1512.5000005980671,0.464,0.028037383177570093
9224,MAIN ST @ POTOMAC ST,214,47.2,39.8,1512.5000005980671,0.464,0.2205607476635514
9225,MAIN ST @ E WYOMING AVE,214,375.5,36.4,5525.499991835255,0.478,1.7546728971962617
9226,MAIN ST @ GROVE ST,214,147.4,36.4,5525.499991835255,0.478,0.688785046728972
9227,MAIN ST @ E FOSTER ST,164,193.9,41.1,4073.6999924293673,0.473,1.1823170731707318
9228,MAIN ST @ UPHAM ST,164,219.3,41.1,4975.600008204192,0.442,1.3371951219512195
9229,MAIN ST @ E EMERSON ST,214,104.8,41.1,4073.6999924293673,0.473,0.4897196261682243
9230,MAIN ST @ LEBANON ST,214,148.5,43.2,2939.7000008589434,0.497,0.6939252336448598
9231,MAIN ST @ SHORT ST,214,241.9,48.3,2172.2999996134586,0.443,1.130373831775701
9232,MAIN ST @ LINDEN RD,214,220.4,48.3,2172.2999996134586,0.443,1.029906542056075
9233,MAIN ST @ GREEN ST,214,195.6,48.3,2172.2999996134586,0.443,0.914018691588785
9235,MAIN ST @ E HIGHLAND AVE,164,43.0,42.0,3870.7999935649314,0.483,0.2621951219512195
9236,MAIN ST @ BOARDMAN AVE,164,35.1,41.4,3417.10000466535,0.479,0.21402439024390243
9237,MAIN ST @ BAY STATE RD,164,42.9,42.9,2695.2000022573675,0.48,0.26158536585365855
9238,MAIN ST @ FLINT ST,164,11.0,42.1,1102.6000001715931,0.487,0.06707317073170732
9239,MAIN ST @ GRAFTON ST,164,28.2,42.9,2695.2000022573675,0.48,0.1719512195121951
9240,MAIN ST @ PITMAN AVE,164,32.6,42.9,2695.2000022573675,0.48,0.19878048780487806
9241,MAIN ST @ GREENWOOD SCHOOL,164,17.2,42.9,2695.2000022573675,0.48,0.1048780487804878
9242,MAIN ST @ OAK ST,164,77.0,42.9,2695.2000022573675,0.48,0.4695121951219512
9243,MAIN ST @ WALTON PL,164,24.2,43.7,1036.8000001641642,0.468,0.1475609756097561
9245,814 MAIN ST,164,0.0,43.7,1036.8000001641642,0.468,0.0
9246,MAIN ST @ GREEN ST,164,22.5,43.7,1036.8000001641642,0.468,0.13719512195121952
9247,MAIN ST @ CHARLES ST,164,48.5,43.7,1036.8000001641642,0.468,0.29573170731707316
9249,MAIN ST @ NAHANT ST,164,112.7,43.7,1036.8000001641642,0.468,0.6871951219512196
9250,MAIN ST @ RICHARDSON ST,164,118.6,47.3,2570.5999986159186,0.507,0.723170731707317
9251,MAIN ST @ WATER ST,164,487.7,47.3,2570.5999986159186,0.507,2.973780487804878
9276,SALEM ST @ MAIN ST,164,30.6,42.0,4819.300006394239,0.475,0.18658536585365854
9277,SALEM ST @ PLEASANT ST,164,16.1,46.9,1942.8000024192604,0.49,0.09817073170731708
9279,PLEASANT ST @ WAVE AVE,164,4.0,46.9,1942.8000024192604,0.49,0.024390243902439025
9281,PLEASANT ST @ SWEETSER ST,164,2.0,43.4,2254.0000019638815,0.479,0.012195121951219513
9283,CORDIS ST @ COURT ST,164,2.5,43.4,2254.0000019638815,0.479,0.01524390243902439
9284,CORDIS ST @ VERNON ST,164,3.5,43.4,2254.0000019638815,0.479,0.021341463414634148
9285,VERNON ST @ LOWELL ST,164,42.1,43.4,2254.0000019638815,0.479,0.25670731707317074
9287,LOWELL ST @ MAGNOLIA TERR,164,0.0,43.4,2254.0000019638815,0.479,0.0
9289,LOWELL ST OPP PLEASANT ST,164,2.5,45.5,1130.199999337954,0.494,0.01524390243902439
9292,LOWELL ST @ MAIN ST,164,34.6,40.5,275.19999999018785,0.467,0.21097560975609758
9293,SALEM ST @ GOVERNOR DR,164,57.8,45.9,331.9000000247463,0.467,0.3524390243902439
9294,SALEM ST @ LIBBY AVE,164,0.0,45.9,331.9000000247463,0.467,0.0
9295,SALEM ST @ WINTER ST,164,5.0,42.1,1476.1000001308782,0.491,0.03048780487804878
9296,SALEM ST OPP MANNING ST,164,18.1,45.9,331.9000000247463,0.467,0.1103658536585366
9297,WOBURN ST @ LOWELL ST,164,143.9,41.2,2645.9999998414587,0.465,0.8774390243902439
9300,WASHINGTON ST @ ELIOT ST,175,28.3,42.1,1476.1000001308782,0.491,0.16171428571428573
9301,WALKERS BROOK DR @ NEW CROSSI,175,312.4,42.1,1476.1000001308782,0.491,1.785142857142857
9304,NORTH AVE OPP LAKEVIEW OFFICE,175,94.7,40.5,275.19999999018785,0.467,0.5411428571428571
9305,NORTH AVE @ WOLCOTT ST,175,6.2,40.5,275.19999999018785,0.467,0.03542857142857143
9306,NORTH AVE @ CHURCH ST,175,26.400000000000002,47.3,2570.5999986159186,0.507,0.15085714285714286
9307,NORTH AVE @ CHESTNUT ST,175,127.5,47.3,2570.5999986159186,0.507,0.7285714285714285
9318,CORPORATION WAY AFTER BRIDGE,610,104.6,31.0,5335.400002804505,0.508,0.17147540983606557
9319,FELLSWAY @ MIDDLESEX AVE,610,470.1,34.1,6444.200024334041,0.501,0.770655737704918
9326,WASHINGTON ST @ OAK GROVE STA,126,562.6,34.8,5521.700000965309,0.496,4.465079365079365
9327,SALEM ST @ SPRING ST,164,12.2,45.9,331.9000000247463,0.467,0.07439024390243902
9328,OAK GROVE BUSWAY,444,4278.9,32.5,5742.900016378419,0.492,9.637162162162161
9339,HUNTING ST @ SALEM ST,213,147.5,39.7,5475.499995522596,0.477,0.6924882629107981
9340,HUNTING ST @ COLEMAN ST,213,400.7,39.7,5475.499995522596,0.477,1.8812206572769952
9406,MORTON ST @ HARVARD ST,997,1819.7,28.8,3133.599994658007,0.453,1.8251755265797394
9421,E NEWTON ST @ WASHINGTON ST,257,538.8,39.7,17400.30012373081,0.471,2.096498054474708
9434,PARK DR @ FENWAY STA,428,1006.2,26.1,19675.799912398772,0.447,2.3509345794392527
9441,BROOKLINE AVE @ BOYLSTON ST,786,671.0,25.7,6635.599993967636,0.48,0.8536895674300254
9448,SEAVER ST @ BLUE HILL AVE,754,1884.0,30.1,15157.60004128997,0.432,2.4986737400530505
9492,498 WATERTOWN ST,122,23.2,36.4,3582.00000562238,0.479,0.1901639344262295
9518,BEAVER ST @ LINDEN ST,30,4.0,45.2,1318.0999996989005,0.493,0.13333333333333333
9522,WESTON ST @ CEDARWOOD AVE,90,113.0,39.1,1686.100000254503,0.489,1.2555555555555555
9525,MAIN SHOPPING CENTER @ MARSHA,252,1558.2,40.7,161.29999998378293,0.474,6.183333333333334
9526,MAIN SHOPPING CENTER @ MARKET,252,1418.2,40.7,161.29999998378293,0.474,5.627777777777778
9780,WASHINGTON ST @ OAK SQ,781,1838.2,30.2,5462.800004971853,0.496,2.353649167733675
9955,240 SOUTHAMPTON ST,148,13.7,36.0,2270.0000000427294,0.609,0.09256756756756757
9960,MASSACHUSETTS AVE @ THEO GLYN,496,323.0,36.0,2270.0000000427294,0.609,0.6512096774193549
9980,CHARLES ST @ BEACON ST,202,158.3,24.5,12.20000001708,0.25,0.7836633663366337
9981,BEACON ST OPP WALNUT ST,202,63.5,45.3,17599.200004696868,0.476,0.31435643564356436
9982,BEACON ST @ PARK ST,202,179.7,31.5,16840.19995634051,0.494,0.8896039603960395
9983,STUART ST @ CHARLES ST S,327,394.5,20.9,27565.90010177298,0.422,1.2064220183486238
10000,TREMONT ST OPP TEMPLE PL,404,614.1,40.8,9357.100047553262,0.583,1.5200495049504952
10003,ALBANY ST OPP RANDALL ST,988,605.1,36.0,2270.0000000427294,0.609,0.6124493927125506
10005,ALBANY ST OPP E CONCORD ST,814,1808.2,34.3,8027.4999979900795,0.487,2.2213759213759214
10006,ALBANY ST OPP E NEWTON ST,318,405.4,33.9,9442.299993201543,0.521,1.2748427672955973
10007,540 ALBANY ST OPP WAREHAM ST,318,228.9,37.2,2900.4999797267137,0.583,0.719811320754717
10008,ALBANY ST OPP RANDOLPH ST,318,284.3,39.8,5375.900003613338,0.548,0.8940251572327045
10009,HIGH ST @ DUCK LANE,107,1.0,42.9,532.5999999779,0.489,0.009345794392523364
10010,SOUTHAMPTON ST @ NEWMARKET ST,177,70.9,36.0,2270.0000000427294,0.609,0.4005649717514125
10011,ALBANY ST @ RANDOLPH ST,314,259.0,39.8,5375.900003613338,0.548,0.8248407643312102
10012,ALBANY ST @ WAREHAM ST,314,130.0,39.8,5375.900003613338,0.548,0.4140127388535032
10013,ALBANY ST @ E DEDHAM ST,314,203.6,39.8,5375.900003613338,0.548,0.6484076433121019
10014,ALBANY ST OPP BOSTON MEDICAL,954,2649.0,33.9,9442.299993201543,0.521,2.7767295597484276
10015,HARRISON AVE @ E NEWTON ST,944,1504.4,34.3,8027.4999979900795,0.487,1.5936440677966102
10016,TRADECENTER 128,115,170.5,33.6,3315.200000992756,0.508,1.482608695652174
10032,E 1ST ST OPP O ST,1231,214.4,30.9,12180.499947424136,0.471,0.17416734362307068
10033,E 1ST ST @ O ST,1372,615.1,28.5,7626.2999709220085,0.477,0.44832361516034985
10100,ALBANY ST @ RANDALL ST,644,431.5,36.0,2270.0000000427294,0.609,0.6700310559006211
10101,MELNEA CASS BLVD @ HARRISON A,644,202.5,35.3,6483.900009503497,0.398,0.3144409937888199
10413,COLUMBUS AVE @ WELD AVE,1062,3174.4,39.3,15135.899957029436,0.459,2.9890772128060266
10417,AMERICAN LEGION HWY @ BLUE HI,103,191.6,20.4,1337.2999997132392,0.412,1.8601941747572814
10418,AMERICAN LEGION HWY OPP FRANK,103,157.3,20.4,1337.2999997132392,0.412,1.5271844660194176
10419,AMERICAN LEGION HWY @ CANTERB,103,244.3,38.3,2726.3000025270426,0.485,2.3718446601941747
10421,AMERICAN LEGION HWY @ WALK HI,103,73.7,38.3,2726.3000025270426,0.485,0.7155339805825243
10422,OPP 684 AMERICAN LEGION HWY,103,166.7,38.3,2726.3000025270426,0.485,1.6184466019417474
10423,AMERICAN LEGION HWY @ STELLA,103,71.1,36.7,6005.400000537643,0.441,0.6902912621359223
10424,AMERICAN LEGION HWY @ CUMMINS,103,130.5,36.7,6005.400000537643,0.441,1.266990291262136
10425,OPP 950 AMERICAN LEGION HWY,103,119.9,46.4,2367.69999840263,0.446,1.1640776699029127
10427,AMERICAN LEGION HWY OPP KINGB,103,180.1,20.4,1337.2999997132392,0.412,1.7485436893203883
10522,CIRCUIT DR @ GLEN LN,558,84.3,20.4,1337.2999997132392,0.412,0.1510752688172043
10540,MORTON ST @ EVANS ST,402,608.7,36.2,7024.10002257103,0.454,1.514179104477612
10569,2165 DORCHESTER AVE,472,52.5,47.7,2261.300001575181,0.524,0.11122881355932203
10582,RIVER ST OPP FREMONT ST,209,64.8,39.6,4733.099995906419,0.415,0.31004784688995213
10590,MASSACHUSETTS AVE @ WASHINGTO,670,2113.6,34.7,19876.90010895857,0.521,3.154626865671642
10603,WASHINGTON ST @ DURNELL AVE,827,290.1,38.5,6191.799992279515,0.467,0.35078597339782347
10612,WASHINGTON ST OPP W BOUNDARY,547,373.0,45.2,1660.4000002947841,0.452,0.6819012797074955
10618,WASHINGTON ST @ SUMNER ST,722,282.6,44.8,1025.5999997050299,0.477,0.3914127423822715
10625,WASHINGTON ST OPP HERON ST,675,218.8,45.2,1660.4000002947841,0.452,0.3241481481481482
10633,WASHINGTON ST @ ROSECLIFF ST,828,456.9,35.4,5093.099983863553,0.513,0.5518115942028985
10642,FOREST HILLS STATION UPPER BU,5495,78534.9,34.4,4843.000005973584,0.435,14.29206551410373
10768,CENTRE ST @ GROVE ST,217,48.0,42.3,3968.699993312346,0.476,0.22119815668202766
10769,CENTRE ST @ GROVE ST,217,37.9,42.3,3968.699993312346,0.476,0.1746543778801843
10777,SPRING ST @ CASS ST,331,263.4,46.3,1998.6999992348135,0.5,0.7957703927492447
10820,VETERANS HOSPITAL WEST ROXBUR,546,734.5,46.3,1998.6999992348135,0.5,1.3452380952380953
10821,CHARLES PARK RD @ VFW PKWY,90,111.5,46.3,1998.6999992348135,0.5,1.238888888888889
10830,17 CHARLES PARK RD,90,38.5,46.3,1998.6999992348135,0.5,0.42777777777777776
10833,DEDHAM MALL @ STOP & SHOP,908,3040.6,44.8,1025.5999997050299,0.477,3.3486784140969164
10923,CUMMINS HWY @ WOOD AVE,217,422.3,40.8,5629.700000879641,0.47,1.946082949308756
11070,GUEST ST @ NEW BALANCE WAY,178,223.4,30.5,3005.899999263588,0.483,1.2550561797752808
11071,GUEST ST @ ARTHUR ST,178,216.1,30.5,3005.899999263588,0.483,1.2140449438202248
11131,CENTRE ST @ ROSEWAY ST,878,1975.5,34.2,9235.399975605253,0.447,2.25
11148,MALCOLM X BLVD @ MADISON PARK,3392,1038.0,31.6,735.5000015128956,0.361,0.30601415094339623
11149,MALCOLM X BLVD @ O'BRYANT HS,3392,3901.5,31.6,735.5000015128956,0.361,1.1502063679245282
11158,HARRISON AVE @ E BROOKLINE ST,485,365.3,35.3,20698.29996682896,0.397,0.7531958762886598
11164,CENTRE ST @ BURROUGHS ST,855,1661.8,36.6,4817.200006479586,0.454,1.943625730994152
11187,WASHINGTON ST @ SCHOOL ST,320,481.5,39.3,15135.899957029436,0.459,1.5046875
11219,A ST @ NECCO ST,288,278.4,39.3,2273.1000009201566,0.521,0.9666666666666666
11228,TREMONT ST @ LENOX ST,202,68.1,34.0,14934.699989388502,0.446,0.3371287128712871
11241,SOUTH BAY MALL @ TARGET,847,1388.6,28.4,1706.9000001533643,0.528,1.6394332939787484
11242,SOUTH BAY MALL OPP BED BATH &,847,2121.3,28.4,1706.9000001533643,0.528,2.5044864226682413
11257,MALCOLM X BLVD @ KING ST,3274,11184.5,29.4,6409.000011778492,0.512,3.416157605375687
11259,MALCOLM X BLVD @ SHAWMUT AVE,3179,3368.8,41.8,4854.40001606019,0.52,1.0597043095312992
11302,HARVARD ST @ VERNDALE ST,703,1766.8,33.5,6839.800011558612,0.451,2.513229018492176
11319,W SECOND ST OPP W THIRD ST,288,35.5,39.3,2273.1000009201566,0.521,0.1232638888888889
11323,MALCOLM X BLVD OPP O'BRYANT H,3289,3375.7,29.4,6409.000011778492,0.512,1.0263605959258133
11384,DARTMOUTH ST @ BACK BAY STA,257,1636.1,36.5,14100.699966275824,0.479,6.366147859922179
11388,HUNTINGTON AVE @ BELVIDERE ST,672,2286.8,68.3,22450.599976284793,0.47,3.4029761904761906
11390,DALTON ST @ BELVIDERE ST,63,9.0,64.5,5623.299988423015,0.482,0.14285714285714285
11391,BOYLSTON ST @ MASSACHUSETTS A,63,12.8,62.0,9690.500001532804,0.482,0.20317460317460317
11410,CAMBRIDGE ST @ MAX AVE,319,755.8,34.8,13729.699996370797,0.516,2.3692789968652037
11413,COLUMBUS AVE @ WALNUT AVE,1062,2717.8,37.0,13267.099930779112,0.447,2.5591337099811677
11419,A ST @ MT WASHINGTON AVE,288,94.6,39.3,2273.1000009201566,0.521,0.3284722222222222
11481,HERALD ST @ HARRISON AVE,521,986.8,30.8,16845.000053765885,0.484,1.8940499040307102
11482,DUDLEY ST @ UPHAMS CORNER STA,791,1520.8,34.4,7651.800012662451,0.473,1.9226295828065738
11501,DUDLEY ST @ VIRGINIA ST,769,3137.6,37.2,9916.099980178578,0.477,4.080104031209363
11512,BOWDOIN OPP MT IDA,520,461.8,32.1,10157.3999757801,0.488,0.8880769230769231
11521,MORTON ST @ ARBORWAY,978,268.6,33.3,6091.099991258984,0.471,0.27464212678936606
11531,JACKSON SQUARE BUSWAY,2611,20341.7,33.2,8796.100011451688,0.468,7.790769819992341
11545,LEE ST @ BOYLSTON ST,140,19.5,41.6,805.3999999191054,0.493,0.1392857142857143
11587,CIRCUIT DR @ GLEN LN,573,112.1,20.4,1337.2999997132392,0.412,0.1956369982547993
11592,RUGGLES ST @ CABOT ST,692,259.8,31.6,735.5000015128956,0.361,0.3754335260115607
11593,RUGGLES ST OPP KERR WAY,611,155.0,36.1,10164.60001451321,0.415,0.25368248772504093
11613,W BOUNDARY RD @ WASHINGTON ST,149,94.9,36.8,4575.700002087029,0.446,0.6369127516778524
11618,GEORGETOWNE DR @ GEORGETOWNE,149,225.0,28.5,8538.20000067424,0.377,1.5100671140939597
11689,BURLINGTON MALL RD OPP NE EXE,153,172.1,49.5,626.3000000014554,0.471,1.1248366013071895
11694,S BEDFORD ST @ WAYSIDE RD,159,122.0,44.4,384.60000003209046,0.45,0.7672955974842768
11712,BLUE HILL AVE @ MORTON ST,1305,6372.1,31.7,10124.699945909302,0.457,4.882835249042146
11719,BLUE HILL AVE OPP BABSON ST,1305,3222.6,40.4,4968.000010775951,0.462,2.4694252873563216
11735,AMES ST @ FRANKLIN FIELD,80,124.0,33.6,4336.000006543322,0.414,1.55
11736,AMES ST @ WESTVIEW ST,80,73.5,26.1,3072.999996456137,0.418,0.91875
11771,VASSAR ST @ MASSACHUSETTS AVE,110,424.5,20.3,3155.6999979412744,0.45,3.859090909090909
11780,AVE LOUIS PASTEUR @ LONGWOOD,772,4964.1,20.4,9841.799999755896,0.222,6.43018134715026
11781,AVE LOUIS PASTEUR @ THE FENWA,682,954.7,20.4,9841.799999755896,0.222,1.3998533724340176
11792,HARRISON AVE @ MELNEA CASS BL,553,92.9,35.3,6483.900009503497,0.398,0.16799276672694397
11799,AVE LOUIS PASTEUR @ THE FENWA,563,936.2,20.4,9841.799999755896,0.222,1.6628774422735346
11802,AVE LOUIS PASTEUR @ LONGWOOD,863,2887.2,20.4,9841.799999755896,0.222,3.345538818076477
11803,LONGWOOD AVE @ BINNEY ST,903,4674.9,20.4,9841.799999755896,0.222,5.177076411960132
11809,MOUNTFORT ST @ CARLTON ST,434,313.3,28.3,4040.200002475167,0.485,0.721889400921659
11835,CHESTNUT HILL AVE OPP BUCKMIN,140,8.0,41.2,2256.0999989746415,0.482,0.05714285714285714
11836,145 GROVE ST OPP BELLINGHAM R,140,19.5,42.8,1697.4999996042598,0.473,0.1392857142857143
11837,GROVE ST @ SOUTH ST,140,144.0,42.8,1697.4999996042598,0.473,1.0285714285714285
11839,COREY ST @ LAGRANGE ST,10,2.5,37.4,2045.000000160602,0.445,0.25
11845,CHESTNUT HILL AVE @ ACKERS AV,140,19.5,41.2,2256.0999989746415,0.482,0.1392857142857143
11853,CHESTNUT ST OPP OAK ST,122,89.4,45.6,1677.6000009547422,0.48,0.7327868852459016
11860,ROBERT ST @ BELGRADE AVE,140,45.0,39.0,4362.400004563741,0.472,0.32142857142857145
11868,5 WALTER ST OPP HEWLETT ST,140,170.5,39.4,6567.999979488724,0.446,1.2178571428571427
11891,PEARL ST @ CONGRESS ST,391,526.1,32.7,3863.000003707977,0.56,1.345524296675192
11917,CHESTNUT HILL AVE @ BUCKMINST,140,10.5,41.2,2256.0999989746415,0.482,0.075
11939,CENTRE ST @ ELIOT ST,324,330.2,42.1,4827.099995531258,0.467,1.0191358024691357
11971,GUEST ST @ ARTHUR ST,174,183.6,30.5,3005.899999263588,0.483,1.0551724137931033
11972,GUEST ST OPP NEW BALANCE WAY,174,221.3,30.5,3005.899999263588,0.483,1.2718390804597701
12144,HURON AVE OPP FOUNTAIN TERR,225,112.8,45.2,868.500000125903,0.438,0.5013333333333333
12145,FRESH POND GOLF COURSE,225,492.3,36.3,9752.200008160213,0.446,2.188
12147,700 HURON AVE,235,559.6,36.3,9752.200008160213,0.446,2.381276595744681
12301,MASSACHUSETTS AVE @ UPLAND RD,786,3052.5,31.6,8558.099982615968,0.457,3.883587786259542
12323,PARK AVE @ OAKLAND AVE,117,50.0,43.1,3182.599998033404,0.485,0.42735042735042733
12352,LAKE ST @ PLEASANT ST,208,48.5,37.0,4284.899999618438,0.488,0.23317307692307693
12360,PARK AVE @ PARK CIRCLE,117,49.6,43.1,3182.599998033404,0.485,0.4239316239316239
12376,WINTHROP ST @ ORCHARD ST,173,75.5,31.4,6970.099977506982,0.494,0.43641618497109824
12465,WADSWORTH RD @ APPLETON ST,258,14.5,43.3,1863.2999996959584,0.49,0.0562015503875969
12468,APPLETON ST @ VIRGINIA RD,212,28.3,42.6,3740.4999947606047,0.482,0.13349056603773585
12610,SOMERVILLE AVE @ MERRIAM ST,301,365.4,32.8,5616.099997213223,0.53,1.213953488372093
12614,WATERHOUSE ST @ MASSACHUSETTS,683,825.5,30.4,10674.700000729514,0.454,1.2086383601756954
12615,SOMERVILLE AVE @ CHURCH ST,301,534.1,32.5,7261.800000565913,0.509,1.774418604651163
12616,SOMERVILLE AVE @ SCHOOL ST,301,553.8,32.5,7261.800000565913,0.509,1.8398671096345514
12618,WASHINGTON ST OPP HARRIS ST,256,293.1,45.6,1082.6000000751558,0.481,1.144921875
12636,BROADWAY OPP CLARENDON HILL B,207,566.9,32.9,4366.1999894646515,0.458,2.738647342995169
12637,BROADWAY @ SUNNYSIDE AVE,207,94.6,35.9,4800.399999646286,0.499,0.45700483091787436
12638,BROADWAY @ SILK ST,207,64.4,37.1,4979.200004486934,0.475,0.3111111111111111
12639,BROADWAY OPP CLEVELAND ST,207,192.8,38.2,6279.399988015535,0.448,0.9314009661835749
12640,BROADWAY @ N UNION ST,207,176.0,38.2,6279.399988015535,0.448,0.8502415458937198
12641,BROADWAY OPP HARLOW ST,207,205.6,38.2,6279.399988015535,0.448,0.9932367149758454
12642,BROADWAY @ TUFTS ST,207,98.1,37.9,6321.099999345043,0.47,0.47391304347826085
12643,BROADWAY @ ALLEN ST,207,65.4,40.4,5089.09999451077,0.501,0.3159420289855073
12645,BROADWAY @ MASSACHUSETTS AVE,211,587.8,36.6,4636.799986777641,0.511,2.785781990521327
12648,BROADWAY @ ALLEN ST,211,134.9,40.4,5089.09999451077,0.501,0.6393364928909953
12649,BROADWAY @ TUFTS ST,211,128.9,37.9,6321.099999345043,0.47,0.6109004739336493
12650,BROADWAY @ HARLOW ST,211,217.7,38.2,6279.399988015535,0.448,1.0317535545023697
12651,BROADWAY @ OXFORD ST,211,211.8,38.2,6279.399988015535,0.448,1.0037914691943128
12652,BROADWAY @ CLEVELAND ST,211,206.0,35.9,4800.399999646286,0.499,0.976303317535545
12653,BROADWAY OPP SILK ST,211,81.7,37.1,4979.200004486934,0.475,0.3872037914691943
12654,BROADWAY OPP SUNNYSIDE AVE,211,61.2,35.9,4800.399999646286,0.499,0.2900473933649289
12759,WASHINGTON ST @ MYRTLE ST,667,886.9,34.0,9090.599983579525,0.506,1.3296851574212893
12789,WEST ST @ LODGE HILL RD,153,69.9,23.5,2.3999999997257144,0.571,0.45686274509803926
12812,WEST ST OPP LODGE HILL RD,131,66.7,23.5,2.3999999997257144,0.571,0.5091603053435114
12821,MAIN ST OPP SCHRAFFTS BLDG,450,75.5,51.0,1477.0000003745959,0.506,0.16777777777777778
12826,MAIN ST @ UNION ST,179,120.9,35.0,2944.100004066214,0.492,0.6754189944134078
12828,CHELSEA ST OPP CONSTITUTION R,100,40.5,49.7,6595.000003334874,0.503,0.405
12829,CHELSEA ST @ WARREN ST,276,278.7,50.6,9637.500009314594,0.486,1.009782608695652
12836,CHELSEA ST @ WARREN ST,273,263.2,49.7,6595.000003334874,0.503,0.964102564102564
12838,CHELSEA ST @ FIFTH ST,273,325.1,43.0,5067.599994066938,0.448,1.1908424908424908
12852,VINE ST @ BUNKER HILL ST,100,517.0,50.1,11803.499979390346,0.486,5.17
12853,THIRTEENTH ST @ SECOND AVE,100,354.0,43.0,5067.599994066938,0.448,3.54
12855,FIRST AVE @ NINTH ST,100,113.0,43.0,5067.599994066938,0.448,1.13
12856,FIRST AVE @ FIFTH ST,100,177.0,43.0,5067.599994066938,0.448,1.77
12858,CHELSEA ST @ CONSTITUTION RD,273,141.9,49.7,6595.000003334874,0.503,0.5197802197802198
12859,FIRST AVE @ TERRY RING,95,127.0,43.0,5067.599994066938,0.448,1.3368421052631578
12860,FIRST AVE @ NINTH ST,95,117.0,43.0,5067.599994066938,0.448,1.231578947368421
12862,THIRTEENTH ST @ FIFTH AVE,95,360.0,43.0,5067.599994066938,0.448,3.789473684210526
12866,BUNKER HILL ST @ BALDWIN ST,273,56.2,49.8,10000.10000100001,0.475,0.20586080586080588
12888,MYSTIC AVE @ MAIN ST,235,105.4,35.4,3508.3999982556256,0.473,0.44851063829787235
12891,PEARL ST @ HIGH ST,40,28.0,38.6,1976.5999982385579,0.548,0.7
12932,COLUMBIA RD @ BIRD ST,548,665.7,33.7,11714.899989698066,0.49,1.2147810218978103
12940,BOSTON ST @ FR SONGIN WAY,420,148.2,28.4,1706.9000001533643,0.528,0.3528571428571428
13093,ADAMS ST @ GRENWOLD RD,30,13.5,41.5,2169.600001380825,0.487,0.45
13121,DEWAR ST @ DORCHESTER AVE,106,10.6,36.5,2289.200002736687,0.499,0.09999999999999999
13142,NEWLAND ST @ HUCKINS AVE,264,135.3,51.1,1380.1000009187571,0.498,0.5125000000000001
13245,SEA ST @ MOFFAT RD,377,426.8,37.0,1163.9999997261175,0.496,1.1320954907161804
13321,TOWNSEND ST @ WARREN ST,10,273.5,36.6,8409.00002349209,0.424,27.35
13400,BRYANT AVE @ UPTON ST,45,165.5,42.5,522.800000028044,0.479,3.6777777777777776
13402,QUARRY ST @ COMMON ST,30,8.0,34.0,4466.700005595665,0.504,0.26666666666666666
13403,OPP 254 QUARRY ST,30,51.5,34.0,4466.700005595665,0.504,1.7166666666666666
13404,OPP 150 QUARRY ST,30,23.5,32.8,2584.4999995005096,0.496,0.7833333333333333
13406,GRANITE ST @ PACKARDS LANE,30,6.0,36.9,4077.800002195131,0.497,0.2
13407,125 GRANITE ST,30,19.0,48.2,4550.200003193773,0.45,0.6333333333333333
13590,TREMONT ST @ TOBIN COMMUNITY,739,1066.6,23.0,16368.899976540055,0.541,1.4433017591339647
13618,WASHINGTON ST @ SCHOOL ST,256,299.2,45.6,1082.6000000751558,0.481,1.16875
13685,PLEASANT ST OPP SHAWMUT ST,213,59.6,44.6,2196.89999879074,0.492,0.27981220657276995
13817,WASHINGTON ST OPP AVALON DR,129,36.8,48.2,888.6000005093506,0.49,0.28527131782945736
13818,563 WASHINGTON ST,129,47.1,40.0,1621.1000006147015,0.496,0.36511627906976746
13819,WASHINGTON ST OPP WEST LAKE D,129,32.7,40.0,1621.1000006147015,0.496,0.2534883720930233
13820,WASHINGTON ST @ WINTER CT,129,151.0,48.2,888.6000005093506,0.49,1.1705426356589148
13821,MIDDLE ST @ WINTER ST,129,210.1,42.3,533.1000000419642,0.478,1.6286821705426355
13822,MIDDLE ST @ CIRCUIT AVE,129,6.0,42.3,533.1000000419642,0.478,0.046511627906976744
13823,MIDDLE ST @ TARA DR,129,107.0,42.3,533.1000000419642,0.478,0.8294573643410853
13824,MIDDLE ST OPP MEDITERRANEAN D,129,108.2,44.7,776.0999998359987,0.492,0.8387596899224806
13825,561 MAIN ST,129,44.8,46.1,881.9000002269833,0.5,0.34728682170542635
13826,OPP 650 MAIN ST,129,19.0,44.7,776.0999998359987,0.492,0.14728682170542637
13827,MAIN ST @ ADAMS PLACE,129,7.5,40.3,1314.1000003997267,0.482,0.05813953488372093
13828,OPP 85 COLUMBIAN ST,129,74.6,41.0,1813.499999522058,0.485,0.5782945736434109
13829,OPP 41 COLUMBIAN ST,258,514.2,41.0,1813.499999522058,0.485,1.9930232558139536
13830,PLEASANT ST @ MAIN ST,129,339.4,41.0,1813.499999522058,0.485,2.631007751937984
13831,OPP 861 MAIN ST,129,34.4,40.3,1314.1000003997267,0.482,0.26666666666666666
13832,780 MAIN ST,129,15.4,41.0,1813.499999522058,0.485,0.11937984496124031
13833,650 MAIN ST,129,15.9,44.7,776.0999998359987,0.492,0.12325581395348838
13834,OPP 561 MAIN ST,129,45.2,46.1,881.9000002269833,0.5,0.35038759689922483
13835,MIDDLE ST @ MEDITERRANEAN DR,129,116.5,44.7,776.0999998359987,0.492,0.9031007751937985
13836,MIDDLE ST @ DIXON ST,129,93.9,42.3,533.1000000419642,0.478,0.7279069767441861
13837,MIDDLE ST OPP CIRCUIT AVE,129,5.5,42.3,533.1000000419642,0.478,0.04263565891472868
13838,MIDDLE ST OPP WINTER ST,129,220.2,42.3,533.1000000419642,0.478,1.7069767441860464
13839,WASHINGTON ST OPP WINTER CT,129,118.5,40.0,1621.1000006147015,0.496,0.9186046511627907
13840,WASHINGTON ST @ WEST LAKE DR,129,36.8,40.0,1621.1000006147015,0.496,0.28527131782945736
13841,564 WASHINGTON ST,129,53.1,48.2,888.6000005093506,0.49,0.4116279069767442
13842,WASHINGTON ST @ AVALON DR,129,22.9,48.2,888.6000005093506,0.49,0.17751937984496122
13843,WASHINGTON ST @ MAIN ST,129,7.0,48.2,888.6000005093506,0.49,0.05426356589147287
13844,PLEASANT ST @ COLONELS DR,212,193.6,36.6,1924.9999993695417,0.474,0.9132075471698113
13845,PLEASANT ST @ SANDERSON AVE,106,10.0,36.6,1924.9999993695417,0.474,0.09433962264150944
13846,PLEASANT ST OPP GRANITE POST,106,0.0,36.6,1924.9999993695417,0.474,0.0
13848,PLEASANT ST @ LORRAINE ST,106,6.0,36.6,1924.9999993695417,0.474,0.05660377358490566
13849,PLEASANT ST OPP LAMBERT AVE,106,1.0,36.6,1924.9999993695417,0.474,0.009433962264150943
13850,PLEASANT ST @ RAYMOND ST,106,7.5,44.6,2196.89999879074,0.492,0.07075471698113207
13851,PLEASANT ST @ RILEY AVE,106,19.6,44.6,2196.89999879074,0.492,0.1849056603773585
13852,PLEASANT ST @ LAMBERT AVE,106,11.3,36.6,1924.9999993695417,0.474,0.10660377358490566
13853,PLEASANT ST @ VILLAGE RD,106,14.9,36.6,1924.9999993695417,0.474,0.14056603773584905
13854,PLEASANT ST @ GRANITE POST LA,106,0.0,36.6,1924.9999993695417,0.474,0.0
13855,PLEASANT ST OPP SANDERSON AVE,106,19.8,36.6,1924.9999993695417,0.474,0.1867924528301887
13856,MUTTON LANE @ OLD STONE WAY,106,68.3,36.6,1924.9999993695417,0.474,0.6443396226415095
13857,100 MUTTON LANE,106,88.2,36.6,1924.9999993695417,0.474,0.8320754716981132
13858,1197 WASHINGTON ST,106,35.4,42.3,533.1000000419642,0.478,0.3339622641509434
13859,851 PLEASANT ST,106,52.0,36.6,1924.9999993695417,0.474,0.49056603773584906
13959,FRANKLIN ST @ GUILD ST,89,24.2,35.5,5508.599998200869,0.49,0.27191011235955054
14030,FRANKLIN ST OPP SUMMER ST,89,0.0,46.6,672.0000001203357,0.459,0.0
14031,CAMBRIDGE ST @ FAYETTE ST,319,208.7,32.6,10274.300023284144,0.497,0.6542319749216301
14056,88 NORTH ST,155,8.8,41.8,1982.7999989883579,0.485,0.0567741935483871
14211,CENTRAL AVE @ CENTRAL AVE STA,247,848.2,49.6,2240.299997747175,0.414,3.434008097165992
14225,S MAIN ST OPP WOODLAWN RD,145,31.3,44.2,1423.600000012343,0.484,0.21586206896551724
14233,MAIN ST @ DEMARCO PARK,143,173.4,43.8,870.9999999898129,0.48,1.2125874125874125
14301,PEARL ST @ HANCOCK ST,89,54.4,41.4,1110.2000003607088,0.503,0.6112359550561798
14302,PEARL ST @ IVORY PLAZA,89,48.0,41.4,1110.2000003607088,0.503,0.5393258426966292
14320,ADAMS ST @ WHITWELL ST,25,5.0,41.5,2169.600001380825,0.487,0.2
14331,EDGE HILL RD @ HOLLIS ST,25,0.0,40.4,1979.5999998616048,0.487,0.0
14383,COMMON ST @ HILLTOP ST,25,1.0,32.8,2584.4999995005096,0.496,0.04
14460,HIGHLAND AVE @ SALEM HOSPITAL,189,366.7,39.8,1969.300000311476,0.489,1.94021164021164
14465,HIGHLAND AVE @ HAWTHORNE SQ,189,449.1,39.8,1969.300000311476,0.489,2.376190476190476
14470,HIGHLAND AVE @ WALMART,189,254.3,48.6,455.2000000276532,0.486,1.3455026455026455
14544,HIGHLAND AVE OPP OLDE VILLAGE,204,49.3,36.6,708.4000001307816,0.423,0.24166666666666664
14548,HIGHLAND AVE @ HAWTHORNE SQ,204,665.5,36.6,708.4000001307816,0.423,3.2622549019607843
14551,HIGHLAND AVE @ WILLSON ST,204,74.5,52.3,800.7000001448233,0.458,0.36519607843137253
14553,HIGHLAND AVE OPP PROCTOR ST,204,179.6,38.0,2399.3000002373615,0.452,0.8803921568627451
14586,10 CENTENNIAL DRIVE,108,18.3,48.0,438.89999997879477,0.467,0.16944444444444445
14609,MARGIN ST @ N SHORE AVE,107,11.3,40.7,2367.099999921345,0.467,0.10560747663551402
14612,WATER ST OPP APPLETON ST,107,17.1,51.0,1783.000001670508,0.478,0.15981308411214953
14618,OPP 450 WASHINGTON ST,256,28.9,45.6,1082.6000000751558,0.481,0.112890625
14717,AMERICAN LEGION HWY @ BEACH S,210,415.9,37.3,4771.500009577606,0.483,1.9804761904761903
14731,BOWDOIN ST @ ADAMS ST,513,319.3,31.7,9811.700000009585,0.466,0.6224171539961014
14748,LYNN COMMUTER RAIL BUSWAY,1775,11921.8,45.9,6744.000004115741,0.447,6.716507042253521
14822,HUMPHREY ST @ ALDEN RD,158,2.0,47.7,1201.2999996290002,0.486,0.012658227848101266
14831,DUDLEY ST OPP HOWARD AVE,791,1215.0,33.0,8314.200025912898,0.498,1.5360303413400758
14836,ELM ST @ MUGFORD ST,247,79.9,53.3,2955.1000008403857,0.452,0.32348178137651823
14860,HUMPHREY ST @ WINTHROP AVE,247,13.8,46.4,1655.0999991520832,0.464,0.055870445344129556
14868,SALEM ST @ TEDESCO GOLF COURS,94,0.0,41.6,1909.7000008661316,0.466,0.0
14875,OPP 331 PARADISE RD,94,30.6,51.7,753.3000002875191,0.453,0.32553191489361705
14925,WASHINGTON ST @ BLANEY AVE,113,49.7,40.9,1471.299999932494,0.463,0.43982300884955755
14936,WASHINGTON ST @ LINCOLN PL,113,43.5,38.5,4113.299997286063,0.509,0.38495575221238937
14937,WASHINGTON ST OPP DUSTIN ST,113,31.1,40.9,1471.299999932494,0.463,0.2752212389380531
15002,HIGH ST @ BRADLEE RD,604,430.9,41.5,3868.499998751611,0.456,0.71341059602649
15038,GEORGE ST @ BURGET AVE,203,120.4,35.8,5231.500008636285,0.478,0.5931034482758621
15045,SPRUCE ST @ SECOND ST,252,146.5,31.9,1166.1999996071747,0.501,0.5813492063492064
15046,SPRUCE ST @ WILLIAMS ST,252,31.6,31.9,1166.1999996071747,0.501,0.1253968253968254
15047,CAPTAINS ROW @ COMMANDANTS WA,252,167.8,51.3,5234.500003777887,0.466,0.665873015873016
15048,150 CAPTAINS ROW,252,72.2,51.3,5234.500003777887,0.466,0.28650793650793654
15049,CAPTAINS ROW @ BOATSWAINS WAY,252,7.2,51.3,5234.500003777887,0.466,0.02857142857142857
15050,5 ADMIRAL'S WAY,252,323.3,51.3,5234.500003777887,0.466,1.282936507936508
15052,COMMANDANTS WAY @ WILLIAMS ST,252,0.0,51.3,5234.500003777887,0.466,0.0
15053,45 SPRUCE ST,252,87.2,31.9,1166.1999996071747,0.501,0.346031746031746
15054,100 EVERETT AVE,169,51.1,31.9,1166.1999996071747,0.501,0.30236686390532547
15058,3 WOODLAND RD,276,300.3,59.5,205.99999998510063,0.434,1.0880434782608697
15060,HIGHLAND AVE @ STURGES ST,141,85.3,42.2,121.0000000057619,0.502,0.6049645390070921
15061,HIGHLAND AVE @ WADDELL ST,141,58.7,48.8,3001.2000054881405,0.499,0.4163120567375887
15088,HARRISON AVE OPP EAST SPRINGF,145,272.0,33.9,9442.299993201543,0.521,1.8758620689655172
15095,WASHINGTON ST @ HERALD ST,1705,3203.0,54.8,12044.399959823322,0.468,1.878592375366569
15100,ST PETERS SQ @ CHURCH,725,3561.5,32.0,12899.49997559744,0.499,4.912413793103449
15176,WASHINGTON ST @ WORCESTER ST,1411,3122.8,33.9,9442.299993201543,0.521,2.21318214032601
15201,PREBLE ST @ ROGERS ST,174,20.4,30.6,3582.0000026371204,0.539,0.11724137931034483
15216,CENTRE @ COLBERT ST,171,86.6,41.2,5077.399996616548,0.456,0.5064327485380117
15235,WASHINGTON ST @ ROCKVALE CIRC,320,288.5,33.8,5764.80000307456,0.467,0.9015625
15236,WASHINGTON ST @ SYLVIA ST,320,172.5,33.7,7651.599993153146,0.441,0.5390625
15241,CENTRE ST @ LOUDERS LN,176,32.1,53.0,1932.8000012455395,0.448,0.18238636363636365
15291,HIGH ST @ CYPRESS ST,211,268.5,37.4,3209.8000039884355,0.462,1.2725118483412323
15351,BOYLSTON ST @ TIMON AVE,211,139.0,42.3,1194.2999999075348,0.505,0.6587677725118484
15431,CENTRE ST @ JACKSON ST,982,1146.9,26.3,2089.9000009984084,0.551,1.1679226069246438
15618,525 WASHINGTON ST OPP MARION,256,0.0,45.6,1082.6000000751558,0.481,0.0
15625,EVERETT AVE @ REVERE BEACH PK,128,56.9,34.8,8142.900024977363,0.483,0.44453125
15645,EVERETT AVE @ REVERE BEACH PK,124,57.5,34.8,8142.900024977363,0.483,0.4637096774193548
15649,SUMMIT AVE @ LAFAYETTE AVE,252,118.1,72.2,3245.7999923789494,0.581,0.46865079365079365
15650,SUMMIT AVE @ CHELSEA SOLDIERS,252,1.5,72.2,3245.7999923789494,0.581,0.005952380952380952
15651,HILLSIDE AVE @ CREST AVE,252,791.3,72.2,3245.7999923789494,0.581,3.140079365079365
15660,BLUE HILL AVE @ DEVON ST,315,321.4,31.1,10319.59997571671,0.439,1.0203174603174603
15661,BLUE HILL AVE @ LAWRENCE AVE,315,477.0,29.5,13016.599921772762,0.434,1.5142857142857142
15782,OPP 1456 NORTH SHORE RD,675,415.7,34.5,6628.300008975128,0.506,0.6158518518518519
15787,BEACH ST @ CARY AVE,675,316.2,37.3,4771.500009577606,0.483,0.46844444444444444
15795,WONDERLAND BUSWAY,3421,44979.3,34.5,6628.300008975128,0.506,13.147997661502485
15820,BLUE HILL AVE @ MAYWOOD ST,292,214.5,30.8,9130.10001863623,0.464,0.7345890410958904
15832,267 COOLEDGE ST,126,30.2,38.9,4566.999995679125,0.466,0.23968253968253966
15857,SUMNER ST @ ORLEANS ST,237,98.9,33.1,18957.09995420826,0.508,0.41729957805907175
15880,ORIENT HEIGHTS SOUTH BUSWAY,1065,13081.4,35.2,4044.000003250186,0.515,12.28300469483568
15940,GROVE ST @ WALNUT ST,50,10.0,41.1,4975.600008204192,0.442,0.2
15969,WASHINGTON ST OPP BRAZIL ST,126,2.0,35.4,858.49999991415,0.506,0.015873015873015872
15970,PLEASANT ST OPP CONVERSE LN,126,130.7,33.5,7919.400009915722,0.485,1.0373015873015872
15971,PLEASANT ST OPP GOULD ST,126,17.7,35.4,858.49999991415,0.506,0.14047619047619048
15974,PLEASANT ST OPP EVERETT ST,126,18.7,41.0,3931.9999986375237,0.47,0.1484126984126984
15975,WYOMING AVE @ COTTAGE ST,126,66.9,41.0,3931.9999986375237,0.47,0.530952380952381
15976,WYOMING AVE @ CLEVELAND ST,126,75.0,41.5,4639.300007480612,0.449,0.5952380952380952
15977,WYOMING AVE @ WHITTIER ST,126,42.2,41.5,4639.300007480612,0.449,0.33492063492063495
15978,WYOMING AVE @ RAVINE TERR,126,9.5,41.5,4639.300007480612,0.449,0.07539682539682539
15979,WYOMING AVE @ FELLSWAY E,126,62.2,59.5,205.99999998510063,0.434,0.4936507936507937
15982,MAIN ST @ SOUTH ST,126,27.1,44.4,1068.5999999550063,0.483,0.2150793650793651
15983,550 MAIN ST,126,25.7,40.8,898.8000000125347,0.476,0.20396825396825397
15984,MAIN ST @ SUMMER ST,126,115.5,40.8,898.8000000125347,0.476,0.9166666666666666
15985,MAIN ST @ HANCOCK ST,126,74.2,37.8,3826.40000587605,0.489,0.5888888888888889
15986,MAIN ST OPP MAPLE ST,126,155.5,40.8,1920.2000007114038,0.48,1.2341269841269842
15987,MAIN ST @ WILLIAM ST,126,157.6,39.1,2332.899997653447,0.486,1.2507936507936508
15988,MAIN ST @ ELM ST,126,57.6,45.6,1943.099999370752,0.462,0.45714285714285713
15989,REDSTONE SHOPPING CENTER,126,441.7,45.6,1943.099999370752,0.462,3.5055555555555555
15990,159 MAIN ST OPP COLLINCOTE ST,137,68.8,45.6,1943.099999370752,0.462,0.5021897810218978
15992,MAIN ST OPP COMMON ST,137,154.8,39.1,2332.899997653447,0.486,1.1299270072992702
15994,MAIN ST @ SUMMER ST,137,130.4,40.8,1920.2000007114038,0.48,0.9518248175182482
15995,MAIN ST @ GRAYSTONE RD,137,18.5,40.8,898.8000000125347,0.476,0.13503649635036497
15999,WYOMING AVE @ FELLSWAY E,137,85.6,59.5,205.99999998510063,0.434,0.6248175182481751
16000,WYOMING AVE @ RAVINE RD,137,21.2,41.5,4639.300007480612,0.449,0.15474452554744525
16001,WYOMING AVE @ MELBOURNE AVE,137,45.2,41.5,4639.300007480612,0.449,0.3299270072992701
16118,LORING AVE @ STATION RD,209,0.0,23.4,2508.6000007365433,0.42,0.0
16126,1000 LORING AVE,209,165.0,50.4,1682.9999997315872,0.427,0.7894736842105263
16131,ESSEX ST @ JACKSON PK,209,6.0,43.1,2880.0999984180485,0.492,0.028708133971291867
16132,ESSEX ST OPP BURRILL ST,209,112.6,38.6,996.0000002778468,0.47,0.538755980861244
16156,OPP 1000 LORING AVE,214,117.9,63.5,3478.7999945093484,0.393,0.5509345794392524
16170,LORING AVE @ SALEM STATE UNIV,214,280.4,23.7,4115.400002728203,0.419,1.3102803738317756
16177,LAFAYETTE @ LEAVITT ST,214,231.9,38.0,6455.500008033108,0.458,1.0836448598130841
16305,HIGH ST @ JOHNSON AVE,323,147.4,39.6,2987.8000031309393,0.467,0.4563467492260062
16316,HIGH ST @ HARVARD AVE,307,223.0,39.6,2987.8000031309393,0.467,0.7263843648208469
16358,RIVER ST @ WALTER ST,322,254.0,38.1,4824.800008546788,0.479,0.7888198757763976
16360,RIVER ST @ MAIDA TERR,322,279.0,36.6,5124.0000062931385,0.473,0.8664596273291926
16364,RIVER ST @ HOLMFIELD AVE,322,108.10000000000001,43.4,4016.100003057495,0.465,0.33571428571428574
16365,RIVER ST @ TESLA ST,322,110.1,42.2,5914.699988672474,0.457,0.3419254658385093
16369,RIVER ST @ VIOLANTE ST,322,104.0,42.2,5914.699988672474,0.457,0.32298136645962733
16391,FAIRMOUNT AVE OPP PIERCE ST,204,115.3,48.7,3530.499997841809,0.447,0.5651960784313725
16403,SUMMIT ST @ NEPONSET AVE,204,74.8,40.8,3728.9000011242574,0.473,0.36666666666666664
16434,CUMMINS HWY @ AMERICAN LEGION,217,421.6,36.7,6005.400000537643,0.441,1.942857142857143
16458,CUMMINS HWY @ FAIRWAY ST,218,1009.7,40.4,4968.000010775951,0.462,4.631651376146789
16459,CUMMINS HWY @ REGIS RD,218,235.2,40.4,4968.000010775951,0.462,1.0788990825688072
16466,HYDE PARK AVE @ MILTON ST,736,981.3,39.6,1996.1999992812355,0.495,1.3332880434782608
16479,HYDE PARK AVE @ FLORIAN ST,937,646.8,38.3,2726.3000025270426,0.485,0.6902881536819636
16498,HYDE PARK AVE @ METROPOLITAN,945,872.6,37.2,4568.900006013034,0.445,0.9233862433862434
16500,950 AMERICAN LEGION HWY,98,98.8,46.4,2367.69999840263,0.446,1.0081632653061223
16535,OTIS ST @ SUMMER ST,1164,5634.8,38.6,1976.5999982385579,0.548,4.840893470790379
16538,CHAUNCY ST @ SUMMER ST,576,2402.7,38.6,1976.5999982385579,0.548,4.171354166666666
16551,CONGRESS ST @ FRANKLIN ST,45,45.0,38.6,1976.5999982385579,0.548,1.0
16606,BEACH RD @ SURFSIDE RD,25,3.0,37.6,11735.300001804515,0.491,0.12
16616,FLASH RD @ CASTLE RD,25,40.5,57.3,1444.7999996894202,0.449,1.62
16618,WASHINGTON ST @ RICHARDS ST,256,14.5,45.6,1082.6000000751558,0.481,0.056640625
16642,NAHANT RD OPP GREENLAWN CEMET,25,1.0,55.8,886.000000195892,0.473,0.04
16653,MARKET ST @ COMMUTER RAIL,441,2099.4,45.9,6744.000004115741,0.447,4.760544217687075
16683,BROADWAY @ MAYFAIR ST,113,2.0,40.5,1478.5000001015694,0.501,0.017699115044247787
16730,323 WALNUT ST,118,9.5,47.0,435.40000000058,0.496,0.08050847457627118
16734,WALNUT ST @ STERLING ST,24,2.3,40.3,2874.5000039891443,0.492,0.09583333333333333
16739,GARFIELD AVE @ CASTLE RISING,94,16.7,40.9,2432.9000010569216,0.459,0.17765957446808509
16881,26 CAMBRIDGE ST @ CAFE ESCADR,261,49.0,43.2,1018.6999998689829,0.493,0.18773946360153257
16971,CAMBRIDGE ST OPP TERRY AVE,256,57.1,44.3,1014.7000002575423,0.481,0.223046875
17000,325 BOYLSTON ST,211,88.5,49.3,2074.4000006956667,0.44,0.4194312796208531
17001,280 BOYLSTON ST,211,671.0,43.9,6085.399980267878,0.422,3.1800947867298577
17011,WYMAN ST @ WINTER ST,103,289.7,45.5,412.29999997432554,0.493,2.812621359223301
17091,TERMINAL A,1598,7687.0,31.2,10.499999999734177,0.494,4.810387984981227
17093,TERMINAL B STOP 2,808,5457.8,31.2,10.499999999734177,0.494,6.75470297029703
17094,TERMINAL C ARRIVALS LEVEL,814,6209.5,31.2,10.499999999734177,0.494,7.628378378378378
17095,TERMINAL E ARRIVALS LEVEL,817,7554.3,31.2,10.499999999734177,0.494,9.24638922888617
17096,CONGRESS ST @ WORLD TRADE CEN,1535,5761.8,31.5,3771.9999985032546,0.509,3.753615635179153
17100,DODGE ST @ ENON ST,30,0.5,42.6,770.3000000048936,0.479,0.016666666666666666
17101,OPP 22 ENON ST,30,5.0,42.6,770.3000000048936,0.479,0.16666666666666666
17102,ENON ST @ LAKEVIEW AVE,60,60.0,42.6,770.3000000048936,0.479,1.0
17142,WINTER ST @ BRIDGE ST,30,0.0,44.8,5079.100013543537,0.466,0.0
17144,HAWTHORNE BLVD @ ESSEX ST,30,3.0,44.2,4683.3999977701105,0.456,0.1
17153,HAWTHORNE BLVD @ DERBY ST,30,0.0,45.7,4866.199994861458,0.44,0.0
17154,HAWTHORNE BLVD @ WASHINGTON S,30,6.0,44.2,4683.3999977701105,0.456,0.2
17156,WINTER ST @ BRIDGE ST,30,2.0,44.8,5079.100013543537,0.466,0.06666666666666667
17166,CABOT ST @ STONE ST,30,6.5,37.1,9272.199979138506,0.464,0.21666666666666667
17170,CABOT ST @ ESSEX ST,30,8.0,32.7,6431.199989929414,0.469,0.26666666666666666
17255,BOSTON ST OPP FORD ST,113,76.5,40.5,3144.300000725817,0.487,0.6769911504424779
17288,BOSTON ST @ FORD ST,113,94.0,40.5,3144.300000725817,0.487,0.831858407079646
17316,CHESTNUT ST OPP PEACH ST,90,16.8,30.8,8387.50002240724,0.485,0.18666666666666668
17325,LYNNFIELD ST @ ST MARY CEMETE,90,4.5,38.4,1756.8000003431596,0.489,0.05
17347,LYNNFIELD ST @ UNION HOSPITAL,85,70.4,44.1,1924.5000000198402,0.483,0.8282352941176472
17354,LYNNFIELD ST @ ST MARY CEMETE,85,1.0,38.4,1756.8000003431596,0.489,0.011764705882352941
17370,GOODRIDGE ST @ MEMORIAL PK AV,5,165.0,30.8,8387.50002240724,0.485,33.0
17391,SEAVER ST OPP MAPLE ST,769,1144.4,30.1,15157.60004128997,0.432,1.4881664499349807
17401,SEAVER ST OPP ELM HILL AVE,769,1036.1,20.4,1337.2999997132392,0.412,1.3473342002600779
17411,SEAVER ST OPP HUMBOLDT AVE,769,1291.4,20.4,1337.2999997132392,0.412,1.679323797139142
17419,SALEM ST @ CUTLER HWY,292,398.1,30.6,6855.499988790878,0.524,1.3633561643835617
17421,SEAVER ST OPP HAROLD ST,1062,766.6,32.6,11078.100042002898,0.412,0.7218455743879473
17422,SALEM ST OPP FRANKLIN,292,73.2,42.5,1619.6000008765536,0.497,0.25068493150684934
17429,LINCOLN AVE @ CHARLOTTE RD,274,74.2,41.8,2734.5999992957627,0.481,0.2708029197080292
17449,SUMMER ST OPP RADDIN GROVE AV,179,65.1,35.4,4529.499993913014,0.493,0.3636871508379888
17456,CENTRAL AVE @ KENNEDY DR,123,56.8,32.5,4270.400000690941,0.493,0.46178861788617886
17463,CENTRAL AVE @ KENNEDY DR,129,24.0,32.5,4270.400000690941,0.493,0.18604651162790697
17562,ESSEX ST OPP SCHOOL ST,213,14.5,42.3,1420.6000004353734,0.487,0.06807511737089202
17591,56 MAIN ST,15,0.5,48.2,1099.09999984365,0.463,0.03333333333333333
17645,WASHINGTON ST @ LOWELL AVE,140,26.5,35.8,2365.8000010504347,0.48,0.18928571428571428
17711,LEXINGTON ST @ LAUREL ST,30,2.5,40.5,4222.600000285276,0.469,0.08333333333333333
17774,1045 TRAPELO RD,103,254.9,44.9,1680.5000005485383,0.494,2.4747572815533982
17861,RUGGLES UPPER BUSWAY,4224,37127.9,20.7,16656.49998945865,0.463,8.789749053030304
17862,RUGGLES LOWER BUSWAY,2985,26122.9,20.7,17354.499999578355,0.459,8.75139028475712
17863,RUGGLES LOWER BUSWAY,2413,15222.2,20.7,17354.499999578355,0.459,6.30841276419395
17879,SPRINGS RD OPP BLDG 23,117,8.0,59.5,373.69999994552563,0.716,0.06837606837606838
17922,MASSACHUSETTS AVE @ PARK AVE,720,933.7,44.7,3230.400000203811,0.453,1.2968055555555555
18144,WEBSTER ST OPP ELDER RD,117,8.0,40.8,1271.0999998164546,0.491,0.06837606837606838
18239,CAMBRIDGE ST @ ARLINGTON RD,253,69.9,49.5,626.3000000014554,0.471,0.27628458498023717
18244,CAMBRIDGE RD @ SYLVANUS WOOD,253,30.8,50.4,900.7000000070078,0.487,0.12173913043478261
18245,BURLINGTON MALL RD @ NE EXECU,307,444.3,49.5,626.3000000014554,0.471,1.4472312703583061
18246,BURLINGTON MALL RD @ LAHEY HO,307,203.1,49.5,626.3000000014554,0.471,0.6615635179153094
18247,31 BURLINGTON MALL RD,307,12.6,26.3,9.300000002432308,0.462,0.04104234527687296
18248,BURLINGTON MALL RD @ S BEDFOR,148,0.5,49.5,626.3000000014554,0.471,0.0033783783783783786
18249,BURLINGTON MALL RD @ MARRIOTT,148,11.9,49.5,626.3000000014554,0.471,0.0804054054054054
18251,S BEDFORD ST @ KIMBALL AVE,159,50.8,26.3,9.300000002432308,0.462,0.31949685534591193
18272,MYSTIC ST @ RIDGE ST,168,10.9,46.7,965.9000000449538,0.465,0.06488095238095239
18338,KENNEDY DR @ BLDG 142,202,272.4,32.4,8273.099991498118,0.512,1.3485148514851484
18351,SOHIER RD OPP TOZER RD,15,5.5,36.9,896.5000003379923,0.493,0.36666666666666664
18511,MATTAPAN SOUTH BUSWAY,2668,10500.7,43.0,4861.9999977891575,0.443,3.935794602698651
18542,DEDHAM ST OPP ROSALIE RD,65,0.0,52.9,498.69999995066513,0.449,0.0
18581,WALTER ST OPP ASHFIELD ST,140,53.5,39.0,4362.400004563741,0.472,0.3821428571428571
18618,WASHINGTON ST @ SYLVIA LN,256,81.3,45.6,1082.6000000751558,0.481,0.317578125
18636,MASSACHUSETTS AVE OPP GRANT S,167,158.1,50.9,1013.6000003161922,0.47,0.9467065868263472
18691,WALTER ST @ ASHFIELD ST,140,54.0,39.0,4362.400004563741,0.472,0.38571428571428573
18924,404 WYMAN ST,103,26.0,45.5,412.29999997432554,0.493,0.2524271844660194
18925,OPP 175 WYMAN ST,103,25.5,45.5,412.29999997432554,0.493,0.24757281553398058
18928,TOTTEN POND RD @ THIRD AVE,103,487.9,40.7,161.29999998378293,0.474,4.736893203883495
18931,TOTTEN POND RD OPP WINTER ST,103,37.8,45.5,412.29999997432554,0.493,0.3669902912621359
18974,RIVER ST @ MILTON ST,148,122.0,37.1,2085.3000005905274,0.451,0.8243243243243243
18975,RIVER ST @ MILTON ST,105,107.5,37.1,2085.3000005905274,0.451,1.0238095238095237
19073,FRANKLIN ST @ VINTON ST,50,4.5,47.3,2639.0000001974054,0.48,0.09
19182,MAIN ST @ NORTH ST,180,63.3,39.8,1759.3000010963574,0.476,0.3516666666666666
19201,CAMBRIDGE ST OPP ELKO ST,762,752.0,28.9,6834.100010061534,0.496,0.9868766404199475
19208,MAIN ST @ OAK GROVE AVE,170,24.5,33.5,7919.400009915722,0.485,0.14411764705882352
19215,FLORENCE ST @ RAMSDELL RD,605,429.5,32.8,20521.900023682716,0.504,0.7099173553719008
19253,MAIN ST @ LOWELL ST,175,85.9,41.2,2645.9999998414587,0.465,0.4908571428571429
19402,WASHINGTON ST @ W NEWTON ST,1411,4429.0,39.7,17400.30012373081,0.471,3.1389085754783843
19573,PLEASANT ST OPP FRANCES ST,126,21.1,41.0,3931.9999986375237,0.47,0.16746031746031748
19618,WASHINGTON ST @ HARMONY HILL,256,974.6,45.6,1082.6000000751558,0.481,3.80703125
19661,MALL AT CHESTNUT HILL @ BLOOM,362,658.3,46.4,569.8000000267062,0.502,1.8185082872928175
19821,BOYLSTON ST @ TULLY ST,271,249.0,47.9,431.9999999878524,0.487,0.9188191881918819
20618,WASHINGTON ST OPP HOLIDAY INN,256,96.8,45.6,1082.6000000751558,0.481,0.378125
20619,WASHINGTON ST @ GAY ST,256,13.0,50.8,426.69999996714165,0.487,0.05078125
20620,WASHINGTON ST OPP WALDO WAY,256,1.8,42.3,1152.499999957405,0.484,0.00703125
21148,MALCOLM X BLVD @ TREMONT ST,3392,6877.7,29.4,6409.000011778492,0.512,2.027623820754717
21151,WARREN ST @ KEARSARGE AVE,2003,2248.6,34.2,4465.399987137581,0.431,1.1226160758861707
21158,HARRISON AVE OPP PLYMPTON ST,485,517.9,35.3,20698.29996682896,0.397,1.0678350515463917
21187,WASHINGTON ST @ IFFLEY RD,320,213.0,32.0,12475.200014538028,0.495,0.665625
21317,HUNTINGTON AVE @ WIGGLESWORTH,685,2114.0,23.6,11848.400002732806,0.502,3.086131386861314
21365,S HUNTINGTON AVE @ HUNTINGTON,702,3134.3,30.9,13027.499972951377,0.497,4.464814814814815
21411,WINTHROP ST OPP ORCHARD ST,203,90.3,20.9,5499.100003683954,0.494,0.44482758620689655
21587,CIRCUIT DR OPP SHATTUCK HOSPI,573,295.8,20.4,1337.2999997132392,0.412,0.5162303664921466
21618,WASHINGTON ST @ CHICKERING RD,256,30.3,45.6,1082.6000000751558,0.481,0.118359375
21772,AMESBURY ST @ VASSAR ST,110,198.5,21.7,4987.200001360294,0.597,1.8045454545454545
21773,VASSAR ST @ MASSACHUSETTS AVE,110,383.0,20.3,3155.6999979412744,0.45,3.481818181818182
21835,CHESTNUT HILL AVE @ ELIOT ST,140,90.5,41.2,2256.0999989746415,0.482,0.6464285714285715
21839,COREY ST @ MARLIN RD,5,0.5,37.4,2045.000000160602,0.445,0.1
21916,GROVE ST @ BELLINGHAM ST,140,23.5,42.8,1697.4999996042598,0.473,0.16785714285714284
21917,RESERVOIR BUSWAY,990,6738.9,34.8,8608.899976385268,0.445,6.806969696969697
22173,AMESBURY ST @ VASSAR ST,110,229.5,21.7,4987.200001360294,0.597,2.0863636363636364
22358,116 PARK AVE,117,36.0,45.3,3282.3999985069436,0.476,0.3076923076923077
22365,105 S HUNTINGTON AVE,702,879.7,33.8,11798.399975690203,0.419,1.2531339031339033
22549,HARVARD SQ @ GARDEN ST,1028,6172.1,30.4,10674.700000729514,0.454,6.0039883268482495
22618,WASHINGTON ST @ FULTON ST,256,72.4,52.2,3138.9999966707574,0.464,0.2828125
22628,WASHINGTON ST OPP DEDHAM PLAZ,256,372.2,45.6,1082.6000000751558,0.481,1.45390625
22661,MASSACHUSETTS AVE @ THORNDIKE,781,424.8,35.9,4800.399999646286,0.499,0.5439180537772087
22671,MASSACHUSETTS AVE @ LAFAYETTE,781,474.5,37.3,5598.600008490832,0.48,0.6075544174135723
22751,MASSACHUSETTS AVE @ ROUTE 16,784,576.5,35.9,4800.399999646286,0.499,0.7353316326530612
22818,HYDE PARK AVE @ RESERVATION R,873,228.9,39.6,1996.1999992812355,0.495,0.26219931271477664
22819,HYDE PARK AVE @ GLENWOOD AVE,873,811.3,48.7,3530.499997841809,0.447,0.929324169530355
22821,1587 HYDE PARK AVE,873,131.5,39.6,1996.1999992812355,0.495,0.15063001145475372
23151,MASSACHUSETTS AVE @ PORTER RE,796,2067.9,31.6,8558.099982615968,0.457,2.59786432160804
23391,BACK BAY STATION,1352,5860.7,36.5,14100.699966275824,0.479,4.334837278106509
23402,QUARRY ST @ COMMON ST,25,5.5,34.0,4466.700005595665,0.504,0.22
23403,270 QUARRY ST,25,18.5,34.0,4466.700005595665,0.504,0.74
23404,150 QUARRY ST,25,14.0,32.8,2584.4999995005096,0.496,0.56
23406,GRANITE ST @ PACKARDS LANE,25,2.0,36.9,4077.800002195131,0.497,0.08
23407,OPP 125 GRANITE ST,25,7.0,48.2,4550.200003193773,0.45,0.28
23530,244 PLEASANT ST OPP BRUNSWICK,120,35.5,44.7,2748.2000012275294,0.504,0.29583333333333334
23531,PLEASANT ST @ GOULD RD,120,19.5,44.7,2748.2000012275294,0.504,0.1625
23532,PLEASANT ST @ SPRING VALLEY S,120,22.0,44.7,2748.2000012275294,0.504,0.18333333333333332
23533,PLEASANT ST @ WELLINGTON ST,120,20.5,56.2,3739.899996307294,0.443,0.17083333333333334
23535,PLEASANT ST @ PELHAM TERR,120,40.0,56.2,3739.899996307294,0.443,0.3333333333333333
23536,PLEASANT ST @ IRVING ST,120,31.5,56.2,3739.899996307294,0.443,0.2625
23537,PLEASANT ST @ KENSINGTON ST,120,23.5,43.8,1060.299999717543,0.472,0.19583333333333333
23538,PLEASANT ST @ BRUNSWICK RD,120,13.5,44.7,2748.2000012275294,0.504,0.1125
23618,361 WASHINGTON ST @ ALDAEN PK,256,8.0,41.9,1246.6999998428073,0.467,0.03125
23823,MIDDLE ST OPP ROCKAWAY AVE,129,130.6,44.7,776.0999998359987,0.492,1.0124031007751937
23826,MAIN ST @ BAYLEY TERRACE,129,46.1,44.7,776.0999998359987,0.492,0.3573643410852713
23832,MAIN ST @ PARK AVE,129,36.1,44.7,776.0999998359987,0.492,0.2798449612403101
23835,MIDDLE ST @ ROCKAWAY AVE,129,144.0,44.7,776.0999998359987,0.492,1.1162790697674418
23921,CROSS ST @ FOUNTAIN AVE,298,129.5,32.3,8256.900021410776,0.521,0.43456375838926176
23951,PEARL ST @ WESLEY ST,181,41.6,35.7,11764.200045797714,0.517,0.22983425414364642
24281,RINDGE AVE @ HASKELL ST,230,166.8,33.6,8182.499999527352,0.506,0.7252173913043479
24481,BROADWAY @ PROSPECT ST,235,274.0,31.1,13831.700035203434,0.513,1.1659574468085105
24482,BROADWAY @ NORFOLK ST,235,3.0,30.9,7800.700008232469,0.502,0.01276595744680851
24483,BROADWAY @ COLUMBIA ST,235,202.0,31.1,13831.700035203434,0.513,0.8595744680851064
24484,BROADWAY @ WINDSOR ST,235,258.0,31.1,13831.700035203434,0.513,1.097872340425532
24485,BROADWAY OPP HAMPSHIRE ST,235,555.0,30.1,8348.70000654922,0.452,2.3617021276595747
24486,BROADWAY @ HAMPSHIRE ST,230,499.5,30.1,8348.70000654922,0.452,2.1717391304347826
24487,BROADWAY @ WINDSOR ST,230,365.0,31.1,13831.700035203434,0.513,1.5869565217391304
24488,BROADWAY @ COLUMBIA ST,230,175.5,31.1,13831.700035203434,0.513,0.7630434782608696
24489,BROADWAY @ NORFOLK ST,230,94.0,30.9,7800.700008232469,0.502,0.40869565217391307
24490,BROADWAY @ PROSPECT ST,85,60.0,31.1,13831.700035203434,0.513,0.7058823529411765
24581,SOMERVILLE AVE @ ELM ST,231,54.8,30.3,9983.600009152833,0.475,0.2372294372294372
24586,10 CENTENNIAL DRIVE,156,18.5,48.0,438.89999997879477,0.467,0.11858974358974358
24610,RINDGE AVE @ HOLLIS ST,241,217.1,33.6,8182.499999527352,0.506,0.9008298755186722
24619,WASHINGTON ST @ INCINERATOR R,318,462.3,40.5,1344.5000001617889,0.474,1.4537735849056603
24621,RINDGE AVE @ CLAY ST,241,118.3,35.3,8978.30000696724,0.453,0.4908713692946058
24628,WASHINGTON ST @ GEORGE ST,256,49.1,41.9,1246.6999998428073,0.467,0.191796875
24716,VFW PKWY OPP WONDERLAND MARKE,86,3.2,32.3,7552.4000033814955,0.513,0.037209302325581395
24717,VFW PKWY @ WONDERLAND MARKET,90,24.2,32.3,7552.4000033814955,0.513,0.2688888888888889
24791,OPP 10 ACORN PARK DR,287,54.2,31.2,1800.199998495281,0.506,0.18885017421602787
25051,CAPTAINS ROW @ COMMANDANTS WA,252,18.4,51.3,5234.500003777887,0.466,0.073015873015873
25059,HIGHLAND AVE @ MOLYNEAUX CIRC,135,46.8,48.8,3001.2000054881405,0.499,0.3466666666666666
25202,PREBLE ST @ VINTON ST,191,131.5,30.6,3582.0000026371204,0.539,0.6884816753926701
25236,WASHINGTON ST @ FOREST HILLS,320,210.5,33.7,5811.399992185902,0.485,0.6578125
25618,WASHINGTON ST @ RAILROAD AVE,256,281.2,41.9,1246.6999998428073,0.467,1.0984375
25712,WASHINGTON ST @ PARKER ST,355,201.1,32.5,7261.800000565913,0.509,0.5664788732394366
25713,WASHINGTON ST @ KINGMAN RD,355,595.5,32.5,7261.800000565913,0.509,1.6774647887323944
25800,E 8TH ST @ MERCER ST,288,176.9,30.4,10508.999976330197,0.439,0.6142361111111111
25969,PLEASANT ST @ STONE PL,126,73.4,35.4,858.49999991415,0.506,0.5825396825396826
25974,PLEASANT ST @ WYOMING AVE,126,161.9,41.0,3931.9999986375237,0.47,1.284920634920635
25986,MAIN ST @ PLEASANT ST,126,166.7,40.4,2419.5999979180183,0.477,1.323015873015873
25988,MAIN ST @ COLLINCOTE ST,126,54.8,45.6,1943.099999370752,0.462,0.4349206349206349
25989,REDSTONE SHOPPING CENTER ACCE,137,440.5,45.6,1943.099999370752,0.462,3.2153284671532845
25990,MAIN ST @ ELM ST,137,80.4,45.6,1943.099999370752,0.462,0.5868613138686132
25991,MAIN ST @ LINDENWOOD RD,137,124.4,40.4,2419.5999979180183,0.477,0.9080291970802921
25992,MAIN ST @ MAPLE ST,137,190.8,40.8,1920.2000007114038,0.48,1.3927007299270073
25996,MAIN ST @ SOUTH ST,137,30.6,44.4,1068.5999999550063,0.483,0.22335766423357664
26131,BOW ST @ WARREN AVE,366,558.8,39.1,9847.89998111778,0.493,1.526775956284153
26137,BROOKLINE ST @ MARSHALL SCHOO,5,188.0,36.4,6162.30001437211,0.456,37.6
26434,CUMMINS HWY OPP CALVARY CEMET,217,386.5,46.4,2367.69999840263,0.446,1.7811059907834101
26459,CUMMINS HWY @ BROCKTON ST,218,542.0,42.8,3668.400002412292,0.438,2.4862385321100917
26466,1344 HYDE PARK AVE @ BLAKE ES,882,1589.8,48.7,3530.499997841809,0.447,1.8024943310657595
26467,1664 HYDE PARK AVE,736,62.0,37.2,1954.699998649809,0.485,0.08423913043478261
26495,HYDE PARK AVE OPP ELDRIDGE RD,945,407.6,37.4,6287.899972771113,0.447,0.43132275132275133
26500,AMERICAN LEGION HWY @ CUMMINS,98,115.2,46.4,2367.69999840263,0.446,1.1755102040816328
26618,WASHINGTON ST @ COTTAGE ST,256,642.5,49.3,1496.7999992433197,0.509,2.509765625
26734,WALNUT ST @ O'CALLAGHAN WAY,24,0.0,40.3,2874.5000039891443,0.492,0.0
27092,TERMINAL B STOP 1,817,5058.9,31.2,10.499999999734177,0.494,6.19204406364749
27618,WASHINGTON ST @ GUILD ST,256,170.1,49.3,1496.7999992433197,0.509,0.664453125
28281,MAIN ST @ CITY SQ,179,163.7,50.6,9637.500009314594,0.486,0.9145251396648044
28618,785 WASHINGTON ST @ NORWOOD H,256,26.4,49.3,1496.7999992433197,0.509,0.103125
28742,GRAND UNION BLVD @ FOLEY ST,117,187.0,30.9,2470.2999997797565,0.488,1.5982905982905984
28743,GRAND UNION BLVD @ FOLEY ST,122,90.0,30.9,2470.2999997797565,0.488,0.7377049180327869
28745,GRAND UNION BLVD @ CANAL ST,117,348.5,30.9,2470.2999997797565,0.488,2.9786324786324787
28746,GRAND UNION BLVD OPP ARTISAN,122,424.4,30.9,2470.2999997797565,0.488,3.4786885245901638
29051,SOUTH BAY MALL @ MARSHALLS,829,1618.3,28.4,1706.9000001533643,0.528,1.9521109770808203
29052,SOUTH BAY MALL @ TARGET,830,993.5,28.4,1706.9000001533643,0.528,1.1969879518072288
29253,LINCOLN ST @ READING DEPOT,339,384.9,44.1,2136.299997775722,0.487,1.1353982300884955
29618,WASHINGTON ST @ DOUGLAS AVE,256,180.8,49.3,1496.7999992433197,0.509,0.70625
30009,MASSACHUSETTS AVE @ MAGAZINE,555,974.6,36.0,2270.0000000427294,0.609,1.756036036036036
30233,ATLANTIC AVE @ MILK ST,45,0.0,38.6,1976.5999982385579,0.548,0.0
30235,ATLANTIC AVE @ COMMERCIAL WHA,40,16.0,39.8,25911.399810154922,0.492,0.4
30249,NORTHERN AVE @ TIDE ST,692,1809.2,20.5,4.899999999673333,0.333,2.6144508670520232
30250,23 DRYDOCK AVE,1282,1526.2,20.5,4.899999999673333,0.333,1.1904836193447739
30256,DRYDOCK AVE @ HARBOR ST,45,49.5,31.5,3771.9999985032546,0.509,1.1
30270,FARRAGUT RD OPP E SIXTH ST,288,25.3,31.8,10609.999983007423,0.483,0.08784722222222223
30272,FARRAGUT RD @ BROADWAY,288,50.4,30.4,13311.499978242498,0.464,0.175
30287,W 6TH S @ DORCHESTER ST,288,200.0,29.9,11222.699997585512,0.45,0.6944444444444444
30294,250 DORCHESTER AVENUE,293,10.5,34.7,7615.800004078961,0.494,0.03583617747440273
30336,DORCHESTER AVE @ DRACUT ST,73,26.8,37.6,5890.499998227091,0.496,0.36712328767123287
30618,WASHINGTON ST @ WALNUT ST,256,187.7,49.3,1496.7999992433197,0.509,0.733203125
30619,WASHINGTON ST @ CROFT REGIS R,256,5.4,42.3,1152.499999957405,0.484,0.02109375
30620,WASHINGTON ST @ DEAN ST,256,2.5,42.3,1152.499999957405,0.484,0.009765625
30631,NEWPORT AVE @ HANCOCK ST,105,117.0,30.7,1236.3000000745146,0.516,1.1142857142857143
30751,NEWPORT AVE @ HANCOCK ST,112,129.5,30.7,1236.3000000745146,0.516,1.15625
30752,NEWPORT AVE @ HERITAGE DR,112,64.0,30.7,1236.3000000745146,0.516,0.5714285714285714
31111,MT VERNON ST OPP PAUL A. DEVE,349,173.7,25.8,2264.9000010928635,0.477,0.4977077363896848
31187,WASHINGTON ST @ OPHIR ST,320,266.0,33.7,5811.399992185902,0.485,0.83125
31255,DRYDOCK AVE @ DESIGN CENTER P,715,1683.4,20.5,4.899999999673333,0.333,2.3544055944055944
31256,NORTHERN AVE OPP HARBOR ST,675,340.8,20.5,4.899999999673333,0.333,0.5048888888888889
31257,NORTHERN AVE @ TIDE ST,675,1580.3,20.5,4.899999999673333,0.333,2.3411851851851853
31259,DRYDOCK AVE @ BLACK FALCON AV,626,915.2,20.5,4.899999999673333,0.333,1.4619808306709265
31317,HUNTINGTON AVE @ LONGWOOD AVE,795,3230.0,20.3,12146.599985025648,0.46,4.062893081761007
31365,S HUNTINGTON AVE OPP VA HOSPI,702,948.5,33.8,11798.399975690203,0.419,1.351139601139601
31391,HUNTINGTON AVE @ GAINSBOROUGH,672,1889.6,20.7,16656.49998945865,0.463,2.8119047619047617
31618,WASHINGTON ST OPP LENOX ST,256,114.6,49.3,1496.7999992433197,0.509,0.44765625
31619,OPP 20 WASHINGTON ST,256,87.9,42.3,1152.499999957405,0.484,0.343359375
31628,WASHINGTON ST OPP DEAN ST,256,193.7,41.2,1949.000001154056,0.481,0.756640625
31835,LEE ST OPP DUDLEY WAY,140,16.5,41.6,805.3999999191054,0.493,0.11785714285714285
31836,INDEPENDENCE DR @ BEVERLY RD,140,92.5,35.3,3137.0000014317034,0.467,0.6607142857142857
31839,COREY ST OPP MOUNT BENEDICT C,5,0.0,47.9,923.9999997725538,0.463,0.0
31852,HIGHLAND AVE @ DANA PL,117,8.3,43.9,1327.4999995772293,0.467,0.07094017094017095
31861,N CENTRAL @ BEALE ST,159,135.0,38.1,4277.799991742996,0.502,0.8490566037735849
31916,GROVE ST @ ALLENDALE RD,140,27.5,42.8,1697.4999996042598,0.473,0.19642857142857142
31918,IPSWICH ST @ BOYLSTON ST,63,16.0,60.2,16462.299957541167,0.474,0.25396825396825395
32000,BURGIN PKWY @ QUINCY CENTER S,16,51.2,38.3,4876.600010558543,0.488,3.2
32001,QUINCY CENTER BUSWAY,822,8462.9,33.7,3269.600001264692,0.507,10.295498783454988
32002,QUINCY CENTER BUSWAY,724,5340.8,33.7,3269.600001264692,0.507,7.376795580110498
32003,QUINCY CENTER BUSWAY,1076,7900.3,33.7,3269.600001264692,0.507,7.34228624535316
32004,QUINCY CENTER BUSWAY,864,9201.5,33.7,3269.600001264692,0.507,10.64988425925926
32005,QUINCY CENTER BUSWAY,534,3249.1,33.7,3269.600001264692,0.507,6.084456928838951
32358,PARK AVE @ FLORENCE AVE,117,13.2,45.3,3282.3999985069436,0.476,0.11282051282051281
32549,ELIOT ST @ BENNETT ST,3351,10114.8,38.9,4239.899999977411,0.486,3.018442256042972
32619,83 WASHINGTON ST OPP ELLIS AV,256,45.2,54.1,1772.1000011773313,0.435,0.1765625
32628,WASHINGTON ST @ OOLAH AVE,256,224.1,37.0,771.7000000160566,0.515,0.875390625
32638,WASHINGTON ST @ WELD AVE,256,113.9,37.1,1316.3999999121847,0.487,0.444921875
32681,SEA ST @ PARKHURST ST,362,102.3,43.5,1780.2000010609552,0.488,0.28259668508287294
32760,748 SEA ST,362,2.0,44.1,2774.1999981268464,0.491,0.0055248618784530384
32818,1661 HYDE PARK AVE,873,70.8,37.2,1954.699998649809,0.485,0.08109965635738832
32831,SEA ST @ NORTON RD,362,276.0,44.1,2774.1999981268464,0.491,0.7624309392265194
32840,MAIN ST @ BUNKER HILL ST,180,32.1,51.0,1477.0000003745959,0.506,0.17833333333333334
32910,MCGRATH HWY OPP SOUTHERN ARTE,43,81.4,33.7,3269.600001264692,0.507,1.8930232558139537
32911,MCGRATH HWY OPP BRACKETT ST,43,28.4,33.7,3269.600001264692,0.507,0.6604651162790698
32912,MCGRATH HWY @ WASHINGTON ST,43,8.4,70.3,3212.9999986971948,0.389,0.19534883720930232
33076,GALLIVAN BLVD @ HALLET ST,123,70.6,40.6,3890.799990610489,0.511,0.5739837398373984
33077,GALLIVAN BLVD @ WOODFIELD ST,221,17.3,40.6,3890.799990610489,0.511,0.07828054298642534
33241,GRANITE ST @ HANCOCK ST,923,444.6,33.7,3269.600001264692,0.507,0.48169014084507045
33618,WASHINGTON ST @ AUSTIN ST,256,84.9,37.1,1316.3999999121847,0.487,0.331640625
33619,169 WASHINGTON ST OPP NEPONSE,256,31.700000000000003,54.1,1772.1000011773313,0.435,0.12382812500000001
33632,SQUANTUM ST @ ANTWERP ST,6,0.0,40.1,1129.700000416395,0.461,0.0
33634,SQUANTUM ST @ AMSTERDAM AVE,6,4.5,40.1,1129.700000416395,0.461,0.75
33635,W SQUANTUM ST @ LONDON AVE,6,0.0,42.2,3404.899997777529,0.454,0.0
33691,GRANITE AVE @ GALLIVAN BLVD,198,2.0,37.8,5631.100009663562,0.488,0.010101010101010102
33761,GALLIVAN BLVD OPP CARRUTH ST,199,4.7,37.4,6419.00000583878,0.47,0.023618090452261306
34021,WILLARD ST @ BATES AVE,210,60.300000000000004,37.0,2903.300001066087,0.486,0.28714285714285714
34618,WASHINGTON ST @ CONCORD AVE,256,95.6,37.0,771.7000000160566,0.515,0.3734375
34619,WASHINGTON ST OPP HILL ST,256,74.2,46.1,1781.1999993229454,0.445,0.28984375
34879,SPRINGS RD @ BLDG 70,117,14.9,59.5,373.69999994552563,0.716,0.12735042735042734
35202,PREBLE ST @ DORCHESTER AVE,191,32.2,30.6,3582.0000026371204,0.539,0.16858638743455498
35236,WASHINGTON ST @ SCHOOL ST,320,726.5,32.0,12475.200014538028,0.495,2.2703125
35571,DOWNER AVE OPP CONDITO RD,219,61.1,43.4,1356.6000002625135,0.498,0.27899543378995434
35618,WASHINGTON ST @ ALANDALE PKWY,256,227.4,37.0,771.7000000160566,0.515,0.88828125
35704,REVERE ST @ STOWERS ST,623,1033.3,41.5,2832.3999989914328,0.474,1.6585874799357945
35711,MAIN ST @ ALEXANDRA WAY,15,1.5,46.4,898.1999996416093,0.478,0.1
35751,BROADWAY @ CARY AVE,769,681.0,31.0,19695.599957518105,0.497,0.8855656697009102
35765,BROADWAY @ TRUE ST,431,1622.8,38.9,4566.999995679125,0.466,3.765197215777262
35772,REVERE ST @ HAWES ST,633,848.4,41.5,2832.3999989914328,0.474,1.3402843601895735
35773,REVERE ST @ MICHAEL DELLA RUS,633,313.2,41.5,2832.3999989914328,0.474,0.4947867298578199
35830,104 CONSTITUTION AVE,252,79.2,38.2,7126.50000075157,0.458,0.3142857142857143
36434,CUMMINS HWY @ PLEASANTVIEW ST,217,112.7,46.4,2367.69999840263,0.446,0.5193548387096775
36459,CUMMINS HWY @ HALLOWELL ST,218,309.4,42.8,3668.400002412292,0.438,1.4192660550458716
36466,HYDE PARK AVE @ OAK ST,1225,5710.7,48.7,3530.499997841809,0.447,4.661795918367347
36479,HYDE PARK AVE @ SOUTHBOURNE R,937,484.2,38.5,3400.399998806492,0.452,0.5167556029882604
36495,HYDE PARK AVE @ DELLMORE RD,945,478.8,37.4,6287.899972771113,0.447,0.5066666666666667
36500,AMERICAN LEGION HWY @ STELLA,98,60.0,36.7,6005.400000537643,0.441,0.6122448979591837
36538,E BERKELEY ST @ HARRISON AVE,829,1241.4,39.8,5375.900003613338,0.548,1.4974668275030159
36539,E BERKELEY ST @ TREMONT ST,541,445.9,54.8,12044.399959823322,0.468,0.8242144177449168
36540,BERKELEY ST @ CHANDLER ST,541,229.9,36.9,15372.300086404202,0.512,0.42495378927911276
36541,E BERKELEY ST @ WASHINGTON ST,829,1356.5,30.8,16845.000053765885,0.484,1.6363088057901085
36618,1297 WASHINGTON ST OPP MORSE,256,90.3,37.1,1316.3999999121847,0.487,0.352734375
36701,COMMERCIAL ST @ KING OAK TERR,213,32.1,45.3,1839.3000012072764,0.485,0.15070422535211267
36821,BROAD ST @ PLEASANT ST,213,35.1,40.6,2544.6000016497587,0.487,0.1647887323943662
36831,WATER ST @ MYRTLE ST,107,13.2,44.6,2196.89999879074,0.492,0.1233644859813084
36841,HIGH ST @ CEDAR ST,107,2.5,44.6,2196.89999879074,0.492,0.02336448598130841
36842,HIGH ST OPP NICHOLS RD,107,0.0,50.5,228.49999999175338,0.493,0.0
36844,HIGH ST @ COMMERCIAL ST,107,21.0,44.4,1460.2000009681142,0.468,0.19626168224299065
36845,WATER ST OPP MYRTLE ST,107,21.6,44.6,2196.89999879074,0.492,0.20186915887850468
36961,COMMERCIAL ST @ JAMES RD,213,27.3,45.3,1839.3000012072764,0.485,0.12816901408450704
37150,SALEM COMMUTER RAIL STATION,1090,4108.3,44.2,4683.3999977701105,0.456,3.7690825688073395
37618,WASHINGTON ST @ ROCKHILL ST,256,51.3,37.1,1316.3999999121847,0.487,0.200390625
38155,RIVERSIDE STA,65,181.0,23.8,1407.600000136988,0.436,2.7846153846153845
38331,SOUTHERN ARTERY OPP PRESIDENT,143,154.1,35.5,5508.599998200869,0.49,1.0776223776223777
38391,SOUTHERN ARTERY @ PRESIDENTIA,143,210.1,58.1,8375.500006476559,0.408,1.4692307692307691
38411,SOUTH ST @ ARNOLD ST,143,13.3,35.5,5508.599998200869,0.49,0.09300699300699301
38481,FRANKLIN ST OPP TRESCOTT ST,101,28.7,35.8,5055.500004402681,0.483,0.28415841584158413
38482,FRANKLIN ST @ HIGH ST,101,4.0,35.1,2017.000000772553,0.487,0.039603960396039604
38483,FRANKLIN ST @ NORMAN RD,101,4.5,35.1,2017.000000772553,0.487,0.04455445544554455
38484,FRANKLIN ST @ HOOVERAVE,101,0.0,35.1,2017.000000772553,0.487,0.0
38485,FRANKLIN ST OPP PENNS HILL RD,101,3.5,35.1,2017.000000772553,0.487,0.034653465346534656
38486,COMMERCIAL ST OPP JOHN PAUL C,101,1.5,40.8,1683.199999866284,0.479,0.01485148514851485
38487,COMMERCIAL ST @ BOWER RD,101,8.9,40.8,1683.199999866284,0.479,0.08811881188118813
38488,COMMERCIAL ST OPP ERICKSON ST,101,5.0,40.8,1683.199999866284,0.479,0.04950495049504951
38489,COMMERCIAL ST @ ELM ST,101,107.7,40.8,1683.199999866284,0.479,1.0663366336633664
38490,ELM ST OPP JAY ST,101,16.9,43.7,1563.2000004725824,0.473,0.1673267326732673
38492,ELM ST OPP DRINKWATER AVE,101,38.0,43.7,1563.2000004725824,0.473,0.37623762376237624
38493,MIDDLE ST @ ELM ST,101,12.5,38.4,1726.8999988158398,0.483,0.12376237623762376
38494,MIDDLE ST @ MYRTLE ST,101,8.1,43.5,2772.1999985288217,0.481,0.0801980198019802
38495,MIDDLE ST @ RIVER ST,101,28.0,43.5,2772.1999985288217,0.481,0.27722772277227725
38496,MIDDLE ST @ HUNT AVE,101,3.0,43.5,2772.1999985288217,0.481,0.0297029702970297
38497,233 MIDDLE ST,101,32.7,43.5,2772.1999985288217,0.481,0.3237623762376238
38498,MIDDLE ST @ TOWNSEND AVE,101,9.5,43.7,1563.2000004725824,0.473,0.09405940594059406
38499,MIDDLE ST @ TOTNES AVE,101,0.0,43.5,2772.1999985288217,0.481,0.0
38501,UNION ST @ MIDDLE ST,230,76.1,43.5,2772.1999985288217,0.481,0.3308695652173913
38502,UNION ST @ CLEVELAND AVE,230,19.0,45.0,773.7000000905845,0.479,0.08260869565217391
38671,BRAINTREE BUSWAY,807,4728.7,41.4,1110.2000003607088,0.503,5.8596034696406445
38771,355 HANCOCK ST,165,0.0,46.3,927.0999999454283,0.464,0.0
38812,HALLET ST @ FLORIAN HALL,98,92.6,51.2,1612.6999996984189,0.468,0.9448979591836734
38813,KEYSTONE APARTMENTS,311,466.4,51.2,1612.6999996984189,0.468,1.49967845659164
38814,55 HALLET ST OPP FLORIAN HALL,153,63.7,51.2,1612.6999996984189,0.468,0.41633986928104577
39081,WASHINGTON ST @ WATER ST,175,56.5,42.4,1247.2999999648662,0.494,0.32285714285714284
39321,SOUTHERN ARTERY @ SOUTH ST,143,271.2,35.5,5508.599998200869,0.49,1.8965034965034964
39401,SOUTHERN ARTERY @ SOUTH ST,143,362.4,55.0,6866.899991653832,0.445,2.534265734265734
39671,FRANKLIN ST @ RICHIE RD,101,3.4000000000000004,35.8,5055.500004402681,0.483,0.033663366336633666
39672,FRANKLIN ST OPP HIGH ST,101,1.4000000000000001,35.1,2017.000000772553,0.487,0.013861386138613863
39673,FRANKLIN ST OPP NORMAN RD,101,2.4,35.1,2017.000000772553,0.487,0.023762376237623763
39674,FRANKLIN ST @ VIDEN RD,101,1.0,35.1,2017.000000772553,0.487,0.009900990099009901
39675,FRANKLIN ST @ PENNS HILL RD,101,0.0,35.1,2017.000000772553,0.487,0.0
39676,COMMERCIAL ST @ JOHN PAUL CIR,101,0.0,40.8,1683.199999866284,0.479,0.0
39677,COMMERCIAL ST @ JOHN PAUL CIR,101,12.7,40.8,1683.199999866284,0.479,0.12574257425742574
39678,COMMERCIAL ST @ ERICKSON ST,101,0.0,40.8,1683.199999866284,0.479,0.0
39679,COMMERCIAL ST @ ELM ST,101,94.5,40.8,1683.199999866284,0.479,0.9356435643564357
39681,ELM ST @ JAY ST,101,12.0,43.7,1563.2000004725824,0.473,0.1188118811881188
39682,ELM ST @ DRINKWATER AVE,101,30.4,43.7,1563.2000004725824,0.473,0.300990099009901
39683,ELM ST @ ADAMS ST,101,10.4,43.7,1563.2000004725824,0.473,0.10297029702970298
39684,MIDDLE ST OPP MYRTLE ST,101,16.6,43.5,2772.1999985288217,0.481,0.16435643564356436
39685,MIDDLE ST @ RIVER ST,101,20.5,43.5,2772.1999985288217,0.481,0.20297029702970298
39686,MIDDLE ST OPP HUNT AVE,101,3.5,43.5,2772.1999985288217,0.481,0.034653465346534656
39687,MIDDLE ST @ WHITTER RD,101,38.1,43.5,2772.1999985288217,0.481,0.37722772277227723
39688,MIDDLE ST @ MARSHALL ST,101,19.0,43.5,2772.1999985288217,0.481,0.18811881188118812
39689,MIDDLE ST @ KEW RD,101,2.0,43.5,2772.1999985288217,0.481,0.019801980198019802
39691,MIDDLE ST @ UNION ST,101,51.0,43.5,2772.1999985288217,0.481,0.504950495049505
39692,UNION ST @ CLEVELAND AVE,230,36.3,45.0,773.7000000905845,0.479,0.15782608695652173
39870,MONTELLO COMMUTER RAIL STATIO,340,1587.5,32.7,971.1999996940243,0.48,4.669117647058823
39941,HOLBROOK COURT APARTMENTS,20,4.5,41.0,481.7000000314117,0.49,0.225
40001,WARREN ST @ DABNEY PL,1936,2838.0,31.7,7904.600029332029,0.406,1.4659090909090908
40618,67 WASHINGTON ST,256,22.8,41.5,875.1000001010527,0.504,0.0890625
40619,WASHINGTON ST @ HOOPER ST,256,0.0,42.3,1152.499999957405,0.484,0.0
41031,QUINCY ADAMS BUSWAY,324,1083.1,36.4,3724.2000010881097,0.497,3.342901234567901
41032,CENTRE ST @ LIBERTY ST,162,217.0,33.6,3584.6000014753845,0.496,1.3395061728395061
41033,CENTRE ST @ CROWN COLONY DR,162,518.3,33.6,3584.6000014753845,0.496,3.1993827160493824
41035,CENTRE ST @ LIBERTY ST,155,85.1,33.6,3584.6000014753845,0.496,0.549032258064516
41111,250 MT VERNON ST @ GEIGER GIB,349,469.09999999999997,26.0,5146.899991136546,0.478,1.3441260744985672
41187,WASHINGTON ST @ GREEN ST,320,276.5,33.7,7651.599993153146,0.441,0.8640625
41391,HUNTINGTON AVE @ OPERA PL,672,2081.6,20.2,49957.2999717873,0.472,3.0976190476190473
41618,WASHINGTON ST @ MANSION DR,256,1.0,41.5,875.1000001010527,0.504,0.00390625
41686,CAMBRIDGE RD @ PHEASANT RIDGE,261,48.0,50.4,900.7000000070078,0.487,0.1839080459770115
41692,82 CAMBRIDGE ST,256,85.0,46.4,722.9000001338867,0.463,0.33203125
41693,CAMBRIDGE ST @ RITA AVE,256,50.0,49.5,626.3000000014554,0.471,0.1953125
41835,LEE ST @ WARREN ST,140,31.5,41.6,805.3999999191054,0.493,0.225
41836,INDEPENDENCE DR @ GERRY RD,140,255.0,35.3,3137.0000014317034,0.467,1.8214285714285714
41839,LAGRANGE ST @ BROOKFARM RD,5,0.5,47.9,923.9999997725538,0.463,0.1
41852,HIGHLAND AVE @ ROSEMARY ST,117,86.2,43.9,1327.4999995772293,0.467,0.7367521367521368
41883,326 MYSTIC AVE,242,77.3,33.5,965.9999993441836,0.502,0.3194214876033058
41916,NEWTON ST @ GROVE ST,140,14.5,47.9,431.9999999878524,0.487,0.10357142857142858
42430,S MAIN ST @ RICHARD RD,143,5.0,42.3,1416.5999998332068,0.477,0.03496503496503497
42618,WASHINGTON ST @ RHOADES AVE,256,93.3,40.8,1016.6999996759727,0.496,0.364453125
42818,HYDE PARK AVE @ MILTON ST,873,1387.1,39.6,1996.1999992812355,0.495,1.5888888888888888
42819,HYDE PARK AVE @ WOLCOTT SQUAR,1480,4093.4,37.6,1350.6999993570716,0.484,2.765810810810811
42820,NEPONSET VALLEY PKWY @ WESTIN,15,108.0,37.2,1954.699998649809,0.485,7.2
42876,MYSTIC AVE @ PLAZA ENTRANCE -,242,56.9,30.9,2470.2999997797565,0.488,0.23512396694214877
42883,MYSTIC AVE OPP BONNER AVE,242,250.7,33.5,965.9999993441836,0.502,1.0359504132231405
42885,MYSTIC AVE @ HANCOCK ST,242,79.6,33.5,965.9999993441836,0.502,0.32892561983471075
42951,OPP 1048 N MAIN ST,263,404.4,44.2,923.7000002304934,0.49,1.5376425855513307
43011,N MAIN ST @ RUSS ST,263,216.5,42.5,597.1999999771455,0.487,0.8231939163498099
43551,BLUE HILLS PKWY @ AUSTIN ST,25,4.5,39.7,4530.700007239514,0.458,0.18
43618,WASHINGTON ST @ CHESTNUT ST,256,141.6,41.5,875.1000001010527,0.504,0.553125
44330,MEDFORD ST @ BRACKENBURY ST,98,47.4,35.8,8732.700011034174,0.495,0.4836734693877551
44413,MEDFORD ST @ BRACKENBURY ST,98,65.1,35.8,8732.700011034174,0.495,0.6642857142857143
44618,WASHINGTON ST OPP MANSION DR,256,2.9000000000000004,40.8,1016.6999996759727,0.496,0.011328125000000001
44762,350 REVERE BEACH BLVD,49,30.2,42.6,4702.499993561064,0.488,0.6163265306122448
45002,MEDFORD SQ @ CITY HALL PARKIN,723,972.5,41.5,3868.499998751611,0.456,1.3450899031811896
45003,CITY HALL MALL @ SALEM ST,459,969.8,41.5,3868.499998751611,0.456,2.112854030501089
45059,HIGHLAND AVE @ PAMELA CIRCLE,141,11.1,41.2,3852.2999918727114,0.481,0.07872340425531915
45079,SAVIN ST @ FELLSMERE RD,266,29.9,36.4,5297.600003636989,0.488,0.11240601503759398
45080,SAVIN ST @ FELLSMERE RD,263,5.0,36.4,5297.600003636989,0.488,0.019011406844106463
45211,WESTERN AVE OPP IDA ST,437,163.2,34.8,3039.1999977006835,0.49,0.3734553775743707
45261,133,206,38.7,37.4,4664.099994907935,0.478,0.18786407766990293
45327,COMMERCIAL ST @ CHARLES ST,98,27.4,26.3,2089.9000009984084,0.551,0.27959183673469384
45330,MEDFORD ST @ GREEN ST,98,176.7,33.7,2166.7999998100186,0.45,1.8030612244897959
45331,MEDFORD ST @ MAIN ST,98,51.1,35.8,8732.700011034174,0.495,0.5214285714285715
45332,PLEASANT ST @ VISTA ST,294,310.5,36.4,5297.600003636989,0.488,1.0561224489795917
45378,LYME ST @ BRYANT ST,101,85.0,34.1,6721.600005596378,0.502,0.8415841584158416
45406,MAIN ST @ WINTHROP ST,422,397.7,37.0,10201.00001998883,0.501,0.9424170616113744
45413,MEDFORD ST @ MAIN ST,98,26.2,35.8,8732.700011034174,0.495,0.2673469387755102
45414,MEDFORD ST @ GREEN ST,98,164.4,33.7,2166.7999998100186,0.45,1.6775510204081634
45417,COMMERCIAL ST @ CHARLES ST,98,47.6,26.3,2089.9000009984084,0.551,0.4857142857142857
45428,LYME ST @ BRYANT ST,101,51.5,34.1,6721.600005596378,0.502,0.5099009900990099
45534,CHARGER ST @ SQUIRE RD,165,175.8,33.7,800.9000001456134,0.526,1.0654545454545454
45581,PARK AVE @ S GENESEE ST,300,179.7,36.6,7326.900001489289,0.479,0.599
45618,OPP 67 WASHINGTON ST,256,12.9,41.5,875.1000001010527,0.504,0.050390625
45811,CRESCENT AVE @ ORCHARD ST,126,28.6,35.5,9752.799963796024,0.509,0.22698412698412698
45816,ENDICOTT AVE @ WATERVIEW AVE,126,4.5,35.6,10365.599986643409,0.526,0.03571428571428571
45830,COOLEDGE ST @ RAYMOND RD,126,45.9,38.9,4566.999995679125,0.466,0.36428571428571427
45833,219 CUSHMAN AVE,126,6.5,38.9,4566.999995679125,0.466,0.051587301587301584
45838,COOLEDGE ST @ CONSTITUTION AV,126,27.7,38.9,4566.999995679125,0.466,0.21984126984126984
46170,BROADWAY @ CITY HALL AVE,798,1349.7,33.0,10884.200069053062,0.506,1.6913533834586467
46267,KENNEDY DR @ SALEM ST,79,14.4,32.5,4270.400000690941,0.493,0.18227848101265823
46268,KENNEDY DR @ CENTRAL AVE,79,32.9,32.5,4270.400000690941,0.493,0.41645569620253164
46275,CUSHMAN AVE @ GORDON RD,126,112.1,38.9,4566.999995679125,0.466,0.8896825396825396
46276,CUSHMAN AVE @ ADAMS ST,126,52.0,38.9,4566.999995679125,0.466,0.4126984126984127
46434,CUMMINS HWY @ HEBRON ST,217,275.8,40.8,5629.700000879641,0.47,1.270967741935484
46435,CUMMINS HWY @ GREENFIELD RD,217,293.3,40.8,5629.700000879641,0.47,1.3516129032258064
46459,CUMMINS HWY @ SAVANNAH AVE,218,372.0,44.4,3716.2999933554115,0.448,1.7064220183486238
46467,1600 HYDE PARK AVE,736,75.6,39.6,1996.1999992812355,0.495,0.10271739130434782
46495,HYDE PARK AVE OPP FLORIAN STR,945,716.8,38.5,3400.399998806492,0.452,0.7585185185185185
46619,WASHINGTON ST @ HILL ST,256,75.8,46.1,1781.1999993229454,0.445,0.29609375
46734,O'CALLAGHAN WAY @ OSBORNE ST,24,0.0,40.9,2432.9000010569216,0.459,0.0
47170,CUMMINGS CENTER @ 101U SOUTH,60,60.5,31.7,2062.3000000212432,0.464,1.0083333333333333
47526,MAIN ST OPP KENNEDY DR,233,11.4,52.2,2027.9000008821715,0.464,0.048927038626609444
47527,MAIN ST OPP PIERCE MEMORIAL D,233,253.8,48.2,1099.09999984365,0.463,1.0892703862660944
47618,WASHINGTON ST OPP ROCKHILL ST,256,11.5,37.1,1316.3999999121847,0.487,0.044921875
47619,WASHINGTON ST @ NEPONSET ST,256,29.6,54.1,1772.1000011773313,0.435,0.115625
47620,WASHINGTON ST @ ELLIS AVE,256,24.2,54.1,1772.1000011773313,0.435,0.09453125
47879,SPRINGS RD OPP BLDG 23,117,10.5,59.5,373.69999994552563,0.716,0.08974358974358974
48304,FELLSWAY W @ PARK ST,263,39.8,40.7,3721.400000629481,0.479,0.15133079847908745
48336,KENNEDY DR @ CENTRAL AVE,73,13.3,32.5,4270.400000690941,0.493,0.1821917808219178
48337,KENNEDY DR @ SALEM ST,73,9.1,32.5,4270.400000690941,0.493,0.12465753424657534
48541,N SHORE RD @ JACKSON ST,368,48.3,42.6,4702.499993561064,0.488,0.13125
48575,TRUEMAN DR @ CENTRAL AVE,123,15.3,32.5,4270.400000690941,0.493,0.12439024390243902
48618,WASHINGTON ST OPP MYLOD ST,256,68.3,37.1,1316.3999999121847,0.487,0.266796875
48619,20 WASHINGTON ST,256,38.2,42.3,1152.499999957405,0.484,0.14921875
49001,TEMPLE PL @ WASHINGTON ST,1724,15548.6,40.8,9357.100047553262,0.583,9.018909512761022
49002,WASHINGTON ST @ TUFTS MED CTR,1411,10887.5,30.0,29303.099923787548,0.502,7.71615875265769
49003,WASHINGTON ST @ HERALD ST,1411,3473.4,54.8,12044.399959823322,0.468,2.461658398299079
49040,RIVERSIDE AVE @ BRADBURY AVE,223,129.8,34.1,6444.200024334041,0.501,0.5820627802690583
49061,SALEM ST @ CHURCH ST,416,314.3,37.2,5280.099987894146,0.504,0.7555288461538462
49067,SALEM ST @ CLAPP ST,213,83.8,32.4,8273.099991498118,0.512,0.39342723004694835
49096,RIVERSIDE AVE @ BRADBURY AVE,213,98.5,34.1,6444.200024334041,0.501,0.4624413145539906
49157,61 LOCUST ST,295,429.4,39.0,1601.6000005503486,0.492,1.455593220338983
49158,MEADOW GLEN MALL @ MAIN ENTRA,295,820.1,39.0,1601.6000005503486,0.492,2.7800000000000002
49164,400 RIVERSIDE AVE OPP LINDEN,166,36.1,39.0,1601.6000005503486,0.492,0.21746987951807228
49220,MAIN ST OPP OAK GROVE AVE,159,14.7,33.5,7919.400009915722,0.485,0.09245283018867924
49221,MAIN ST @ BANKS PL,230,53.1,33.5,7919.400009915722,0.485,0.2308695652173913
49305,NORTH AVE @ WINN ST,175,3.0,40.5,275.19999999018785,0.467,0.017142857142857144
49618,WASHINGTON ST @ SHORT ST,256,177.3,37.0,771.7000000160566,0.515,0.692578125
49619,WASHINGTON ST OPP MARSHALL ST,256,308.0,42.3,1152.499999957405,0.484,1.203125
49738,S BEDFORD ST @ WAYSIDE RD,153,121.6,44.4,384.60000003209046,0.45,0.7947712418300653
49739,S BEDFORD ST OPP KIMBALL AVE,153,62.7,26.3,9.300000002432308,0.462,0.4098039215686275
49795,BEDFORD WOODS DR @ BLDG 174,75,41.0,33.9,153.39999999460701,0.486,0.5466666666666666
49796,3 OAK PARK DR,40,1.5,33.9,153.39999999460701,0.486,0.0375
49797,7 OAK PARK DR,40,20.0,33.9,153.39999999460701,0.486,0.5
49798,10 OAK PARK DR,40,1.5,33.9,153.39999999460701,0.486,0.0375
49800,CROSBY DR @ MIDDLESEX TRNPK,20,5.5,33.9,153.39999999460701,0.486,0.275
49801,28-30 CROSBY DR,20,5.0,33.9,153.39999999460701,0.486,0.25
49803,4 CROSBY DR,20,11.5,33.9,153.39999999460701,0.486,0.575
49806,BLUE SKY DRIVE,40,13.0,41.0,291.89999997087676,0.453,0.325
49807,2-4 FOURTH AVE,321,318.0,41.0,291.89999997087676,0.453,0.9906542056074766
49808,BURLINGTON MALL RD OPP MEADOW,307,341.4,26.3,9.300000002432308,0.462,1.1120521172638436
49810,MITRE CORP INNER RD,20,3.0,33.9,153.39999999460701,0.486,0.15
49816,LEXINGTON ST @ MAYFLOWER ST,85,7.0,48.4,824.2999997432314,0.468,0.08235294117647059
49817,LEXINGTON ST @ TOTMAN DR,85,34.0,42.1,767.399999959679,0.504,0.4
49818,LEXINGTON ST OPP TOTMAN DR,80,30.5,42.1,767.399999959679,0.504,0.38125
49823,126 PLEASANT ST OPP VALLEY RD,85,37.5,39.9,2281.1999990041554,0.473,0.4411764705882353
49824,PLEASANT ST @ ARLINGTON RD,85,41.5,39.9,2281.1999990041554,0.473,0.48823529411764705
49825,WASHINGTON ST @ MILL ST,30,0.0,37.4,1072.9000001781137,0.484,0.0
49826,MONTVALE AVE @ PROSPECT ST,85,98.5,36.6,3931.8000007800083,0.513,1.1588235294117648
49827,MONTVALE AVE @ FAIRMOUNT ST,85,24.5,36.6,3931.8000007800083,0.513,0.28823529411764703
49828,MONTVALE AVE @ EASTERN AVE,85,38.5,41.3,2185.799998676362,0.506,0.45294117647058824
49829,45 BOW ST,85,15.5,41.3,2185.799998676362,0.506,0.18235294117647058
49831,SALEM ST @ HILLTOP TERR,85,39.5,41.3,2185.799998676362,0.506,0.4647058823529412
49832,SALEM ST @ WOOD ST,85,44.5,40.2,1777.8999995555707,0.478,0.5235294117647059
49834,PINE ST OPP MONTVALE RD,55,23.5,44.2,794.4999999189653,0.511,0.42727272727272725
49836,PINE ST OPP FELTON ST,55,17.0,46.1,1955.1999995659373,0.474,0.3090909090909091
49837,PINE ST @ ORANGE ST,55,15.5,46.1,1955.1999995659373,0.474,0.2818181818181818
49838,CENTRAL ST @ PINE ST,55,23.0,46.1,1955.1999995659373,0.474,0.41818181818181815
49839,CENTRAL ST @ MONTVALE AVE,55,32.5,46.1,1955.1999995659373,0.474,0.5909090909090909
49841,MONTVALE AVE @ WASHINGTON ST,85,57.0,37.4,1072.9000001781137,0.484,0.6705882352941176
49842,MONTVALE AVE @ I93 RAMP,85,111.5,37.4,1072.9000001781137,0.484,1.311764705882353
49846,MITRE CORP INNER RD,20,9.0,33.9,153.39999999460701,0.486,0.45
49847,209 BURLINGTON RD,20,0.0,33.9,153.39999999460701,0.486,0.0
49848,53 THIRD AVE,327,375.9,41.0,291.89999997087676,0.453,1.1495412844036696
49849,OPP 32 SECOND AVE,327,180.4,41.0,291.89999997087676,0.453,0.5516819571865443
49850,SECOND AVE @ SOUTH AVE,327,212.8,41.0,291.89999997087676,0.453,0.6507645259938838
49901,MONTVALE AVE @ I93,80,135.0,37.4,1072.9000001781137,0.484,1.6875
49902,WASHINGTON ST @ CARLENA TER,30,37.0,37.4,1072.9000001781137,0.484,1.2333333333333334
49903,42 CENTRAL ST,50,46.5,46.1,1955.1999995659373,0.474,0.93
49904,CENTRAL ST @ PINE ST,50,20.5,46.1,1955.1999995659373,0.474,0.41
49906,PINE ST OPP ORANGE ST,50,12.5,46.1,1955.1999995659373,0.474,0.25
49907,PINE ST @ FELTON ST,50,30.0,46.1,1955.1999995659373,0.474,0.6
49910,SALEM ST @ WILDWOOD AVE,80,53.5,44.2,794.4999999189653,0.511,0.66875
49911,SALEM ST @ SEDGEWICK PK,80,38.5,41.3,2185.799998676362,0.506,0.48125
49913,60 BOW ST,80,19.5,41.3,2185.799998676362,0.506,0.24375
49914,BOW ST @ MONTVALE AVE,80,35.5,41.3,2185.799998676362,0.506,0.44375
49915,MONTVALE AVE OPP EASTERN AVE,80,42.5,41.3,2185.799998676362,0.506,0.53125
49916,60 MONTVALE AVE,80,39.0,36.6,3931.8000007800083,0.513,0.4875
49917,MONTVALE AVE @ MAIN ST,80,66.0,36.6,3931.8000007800083,0.513,0.825
49918,PLEASANT ST @ ABBOTT ST,80,55.0,39.9,2281.1999990041554,0.473,0.6875
49919,PLEASANT ST @ N WARREN ST,80,38.0,39.9,2281.1999990041554,0.473,0.475
49920,PLEASANT ST @ VALLEY RD,80,35.5,42.1,767.399999959679,0.504,0.44375
49924,LEXINGTON ST @ WILLOW ST,80,8.5,42.1,767.399999959679,0.504,0.10625
49926,177 LEXINGTON ST,80,10.0,48.4,824.2999997432314,0.468,0.125
49927,LEXINGTON ST @ RUSSELL ST,80,54.0,37.2,3243.900003273691,0.48,0.675
49939,40 BURLINGTON MALL RD,153,163.9,49.5,626.3000000014554,0.471,1.0712418300653594
49943,32 THIRD AVE,40,15.0,41.0,291.89999997087676,0.453,0.375
49946,OPP 28-30 CROSBY DR,20,7.5,33.9,153.39999999460701,0.486,0.375
49948,9 CROSBY DR,20,4.5,33.9,153.39999999460701,0.486,0.225
49950,DAWES DRIVE,35,3.5,41.3,586.799999967288,0.48,0.1
49999,400 W CUMMINGS PK,60,400.0,33.4,242.79999998903483,0.492,6.666666666666667
50021,CLIPPERSHIP DR @ RIVERSIDE TO,905,647.0,64.7,5047.500001695395,0.427,0.7149171270718232
50618,WASHINGTON ST @ SAINT JOHN AV,256,97.7,37.0,771.7000000160566,0.515,0.381640625
50619,WASHINGTON ST @ EAST ST,256,268.2,42.3,1152.499999957405,0.484,1.04765625
50620,WASHINGTON ST @ ALCOTT LN,256,0.0,42.3,1152.499999957405,0.484,0.0
50881,HIGHLAND AVE @ E BORDER RD,135,68.0,42.2,121.0000000057619,0.502,0.5037037037037037
50902,MONTVALE AVE @ WASHINGTON ST,80,63.0,37.4,1072.9000001781137,0.484,0.7875
50916,MONTVALE AVE OPP PROSPECT ST,80,111.0,36.6,3931.8000007800083,0.513,1.3875
50939,BURLINGTON MALL RD @ LEXINGTO,153,382.2,49.5,626.3000000014554,0.471,2.4980392156862745
50944,23 FOURTH AVE,40,7.5,41.0,291.89999997087676,0.453,0.1875
51111,MT VERNON ST @ BAYSIDE EXPO C,349,37.2,26.0,5146.899991136546,0.478,0.10659025787965618
51187,WASHINGTON ST @ UNION AVE,320,114.0,33.8,5764.80000307456,0.467,0.35625
51317,HUNTINGTON AVE @ RUGGLES ST,685,1070.5,20.7,16656.49998945865,0.463,1.5627737226277372
51365,S HUNTINGTON AVE @ BYNNER ST,702,1397.0,33.8,11798.399975690203,0.419,1.9900284900284901
51618,1182 WASHINGTON ST @ BALCH SC,256,139.8,37.0,771.7000000160566,0.515,0.54609375
51835,LEE ST @ SEARS RD,140,11.5,41.6,805.3999999191054,0.493,0.08214285714285714
51836,INDEPENDENCE DR @ SHERMAN RD,140,141.0,35.3,3137.0000014317034,0.467,1.0071428571428571
51839,LAGRANGE ST @ ANDERER LN,5,0.0,47.9,923.9999997725538,0.463,0.0
51852,HIGHLAND AVE OPP OAKLAND AVE,117,28.1,43.9,1327.4999995772293,0.467,0.24017094017094018
51917,CLYDE ST @ WHITNEY ST,140,65.0,41.6,805.3999999191054,0.493,0.4642857142857143
51918,CLYDE ST @ COUNTRY RD,140,49.0,41.6,805.3999999191054,0.493,0.35
52618,WASHINGTON ST @ HEATON AVE,256,188.7,37.0,771.7000000160566,0.515,0.737109375
53270,MALDEN CENTER EAST BUSWAY 1,1972,21977.0,26.3,2089.9000009984084,0.551,11.144523326572008
53618,WASHINGTON ST @ DEAN ST,256,212.8,37.0,771.7000000160566,0.515,0.83125
54618,WASHINGTON ST @ LENOX ST,256,88.6,41.2,1949.000001154056,0.481,0.34609375
54651,627 SALEM ST,616,1223.2,34.5,3812.8999977610742,0.498,1.9857142857142858
55011,ALFORD ST @ MWRA PUMP STATION,880,0.0,51.0,1477.0000003745959,0.506,0.0
55012,ALFORD ST @ MBTA CHARLESTOWN,880,62.9,51.0,1477.0000003745959,0.506,0.07147727272727272
55600,FIELDS CORNER STA @ GENEVA AV,1084,1536.7,39.9,4974.60000966055,0.505,1.4176199261992621
55618,930 WASHINGTON ST OPP WALNUT,256,129.9,49.3,1496.7999992433197,0.509,0.507421875
55631,GATEWAY CENTER OPP TEXAS ROAD,223,414.6,31.5,1446.6999995942565,0.529,1.8591928251121077
55632,GATEWAY CENTER @ TARGET,218,905.4,31.5,1446.6999995942565,0.529,4.153211009174312
56170,CITY HALL AVE @ BROADWAY,1281,1120.6,33.0,10884.200069053062,0.506,0.8747853239656518
56434,CUMMINS HWY @ RUGBY RD,217,322.2,43.3,7690.0999940188985,0.454,1.4847926267281106
56459,CUMMINS HWY @ ALABAMA ST,218,237.0,44.4,3716.2999933554115,0.448,1.0871559633027523
56479,HYDE PARK AVE @ ELDRIDGE RD,937,426.0,37.4,6287.899972771113,0.447,0.45464247598719315
56495,HYDE PARK AVE OPP MT HOPE ST,945,968.1,36.7,6005.400000537643,0.441,1.0244444444444445
56500,686 AMERICAN LEGION HWY,98,151.8,38.3,2726.3000025270426,0.485,1.5489795918367348
56567,1532 HYDE PARK AVE OPP RESERV,882,233.7,39.6,1996.1999992812355,0.495,0.2649659863945578
56618,WASHINGTON ST @ EAST HOYLE ST,256,195.0,49.3,1496.7999992433197,0.509,0.76171875
56641,E EAGLE ST @ CHELSEA ST,25,2.5,31.2,6996.599997061527,0.533,0.1
56734,O'CALLAGHAN WAY OPP OSBORNE S,43,92.0,40.9,2432.9000010569216,0.459,2.13953488372093
57400,MAVERICK STATION,237,1738.0,32.3,15599.500039904195,0.531,7.333333333333333
57618,WASHINGTON ST @ NORWOOD HOSPI,256,8.4,49.3,1496.7999992433197,0.509,0.0328125
58618,WASHINGTON ST @ DAY ST,256,127.5,49.3,1496.7999992433197,0.509,0.498046875
59618,WASHINGTON ST @ COTTAGE ST,256,637.9,49.3,1496.7999992433197,0.509,2.491796875
59901,WASHINGTON ST @ MILL ST,30,5.0,37.4,1072.9000001781137,0.484,0.16666666666666666
60618,WASHINGTON ST @ RAILROAD AVE,256,160.6,41.9,1246.6999998428073,0.467,0.62734375
60620,WASHINGTON ST @ CURTIS ST,256,0.0,42.3,1152.499999957405,0.484,0.0
61187,WASHINGTON ST @ WILLIAMS ST,320,730.0,33.8,5764.80000307456,0.467,2.28125
61365,S HUNTINGTON AVE @ PERKINS ST,702,2195.8,39.7,13822.699953394807,0.471,3.127920227920228
61391,HUNTINGTON AVE @ FORSYTH WAY,672,915.7,20.7,27888.499907880392,0.482,1.3626488095238096
61618,460 WASHINGTON ST OPP GEORGE,256,73.10000000000001,41.9,1246.6999998428073,0.467,0.28554687500000003
61835,CLYDE ST OPP COUNTRY RD,140,63.0,47.9,431.9999999878524,0.487,0.45
61842,WASHINGTON ST @ RIVERWALK LN,256,203.6,41.5,875.1000001010527,0.504,0.7953125
61848,WASHINGTON ST @ MORSE ST,256,22.3,37.1,1316.3999999121847,0.487,0.087109375
61851,WASHINGTON ST @ SAINT GEORGE,256,76.9,37.1,1316.3999999121847,0.487,0.300390625
61852,HIGHLAND AVE @ MAY ST,117,38.8,43.9,1327.4999995772293,0.467,0.3316239316239316
61857,WASHINGTON ST @ GUILD ST,256,99.0,49.3,1496.7999992433197,0.509,0.38671875
61866,WASHINGTON ST @ DEDHAM PLAZA,256,388.3,45.6,1082.6000000751558,0.481,1.516796875
61867,WASHINGTON ST @ METCALF ST,256,23.4,45.6,1082.6000000751558,0.481,0.09140625
61872,WASHINGTON ST @ OAK ST,718,43.5,37.7,2765.8000007177166,0.489,0.060584958217270196
61916,LEE ST @ SEARS RD,140,9.0,41.6,805.3999999191054,0.493,0.06428571428571428
63241,37 RIVERSIDE AVE @ MEDFORD SQ,1064,2517.1,64.7,5047.500001695395,0.427,2.3656954887218045
63618,356 WASHINGTON ST,256,8.5,41.9,1246.6999998428073,0.467,0.033203125
63621,RIVER ST @ AGNES AVE,322,344.6,42.6,5381.999987948089,0.493,1.0701863354037269
64000,NUBIAN STATION,8018,85897.6,41.8,4854.40001606019,0.52,10.713095535046147
64001,HIGHLAND ST @ WARREN AVE,204,32.6,40.0,3174.3999968074604,0.515,0.15980392156862747
64171,TRUMAN HWY @ MOUNTFAIR TERR,209,44.1,40.8,3728.9000011242574,0.473,0.21100478468899522
64618,960 WASHINGTON ST OPP CARMICH,256,30.4,45.6,1082.6000000751558,0.481,0.11875
65541,WASHINGTON ST @ PROSPECT ST,90,131.5,40.0,2159.6000011141855,0.487,1.461111111111111
65542,WASHINGTON ST @ AUBURN ST,90,5.5,40.0,2159.6000011141855,0.487,0.06111111111111111
65543,WASHINGTON ST @ GREENOUGH ST,90,23.0,40.0,2159.6000011141855,0.487,0.25555555555555554
65544,WASHINGTON ST @ COMMONWEALTH,90,41.0,30.2,2850.4999983499138,0.467,0.45555555555555555
65546,COMMONWEALTH AVE OPP CHESWICK,90,30.0,30.2,2850.4999983499138,0.467,0.3333333333333333
65547,COMMONWEALTH AVE @ PAMELA CT,90,89.0,40.5,2207.6999975214994,0.48,0.9888888888888889
65618,WASHINGTON ST @ ARIADNE RD,256,886.7,45.6,1082.6000000751558,0.481,3.463671875
65741,100 S HUNTINGTON AVE,730,1022.0,33.8,11798.399975690203,0.419,1.4
66434,CUMMINS HWY @ HARMON ST,217,222.3,43.3,7690.0999940188985,0.454,1.0244239631336407
66459,CUMMINS HWY @ HEBRON ST,218,228.6,44.4,3716.2999933554115,0.448,1.048623853211009
66460,CUMMINS HWY @ LIVERMORE ST,218,360.4,44.4,3716.2999933554115,0.448,1.6532110091743117
66500,AMERICAN LEGION HWY @ WALK HI,98,67.7,42.1,159.000000006989,0.945,0.6908163265306123
66721,OXFORD ST @ WASHINGTON ST,143,69.5,39.1,9986.69998847871,0.507,0.486013986013986
66731,OXFORD ST @ MARKET ST,143,133.0,39.1,9986.69998847871,0.507,0.9300699300699301
66761,FRANKLIN ST @ N COMMON,138,437.2,33.5,10491.499994643978,0.494,3.1681159420289853
66854,EUCLID AVE @ CHASE ST,113,20.6,41.1,3024.2000024079975,0.493,0.18230088495575222
67120,MILLENNIUM PARK,150,112.0,37.8,72.50000000145,0.416,0.7466666666666667
67202,SAUGUS PLAZA SHOPPING CENTER,128,431.0,52.6,272.9999999832688,0.482,3.3671875
67618,WASHINGTON ST @ MONTAGUE RD,256,61.300000000000004,45.6,1082.6000000751558,0.481,0.23945312500000002
68618,450 WASHINGTON ST,256,50.1,45.6,1082.6000000751558,0.481,0.195703125
69618,WASHINGTON ST @ HIGH ST,256,516.3,45.6,1082.6000000751558,0.481,2.016796875
70618,272 WASHINGTON ST,314,263.1,40.5,1344.5000001617889,0.474,0.8378980891719746
70619,WASHINGTON ST @ DEAN AVE,256,13.4,42.3,1152.499999957405,0.484,0.05234375
70620,WASHINGTON ST @ LORING ST,256,7.300000000000001,42.3,1152.499999957405,0.484,0.028515625000000003
71187,WASHINGTON ST @ BURNETT ST,320,84.0,31.4,5052.699997540542,0.48,0.2625
71391,HUNTINGTON AVE @ LOUIS PRANG,787,1050.6,20.8,11167.80000632842,0.64,1.3349428208386276
71618,38 WASHINGTON ST OPP SUMNER S,718,171.7,44.8,1025.5999997050299,0.477,0.23913649025069636
71835,CLYDE ST OPP WHITNEY ST,140,76.0,47.9,431.9999999878524,0.487,0.5428571428571428
71852,CHESTNUT ST @ GREAT PLAIN AVE,117,177.8,45.6,1677.6000009547422,0.48,1.5196581196581198
71855,STUART ST @ DARTMOUTH ST,317,2652.1,59.9,11562.000044543094,0.448,8.366246056782334
71916,LEE ST OPP WARREN ST,140,26.0,41.6,805.3999999191054,0.493,0.18571428571428572
73618,WASHINGTON ST @ EAST ST,256,77.7,40.8,1016.6999996759727,0.496,0.303515625
73619,205 WASHINGTON ST @ EAST WALP,256,155.8,40.8,1016.6999996759727,0.496,0.60859375
74611,SOUTH STATION SILVER LINE,2507,41621.3,43.4,2413.200002279796,0.537,16.602034303948944
74612,COURTHOUSE OUTBOUND,2506,16060.5,34.2,6104.199992786006,0.497,6.408818834796488
74613,WORLD TRADE CENTER,2507,9949.6,31.5,3771.9999985032546,0.509,3.9687275628240926
74614,SILVER LINE WAY BEFORE MANULI,2880,8474.0,31.5,3771.9999985032546,0.509,2.942361111111111
74615,WORLD TRADE CENTER,2506,7225.8,31.5,3771.9999985032546,0.509,2.8833998403830807
74616,COURTHOUSE INBOUND,2506,15036.2,34.2,6104.199992786006,0.497,6.000079808459697
74617,SOUTH STATION SILVER LINE,2506,42429.0,43.4,2413.200002279796,0.537,16.93096568236233
74624,SILVER LINE WAY AFTER MANULIF,2179,6687.5,31.5,3771.9999985032546,0.509,3.0690683799908216
74981,BEAVER ST @ LINDEN ST,30,4.5,45.2,1318.0999996989005,0.493,0.15
75467,HYDE PARK AVE @ GLENWOOD AVE,882,689.0,39.6,1996.1999992812355,0.495,0.7811791383219955
75618,WASHINGTON ST @ WASHINGTON GR,179,0.0,40.8,1016.6999996759727,0.496,0.0
75731,CENTRAL ST @ PROSPECT ST,99,0.0,48.2,1099.09999984365,0.463,0.0
75791,WARREN ST @ WEBSTER RD,30,6.5,42.2,2511.200001526528,0.486,0.21666666666666667
76031,SOUTH ST OPP SHAKESPEARE RD,110,17.5,25.7,1229.3999996064888,0.47,0.1590909090909091
76051,64 SOUTH ST,110,20.5,35.3,4490.100014058242,0.499,0.18636363636363637
76052,SOUTH ST @ RUSSELL ST,110,59.5,32.4,6023.800004997736,0.518,0.5409090909090909
76171,RIVER ST OPP WILLIAMS ST,140,2.5,41.9,3003.7999995226296,0.473,0.017857142857142856
76251,WASHINGTON ST OPP ARMORY ST,140,55.5,45.9,2646.9999998216686,0.485,0.3964285714285714
76378,RIVER ST @ WEBSTER ST,322,297.6,38.1,4824.800008546788,0.479,0.9242236024844721
76431,WASHINGTON ST OPP CRAFTS ST,185,84.5,35.8,2365.8000010504347,0.48,0.45675675675675675
76434,CUMMINS HWY @ BISMARK ST,217,411.3,43.3,7690.0999940188985,0.454,1.8953917050691245
76459,CUMMINS HWY @ HARVARD ST,218,267.1,43.3,2557.099995902999,0.409,1.2252293577981652
76479,HYDE PARK AVE @ WALK HILL ST,937,276.7,33.3,6091.099991258984,0.471,0.29530416221985056
76495,515 HYDE PARK AVE,945,348.4,36.7,6005.400000537643,0.441,0.36867724867724866
76500,AMERICAN LEGION HWY @ KINGBIR,98,134.4,20.4,1337.2999997132392,0.412,1.3714285714285714
76561,RIVER ST @ WILLIAM ST,140,6.5,41.3,1863.0000003515834,0.481,0.04642857142857143
76592,MOODY ST @ UNDERWOOD PK,230,71.0,35.4,6541.200015380254,0.521,0.30869565217391304
76593,MOODY ST @ WASHINGTON AVE,230,166.0,32.8,2818.7000009800654,0.526,0.7217391304347827
76594,MOODY ST @ ASH ST,230,245.0,33.8,7897.6999843884205,0.513,1.065217391304348
76597,MOODY ST @ PINE ST,300,130.0,34.9,6259.599982595666,0.494,0.43333333333333335
76618,WASHINGTON ST @ SHORT ST,179,42.3,40.8,1016.6999996759727,0.496,0.23631284916201115
76734,O'CALLAGHAN WAY @ WALNUT ST,18,1.5,40.9,2432.9000010569216,0.459,0.08333333333333333
77051,BELMONT ST @ DUFF ST,30,5.0,40.5,4222.600000285276,0.469,0.16666666666666666
77053,LEXINGTON ST @ SYCAMORE ST,30,1.0,39.5,5311.999997830453,0.457,0.03333333333333333
77110,BELMONT ST OPP DUFF ST,30,8.0,40.5,4222.600000285276,0.469,0.26666666666666666
77152,LEXINGTON ST @ BEECH ST,30,4.0,39.5,5311.999997830453,0.457,0.13333333333333333
77241,184 HAMMOND ST,45,1.0,38.9,4033.5999953997807,0.482,0.022222222222222223
77242,HAMMOND ST @ PLYMPTON ST,45,7.5,38.9,4033.5999953997807,0.482,0.16666666666666666
77243,HAMMOND ST @ LAWRENCE ST,45,2.5,38.9,4033.5999953997807,0.482,0.05555555555555555
77244,HAMMOND ST @ COLUMBUS AVE,45,2.5,34.3,5104.500003603649,0.522,0.05555555555555555
77245,36 HAMMOND ST,45,7.5,34.3,5104.500003603649,0.522,0.16666666666666666
77375,HIGH ST @ BEECH ST,45,21.5,34.1,7061.999983977541,0.561,0.4777777777777778
77376,HIGH ST @ NEWTON ST,45,17.0,37.0,5410.799992460556,0.47,0.37777777777777777
77377,HIGH ST @ PARMENTER RD,45,12.5,37.0,5410.799992460556,0.47,0.2777777777777778
77378,HIGH ST @ HOVEY RD,45,19.0,34.1,2498.3000012456673,0.516,0.4222222222222222
77379,HIGH ST @ HAMBLIN RD,45,11.5,34.1,2498.3000012456673,0.516,0.25555555555555554
77521,HIGH ST @ CEDAR ST,35,10.5,34.1,2498.3000012456673,0.516,0.3
77541,HIGH ST @ GARDNER ST,35,5.0,31.4,6788.500011701298,0.531,0.14285714285714285
77551,HIGH ST @ MOODY ST,35,14.0,34.1,7061.999983977541,0.561,0.4
77618,WASHINGTON ST @ LAFAYETTE DR,179,9.9,42.1,958.6000000445937,0.49,0.055307262569832406
77777,MELNEA CASS BLVD @ WASHINGTON,150,66.5,36.1,10164.60001451321,0.415,0.44333333333333336
78071,541 PLEASANT ST,30,0.5,36.6,2208.9000001159943,0.479,0.016666666666666666
78073,PLEASANT ST @ REPTON PL,30,8.0,34.5,2841.1000006621407,0.495,0.26666666666666666
78121,RIVER ST @ JACKSON ST,30,2.5,35.1,6027.40000830953,0.503,0.08333333333333333
78141,CRESCENT ST OPP CHERRY ST,30,17.0,34.1,7061.999983977541,0.561,0.5666666666666667
78201,LEXINGTON ST @ RUMFORD AVE,120,61.5,41.3,1863.0000003515834,0.481,0.5125
78203,181 LEXINGTON ST,120,34.5,41.3,1863.0000003515834,0.481,0.2875
78204,LEXINGTON ST @ ORRIS ST,120,29.0,41.3,1863.0000003515834,0.481,0.24166666666666667
78205,LEXINGTON ST @ FREEMAN ST,120,30.0,41.3,1863.0000003515834,0.481,0.25
78211,COMMONWEALTH AVE OPP PAMELA C,90,84.0,40.5,2207.6999975214994,0.48,0.9333333333333333
78212,COMMONWEALTH AVE @ AUBURN ST,90,35.5,30.2,2850.4999983499138,0.467,0.39444444444444443
78213,COMMONWEALTH AVE @ CHESWICK R,90,34.5,30.2,2850.4999983499138,0.467,0.38333333333333336
78215,WASHINGTON ST @ COMMONWEALTH,90,45.0,30.2,2850.4999983499138,0.467,0.5
78216,1600 WASHINGTON ST,90,19.0,30.2,2850.4999983499138,0.467,0.2111111111111111
78218,WASHINGTON ST @ AUBURN ST,90,44.0,40.0,2159.6000011141855,0.487,0.4888888888888889
78219,WASHINGTON ST @ PROSPECT ST,90,55.5,40.0,2159.6000011141855,0.487,0.6166666666666667
78471,RIVER ST @ JACKSON ST,35,6.0,35.1,6027.40000830953,0.503,0.17142857142857143
78511,RIVER ST @ WILLOW ST,35,14.0,34.5,2841.1000006621407,0.495,0.4
78512,PLEASANT ST OPP REPTON PL,35,6.0,34.5,2841.1000006621407,0.495,0.17142857142857143
78513,PLEASANT ST @ PARAMOUNT PL,35,2.0,36.6,2208.9000001159943,0.479,0.05714285714285714
78531,PLEASANT ST @ BRIDGE ST,35,15.5,36.6,2208.9000001159943,0.479,0.44285714285714284
78571,ADAMS ST @ QUIRK ST,35,7.0,37.1,4506.600001616753,0.473,0.2
78573,ADAMS ST @ WASHINGTON ST,35,6.0,36.4,3582.00000562238,0.479,0.17142857142857143
78600,135 BEAVER ST,30,32.5,45.2,1318.0999996989005,0.493,1.0833333333333333
78632,OPP 135 BEAVER ST,30,33.0,45.2,1318.0999996989005,0.493,1.1
78741,WORTHEN RD @ HAYDEN REC CTR,112,22.2,46.2,952.1000002174707,0.486,0.1982142857142857
78742,MASSACHUSETTS AVE @ FOREST ST,50,55.0,47.7,1242.7000004832723,0.494,1.1
78981,HARTWELL AVE @ WESTVIEW ST,62,64.5,44.2,707.1999999041491,0.484,1.0403225806451613
78982,HARTWELL AVE @ BIKEWAY,62,12.4,41.7,231.8999999896642,0.475,0.2
78987,HARTWELL AVE @ BIKEWAY,62,8.2,41.7,231.8999999896642,0.475,0.132258064516129
78988,HARTWELL AVE OPP WESTVIEW ST,62,57.2,44.2,707.1999999041491,0.484,0.9225806451612903
79618,625 WASHINGTON ST,179,86.9,42.1,958.6000000445937,0.49,0.48547486033519555
79642,SUMMER ST @ FOREST ST,120,33.5,36.0,3371.8000001979985,0.47,0.2791666666666667
80619,WASHINGTON ST @ WALDO WAY,256,0.0,42.3,1152.499999957405,0.484,0.0
80620,14 WASHINGTON ST OPP GAY ST,256,0.0,45.6,1082.6000000751558,0.481,0.0
81317,360 HUNTINGTON AVE,685,2300.0,20.7,16656.49998945865,0.463,3.3576642335766422
81437,CHAPEL ST @ GREAT PLAIN AVE,122,136.2,43.9,1327.4999995772293,0.467,1.1163934426229507
81438,HIGHLAND AVE @ OAKLAND AVE,122,28.9,43.9,1327.4999995772293,0.467,0.23688524590163934
81439,HIGHLAND AVE @ ROSEMARY ST,122,90.9,43.9,1327.4999995772293,0.467,0.7450819672131148
81440,HIGHLAND AVE @ DANA PL,122,10.7,43.9,1327.4999995772293,0.467,0.08770491803278688
81441,HIGHLAND AVE @ MARK LEE RD,122,140.7,48.9,2476.599998865136,0.457,1.15327868852459
81442,HILLSIDE AVE @ HUNNEWELL ST,122,59.4,40.8,1271.0999998164546,0.491,0.48688524590163934
81443,HILLSIDE AVE @ AVERY ST,122,10.0,40.8,1271.0999998164546,0.491,0.08196721311475409
81444,WEBSTER ST @ HILLSIDE AVE,122,56.2,40.8,1271.0999998164546,0.491,0.4606557377049181
81445,WEBSTER ST @ CENTRAL AVE,122,40.4,40.8,1271.0999998164546,0.491,0.33114754098360655
81446,CENTRAL AVE @ NOANETTE RD,122,14.5,43.5,1262.4000002776804,0.48,0.11885245901639344
81447,CENTRAL AVE @ GOULD ST,122,38.5,43.5,1262.4000002776804,0.48,0.3155737704918033
81448,CENTRAL AVE @ HAMPTON AVE,122,51.7,43.5,1262.4000002776804,0.48,0.4237704918032787
81449,CENTRAL AVE @ RESERVOIR ST,122,28.4,43.5,1262.4000002776804,0.48,0.23278688524590163
81451,CHESTNUT ST @ PENNSYLVANIA AV,122,38.2,39.8,2187.2000020681794,0.49,0.3131147540983607
81463,OAK ST @ CHESTNUT ST,112,58.0,39.8,2187.2000020681794,0.49,0.5178571428571429
81464,173 OAK ST,112,170.7,43.1,1775.800000341258,0.474,1.5241071428571427
81561,WALNUT ST @ BERWICK RD,122,14.3,46.1,1797.7000001738047,0.482,0.11721311475409836
81562,WALNUT ST @ BEACON ST,122,102.5,43.1,1574.4000012056945,0.481,0.8401639344262295
81618,EAST ST @ KENDALL ST,179,3.0,42.1,958.6000000445937,0.49,0.01675977653631285
81651,WALNUT ST @ WASHINGTON PK,122,24.2,42.0,2650.499999783006,0.467,0.19836065573770492
81681,WALNUT ST @ WATERTOWN ST,157,152.8,35.8,2365.8000010504347,0.48,0.9732484076433122
81682,WALNUT ST @ LINWOOD AVE,35,1.0,43.6,2610.8999987905636,0.476,0.02857142857142857
81683,CRAFTS ST @ CALIFORNIA ST,35,3.0,43.6,2610.8999987905636,0.476,0.08571428571428572
81685,CRAFTS ST @ ALBEMARLE RD,35,7.0,42.9,2322.500001698914,0.499,0.2
81686,CRAFTS ST @ HARDING ST,35,17.0,43.4,2874.2999972168363,0.479,0.4857142857142857
81687,WALTHAM ST @ LODGE RD,35,7.0,40.0,3845.2000043582084,0.479,0.2
81688,WALTHAM ST @ HAZELHURST AVE,35,1.5,40.0,3845.2000043582084,0.479,0.04285714285714286
81835,GROVE ST OPP ALLANDALE RD,140,44.0,42.8,1697.4999996042598,0.473,0.3142857142857143
81852,CHESTNUT ST @ OAK ST,117,133.1,45.6,1677.6000009547422,0.48,1.1376068376068376
81916,LEE ST @ BOYLSTON ST,140,7.5,41.6,805.3999999191054,0.493,0.05357142857142857
81917,CHESTNUT HILL AVE @ CHANNING,140,72.0,41.2,2256.0999989746415,0.482,0.5142857142857142
82011,WALNUT ST @ FISHER AVE,117,18.7,46.1,1797.7000001738047,0.482,0.15982905982905982
82030,NEEDHAM ST @ EASY ST,107,48.6,43.1,1775.800000341258,0.474,0.4542056074766355
82031,NEEDHAM ST @ JACONETT RD,107,157.0,43.1,1775.800000341258,0.474,1.4672897196261683
82032,NEEDHAM ST OPP CHARLEMONT ST,107,133.5,43.1,1775.800000341258,0.474,1.2476635514018692
82033,156 OAK ST,107,98.2,43.1,1775.800000341258,0.474,0.9177570093457944
82039,NEEDHAM ST OPP COLUMBIA AVE,107,95.1,43.1,1775.800000341258,0.474,0.888785046728972
82047,NEEDHAM ST @ CHARLEMONT ST,112,167.1,43.1,1775.800000341258,0.474,1.4919642857142856
82048,NEEDHAM ST @ JACONNET ST,112,147.2,43.1,1775.800000341258,0.474,1.3142857142857143
82049,NEEDHAM ST @ COLUMBIA AVE,112,106.1,43.1,1775.800000341258,0.474,0.9473214285714285
82050,NEEDHAM ST OPP EASY ST,112,47.5,43.1,1775.800000341258,0.474,0.42410714285714285
82130,CENTRAL AVE @ PARKLAND RD,117,8.5,43.5,1262.4000002776804,0.48,0.07264957264957266
82131,CHESTNUT ST @ PENNSYLVANIA AV,117,17.8,39.8,2187.2000020681794,0.49,0.15213675213675215
82132,CHESTNUT ST @ ELLIOT ST,117,93.4,39.8,2187.2000020681794,0.49,0.7982905982905983
82133,CENTRAL AVE @ RESERVOIR ST,117,30.7,43.5,1262.4000002776804,0.48,0.2623931623931624
82134,CENTRAL AVE @ SAINT MARY ST,117,74.4,43.5,1262.4000002776804,0.48,0.635897435897436
82135,CENTRAL AVE @ GOULD ST,117,42.0,43.5,1262.4000002776804,0.48,0.358974358974359
82136,WEBSTER ST @ CENTRAL AVE,117,34.4,40.8,1271.0999998164546,0.491,0.294017094017094
82137,WEBSTER ST @ HILLSIDE AVE,117,60.3,40.8,1271.0999998164546,0.491,0.5153846153846153
82138,HILLSIDE AVE @ AVERY ST,117,12.4,40.8,1271.0999998164546,0.491,0.10598290598290598
82139,HILLSIDE AVE @ HUNNEWELL ST,117,45.7,40.8,1271.0999998164546,0.491,0.3905982905982906
82140,HIGHLAND AVE @ AVERY SQ,117,154.6,48.9,2476.599998865136,0.457,1.3213675213675213
82437,HIGHLAND AVE @ MAY ST,122,27.1,43.9,1327.4999995772293,0.467,0.22213114754098362
82471,RUSSELL ST @ CAMBRIDGE ST,85,63.5,49.4,978.0000000725091,0.474,0.7470588235294118
82618,EAST ST @ PENNINGTON DR,179,7.0,50.2,748.3999999577825,0.467,0.03910614525139665
82851,WALNUT ST @ PAGE RD,162,48.3,35.8,2365.8000010504347,0.48,0.2981481481481481
82853,WALNUT ST @ AUSTIN ST,117,290.5,42.0,2650.499999783006,0.467,2.482905982905983
83032,NEEDHAM ST @ OAK ST,107,176.9,43.1,1775.800000341258,0.474,1.6532710280373832
83111,FELLSWAY W @ FELLS AVE,261,84.4,38.7,3749.4000013488067,0.502,0.3233716475095786
83618,EAST ST @ HARTSHORN AVE,179,28.3,50.2,748.3999999577825,0.467,0.15810055865921788
84618,EAST ST @ SCHOOL ST,179,29.8,42.1,958.6000000445937,0.49,0.1664804469273743
84741,FREDETTE RD @ SPIERS RD,65,6.0,45.0,2284.2999987399508,0.486,0.09230769230769231
84791,SAWMILL BROOK PKWY @ WALSH RD,65,24.0,52.9,498.69999995066513,0.449,0.36923076923076925
84885,WINCHESTER ST @ CENTRE ST,112,26.3,43.1,1775.800000341258,0.474,0.23482142857142857
84921,WHEELER RD @ MEADOWBROOK RD,65,115.0,48.0,1152.700000103729,0.499,1.7692307692307692
85231,MIT LINCOLN LABORATORY,100,270.5,41.7,231.8999999896642,0.475,2.705
85284,WINCHESTER ST @ CENTRE ST,107,30.6,43.1,1775.800000341258,0.474,0.28598130841121494
85371,WHEELER RD @ MEADOWBROOK RD,65,126.0,48.0,1152.700000103729,0.499,1.9384615384615385
85511,SAWMILL BROOK PKWY @ SPIERS R,65,9.0,45.0,2284.2999987399508,0.486,0.13846153846153847
85551,FREDETTE RD @ SPIERS RD,65,1.5,45.0,2284.2999987399508,0.486,0.023076923076923078
85562,BAKER ST @ VFW PKWY,65,1.0,47.9,923.9999997725538,0.463,0.015384615384615385
85563,BAKER ST @ VFW PKWY,65,7.0,45.0,2772.3000032953664,0.477,0.1076923076923077
85564,BAKER ST @ CAPITAL ST,65,19.0,44.4,3848.900000571761,0.466,0.2923076923076923
85565,BAKER ST OPP VARICK RD,65,11.5,45.0,2772.3000032953664,0.477,0.17692307692307693
85566,BAKER ST @ AMESBURY ST,65,2.0,45.0,2772.3000032953664,0.477,0.03076923076923077
85567,BAKER ST @ CUTTER RD,65,0.0,45.0,2772.3000032953664,0.477,0.0
85568,BAKER ST @ DUNWELL ST,65,111.0,46.3,1998.6999992348135,0.5,1.7076923076923076
85569,BAKER ST @ WYCLIFF AVE,65,33.5,46.3,1998.6999992348135,0.5,0.5153846153846153
85618,935 EAST ST,179,81.1,40.9,972.899999777847,0.484,0.453072625698324
86114,WOOD ST @ PATTERSON RD,106,3.1,41.7,231.8999999896642,0.475,0.029245283018867925
86121,WOOD ST @ CONESTOGA RD,112,1.2000000000000002,41.7,231.8999999896642,0.475,0.010714285714285716
86122,WOOD ST @ BATES RD,112,41.7,41.7,231.8999999896642,0.475,0.3723214285714286
86242,WOOD ST OPP PATTERSON RD,112,5.2,41.7,231.8999999896642,0.475,0.04642857142857143
86261,MARRETT RD @ FORBES RD,112,86.8,43.1,377.50000005822625,0.498,0.775
86434,CUMMINS HWY @ ROSEWOOD ST,217,261.5,40.4,4968.000010775951,0.462,1.205069124423963
86458,CUMMINS HWY @ CALVARY CEMETER,218,342.8,46.4,2367.69999840263,0.446,1.5724770642201835
86459,CUMMINS HWY OPP PLEASANTVIEW,218,51.1,46.4,2367.69999840263,0.446,0.23440366972477064
86500,AMERICAN LEGION HWY @ FRANKLI,98,167.4,20.4,1337.2999997132392,0.412,1.7081632653061225
86618,MAIN ST @ GLENWOOD AVE,179,432.6,40.9,972.899999777847,0.484,2.416759776536313
86734,WALNUT ST OPP STERLING ST,18,1.8,40.3,2874.5000039891443,0.492,0.1
86915,LEXINGTON ST OPP STEARNS HILL,103,236.6,31.1,4014.5999987384407,0.51,2.297087378640777
86929,STOW ST @ TAVERN RD,45,9.5,39.1,1686.100000254503,0.489,0.2111111111111111
86930,MAIN ST @ STOW ST,45,17.5,40.7,161.29999998378293,0.474,0.3888888888888889
86932,MAIN ST @ SHERIDAN RD,297,105.3,39.1,1686.100000254503,0.489,0.35454545454545455
86933,1164 MAIN ST @ PHILIPS TER,297,59.6,39.1,1686.100000254503,0.489,0.20067340067340067
86935,MAIN ST @ EVERETT ST,297,122.2,39.1,1686.100000254503,0.489,0.41144781144781145
86936,MAIN ST OPP PROSPECT HILL RD,297,133.3,34.3,5104.500003603649,0.522,0.44882154882154884
86937,MAIN ST @ WESTON ST,297,180.8,34.3,5104.500003603649,0.522,0.6087542087542088
86939,MAIN ST @ PROSPECT ST,407,421.5,32.4,6023.800004997736,0.518,1.0356265356265357
86940,MAIN ST @ HARVARD ST,452,651.0,35.0,6576.60001321662,0.515,1.4402654867256637
86943,MOODY ST @ MAIN ST,623,1090.7,40.1,5242.800001858208,0.496,1.7507223113964687
86944,CARTER ST @ WALTHAM COMM RAIL,1049,4835.2,40.1,5242.800001858208,0.496,4.6093422306959
86945,MAIN ST @ APPLETON ST,465,299.9,38.6,4649.4000125725715,0.51,0.6449462365591397
86964,MOODY ST @ ASH ST,230,179.0,33.8,7897.6999843884205,0.513,0.7782608695652173
86965,MOODY ST @ ORANGE ST,230,224.0,33.6,9044.70001146616,0.546,0.9739130434782609
86967,MOODY ST OPP UNDERWOOD PK,230,106.0,35.4,6541.200015380254,0.521,0.4608695652173913
86968,LEXINGTON ST @ WHITLOWE RD,230,33.5,41.9,3003.7999995226296,0.473,0.14565217391304347
86971,MOODY ST @ CARTER ST,300,250.0,34.9,6259.599982595666,0.494,0.8333333333333334
88171,MAIN ST OPP GREEN ST,465,286.0,39.1,7296.0999898233995,0.496,0.6150537634408603
88332,MAIN ST @ LIBERTY ST,465,423.2,38.6,4649.4000125725715,0.51,0.9101075268817204
88333,CARTER ST OPP COMMUTER RAIL S,692,1625.2,40.1,5242.800001858208,0.496,2.3485549132947976
88334,691 MAIN ST,510,333.6,38.6,4649.4000125725715,0.51,0.6541176470588236
88335,MAIN ST @ EXCHANGE ST,510,540.7,40.1,5242.800001858208,0.496,1.0601960784313726
88336,MAIN ST @ BACON ST,407,539.7,35.0,6576.60001321662,0.515,1.3260442260442262
88337,MAIN ST @ HAMMOND ST,407,437.6,32.4,6023.800004997736,0.518,1.0751842751842753
88339,SOUTH ST @ WESTON ST,110,62.0,32.4,6023.800004997736,0.518,0.5636363636363636
88340,SOUTH ST @ BEDFORD ST,110,50.0,30.4,4276.399997882619,0.518,0.45454545454545453
88341,HOPE AVE @ BOSTON CHILDREN'S,110,45.0,25.7,1229.3999996064888,0.47,0.4090909090909091
88342,SOUTH ST @ SHAKESPEARE RD,110,26.5,25.7,1229.3999996064888,0.47,0.2409090909090909
88344,SOUTH ST @ BRANDEIS UNIVERSIT,110,89.5,19.9,3950.900003081634,0.381,0.8136363636363636
88345,SOUTH ST @ TURNER ST,110,132.0,34.5,1515.299999621796,0.486,1.2
88346,SUNNYSIDE ST @ SOUTH ST,110,116.0,34.5,1515.299999621796,0.486,1.0545454545454545
88591,VETERANS MEMORIAL SENIOR CENT,10,11.5,45.1,1097.7000001116976,0.457,1.15
88618,WASHINGTON ST @ POLLEY LN,179,31.4,42.1,958.6000000445937,0.49,0.1754189944134078
89339,59 SOUTH ST,110,10.0,32.4,6023.800004997736,0.518,0.09090909090909091
89606,TOTTEN POND RD @ POND END RD,103,22.1,45.3,1023.4000001865782,0.505,0.2145631067961165
89609,TOTTEN POND RD @ WINTER ST,103,31.5,45.3,1023.4000001865782,0.505,0.3058252427184466
89610,TOTTEN POND RD @ THIRD AVE,103,324.5,45.5,412.29999997432554,0.493,3.150485436893204
89612,175 WYMAN ST,103,52.3,45.5,412.29999997432554,0.493,0.5077669902912622
89613,OPP 404 WYMAN ST,103,34.5,45.5,412.29999997432554,0.493,0.33495145631067963
89617,238 WASHINGTON ST OPP MAY ST,256,102.0,40.8,1016.6999996759727,0.496,0.3984375
89618,WASHINGTON ST @ PILGRIM WAY,179,9.9,42.1,958.6000000445937,0.49,0.055307262569832406
89619,WASHINGTON ST OPP WASHINGTON,179,6.5,40.8,1016.6999996759727,0.496,0.036312849162011177
90311,DORCHESTER AVE @ MELVINSIDE T,53,18.9,33.1,6656.5000067235815,0.509,0.35660377358490564
90620,WASHINGTON ST @ SCHOOL ST,256,265.0,42.3,1152.499999957405,0.484,1.03515625
90621,WASHINGTON ST @ MARSHALL ST,256,319.9,42.3,1152.499999957405,0.484,1.249609375
91317,HUNTINGTON AVE @ GAINSBOROUGH,685,1825.5,20.7,16656.49998945865,0.463,2.664963503649635
91391,HUNTINGTON AVE @ LONGWOOD AVE,817,3888.5,20.8,11167.80000632842,0.64,4.7594859241126075
91618,624 WASHINGTON ST OPP BIRD MI,179,49.1,42.1,958.6000000445937,0.49,0.27430167597765365
91835,NEWTON ST @ GROVE ST,140,24.0,47.9,431.9999999878524,0.487,0.17142857142857143
91852,NEEDHAM JUNCTION @ COMMUTER R,239,499.4,45.6,1677.6000009547422,0.48,2.0895397489539747
91916,CHESTNUT HILL AVE OPP ACKERS,140,8.0,41.2,2256.0999989746415,0.482,0.05714285714285714
92391,677 HUNTINGTON AVE,702,1675.6,30.8,1985.800000783449,0.401,2.3868945868945866
93130,HOLLIS AVE @ NEWBURY AVE,15,88.0,38.9,5305.499995980101,0.526,5.866666666666666
93618,710 EAST ST OPP KENDALL ST,179,5.4,50.2,748.3999999577825,0.467,0.03016759776536313
94320,NEPTUNE BLVD @ BLOSSOM ST,148,306.5,31.7,8125.400017035703,0.474,2.070945945945946
94321,NEPTUNE BLVD @ BLOSSOM ST,67,40.1,31.7,8125.400017035703,0.474,0.5985074626865672
94323,TREMONT ST OPP ST MARY'S HIGH,81,2.9,62.4,1695.3999993021832,0.453,0.03580246913580247
94325,NEPTUNE BLVD @ COMMERCIAL ST,52,55.8,40.9,7420.100006395555,0.446,1.073076923076923
94618,EAST ST @ EASTOVER RD,179,8.4,50.2,748.3999999577825,0.467,0.04692737430167598
95618,EAST ST @ DIAMOND ST,179,24.8,40.9,972.899999777847,0.484,0.13854748603351955
96434,CUMMINS HWY @ RIVER ST,217,1152.1,42.2,5914.699988672474,0.457,5.309216589861751
96459,CUMMINS HWY @ AMERICAN LEGION,218,367.2,36.7,6005.400000537643,0.441,1.6844036697247706
96500,AMERICAN LEGION HWY @ CANTERB,98,248.9,38.3,2726.3000025270426,0.485,2.539795918367347
96618,EAST ST @ SCHOOL ST,179,7.9,40.9,972.899999777847,0.484,0.044134078212290505
96734,WALNUT ST OPP JEFFERSON AVE,18,0.0,47.0,435.40000000058,0.496,0.0
96735,WALNUT ST OPP EDISON ST,18,0.0,45.7,1788.3000006169377,0.49,0.0
97618,EAST ST @ MAIN ST,179,36.2,40.9,972.899999777847,0.484,0.2022346368715084
98618,MAIN ST @ STONE ST,179,358.4,40.9,972.899999777847,0.484,2.002234636871508
99832,245 WASHINGTON ST,318,231.2,40.5,1344.5000001617889,0.474,0.7270440251572327
99991,SOUTH ST @ BARDWELL ST,823,1073.0,35.0,8792.099961218899,0.455,1.3037667071688943
109802,SARATOGA ST @ TERAGRAM ST,524,153.8,19.0,3.30000000033,0.5,0.2935114503816794
109804,MAIN ST @ PLEASANT ST,524,456.9,38.5,3832.400002687239,0.476,0.8719465648854962
109805,MAIN ST @ BEAL ST,524,971.3,38.5,3832.400002687239,0.476,1.8536259541984732
109807,HERMON ST @ LINCOLN ST,205,154.5,38.5,3832.400002687239,0.476,0.7536585365853659
109809,PAULINE ST OPP WOODSIDE AVE,205,555.5,49.0,2845.900001953229,0.459,2.709756097560976
109810,PAULINE ST @ PLEASANT ST,205,102.7,40.9,4740.500009294536,0.484,0.5009756097560976
109811,PLEASANT ST @ SOMERSET AVE,205,123.9,39.9,5184.600009770977,0.505,0.604390243902439
109812,PLEASANT ST @ BARTLETT RD,205,95.9,40.9,4740.500009294536,0.484,0.4678048780487805
109814,PLEASANT ST @ SUNNYSIDE AVE,205,67.1,49.5,3476.1999955423335,0.438,0.32731707317073166
109815,PLEASANT ST @ SEAVIEW AVE,205,29.4,49.5,3476.1999955423335,0.438,0.14341463414634145
109816,PLEASANT ST @ WINTHROP ST,205,66.8,39.2,5624.300015160942,0.502,0.3258536585365854
109817,WASHINGTON AVE OPP WILLOW AVE,205,62.2,40.8,2123.900001929697,0.471,0.30341463414634146
109818,WASHINGTON AVE OPP LEWIS AVE,205,29.9,40.8,2123.900001929697,0.471,0.14585365853658536
109819,WASHINGTON AVE OPP RIVER RD,205,33.8,40.8,2123.900001929697,0.471,0.16487804878048778
109820,WASHINGTON AVE OPP VETERANS R,39,142.7,39.0,7082.199986821643,0.485,3.658974358974359
109821,VETERANS RD @ WASHINGTON AVE,546,1268.6,40.8,2123.900001929697,0.471,2.323443223443223
109822,VETERANS RD @ CUTLER ST,380,437.4,40.8,2123.900001929697,0.471,1.1510526315789473
109823,VETERANS RD @ LEVY BRAMSON WA,216,261.4,40.8,2123.900001929697,0.471,1.210185185185185
109824,VETERANS RD OPP SEAFOAM AVE,216,250.7,40.8,2123.900001929697,0.471,1.160648148148148
109825,VETERANS RD @ HADASSAH WAY,216,135.6,40.8,2123.900001929697,0.471,0.6277777777777778
109826,VETERANS RD @ SHIRLEY ST,216,103.5,40.8,2123.900001929697,0.471,0.4791666666666667
109827,VETERANS RD @ LOCUST ST,216,157.2,48.2,6080.699997220617,0.518,0.7277777777777777
109828,CREST AVE @ GROVERS AVE,216,213.1,48.2,6080.699997220617,0.518,0.986574074074074
109829,CREST AVE @ HIGHLAND AVE,216,232.2,48.2,6080.699997220617,0.518,1.075
109830,REVERE ST OPP SUMMIT AVE,216,243.5,58.4,1835.1999984666736,0.44,1.1273148148148149
109831,REVERE ST @ GOVERNORS DR,216,879.7,39.6,9363.899982004763,0.502,4.072685185185185
109832,REVERE ST @ WINTHROP ST,216,388.2,39.6,9363.899982004763,0.502,1.7972222222222223
109834,MAIN ST @ DOUGLAS ST,541,30.9,44.8,5514.6000040868,0.462,0.05711645101663586
109835,MAIN ST @ FAIRVIEW ST,541,836.7,38.5,3832.400002687239,0.476,1.5465804066543438
109836,MAIN ST @ PLEASANT ST,541,407.1,38.5,3832.400002687239,0.476,0.7524953789279113
109838,SARATOGA ST OPP TERAGRAM ST,541,107.1,19.0,3.30000000033,0.5,0.19796672828096118
109841,SHIRLEY ST OPP MOORE ST,197,99.8,39.0,7082.199986821643,0.485,0.5065989847715736
109842,SHIRLEY ST OPP CRYSTAL COVE A,197,81.3,44.0,3112.099992446715,0.513,0.41269035532994924
109844,SHIRLEY ST @ PONTOS ST,197,7.9,44.0,3112.099992446715,0.513,0.0401015228426396
109845,SHIRLEY ST @ PETREL ST,197,0.0,44.0,3112.099992446715,0.513,0.0
109846,SHIRLEY ST OPP YIRRELL BEACH,197,1.5,44.0,3112.099992446715,0.513,0.007614213197969543
109848,SHIRLEY ST @ BAY VIEW AVE,197,107.4,44.8,3179.800005193222,0.495,0.5451776649746193
109849,TAFTS AVE @ OTIS ST,197,45.4,44.8,3179.800005193222,0.495,0.23045685279187816
109853,DEER ISLAND MWRA GATE,401,265.5,44.8,3179.800005193222,0.495,0.6620947630922693
109857,TAFTS AVE @ OTIS ST,204,8.3,44.8,3179.800005193222,0.495,0.04068627450980392
109858,SHIRLEY ST @ BAY VIEW AVE,204,138.9,44.8,3179.800005193222,0.495,0.6808823529411765
109860,SHIRLEY ST @ YIRRELL BEACH,204,2.0,44.0,3112.099992446715,0.513,0.00980392156862745
109861,SHIRLEY ST @ PETREL ST,204,0.0,44.0,3112.099992446715,0.513,0.0
109862,SHIRLEY ST OPP PONTOS ST,204,15.0,44.0,3112.099992446715,0.513,0.07352941176470588
109864,SHIRLEY ST @ CRYSTAL COVE AVE,204,62.2,44.0,3112.099992446715,0.513,0.30490196078431375
109865,SHIRLEY ST @ MOORE ST,204,118.4,39.0,7082.199986821643,0.485,0.5803921568627451
109868,MAIN ST @ HERMON ST,524,126.7,44.8,5514.6000040868,0.462,0.241793893129771
109870,MAIN ST @ WINTHROP ST,319,549.9,38.5,3832.400002687239,0.476,1.7238244514106582
109871,REVERE ST OPP GOVERNORS DR,319,820.4,39.6,9363.899982004763,0.502,2.5717868338557994
109872,REVERE ST @ SUMMIT AVE,319,207.1,58.4,1835.1999984666736,0.44,0.6492163009404388
109873,CREST AVE @ REVERE ST,319,308.1,58.4,1835.1999984666736,0.44,0.9658307210031348
109874,CREST AVE @ GROVERS AVE,319,173.6,48.2,6080.699997220617,0.518,0.5442006269592476
109875,BEACH RD @ LOCUST ST,319,107.5,48.2,6080.699997220617,0.518,0.33699059561128525
109877,SHIRLEY ST OPP CORAL AVE,319,154.5,40.8,2123.900001929697,0.471,0.4843260188087774
109878,SHIRLEY ST OPP SEAFOAM AVE,319,244.7,40.8,2123.900001929697,0.471,0.7670846394984325
109879,SHIRLEY ST @ LEVY BRAMSON WAY,319,213.9,40.8,2123.900001929697,0.471,0.6705329153605016
109880,SHIRLEY ST @ CUTLER ST,319,291.5,40.8,2123.900001929697,0.471,0.9137931034482759
109883,WASHINGTON AVE @ RIVER RD,325,71.8,40.8,2123.900001929697,0.471,0.22092307692307692
109884,WASHINGTON AVE @ LEWIS AVE,325,21.4,40.8,2123.900001929697,0.471,0.06584615384615385
109885,WASHINGTON AVE @ WILLOW AVE,325,103.6,40.8,2123.900001929697,0.471,0.31876923076923075
109886,WASHINGTON AVE @ WINTHROP ST,325,98.8,39.2,5624.300015160942,0.502,0.304
109887,PLEASANT ST @ VINE AVE,325,2.0,39.2,5624.300015160942,0.502,0.006153846153846154
109888,PLEASANT ST @ BUCHANAN ST,325,138.1,49.5,3476.1999955423335,0.438,0.4249230769230769
109890,PLEASANT ST @ BARTLETT RD,325,133.3,40.9,4740.500009294536,0.484,0.4101538461538462
109891,PLEASANT ST @ SOMERSET AVE,325,163.6,39.9,5184.600009770977,0.505,0.5033846153846153
109892,PAULINE ST @ PLEASANT ST,325,115.6,40.9,4740.500009294536,0.484,0.3556923076923077
109893,PAULINE ST @ WOODSIDE AVE,325,659.0,49.0,2845.900001953229,0.459,2.0276923076923077
109894,HERMON ST @ BELCHER ST,325,7.0,49.0,2845.900001953229,0.459,0.021538461538461538
109895,HERMON ST @ LINCOLN ST,325,190.9,40.7,4004.7000100342066,0.482,0.5873846153846154
109898,SHIRLEY ST @ WASHINGTON AVE,644,1146.8,39.0,7082.199986821643,0.485,1.7807453416149068
109899,REVERE ST @ GOLDEN DR,216,200.4,58.4,1835.1999984666736,0.44,0.9277777777777778
109900,REVERE ST @ HUTCHINSON ST,319,76.9,58.4,1835.1999984666736,0.44,0.24106583072100315
109901,SHIRLEY ST @ BEACH RD,319,88.6,40.8,2123.900001929697,0.471,0.27774294670846394
109905,PAULINE ST @ HERMON ST,325,1.0,40.7,4004.7000100342066,0.482,0.003076923076923077
